/*---------------------------------------------------------------------------*\
| ofgpu  --  GPU-native finite volume CFD                                     |
|                                                                             |
| Written in the OpenFOAM ASCII case format so that existing pre- and         |
| post-processing tools can read it. A file format is not a work: ofgpu is    |
| an independent implementation, neither derived from nor affiliated with     |
| OpenFOAM.                                                                   |
\*---------------------------------------------------------------------------*/
FoamFile
{
    format      ascii;
    class       volScalarField;
    location    "0";
    object      epsilon;
}
// * * * * * * * * * * * * * * * * * * * * * * * * * * * * * * * * * * * * * //

dimensions      [0 2 -3 0 0 0 0];

internalField   nonuniform List<scalar> 
40000
(
7467.1
7464.77
7464.77
7464.77
7464.77
7464.77
7464.77
7464.77
7464.77
7464.77
7464.77
7464.77
7464.77
7464.77
7464.77
7464.77
7464.77
7464.77
7464.77
7464.77
7464.77
7464.77
7464.77
7464.77
7464.77
7464.77
7464.77
7464.77
7464.77
7464.77
7464.77
7464.77
7464.77
7464.77
7464.77
7464.77
7464.77
7464.77
7464.77
7464.77
7464.77
7464.77
7464.77
7464.77
7464.77
7464.77
7464.77
7464.77
7464.77
7464.77
7464.77
7464.77
7464.77
7464.77
7464.77
7464.77
7464.77
7464.77
7464.77
7464.77
7464.77
7464.77
7464.77
7464.77
7464.77
7464.77
7464.77
7464.77
7464.77
7464.77
7464.77
7464.77
7464.77
7464.77
7464.77
7464.77
7464.77
7464.77
7464.77
7464.77
7464.77
7464.77
7464.77
7464.77
7464.77
7464.77
7464.77
7464.77
7464.77
7464.77
7464.77
7464.77
7464.77
7464.77
7464.77
7464.77
7464.77
7464.77
7464.77
7464.77
7464.77
7464.77
7464.77
7464.77
7464.77
7464.77
7464.77
7464.77
7464.77
7464.77
7464.77
7464.77
7464.77
7464.77
7464.77
7464.77
7464.77
7464.77
7464.77
7464.77
7464.77
7464.77
7464.77
7464.77
7464.77
7464.77
7464.77
7464.77
7464.77
7464.77
7464.77
7464.77
7464.77
7464.77
7464.77
7464.77
7464.77
7464.77
7464.77
7464.77
7464.77
7464.77
7464.77
7464.77
7464.77
7464.77
7464.77
7464.77
7464.77
7464.77
7464.77
7464.77
7464.77
7464.77
7464.77
7464.77
7464.77
7464.77
7464.77
7464.77
7464.77
7464.77
7464.77
7464.77
7464.77
7464.77
7464.77
7464.77
7464.77
7464.77
7464.77
7464.77
7464.77
7464.77
7464.77
7464.77
7464.77
7464.77
7464.77
7464.77
7464.77
7464.77
7464.77
7464.77
7464.77
7464.77
7464.77
7464.77
7464.77
7464.77
7464.77
7464.77
7464.77
7464.77
7464.77
7464.77
7464.77
7464.77
7464.77
7464.77
0.38554
0.385371
0.385371
0.385371
0.385371
0.385371
0.385371
0.385371
0.385371
0.385371
0.385371
0.385371
0.385371
0.385371
0.385371
0.385371
0.385371
0.385371
0.385371
0.385371
0.385371
0.385371
0.385371
0.385371
0.385371
0.385371
0.385371
0.385371
0.385371
0.385371
0.385371
0.385371
0.385371
0.385371
0.385371
0.385371
0.385371
0.385371
0.385371
0.385371
0.385371
0.385371
0.385371
0.385371
0.385371
0.385371
0.385371
0.385371
0.385371
0.385371
0.385371
0.385371
0.385371
0.385371
0.385371
0.385371
0.385371
0.385371
0.385371
0.385371
0.385371
0.385371
0.385371
0.385371
0.385371
0.385371
0.385371
0.385371
0.385371
0.385371
0.385371
0.385371
0.385371
0.385371
0.385371
0.385371
0.385371
0.385371
0.385371
0.385371
0.385371
0.385371
0.385371
0.385371
0.385371
0.385371
0.385371
0.385371
0.385371
0.385371
0.385371
0.385371
0.385371
0.385371
0.385371
0.385371
0.385371
0.385371
0.385371
0.385371
0.385371
0.385371
0.385371
0.385371
0.385371
0.385371
0.385371
0.385371
0.385371
0.385371
0.385371
0.385371
0.385371
0.385371
0.385371
0.385371
0.385371
0.385371
0.385371
0.385371
0.385371
0.385371
0.385371
0.385371
0.385371
0.385371
0.385371
0.385371
0.385371
0.385371
0.385371
0.385371
0.385371
0.385371
0.385371
0.385371
0.385371
0.385371
0.385371
0.385371
0.385371
0.385371
0.385371
0.385371
0.385371
0.385371
0.385371
0.385371
0.385371
0.385371
0.385371
0.385371
0.385371
0.385371
0.385371
0.385371
0.385371
0.385371
0.385371
0.385371
0.385371
0.385371
0.385371
0.385371
0.385371
0.385371
0.385371
0.385371
0.385371
0.385371
0.385371
0.385371
0.385371
0.385371
0.385371
0.385371
0.385371
0.385371
0.385371
0.385371
0.385371
0.385371
0.385371
0.385371
0.385371
0.385371
0.385371
0.385371
0.385371
0.385371
0.385371
0.385371
0.385371
0.385371
0.385371
0.385371
0.385371
0.385371
0.385371
0.385371
0.408573
0.408341
0.408341
0.408341
0.408341
0.408341
0.408341
0.408341
0.408341
0.408341
0.408341
0.408341
0.408341
0.408341
0.408341
0.408341
0.408341
0.408341
0.408341
0.408341
0.408341
0.408341
0.408341
0.408341
0.408341
0.408341
0.408341
0.408341
0.408341
0.408341
0.408341
0.408341
0.408341
0.408341
0.408341
0.408341
0.408341
0.408341
0.408341
0.408341
0.408341
0.408341
0.408341
0.408341
0.408341
0.408341
0.408341
0.408341
0.408341
0.408341
0.408341
0.408341
0.408341
0.408341
0.408341
0.408341
0.408341
0.408341
0.408341
0.408341
0.408341
0.408341
0.408341
0.408341
0.408341
0.408341
0.408341
0.408341
0.408341
0.408341
0.408341
0.408341
0.408341
0.408341
0.408341
0.408341
0.408341
0.408341
0.408341
0.408341
0.408341
0.408341
0.408341
0.408341
0.408341
0.408341
0.408341
0.408341
0.408341
0.408341
0.408341
0.408341
0.408341
0.408341
0.408341
0.408341
0.408341
0.408341
0.408341
0.408341
0.408341
0.408341
0.408341
0.408341
0.408341
0.408341
0.408341
0.408341
0.408341
0.408341
0.408341
0.408341
0.408341
0.408341
0.408341
0.408341
0.408341
0.408341
0.408341
0.408341
0.408341
0.408341
0.408341
0.408341
0.408341
0.408341
0.408341
0.408341
0.408341
0.408341
0.408341
0.408341
0.408341
0.408341
0.408341
0.408341
0.408341
0.408341
0.408341
0.408341
0.408341
0.408341
0.408341
0.408341
0.408341
0.408341
0.408341
0.408341
0.408341
0.408341
0.408341
0.408341
0.408341
0.408341
0.408341
0.408341
0.408341
0.408341
0.408341
0.408341
0.408341
0.408341
0.408341
0.408341
0.408341
0.408341
0.408341
0.408341
0.408341
0.408341
0.408341
0.408341
0.408341
0.408341
0.408341
0.408341
0.408341
0.408341
0.408341
0.408341
0.408341
0.408341
0.408341
0.408341
0.408341
0.408341
0.408341
0.408341
0.408341
0.408341
0.408341
0.408341
0.408341
0.408341
0.408341
0.408341
0.408341
0.408341
0.408341
0.408341
0.41554
0.415195
0.415195
0.415195
0.415195
0.415195
0.415195
0.415195
0.415195
0.415195
0.415195
0.415195
0.415195
0.415195
0.415195
0.415195
0.415195
0.415195
0.415195
0.415195
0.415195
0.415195
0.415195
0.415195
0.415195
0.415195
0.415195
0.415195
0.415195
0.415195
0.415195
0.415195
0.415195
0.415195
0.415195
0.415195
0.415195
0.415195
0.415195
0.415195
0.415195
0.415195
0.415195
0.415195
0.415195
0.415195
0.415195
0.415195
0.415195
0.415195
0.415195
0.415195
0.415195
0.415195
0.415195
0.415195
0.415195
0.415195
0.415195
0.415195
0.415195
0.415195
0.415195
0.415195
0.415195
0.415195
0.415195
0.415195
0.415195
0.415195
0.415195
0.415195
0.415195
0.415195
0.415195
0.415195
0.415195
0.415195
0.415195
0.415195
0.415195
0.415195
0.415195
0.415195
0.415195
0.415195
0.415195
0.415195
0.415195
0.415195
0.415195
0.415195
0.415195
0.415195
0.415195
0.415195
0.415195
0.415195
0.415195
0.415195
0.415195
0.415195
0.415195
0.415195
0.415195
0.415195
0.415195
0.415195
0.415195
0.415195
0.415195
0.415195
0.415195
0.415195
0.415195
0.415195
0.415195
0.415195
0.415195
0.415195
0.415195
0.415195
0.415195
0.415195
0.415195
0.415195
0.415195
0.415195
0.415195
0.415195
0.415195
0.415195
0.415195
0.415195
0.415195
0.415195
0.415195
0.415195
0.415195
0.415195
0.415195
0.415195
0.415195
0.415195
0.415195
0.415195
0.415195
0.415195
0.415195
0.415195
0.415195
0.415195
0.415195
0.415195
0.415195
0.415195
0.415195
0.415195
0.415195
0.415195
0.415195
0.415195
0.415195
0.415195
0.415195
0.415195
0.415195
0.415195
0.415195
0.415195
0.415195
0.415195
0.415195
0.415195
0.415195
0.415195
0.415195
0.415195
0.415195
0.415195
0.415195
0.415195
0.415195
0.415195
0.415195
0.415195
0.415195
0.415195
0.415195
0.415195
0.415195
0.415195
0.415195
0.415195
0.415195
0.415195
0.415195
0.415195
0.415195
0.415195
0.417824
0.417295
0.417295
0.417295
0.417295
0.417295
0.417295
0.417295
0.417295
0.417295
0.417295
0.417295
0.417295
0.417295
0.417295
0.417295
0.417295
0.417295
0.417295
0.417295
0.417295
0.417295
0.417295
0.417295
0.417295
0.417295
0.417295
0.417295
0.417295
0.417295
0.417295
0.417295
0.417295
0.417295
0.417295
0.417295
0.417295
0.417295
0.417295
0.417295
0.417295
0.417295
0.417295
0.417295
0.417295
0.417295
0.417295
0.417295
0.417295
0.417295
0.417295
0.417295
0.417295
0.417295
0.417295
0.417295
0.417295
0.417295
0.417295
0.417295
0.417295
0.417295
0.417295
0.417295
0.417295
0.417295
0.417295
0.417295
0.417295
0.417295
0.417295
0.417295
0.417295
0.417295
0.417295
0.417295
0.417295
0.417295
0.417295
0.417295
0.417295
0.417295
0.417295
0.417295
0.417295
0.417295
0.417295
0.417295
0.417295
0.417295
0.417295
0.417295
0.417295
0.417295
0.417295
0.417295
0.417295
0.417295
0.417295
0.417295
0.417295
0.417295
0.417295
0.417295
0.417295
0.417295
0.417295
0.417295
0.417295
0.417295
0.417295
0.417295
0.417295
0.417295
0.417295
0.417295
0.417295
0.417295
0.417295
0.417295
0.417295
0.417295
0.417295
0.417295
0.417295
0.417295
0.417295
0.417295
0.417295
0.417295
0.417295
0.417295
0.417295
0.417295
0.417295
0.417295
0.417295
0.417295
0.417295
0.417295
0.417295
0.417295
0.417295
0.417295
0.417295
0.417295
0.417295
0.417295
0.417295
0.417295
0.417295
0.417295
0.417295
0.417295
0.417295
0.417295
0.417295
0.417295
0.417295
0.417295
0.417295
0.417295
0.417295
0.417295
0.417295
0.417295
0.417295
0.417295
0.417295
0.417295
0.417295
0.417295
0.417295
0.417295
0.417295
0.417295
0.417295
0.417295
0.417295
0.417295
0.417295
0.417295
0.417295
0.417295
0.417295
0.417295
0.417295
0.417295
0.417295
0.417295
0.417295
0.417295
0.417295
0.417295
0.417295
0.417295
0.417295
0.417295
0.417295
0.417295
0.418632
0.417814
0.417814
0.417814
0.417814
0.417814
0.417814
0.417814
0.417814
0.417814
0.417814
0.417814
0.417814
0.417814
0.417814
0.417814
0.417814
0.417814
0.417814
0.417814
0.417814
0.417814
0.417814
0.417814
0.417814
0.417814
0.417814
0.417814
0.417814
0.417814
0.417814
0.417814
0.417814
0.417814
0.417814
0.417814
0.417814
0.417814
0.417814
0.417814
0.417814
0.417814
0.417814
0.417814
0.417814
0.417814
0.417814
0.417814
0.417814
0.417814
0.417814
0.417814
0.417814
0.417814
0.417814
0.417814
0.417814
0.417814
0.417814
0.417814
0.417814
0.417814
0.417814
0.417814
0.417814
0.417814
0.417814
0.417814
0.417814
0.417814
0.417814
0.417814
0.417814
0.417814
0.417814
0.417814
0.417814
0.417814
0.417814
0.417814
0.417814
0.417814
0.417814
0.417814
0.417814
0.417814
0.417814
0.417814
0.417814
0.417814
0.417814
0.417814
0.417814
0.417814
0.417814
0.417814
0.417814
0.417814
0.417814
0.417814
0.417814
0.417814
0.417814
0.417814
0.417814
0.417814
0.417814
0.417814
0.417814
0.417814
0.417814
0.417814
0.417814
0.417814
0.417814
0.417814
0.417814
0.417814
0.417814
0.417814
0.417814
0.417814
0.417814
0.417814
0.417814
0.417814
0.417814
0.417814
0.417814
0.417814
0.417814
0.417814
0.417814
0.417814
0.417814
0.417814
0.417814
0.417814
0.417814
0.417814
0.417814
0.417814
0.417814
0.417814
0.417814
0.417814
0.417814
0.417814
0.417814
0.417814
0.417814
0.417814
0.417814
0.417814
0.417814
0.417814
0.417814
0.417814
0.417814
0.417814
0.417814
0.417814
0.417814
0.417814
0.417814
0.417814
0.417814
0.417814
0.417814
0.417814
0.417814
0.417814
0.417814
0.417814
0.417814
0.417814
0.417814
0.417814
0.417814
0.417814
0.417814
0.417814
0.417814
0.417814
0.417814
0.417814
0.417814
0.417814
0.417814
0.417814
0.417814
0.417814
0.417814
0.417814
0.417814
0.417814
0.417814
0.417814
0.417814
0.417814
0.419227
0.417959
0.417959
0.417959
0.417959
0.417959
0.417959
0.417959
0.417959
0.417959
0.417959
0.417959
0.417959
0.417959
0.417959
0.417959
0.417959
0.417959
0.417959
0.417959
0.417959
0.417959
0.417959
0.417959
0.417959
0.417959
0.417959
0.417959
0.417959
0.417959
0.417959
0.417959
0.417959
0.417959
0.417959
0.417959
0.417959
0.417959
0.417959
0.417959
0.417959
0.417959
0.417959
0.417959
0.417959
0.417959
0.417959
0.417959
0.417959
0.417959
0.417959
0.417959
0.417959
0.417959
0.417959
0.417959
0.417959
0.417959
0.417959
0.417959
0.417959
0.417959
0.417959
0.417959
0.417959
0.417959
0.417959
0.417959
0.417959
0.417959
0.417959
0.417959
0.417959
0.417959
0.417959
0.417959
0.417959
0.417959
0.417959
0.417959
0.417959
0.417959
0.417959
0.417959
0.417959
0.417959
0.417959
0.417959
0.417959
0.417959
0.417959
0.417959
0.417959
0.417959
0.417959
0.417959
0.417959
0.417959
0.417959
0.417959
0.417959
0.417959
0.417959
0.417959
0.417959
0.417959
0.417959
0.417959
0.417959
0.417959
0.417959
0.417959
0.417959
0.417959
0.417959
0.417959
0.417959
0.417959
0.417959
0.417959
0.417959
0.417959
0.417959
0.417959
0.417959
0.417959
0.417959
0.417959
0.417959
0.417959
0.417959
0.417959
0.417959
0.417959
0.417959
0.417959
0.417959
0.417959
0.417959
0.417959
0.417959
0.417959
0.417959
0.417959
0.417959
0.417959
0.417959
0.417959
0.417959
0.417959
0.417959
0.417959
0.417959
0.417959
0.417959
0.417959
0.417959
0.417959
0.417959
0.417959
0.417959
0.417959
0.417959
0.417959
0.417959
0.417959
0.417959
0.417959
0.417959
0.417959
0.417959
0.417959
0.417959
0.417959
0.417959
0.417959
0.417959
0.417959
0.417959
0.417959
0.417959
0.417959
0.417959
0.417959
0.417959
0.417959
0.417959
0.417959
0.417959
0.417959
0.417959
0.417959
0.417959
0.417959
0.417959
0.417959
0.417959
0.417959
0.417959
0.417959
0.419874
0.41791
0.41791
0.41791
0.41791
0.41791
0.41791
0.41791
0.41791
0.41791
0.41791
0.41791
0.41791
0.41791
0.41791
0.41791
0.41791
0.41791
0.41791
0.41791
0.41791
0.41791
0.41791
0.41791
0.41791
0.41791
0.41791
0.41791
0.41791
0.41791
0.41791
0.41791
0.41791
0.41791
0.41791
0.41791
0.41791
0.41791
0.41791
0.41791
0.41791
0.41791
0.41791
0.41791
0.41791
0.41791
0.41791
0.41791
0.41791
0.41791
0.41791
0.41791
0.41791
0.41791
0.41791
0.41791
0.41791
0.41791
0.41791
0.41791
0.41791
0.41791
0.41791
0.41791
0.41791
0.41791
0.41791
0.41791
0.41791
0.41791
0.41791
0.41791
0.41791
0.41791
0.41791
0.41791
0.41791
0.41791
0.41791
0.41791
0.41791
0.41791
0.41791
0.41791
0.41791
0.41791
0.41791
0.41791
0.41791
0.41791
0.41791
0.41791
0.41791
0.41791
0.41791
0.41791
0.41791
0.41791
0.41791
0.41791
0.41791
0.41791
0.41791
0.41791
0.41791
0.41791
0.41791
0.41791
0.41791
0.41791
0.41791
0.41791
0.41791
0.41791
0.41791
0.41791
0.41791
0.41791
0.41791
0.41791
0.41791
0.41791
0.41791
0.41791
0.41791
0.41791
0.41791
0.41791
0.41791
0.41791
0.41791
0.41791
0.41791
0.41791
0.41791
0.41791
0.41791
0.41791
0.41791
0.41791
0.41791
0.41791
0.41791
0.41791
0.41791
0.41791
0.41791
0.41791
0.41791
0.41791
0.41791
0.41791
0.41791
0.41791
0.41791
0.41791
0.41791
0.41791
0.41791
0.41791
0.41791
0.41791
0.41791
0.41791
0.41791
0.41791
0.41791
0.41791
0.41791
0.41791
0.41791
0.41791
0.41791
0.41791
0.41791
0.41791
0.41791
0.41791
0.41791
0.41791
0.41791
0.41791
0.41791
0.41791
0.41791
0.41791
0.41791
0.41791
0.41791
0.41791
0.41791
0.41791
0.41791
0.41791
0.41791
0.41791
0.41791
0.41791
0.41791
0.41791
0.420871
0.417833
0.417833
0.417833
0.417833
0.417833
0.417833
0.417833
0.417833
0.417833
0.417833
0.417833
0.417833
0.417833
0.417833
0.417833
0.417833
0.417833
0.417833
0.417833
0.417833
0.417833
0.417833
0.417833
0.417833
0.417833
0.417833
0.417833
0.417833
0.417833
0.417833
0.417833
0.417833
0.417833
0.417833
0.417833
0.417833
0.417833
0.417833
0.417833
0.417833
0.417833
0.417833
0.417833
0.417833
0.417833
0.417833
0.417833
0.417833
0.417833
0.417833
0.417833
0.417833
0.417833
0.417833
0.417833
0.417833
0.417833
0.417833
0.417833
0.417833
0.417833
0.417833
0.417833
0.417833
0.417833
0.417833
0.417833
0.417833
0.417833
0.417833
0.417833
0.417833
0.417833
0.417833
0.417833
0.417833
0.417833
0.417833
0.417833
0.417833
0.417833
0.417833
0.417833
0.417833
0.417833
0.417833
0.417833
0.417833
0.417833
0.417833
0.417833
0.417833
0.417833
0.417833
0.417833
0.417833
0.417833
0.417833
0.417833
0.417833
0.417833
0.417833
0.417833
0.417833
0.417833
0.417833
0.417833
0.417833
0.417833
0.417833
0.417833
0.417833
0.417833
0.417833
0.417833
0.417833
0.417833
0.417833
0.417833
0.417833
0.417833
0.417833
0.417833
0.417833
0.417833
0.417833
0.417833
0.417833
0.417833
0.417833
0.417833
0.417833
0.417833
0.417833
0.417833
0.417833
0.417833
0.417833
0.417833
0.417833
0.417833
0.417833
0.417833
0.417833
0.417833
0.417833
0.417833
0.417833
0.417833
0.417833
0.417833
0.417833
0.417833
0.417833
0.417833
0.417833
0.417833
0.417833
0.417833
0.417833
0.417833
0.417833
0.417833
0.417833
0.417833
0.417833
0.417833
0.417833
0.417833
0.417833
0.417833
0.417833
0.417833
0.417833
0.417833
0.417833
0.417833
0.417833
0.417833
0.417833
0.417833
0.417833
0.417833
0.417833
0.417833
0.417833
0.417833
0.417833
0.417833
0.417833
0.417833
0.417833
0.417833
0.417833
0.417833
0.417833
0.417833
0.417833
0.417833
0.422396
0.417715
0.417714
0.417714
0.417714
0.417714
0.417714
0.417714
0.417714
0.417714
0.417714
0.417714
0.417714
0.417714
0.417714
0.417714
0.417714
0.417714
0.417714
0.417714
0.417714
0.417714
0.417714
0.417714
0.417714
0.417714
0.417714
0.417714
0.417714
0.417714
0.417714
0.417714
0.417714
0.417714
0.417714
0.417714
0.417714
0.417714
0.417714
0.417714
0.417714
0.417714
0.417714
0.417714
0.417714
0.417714
0.417714
0.417714
0.417714
0.417714
0.417714
0.417714
0.417714
0.417714
0.417714
0.417714
0.417714
0.417714
0.417714
0.417714
0.417714
0.417714
0.417714
0.417714
0.417714
0.417714
0.417714
0.417714
0.417714
0.417714
0.417714
0.417714
0.417714
0.417714
0.417714
0.417714
0.417714
0.417714
0.417714
0.417714
0.417714
0.417714
0.417714
0.417714
0.417714
0.417714
0.417714
0.417714
0.417714
0.417714
0.417714
0.417714
0.417714
0.417714
0.417714
0.417714
0.417714
0.417714
0.417714
0.417714
0.417714
0.417714
0.417714
0.417714
0.417714
0.417714
0.417714
0.417714
0.417714
0.417714
0.417714
0.417714
0.417714
0.417714
0.417714
0.417714
0.417714
0.417714
0.417714
0.417714
0.417714
0.417714
0.417714
0.417714
0.417714
0.417714
0.417714
0.417714
0.417714
0.417714
0.417714
0.417714
0.417714
0.417714
0.417714
0.417714
0.417714
0.417714
0.417714
0.417714
0.417714
0.417714
0.417714
0.417714
0.417714
0.417714
0.417714
0.417714
0.417714
0.417714
0.417714
0.417714
0.417714
0.417714
0.417714
0.417714
0.417714
0.417714
0.417714
0.417714
0.417714
0.417714
0.417714
0.417714
0.417714
0.417714
0.417714
0.417714
0.417714
0.417714
0.417714
0.417714
0.417714
0.417714
0.417714
0.417714
0.417714
0.417714
0.417714
0.417714
0.417714
0.417714
0.417714
0.417714
0.417714
0.417714
0.417714
0.417714
0.417714
0.417714
0.417714
0.417714
0.417714
0.417714
0.417714
0.417714
0.417714
0.417714
0.417714
0.417714
0.424711
0.417531
0.417529
0.417529
0.417529
0.417529
0.417529
0.417529
0.417529
0.417529
0.417529
0.417529
0.417529
0.417529
0.417529
0.417529
0.417529
0.417529
0.417529
0.417529
0.417529
0.417529
0.417529
0.417529
0.417529
0.417529
0.417529
0.417529
0.417529
0.417529
0.417529
0.417529
0.417529
0.417529
0.417529
0.417529
0.417529
0.417529
0.417529
0.417529
0.417529
0.417529
0.417529
0.417529
0.417529
0.417529
0.417529
0.417529
0.417529
0.417529
0.417529
0.417529
0.417529
0.417529
0.417529
0.417529
0.417529
0.417529
0.417529
0.417529
0.417529
0.417529
0.417529
0.417529
0.417529
0.417529
0.417529
0.417529
0.417529
0.417529
0.417529
0.417529
0.417529
0.417529
0.417529
0.417529
0.417529
0.417529
0.417529
0.417529
0.417529
0.417529
0.417529
0.417529
0.417529
0.417529
0.417529
0.417529
0.417529
0.417529
0.417529
0.417529
0.417529
0.417529
0.417529
0.417529
0.417529
0.417529
0.417529
0.417529
0.417529
0.417529
0.417529
0.417529
0.417529
0.417529
0.417529
0.417529
0.417529
0.417529
0.417529
0.417529
0.417529
0.417529
0.417529
0.417529
0.417529
0.417529
0.417529
0.417529
0.417529
0.417529
0.417529
0.417529
0.417529
0.417529
0.417529
0.417529
0.417529
0.417529
0.417529
0.417529
0.417529
0.417529
0.417529
0.417529
0.417529
0.417529
0.417529
0.417529
0.417529
0.417529
0.417529
0.417529
0.417529
0.417529
0.417529
0.417529
0.417529
0.417529
0.417529
0.417529
0.417529
0.417529
0.417529
0.417529
0.417529
0.417529
0.417529
0.417529
0.417529
0.417529
0.417529
0.417529
0.417529
0.417529
0.417529
0.417529
0.417529
0.417529
0.417529
0.417529
0.417529
0.417529
0.417529
0.417529
0.417529
0.417529
0.417529
0.417529
0.417529
0.417529
0.417529
0.417529
0.417529
0.417529
0.417529
0.417529
0.417529
0.417529
0.417529
0.417529
0.417529
0.417529
0.417529
0.417529
0.417529
0.417529
0.417529
0.417529
0.428185
0.417246
0.417243
0.417243
0.417243
0.417243
0.417243
0.417243
0.417243
0.417243
0.417243
0.417243
0.417243
0.417243
0.417243
0.417243
0.417243
0.417243
0.417243
0.417243
0.417243
0.417243
0.417243
0.417243
0.417243
0.417243
0.417243
0.417243
0.417243
0.417243
0.417243
0.417243
0.417243
0.417243
0.417243
0.417243
0.417243
0.417243
0.417243
0.417243
0.417243
0.417243
0.417243
0.417243
0.417243
0.417243
0.417243
0.417243
0.417243
0.417243
0.417243
0.417243
0.417243
0.417243
0.417243
0.417243
0.417243
0.417243
0.417243
0.417243
0.417243
0.417243
0.417243
0.417243
0.417243
0.417243
0.417243
0.417243
0.417243
0.417243
0.417243
0.417243
0.417243
0.417243
0.417243
0.417243
0.417243
0.417243
0.417243
0.417243
0.417243
0.417243
0.417243
0.417243
0.417243
0.417243
0.417243
0.417243
0.417243
0.417243
0.417243
0.417243
0.417243
0.417243
0.417243
0.417243
0.417243
0.417243
0.417243
0.417243
0.417243
0.417243
0.417243
0.417243
0.417243
0.417243
0.417243
0.417243
0.417243
0.417243
0.417243
0.417243
0.417243
0.417243
0.417243
0.417243
0.417243
0.417243
0.417243
0.417243
0.417243
0.417243
0.417243
0.417243
0.417243
0.417243
0.417243
0.417243
0.417243
0.417243
0.417243
0.417243
0.417243
0.417243
0.417243
0.417243
0.417243
0.417243
0.417243
0.417243
0.417243
0.417243
0.417243
0.417243
0.417243
0.417243
0.417243
0.417243
0.417243
0.417243
0.417243
0.417243
0.417243
0.417243
0.417243
0.417243
0.417243
0.417243
0.417243
0.417243
0.417243
0.417243
0.417243
0.417243
0.417243
0.417243
0.417243
0.417243
0.417243
0.417243
0.417243
0.417243
0.417243
0.417243
0.417243
0.417243
0.417243
0.417243
0.417243
0.417243
0.417243
0.417243
0.417243
0.417243
0.417243
0.417243
0.417243
0.417243
0.417243
0.417243
0.417243
0.417243
0.417243
0.417243
0.417243
0.417243
0.417243
0.417243
0.417243
0.417242
0.433307
0.416806
0.416799
0.416799
0.416799
0.416799
0.416799
0.416799
0.416799
0.416799
0.416799
0.416799
0.416799
0.416799
0.416799
0.416799
0.416799
0.416799
0.416799
0.416799
0.416799
0.416799
0.416799
0.416799
0.416799
0.416799
0.416799
0.416799
0.416799
0.416799
0.416799
0.416799
0.416799
0.416799
0.416799
0.416799
0.416799
0.416799
0.416799
0.416799
0.416799
0.416799
0.416799
0.416799
0.416799
0.416799
0.416799
0.416799
0.416799
0.416799
0.416799
0.416799
0.416799
0.416799
0.416799
0.416799
0.416799
0.416799
0.416799
0.416799
0.416799
0.416799
0.416799
0.416799
0.416799
0.416799
0.416799
0.416799
0.416799
0.416799
0.416799
0.416799
0.416799
0.416799
0.416799
0.416799
0.416799
0.416799
0.416799
0.416799
0.416799
0.416799
0.416799
0.416799
0.416799
0.416799
0.416799
0.416799
0.416799
0.416799
0.416799
0.416799
0.416799
0.416799
0.416799
0.416799
0.416799
0.416799
0.416799
0.416799
0.416799
0.416799
0.416799
0.416799
0.416799
0.416799
0.416799
0.416799
0.416799
0.416799
0.416799
0.416799
0.416799
0.416799
0.416799
0.416799
0.416799
0.416799
0.416799
0.416799
0.416799
0.416799
0.416799
0.416799
0.416799
0.416799
0.416799
0.416799
0.416799
0.416799
0.416799
0.416799
0.416799
0.416799
0.416799
0.416799
0.416799
0.416799
0.416799
0.416799
0.416799
0.416799
0.416799
0.416799
0.416799
0.416799
0.416799
0.416799
0.416799
0.416799
0.416799
0.416799
0.416799
0.416799
0.416799
0.416799
0.416799
0.416799
0.416799
0.416799
0.416799
0.416799
0.416799
0.416799
0.416799
0.416799
0.416799
0.416799
0.416799
0.416799
0.416799
0.416799
0.416799
0.416799
0.416799
0.416799
0.416799
0.416799
0.416799
0.416799
0.416799
0.416799
0.416799
0.416799
0.416799
0.416799
0.416799
0.416799
0.416799
0.416799
0.416799
0.416799
0.416799
0.416799
0.416799
0.416799
0.416799
0.416799
0.416799
0.416798
0.440672
0.41613
0.416113
0.416113
0.416113
0.416113
0.416113
0.416113
0.416113
0.416113
0.416113
0.416113
0.416113
0.416113
0.416113
0.416113
0.416113
0.416113
0.416113
0.416113
0.416113
0.416113
0.416113
0.416113
0.416113
0.416113
0.416113
0.416113
0.416113
0.416113
0.416113
0.416113
0.416113
0.416113
0.416113
0.416113
0.416113
0.416113
0.416113
0.416113
0.416113
0.416113
0.416113
0.416113
0.416113
0.416113
0.416113
0.416113
0.416113
0.416113
0.416113
0.416113
0.416113
0.416113
0.416113
0.416113
0.416113
0.416113
0.416113
0.416113
0.416113
0.416113
0.416113
0.416113
0.416113
0.416113
0.416113
0.416113
0.416113
0.416113
0.416113
0.416113
0.416113
0.416113
0.416113
0.416113
0.416113
0.416113
0.416113
0.416113
0.416113
0.416113
0.416113
0.416113
0.416113
0.416113
0.416113
0.416113
0.416113
0.416113
0.416113
0.416113
0.416113
0.416113
0.416113
0.416113
0.416113
0.416113
0.416113
0.416113
0.416113
0.416113
0.416113
0.416113
0.416113
0.416113
0.416113
0.416113
0.416113
0.416113
0.416113
0.416113
0.416113
0.416113
0.416113
0.416113
0.416113
0.416113
0.416113
0.416113
0.416113
0.416113
0.416113
0.416113
0.416113
0.416113
0.416113
0.416113
0.416113
0.416113
0.416113
0.416113
0.416113
0.416113
0.416113
0.416113
0.416113
0.416113
0.416113
0.416113
0.416113
0.416113
0.416113
0.416113
0.416113
0.416113
0.416113
0.416113
0.416113
0.416113
0.416113
0.416113
0.416113
0.416113
0.416113
0.416113
0.416113
0.416113
0.416113
0.416113
0.416113
0.416113
0.416113
0.416113
0.416113
0.416113
0.416113
0.416113
0.416113
0.416113
0.416113
0.416113
0.416113
0.416113
0.416113
0.416113
0.416113
0.416113
0.416113
0.416113
0.416113
0.416113
0.416113
0.416113
0.416113
0.416113
0.416113
0.416113
0.416113
0.416113
0.416113
0.416113
0.416113
0.416113
0.416113
0.416113
0.416113
0.416113
0.416113
0.416111
0.45091
0.415095
0.415057
0.415057
0.415057
0.415057
0.415057
0.415057
0.415057
0.415057
0.415057
0.415057
0.415057
0.415057
0.415057
0.415057
0.415057
0.415057
0.415057
0.415057
0.415057
0.415057
0.415057
0.415057
0.415057
0.415057
0.415057
0.415057
0.415057
0.415057
0.415057
0.415057
0.415057
0.415057
0.415057
0.415057
0.415057
0.415057
0.415057
0.415057
0.415057
0.415057
0.415057
0.415057
0.415057
0.415057
0.415057
0.415057
0.415057
0.415057
0.415057
0.415057
0.415057
0.415057
0.415057
0.415057
0.415057
0.415057
0.415057
0.415057
0.415057
0.415057
0.415057
0.415057
0.415057
0.415057
0.415057
0.415057
0.415057
0.415057
0.415057
0.415057
0.415057
0.415057
0.415057
0.415057
0.415057
0.415057
0.415057
0.415057
0.415057
0.415057
0.415057
0.415057
0.415057
0.415057
0.415057
0.415057
0.415057
0.415057
0.415057
0.415057
0.415057
0.415057
0.415057
0.415057
0.415057
0.415057
0.415057
0.415057
0.415057
0.415057
0.415057
0.415057
0.415057
0.415057
0.415057
0.415057
0.415057
0.415057
0.415057
0.415057
0.415057
0.415057
0.415057
0.415057
0.415057
0.415057
0.415057
0.415057
0.415057
0.415057
0.415057
0.415057
0.415057
0.415057
0.415057
0.415057
0.415057
0.415057
0.415057
0.415057
0.415057
0.415057
0.415057
0.415057
0.415057
0.415057
0.415057
0.415057
0.415057
0.415057
0.415057
0.415057
0.415057
0.415057
0.415057
0.415057
0.415057
0.415057
0.415057
0.415057
0.415057
0.415057
0.415057
0.415057
0.415057
0.415057
0.415057
0.415057
0.415057
0.415057
0.415057
0.415057
0.415057
0.415057
0.415057
0.415057
0.415057
0.415057
0.415057
0.415057
0.415057
0.415057
0.415057
0.415057
0.415057
0.415057
0.415057
0.415057
0.415057
0.415057
0.415057
0.415057
0.415057
0.415057
0.415057
0.415057
0.415057
0.415057
0.415057
0.415057
0.415057
0.415057
0.415057
0.415057
0.415057
0.415057
0.415057
0.415053
0.464514
0.413521
0.41344
0.413439
0.413439
0.413439
0.413439
0.413439
0.413439
0.413439
0.413439
0.413439
0.413439
0.413439
0.413439
0.413439
0.413439
0.413439
0.413439
0.413439
0.413439
0.413439
0.413439
0.413439
0.413439
0.413439
0.413439
0.413439
0.413439
0.413439
0.413439
0.413439
0.413439
0.413439
0.413439
0.413439
0.413439
0.413439
0.413439
0.413439
0.413439
0.413439
0.413439
0.413439
0.413439
0.413439
0.413439
0.413439
0.413439
0.413439
0.413439
0.413439
0.413439
0.413439
0.413439
0.413439
0.413439
0.413439
0.413439
0.413439
0.413439
0.413439
0.413439
0.413439
0.413439
0.413439
0.413439
0.413439
0.413439
0.413439
0.413439
0.413439
0.413439
0.413439
0.413439
0.413439
0.413439
0.413439
0.413439
0.413439
0.413439
0.413439
0.413439
0.413439
0.413439
0.413439
0.413439
0.413439
0.413439
0.413439
0.413439
0.413439
0.413439
0.413439
0.413439
0.413439
0.413439
0.413439
0.413439
0.413439
0.413439
0.413439
0.413439
0.413439
0.413439
0.413439
0.413439
0.413439
0.413439
0.413439
0.413439
0.413439
0.413439
0.413439
0.413439
0.413439
0.413439
0.413439
0.413439
0.413439
0.413439
0.413439
0.413439
0.413439
0.413439
0.413439
0.413439
0.413439
0.413439
0.413439
0.413439
0.413439
0.413439
0.413439
0.413439
0.413439
0.413439
0.413439
0.413439
0.413439
0.413439
0.413439
0.413439
0.413439
0.413439
0.413439
0.413439
0.413439
0.413439
0.413439
0.413439
0.413439
0.413439
0.413439
0.413439
0.413439
0.413439
0.413439
0.413439
0.413439
0.413439
0.413439
0.413439
0.413439
0.413439
0.413439
0.413439
0.413439
0.413439
0.413439
0.413439
0.413439
0.413439
0.413439
0.413439
0.413439
0.413439
0.413439
0.413439
0.413439
0.413439
0.413439
0.413439
0.413439
0.413439
0.413439
0.413439
0.413439
0.413439
0.413439
0.413439
0.413439
0.413439
0.413439
0.413439
0.413439
0.413439
0.413439
0.413439
0.413431
0.481572
0.411152
0.410982
0.410982
0.410982
0.410982
0.410982
0.410982
0.410982
0.410982
0.410982
0.410982
0.410982
0.410982
0.410982
0.410982
0.410982
0.410982
0.410982
0.410982
0.410982
0.410982
0.410982
0.410982
0.410982
0.410982
0.410982
0.410982
0.410982
0.410982
0.410982
0.410982
0.410982
0.410982
0.410982
0.410982
0.410982
0.410982
0.410982
0.410982
0.410982
0.410982
0.410982
0.410982
0.410982
0.410982
0.410982
0.410982
0.410982
0.410982
0.410982
0.410982
0.410982
0.410982
0.410982
0.410982
0.410982
0.410982
0.410982
0.410982
0.410982
0.410982
0.410982
0.410982
0.410982
0.410982
0.410982
0.410982
0.410982
0.410982
0.410982
0.410982
0.410982
0.410982
0.410982
0.410982
0.410982
0.410982
0.410982
0.410982
0.410982
0.410982
0.410982
0.410982
0.410982
0.410982
0.410982
0.410982
0.410982
0.410982
0.410982
0.410982
0.410982
0.410982
0.410982
0.410982
0.410982
0.410982
0.410982
0.410982
0.410982
0.410982
0.410982
0.410982
0.410982
0.410982
0.410982
0.410982
0.410982
0.410982
0.410982
0.410982
0.410982
0.410982
0.410982
0.410982
0.410982
0.410982
0.410982
0.410982
0.410982
0.410982
0.410982
0.410982
0.410982
0.410982
0.410982
0.410982
0.410982
0.410982
0.410982
0.410982
0.410982
0.410982
0.410982
0.410982
0.410982
0.410982
0.410982
0.410982
0.410982
0.410982
0.410982
0.410982
0.410982
0.410982
0.410982
0.410982
0.410982
0.410982
0.410982
0.410982
0.410982
0.410982
0.410982
0.410982
0.410982
0.410982
0.410982
0.410982
0.410982
0.410982
0.410982
0.410982
0.410982
0.410982
0.410982
0.410982
0.410982
0.410982
0.410982
0.410982
0.410982
0.410982
0.410982
0.410982
0.410982
0.410982
0.410982
0.410982
0.410982
0.410982
0.410982
0.410982
0.410982
0.410982
0.410982
0.410982
0.410982
0.410982
0.410982
0.410982
0.410982
0.410982
0.410982
0.410982
0.410982
0.410982
0.410982
0.410961
0.501484
0.407632
0.407293
0.407292
0.407292
0.407292
0.407292
0.407292
0.407292
0.407292
0.407292
0.407292
0.407292
0.407292
0.407292
0.407292
0.407292
0.407292
0.407292
0.407292
0.407292
0.407292
0.407292
0.407292
0.407292
0.407292
0.407292
0.407292
0.407292
0.407292
0.407292
0.407292
0.407292
0.407292
0.407292
0.407292
0.407292
0.407292
0.407292
0.407292
0.407292
0.407292
0.407292
0.407292
0.407292
0.407292
0.407292
0.407292
0.407292
0.407292
0.407292
0.407292
0.407292
0.407292
0.407292
0.407292
0.407292
0.407292
0.407292
0.407292
0.407292
0.407292
0.407292
0.407292
0.407292
0.407292
0.407292
0.407292
0.407292
0.407292
0.407292
0.407292
0.407292
0.407292
0.407292
0.407292
0.407292
0.407292
0.407292
0.407292
0.407292
0.407292
0.407292
0.407292
0.407292
0.407292
0.407292
0.407292
0.407292
0.407292
0.407292
0.407292
0.407292
0.407292
0.407292
0.407292
0.407292
0.407292
0.407292
0.407292
0.407292
0.407292
0.407292
0.407292
0.407292
0.407292
0.407292
0.407292
0.407292
0.407292
0.407292
0.407292
0.407292
0.407292
0.407292
0.407292
0.407292
0.407292
0.407292
0.407292
0.407292
0.407292
0.407292
0.407292
0.407292
0.407292
0.407292
0.407292
0.407292
0.407292
0.407292
0.407292
0.407292
0.407292
0.407292
0.407292
0.407292
0.407292
0.407292
0.407292
0.407292
0.407292
0.407292
0.407292
0.407292
0.407292
0.407292
0.407292
0.407292
0.407292
0.407292
0.407292
0.407292
0.407292
0.407292
0.407292
0.407292
0.407292
0.407292
0.407292
0.407292
0.407292
0.407292
0.407292
0.407292
0.407292
0.407292
0.407292
0.407292
0.407292
0.407292
0.407292
0.407292
0.407292
0.407292
0.407292
0.407292
0.407292
0.407292
0.407292
0.407292
0.407292
0.407292
0.407292
0.407292
0.407292
0.407292
0.407292
0.407292
0.407292
0.407292
0.407292
0.407292
0.407292
0.407292
0.407292
0.407292
0.407292
0.407292
0.407245
0.522856
0.402494
0.40185
0.401846
0.401846
0.401846
0.401846
0.401846
0.401846
0.401846
0.401846
0.401846
0.401846
0.401846
0.401846
0.401846
0.401846
0.401846
0.401846
0.401846
0.401846
0.401846
0.401846
0.401846
0.401846
0.401846
0.401846
0.401846
0.401846
0.401846
0.401846
0.401846
0.401846
0.401846
0.401846
0.401846
0.401846
0.401846
0.401846
0.401846
0.401846
0.401846
0.401846
0.401846
0.401846
0.401846
0.401846
0.401846
0.401846
0.401846
0.401846
0.401846
0.401846
0.401846
0.401846
0.401846
0.401846
0.401846
0.401846
0.401846
0.401846
0.401846
0.401846
0.401846
0.401846
0.401846
0.401846
0.401846
0.401846
0.401846
0.401846
0.401846
0.401846
0.401846
0.401846
0.401846
0.401846
0.401846
0.401846
0.401846
0.401846
0.401846
0.401846
0.401846
0.401846
0.401846
0.401846
0.401846
0.401846
0.401846
0.401846
0.401846
0.401846
0.401846
0.401846
0.401846
0.401846
0.401846
0.401846
0.401846
0.401846
0.401846
0.401846
0.401846
0.401846
0.401846
0.401846
0.401846
0.401846
0.401846
0.401846
0.401846
0.401846
0.401846
0.401846
0.401846
0.401846
0.401846
0.401846
0.401846
0.401846
0.401846
0.401846
0.401846
0.401846
0.401846
0.401846
0.401846
0.401846
0.401846
0.401846
0.401846
0.401846
0.401846
0.401846
0.401846
0.401846
0.401846
0.401846
0.401846
0.401846
0.401846
0.401846
0.401846
0.401846
0.401846
0.401846
0.401846
0.401846
0.401846
0.401846
0.401846
0.401846
0.401846
0.401846
0.401846
0.401846
0.401846
0.401846
0.401846
0.401846
0.401846
0.401846
0.401846
0.401846
0.401846
0.401846
0.401846
0.401846
0.401846
0.401846
0.401846
0.401846
0.401846
0.401846
0.401846
0.401846
0.401846
0.401846
0.401846
0.401846
0.401846
0.401846
0.401846
0.401846
0.401846
0.401846
0.401846
0.401846
0.401846
0.401846
0.401846
0.401846
0.401846
0.401846
0.401846
0.401846
0.401846
0.401846
0.401743
0.543767
0.395181
0.394016
0.394007
0.394007
0.394007
0.394007
0.394007
0.394007
0.394007
0.394007
0.394007
0.394007
0.394007
0.394007
0.394007
0.394007
0.394007
0.394007
0.394007
0.394007
0.394007
0.394007
0.394007
0.394007
0.394007
0.394007
0.394007
0.394007
0.394007
0.394007
0.394007
0.394007
0.394007
0.394007
0.394007
0.394007
0.394007
0.394007
0.394007
0.394007
0.394007
0.394007
0.394007
0.394007
0.394007
0.394007
0.394007
0.394007
0.394007
0.394007
0.394007
0.394007
0.394007
0.394007
0.394007
0.394007
0.394007
0.394007
0.394007
0.394007
0.394007
0.394007
0.394007
0.394007
0.394007
0.394007
0.394007
0.394007
0.394007
0.394007
0.394007
0.394007
0.394007
0.394007
0.394007
0.394007
0.394007
0.394007
0.394007
0.394007
0.394007
0.394007
0.394007
0.394007
0.394007
0.394007
0.394007
0.394007
0.394007
0.394007
0.394007
0.394007
0.394007
0.394007
0.394007
0.394007
0.394007
0.394007
0.394007
0.394007
0.394007
0.394007
0.394007
0.394007
0.394007
0.394007
0.394007
0.394007
0.394007
0.394007
0.394007
0.394007
0.394007
0.394007
0.394007
0.394007
0.394007
0.394007
0.394007
0.394007
0.394007
0.394007
0.394007
0.394007
0.394007
0.394007
0.394007
0.394007
0.394007
0.394007
0.394007
0.394007
0.394007
0.394007
0.394007
0.394007
0.394007
0.394007
0.394007
0.394007
0.394007
0.394007
0.394007
0.394007
0.394007
0.394007
0.394007
0.394007
0.394007
0.394007
0.394007
0.394007
0.394007
0.394007
0.394007
0.394007
0.394007
0.394007
0.394007
0.394007
0.394007
0.394007
0.394007
0.394007
0.394007
0.394007
0.394007
0.394007
0.394007
0.394007
0.394007
0.394007
0.394007
0.394007
0.394007
0.394007
0.394007
0.394007
0.394007
0.394007
0.394007
0.394007
0.394007
0.394007
0.394007
0.394007
0.394007
0.394007
0.394007
0.394007
0.394007
0.394007
0.394007
0.394007
0.394007
0.394007
0.394007
0.394004
0.393785
0.56238
0.385128
0.383125
0.383102
0.383102
0.383102
0.383102
0.383102
0.383102
0.383102
0.383102
0.383102
0.383102
0.383102
0.383102
0.383102
0.383102
0.383102
0.383102
0.383102
0.383102
0.383102
0.383102
0.383102
0.383102
0.383102
0.383102
0.383102
0.383102
0.383102
0.383102
0.383102
0.383102
0.383102
0.383102
0.383102
0.383102
0.383102
0.383102
0.383102
0.383102
0.383102
0.383102
0.383102
0.383102
0.383102
0.383102
0.383102
0.383102
0.383102
0.383102
0.383102
0.383102
0.383102
0.383102
0.383102
0.383102
0.383102
0.383102
0.383102
0.383102
0.383102
0.383102
0.383102
0.383102
0.383102
0.383102
0.383102
0.383102
0.383102
0.383102
0.383102
0.383102
0.383102
0.383102
0.383102
0.383102
0.383102
0.383102
0.383102
0.383102
0.383102
0.383102
0.383102
0.383102
0.383102
0.383102
0.383102
0.383102
0.383102
0.383102
0.383102
0.383102
0.383102
0.383102
0.383102
0.383102
0.383102
0.383102
0.383102
0.383102
0.383102
0.383102
0.383102
0.383102
0.383102
0.383102
0.383102
0.383102
0.383102
0.383102
0.383102
0.383102
0.383102
0.383102
0.383102
0.383102
0.383102
0.383102
0.383102
0.383102
0.383102
0.383102
0.383102
0.383102
0.383102
0.383102
0.383102
0.383102
0.383102
0.383102
0.383102
0.383102
0.383102
0.383102
0.383102
0.383102
0.383102
0.383102
0.383102
0.383102
0.383102
0.383102
0.383102
0.383102
0.383102
0.383102
0.383102
0.383102
0.383102
0.383102
0.383102
0.383102
0.383102
0.383102
0.383102
0.383102
0.383102
0.383102
0.383102
0.383102
0.383102
0.383102
0.383102
0.383102
0.383102
0.383102
0.383102
0.383102
0.383102
0.383102
0.383102
0.383102
0.383102
0.383102
0.383102
0.383102
0.383102
0.383102
0.383102
0.383102
0.383102
0.383102
0.383102
0.383102
0.383102
0.383102
0.383102
0.383102
0.383102
0.383102
0.383102
0.383102
0.383102
0.383102
0.383102
0.383102
0.383102
0.383095
0.382651
0.577555
0.371945
0.368682
0.368628
0.368627
0.368627
0.368627
0.368627
0.368627
0.368627
0.368627
0.368627
0.368627
0.368627
0.368627
0.368627
0.368627
0.368627
0.368627
0.368627
0.368627
0.368627
0.368627
0.368627
0.368627
0.368627
0.368627
0.368627
0.368627
0.368627
0.368627
0.368627
0.368627
0.368627
0.368627
0.368627
0.368627
0.368627
0.368627
0.368627
0.368627
0.368627
0.368627
0.368627
0.368627
0.368627
0.368627
0.368627
0.368627
0.368627
0.368627
0.368627
0.368627
0.368627
0.368627
0.368627
0.368627
0.368627
0.368627
0.368627
0.368627
0.368627
0.368627
0.368627
0.368627
0.368627
0.368627
0.368627
0.368627
0.368627
0.368627
0.368627
0.368627
0.368627
0.368627
0.368627
0.368627
0.368627
0.368627
0.368627
0.368627
0.368627
0.368627
0.368627
0.368627
0.368627
0.368627
0.368627
0.368627
0.368627
0.368627
0.368627
0.368627
0.368627
0.368627
0.368627
0.368627
0.368627
0.368627
0.368627
0.368627
0.368627
0.368627
0.368627
0.368627
0.368627
0.368627
0.368627
0.368627
0.368627
0.368627
0.368627
0.368627
0.368627
0.368627
0.368627
0.368627
0.368627
0.368627
0.368627
0.368627
0.368627
0.368627
0.368627
0.368627
0.368627
0.368627
0.368627
0.368627
0.368627
0.368627
0.368627
0.368627
0.368627
0.368627
0.368627
0.368627
0.368627
0.368627
0.368627
0.368627
0.368627
0.368627
0.368627
0.368627
0.368627
0.368627
0.368627
0.368627
0.368627
0.368627
0.368627
0.368627
0.368627
0.368627
0.368627
0.368627
0.368627
0.368627
0.368627
0.368627
0.368627
0.368627
0.368627
0.368627
0.368627
0.368627
0.368627
0.368627
0.368627
0.368627
0.368627
0.368627
0.368627
0.368627
0.368627
0.368627
0.368627
0.368627
0.368627
0.368627
0.368627
0.368627
0.368627
0.368627
0.368627
0.368627
0.368627
0.368627
0.368627
0.368627
0.368627
0.368627
0.368627
0.368627
0.368627
0.368627
0.368627
0.36861
0.36776
0.589045
0.355729
0.350716
0.350602
0.3506
0.3506
0.3506
0.3506
0.3506
0.3506
0.3506
0.3506
0.3506
0.3506
0.3506
0.3506
0.3506
0.3506
0.3506
0.3506
0.3506
0.3506
0.3506
0.3506
0.3506
0.3506
0.3506
0.3506
0.3506
0.3506
0.3506
0.3506
0.3506
0.3506
0.3506
0.3506
0.3506
0.3506
0.3506
0.3506
0.3506
0.3506
0.3506
0.3506
0.3506
0.3506
0.3506
0.3506
0.3506
0.3506
0.3506
0.3506
0.3506
0.3506
0.3506
0.3506
0.3506
0.3506
0.3506
0.3506
0.3506
0.3506
0.3506
0.3506
0.3506
0.3506
0.3506
0.3506
0.3506
0.3506
0.3506
0.3506
0.3506
0.3506
0.3506
0.3506
0.3506
0.3506
0.3506
0.3506
0.3506
0.3506
0.3506
0.3506
0.3506
0.3506
0.3506
0.3506
0.3506
0.3506
0.3506
0.3506
0.3506
0.3506
0.3506
0.3506
0.3506
0.3506
0.3506
0.3506
0.3506
0.3506
0.3506
0.3506
0.3506
0.3506
0.3506
0.3506
0.3506
0.3506
0.3506
0.3506
0.3506
0.3506
0.3506
0.3506
0.3506
0.3506
0.3506
0.3506
0.3506
0.3506
0.3506
0.3506
0.3506
0.3506
0.3506
0.3506
0.3506
0.3506
0.3506
0.3506
0.3506
0.3506
0.3506
0.3506
0.3506
0.3506
0.3506
0.3506
0.3506
0.3506
0.3506
0.3506
0.3506
0.3506
0.3506
0.3506
0.3506
0.3506
0.3506
0.3506
0.3506
0.3506
0.3506
0.3506
0.3506
0.3506
0.3506
0.3506
0.3506
0.3506
0.3506
0.3506
0.3506
0.3506
0.3506
0.3506
0.3506
0.3506
0.3506
0.3506
0.3506
0.3506
0.3506
0.3506
0.3506
0.3506
0.3506
0.3506
0.3506
0.3506
0.3506
0.3506
0.3506
0.3506
0.3506
0.3506
0.3506
0.3506
0.3506
0.3506
0.3506
0.3506
0.3506
0.3506
0.3506
0.350599
0.350563
0.349049
0.597247
0.337633
0.330459
0.330251
0.330246
0.330246
0.330246
0.330246
0.330246
0.330246
0.330246
0.330246
0.330246
0.330246
0.330246
0.330246
0.330246
0.330246
0.330246
0.330246
0.330246
0.330246
0.330246
0.330246
0.330246
0.330246
0.330246
0.330246
0.330246
0.330246
0.330246
0.330246
0.330246
0.330246
0.330246
0.330246
0.330246
0.330246
0.330246
0.330246
0.330246
0.330246
0.330246
0.330246
0.330246
0.330246
0.330246
0.330246
0.330246
0.330246
0.330246
0.330246
0.330246
0.330246
0.330246
0.330246
0.330246
0.330246
0.330246
0.330246
0.330246
0.330246
0.330246
0.330246
0.330246
0.330246
0.330246
0.330246
0.330246
0.330246
0.330246
0.330246
0.330246
0.330246
0.330246
0.330246
0.330246
0.330246
0.330246
0.330246
0.330246
0.330246
0.330246
0.330246
0.330246
0.330246
0.330246
0.330246
0.330246
0.330246
0.330246
0.330246
0.330246
0.330246
0.330246
0.330246
0.330246
0.330246
0.330246
0.330246
0.330246
0.330246
0.330246
0.330246
0.330246
0.330246
0.330246
0.330246
0.330246
0.330246
0.330246
0.330246
0.330246
0.330246
0.330246
0.330246
0.330246
0.330246
0.330246
0.330246
0.330246
0.330246
0.330246
0.330246
0.330246
0.330246
0.330246
0.330246
0.330246
0.330246
0.330246
0.330246
0.330246
0.330246
0.330246
0.330246
0.330246
0.330246
0.330246
0.330246
0.330246
0.330246
0.330246
0.330246
0.330246
0.330246
0.330246
0.330246
0.330246
0.330246
0.330246
0.330246
0.330246
0.330246
0.330246
0.330246
0.330246
0.330246
0.330246
0.330246
0.330246
0.330246
0.330246
0.330246
0.330246
0.330246
0.330246
0.330246
0.330246
0.330246
0.330246
0.330246
0.330246
0.330246
0.330246
0.330246
0.330246
0.330246
0.330246
0.330246
0.330246
0.330246
0.330246
0.330246
0.330246
0.330246
0.330246
0.330246
0.330246
0.330246
0.330246
0.330246
0.330246
0.330246
0.330246
0.330246
0.330246
0.330244
0.330173
0.327722
0.602287
0.322058
0.312891
0.312578
0.312569
0.312569
0.312569
0.312569
0.312569
0.312569
0.312569
0.312569
0.312569
0.312569
0.312569
0.312569
0.312569
0.312569
0.312569
0.312569
0.312569
0.312569
0.312569
0.312569
0.312569
0.312569
0.312569
0.312569
0.312569
0.312569
0.312569
0.312569
0.312569
0.312569
0.312569
0.312569
0.312569
0.312569
0.312569
0.312569
0.312569
0.312569
0.312569
0.312569
0.312569
0.312569
0.312569
0.312569
0.312569
0.312569
0.312569
0.312569
0.312569
0.312569
0.312569
0.312569
0.312569
0.312569
0.312569
0.312569
0.312569
0.312569
0.312569
0.312569
0.312569
0.312569
0.312569
0.312569
0.312569
0.312569
0.312569
0.312569
0.312569
0.312569
0.312569
0.312569
0.312569
0.312569
0.312569
0.312569
0.312569
0.312569
0.312569
0.312569
0.312569
0.312569
0.312569
0.312569
0.312569
0.312569
0.312569
0.312569
0.312569
0.312569
0.312569
0.312569
0.312569
0.312569
0.312569
0.312569
0.312569
0.312569
0.312569
0.312569
0.312569
0.312569
0.312569
0.312569
0.312569
0.312569
0.312569
0.312569
0.312569
0.312569
0.312569
0.312569
0.312569
0.312569
0.312569
0.312569
0.312569
0.312569
0.312569
0.312569
0.312569
0.312569
0.312569
0.312569
0.312569
0.312569
0.312569
0.312569
0.312569
0.312569
0.312569
0.312569
0.312569
0.312569
0.312569
0.312569
0.312569
0.312569
0.312569
0.312569
0.312569
0.312569
0.312569
0.312569
0.312569
0.312569
0.312569
0.312569
0.312569
0.312569
0.312569
0.312569
0.312569
0.312569
0.312569
0.312569
0.312569
0.312569
0.312569
0.312569
0.312569
0.312569
0.312569
0.312569
0.312569
0.312569
0.312569
0.312569
0.312569
0.312569
0.312569
0.312569
0.312569
0.312569
0.312569
0.312569
0.312569
0.312569
0.312569
0.312569
0.312569
0.312569
0.312569
0.312569
0.312569
0.312569
0.312569
0.312569
0.312569
0.312569
0.312569
0.312569
0.312569
0.312565
0.312454
0.309053
0.602287
0.322058
0.312891
0.312578
0.312569
0.312569
0.312569
0.312569
0.312569
0.312569
0.312569
0.312569
0.312569
0.312569
0.312569
0.312569
0.312569
0.312569
0.312569
0.312569
0.312569
0.312569
0.312569
0.312569
0.312569
0.312569
0.312569
0.312569
0.312569
0.312569
0.312569
0.312569
0.312569
0.312569
0.312569
0.312569
0.312569
0.312569
0.312569
0.312569
0.312569
0.312569
0.312569
0.312569
0.312569
0.312569
0.312569
0.312569
0.312569
0.312569
0.312569
0.312569
0.312569
0.312569
0.312569
0.312569
0.312569
0.312569
0.312569
0.312569
0.312569
0.312569
0.312569
0.312569
0.312569
0.312569
0.312569
0.312569
0.312569
0.312569
0.312569
0.312569
0.312569
0.312569
0.312569
0.312569
0.312569
0.312569
0.312569
0.312569
0.312569
0.312569
0.312569
0.312569
0.312569
0.312569
0.312569
0.312569
0.312569
0.312569
0.312569
0.312569
0.312569
0.312569
0.312569
0.312569
0.312569
0.312569
0.312569
0.312569
0.312569
0.312569
0.312569
0.312569
0.312569
0.312569
0.312569
0.312569
0.312569
0.312569
0.312569
0.312569
0.312569
0.312569
0.312569
0.312569
0.312569
0.312569
0.312569
0.312569
0.312569
0.312569
0.312569
0.312569
0.312569
0.312569
0.312569
0.312569
0.312569
0.312569
0.312569
0.312569
0.312569
0.312569
0.312569
0.312569
0.312569
0.312569
0.312569
0.312569
0.312569
0.312569
0.312569
0.312569
0.312569
0.312569
0.312569
0.312569
0.312569
0.312569
0.312569
0.312569
0.312569
0.312569
0.312569
0.312569
0.312569
0.312569
0.312569
0.312569
0.312569
0.312569
0.312569
0.312569
0.312569
0.312569
0.312569
0.312569
0.312569
0.312569
0.312569
0.312569
0.312569
0.312569
0.312569
0.312569
0.312569
0.312569
0.312569
0.312569
0.312569
0.312569
0.312569
0.312569
0.312569
0.312569
0.312569
0.312569
0.312569
0.312569
0.312569
0.312569
0.312569
0.312569
0.312569
0.312569
0.312569
0.312565
0.312454
0.309053
0.597247
0.337633
0.330459
0.330251
0.330246
0.330246
0.330246
0.330246
0.330246
0.330246
0.330246
0.330246
0.330246
0.330246
0.330246
0.330246
0.330246
0.330246
0.330246
0.330246
0.330246
0.330246
0.330246
0.330246
0.330246
0.330246
0.330246
0.330246
0.330246
0.330246
0.330246
0.330246
0.330246
0.330246
0.330246
0.330246
0.330246
0.330246
0.330246
0.330246
0.330246
0.330246
0.330246
0.330246
0.330246
0.330246
0.330246
0.330246
0.330246
0.330246
0.330246
0.330246
0.330246
0.330246
0.330246
0.330246
0.330246
0.330246
0.330246
0.330246
0.330246
0.330246
0.330246
0.330246
0.330246
0.330246
0.330246
0.330246
0.330246
0.330246
0.330246
0.330246
0.330246
0.330246
0.330246
0.330246
0.330246
0.330246
0.330246
0.330246
0.330246
0.330246
0.330246
0.330246
0.330246
0.330246
0.330246
0.330246
0.330246
0.330246
0.330246
0.330246
0.330246
0.330246
0.330246
0.330246
0.330246
0.330246
0.330246
0.330246
0.330246
0.330246
0.330246
0.330246
0.330246
0.330246
0.330246
0.330246
0.330246
0.330246
0.330246
0.330246
0.330246
0.330246
0.330246
0.330246
0.330246
0.330246
0.330246
0.330246
0.330246
0.330246
0.330246
0.330246
0.330246
0.330246
0.330246
0.330246
0.330246
0.330246
0.330246
0.330246
0.330246
0.330246
0.330246
0.330246
0.330246
0.330246
0.330246
0.330246
0.330246
0.330246
0.330246
0.330246
0.330246
0.330246
0.330246
0.330246
0.330246
0.330246
0.330246
0.330246
0.330246
0.330246
0.330246
0.330246
0.330246
0.330246
0.330246
0.330246
0.330246
0.330246
0.330246
0.330246
0.330246
0.330246
0.330246
0.330246
0.330246
0.330246
0.330246
0.330246
0.330246
0.330246
0.330246
0.330246
0.330246
0.330246
0.330246
0.330246
0.330246
0.330246
0.330246
0.330246
0.330246
0.330246
0.330246
0.330246
0.330246
0.330246
0.330246
0.330246
0.330246
0.330246
0.330246
0.330246
0.330246
0.330244
0.330173
0.327722
0.589045
0.355729
0.350716
0.350602
0.3506
0.3506
0.3506
0.3506
0.3506
0.3506
0.3506
0.3506
0.3506
0.3506
0.3506
0.3506
0.3506
0.3506
0.3506
0.3506
0.3506
0.3506
0.3506
0.3506
0.3506
0.3506
0.3506
0.3506
0.3506
0.3506
0.3506
0.3506
0.3506
0.3506
0.3506
0.3506
0.3506
0.3506
0.3506
0.3506
0.3506
0.3506
0.3506
0.3506
0.3506
0.3506
0.3506
0.3506
0.3506
0.3506
0.3506
0.3506
0.3506
0.3506
0.3506
0.3506
0.3506
0.3506
0.3506
0.3506
0.3506
0.3506
0.3506
0.3506
0.3506
0.3506
0.3506
0.3506
0.3506
0.3506
0.3506
0.3506
0.3506
0.3506
0.3506
0.3506
0.3506
0.3506
0.3506
0.3506
0.3506
0.3506
0.3506
0.3506
0.3506
0.3506
0.3506
0.3506
0.3506
0.3506
0.3506
0.3506
0.3506
0.3506
0.3506
0.3506
0.3506
0.3506
0.3506
0.3506
0.3506
0.3506
0.3506
0.3506
0.3506
0.3506
0.3506
0.3506
0.3506
0.3506
0.3506
0.3506
0.3506
0.3506
0.3506
0.3506
0.3506
0.3506
0.3506
0.3506
0.3506
0.3506
0.3506
0.3506
0.3506
0.3506
0.3506
0.3506
0.3506
0.3506
0.3506
0.3506
0.3506
0.3506
0.3506
0.3506
0.3506
0.3506
0.3506
0.3506
0.3506
0.3506
0.3506
0.3506
0.3506
0.3506
0.3506
0.3506
0.3506
0.3506
0.3506
0.3506
0.3506
0.3506
0.3506
0.3506
0.3506
0.3506
0.3506
0.3506
0.3506
0.3506
0.3506
0.3506
0.3506
0.3506
0.3506
0.3506
0.3506
0.3506
0.3506
0.3506
0.3506
0.3506
0.3506
0.3506
0.3506
0.3506
0.3506
0.3506
0.3506
0.3506
0.3506
0.3506
0.3506
0.3506
0.3506
0.3506
0.3506
0.3506
0.3506
0.3506
0.3506
0.3506
0.3506
0.3506
0.3506
0.350599
0.350563
0.349049
0.577555
0.371945
0.368682
0.368628
0.368627
0.368627
0.368627
0.368627
0.368627
0.368627
0.368627
0.368627
0.368627
0.368627
0.368627
0.368627
0.368627
0.368627
0.368627
0.368627
0.368627
0.368627
0.368627
0.368627
0.368627
0.368627
0.368627
0.368627
0.368627
0.368627
0.368627
0.368627
0.368627
0.368627
0.368627
0.368627
0.368627
0.368627
0.368627
0.368627
0.368627
0.368627
0.368627
0.368627
0.368627
0.368627
0.368627
0.368627
0.368627
0.368627
0.368627
0.368627
0.368627
0.368627
0.368627
0.368627
0.368627
0.368627
0.368627
0.368627
0.368627
0.368627
0.368627
0.368627
0.368627
0.368627
0.368627
0.368627
0.368627
0.368627
0.368627
0.368627
0.368627
0.368627
0.368627
0.368627
0.368627
0.368627
0.368627
0.368627
0.368627
0.368627
0.368627
0.368627
0.368627
0.368627
0.368627
0.368627
0.368627
0.368627
0.368627
0.368627
0.368627
0.368627
0.368627
0.368627
0.368627
0.368627
0.368627
0.368627
0.368627
0.368627
0.368627
0.368627
0.368627
0.368627
0.368627
0.368627
0.368627
0.368627
0.368627
0.368627
0.368627
0.368627
0.368627
0.368627
0.368627
0.368627
0.368627
0.368627
0.368627
0.368627
0.368627
0.368627
0.368627
0.368627
0.368627
0.368627
0.368627
0.368627
0.368627
0.368627
0.368627
0.368627
0.368627
0.368627
0.368627
0.368627
0.368627
0.368627
0.368627
0.368627
0.368627
0.368627
0.368627
0.368627
0.368627
0.368627
0.368627
0.368627
0.368627
0.368627
0.368627
0.368627
0.368627
0.368627
0.368627
0.368627
0.368627
0.368627
0.368627
0.368627
0.368627
0.368627
0.368627
0.368627
0.368627
0.368627
0.368627
0.368627
0.368627
0.368627
0.368627
0.368627
0.368627
0.368627
0.368627
0.368627
0.368627
0.368627
0.368627
0.368627
0.368627
0.368627
0.368627
0.368627
0.368627
0.368627
0.368627
0.368627
0.368627
0.368627
0.368627
0.368627
0.368627
0.368627
0.368627
0.368627
0.36861
0.36776
0.56238
0.385128
0.383125
0.383102
0.383102
0.383102
0.383102
0.383102
0.383102
0.383102
0.383102
0.383102
0.383102
0.383102
0.383102
0.383102
0.383102
0.383102
0.383102
0.383102
0.383102
0.383102
0.383102
0.383102
0.383102
0.383102
0.383102
0.383102
0.383102
0.383102
0.383102
0.383102
0.383102
0.383102
0.383102
0.383102
0.383102
0.383102
0.383102
0.383102
0.383102
0.383102
0.383102
0.383102
0.383102
0.383102
0.383102
0.383102
0.383102
0.383102
0.383102
0.383102
0.383102
0.383102
0.383102
0.383102
0.383102
0.383102
0.383102
0.383102
0.383102
0.383102
0.383102
0.383102
0.383102
0.383102
0.383102
0.383102
0.383102
0.383102
0.383102
0.383102
0.383102
0.383102
0.383102
0.383102
0.383102
0.383102
0.383102
0.383102
0.383102
0.383102
0.383102
0.383102
0.383102
0.383102
0.383102
0.383102
0.383102
0.383102
0.383102
0.383102
0.383102
0.383102
0.383102
0.383102
0.383102
0.383102
0.383102
0.383102
0.383102
0.383102
0.383102
0.383102
0.383102
0.383102
0.383102
0.383102
0.383102
0.383102
0.383102
0.383102
0.383102
0.383102
0.383102
0.383102
0.383102
0.383102
0.383102
0.383102
0.383102
0.383102
0.383102
0.383102
0.383102
0.383102
0.383102
0.383102
0.383102
0.383102
0.383102
0.383102
0.383102
0.383102
0.383102
0.383102
0.383102
0.383102
0.383102
0.383102
0.383102
0.383102
0.383102
0.383102
0.383102
0.383102
0.383102
0.383102
0.383102
0.383102
0.383102
0.383102
0.383102
0.383102
0.383102
0.383102
0.383102
0.383102
0.383102
0.383102
0.383102
0.383102
0.383102
0.383102
0.383102
0.383102
0.383102
0.383102
0.383102
0.383102
0.383102
0.383102
0.383102
0.383102
0.383102
0.383102
0.383102
0.383102
0.383102
0.383102
0.383102
0.383102
0.383102
0.383102
0.383102
0.383102
0.383102
0.383102
0.383102
0.383102
0.383102
0.383102
0.383102
0.383102
0.383102
0.383102
0.383102
0.383102
0.383095
0.382651
0.543767
0.395181
0.394016
0.394007
0.394007
0.394007
0.394007
0.394007
0.394007
0.394007
0.394007
0.394007
0.394007
0.394007
0.394007
0.394007
0.394007
0.394007
0.394007
0.394007
0.394007
0.394007
0.394007
0.394007
0.394007
0.394007
0.394007
0.394007
0.394007
0.394007
0.394007
0.394007
0.394007
0.394007
0.394007
0.394007
0.394007
0.394007
0.394007
0.394007
0.394007
0.394007
0.394007
0.394007
0.394007
0.394007
0.394007
0.394007
0.394007
0.394007
0.394007
0.394007
0.394007
0.394007
0.394007
0.394007
0.394007
0.394007
0.394007
0.394007
0.394007
0.394007
0.394007
0.394007
0.394007
0.394007
0.394007
0.394007
0.394007
0.394007
0.394007
0.394007
0.394007
0.394007
0.394007
0.394007
0.394007
0.394007
0.394007
0.394007
0.394007
0.394007
0.394007
0.394007
0.394007
0.394007
0.394007
0.394007
0.394007
0.394007
0.394007
0.394007
0.394007
0.394007
0.394007
0.394007
0.394007
0.394007
0.394007
0.394007
0.394007
0.394007
0.394007
0.394007
0.394007
0.394007
0.394007
0.394007
0.394007
0.394007
0.394007
0.394007
0.394007
0.394007
0.394007
0.394007
0.394007
0.394007
0.394007
0.394007
0.394007
0.394007
0.394007
0.394007
0.394007
0.394007
0.394007
0.394007
0.394007
0.394007
0.394007
0.394007
0.394007
0.394007
0.394007
0.394007
0.394007
0.394007
0.394007
0.394007
0.394007
0.394007
0.394007
0.394007
0.394007
0.394007
0.394007
0.394007
0.394007
0.394007
0.394007
0.394007
0.394007
0.394007
0.394007
0.394007
0.394007
0.394007
0.394007
0.394007
0.394007
0.394007
0.394007
0.394007
0.394007
0.394007
0.394007
0.394007
0.394007
0.394007
0.394007
0.394007
0.394007
0.394007
0.394007
0.394007
0.394007
0.394007
0.394007
0.394007
0.394007
0.394007
0.394007
0.394007
0.394007
0.394007
0.394007
0.394007
0.394007
0.394007
0.394007
0.394007
0.394007
0.394007
0.394007
0.394007
0.394007
0.394007
0.394004
0.393785
0.522856
0.402494
0.40185
0.401846
0.401846
0.401846
0.401846
0.401846
0.401846
0.401846
0.401846
0.401846
0.401846
0.401846
0.401846
0.401846
0.401846
0.401846
0.401846
0.401846
0.401846
0.401846
0.401846
0.401846
0.401846
0.401846
0.401846
0.401846
0.401846
0.401846
0.401846
0.401846
0.401846
0.401846
0.401846
0.401846
0.401846
0.401846
0.401846
0.401846
0.401846
0.401846
0.401846
0.401846
0.401846
0.401846
0.401846
0.401846
0.401846
0.401846
0.401846
0.401846
0.401846
0.401846
0.401846
0.401846
0.401846
0.401846
0.401846
0.401846
0.401846
0.401846
0.401846
0.401846
0.401846
0.401846
0.401846
0.401846
0.401846
0.401846
0.401846
0.401846
0.401846
0.401846
0.401846
0.401846
0.401846
0.401846
0.401846
0.401846
0.401846
0.401846
0.401846
0.401846
0.401846
0.401846
0.401846
0.401846
0.401846
0.401846
0.401846
0.401846
0.401846
0.401846
0.401846
0.401846
0.401846
0.401846
0.401846
0.401846
0.401846
0.401846
0.401846
0.401846
0.401846
0.401846
0.401846
0.401846
0.401846
0.401846
0.401846
0.401846
0.401846
0.401846
0.401846
0.401846
0.401846
0.401846
0.401846
0.401846
0.401846
0.401846
0.401846
0.401846
0.401846
0.401846
0.401846
0.401846
0.401846
0.401846
0.401846
0.401846
0.401846
0.401846
0.401846
0.401846
0.401846
0.401846
0.401846
0.401846
0.401846
0.401846
0.401846
0.401846
0.401846
0.401846
0.401846
0.401846
0.401846
0.401846
0.401846
0.401846
0.401846
0.401846
0.401846
0.401846
0.401846
0.401846
0.401846
0.401846
0.401846
0.401846
0.401846
0.401846
0.401846
0.401846
0.401846
0.401846
0.401846
0.401846
0.401846
0.401846
0.401846
0.401846
0.401846
0.401846
0.401846
0.401846
0.401846
0.401846
0.401846
0.401846
0.401846
0.401846
0.401846
0.401846
0.401846
0.401846
0.401846
0.401846
0.401846
0.401846
0.401846
0.401846
0.401846
0.401846
0.401846
0.401846
0.401846
0.401743
0.501484
0.407632
0.407293
0.407292
0.407292
0.407292
0.407292
0.407292
0.407292
0.407292
0.407292
0.407292
0.407292
0.407292
0.407292
0.407292
0.407292
0.407292
0.407292
0.407292
0.407292
0.407292
0.407292
0.407292
0.407292
0.407292
0.407292
0.407292
0.407292
0.407292
0.407292
0.407292
0.407292
0.407292
0.407292
0.407292
0.407292
0.407292
0.407292
0.407292
0.407292
0.407292
0.407292
0.407292
0.407292
0.407292
0.407292
0.407292
0.407292
0.407292
0.407292
0.407292
0.407292
0.407292
0.407292
0.407292
0.407292
0.407292
0.407292
0.407292
0.407292
0.407292
0.407292
0.407292
0.407292
0.407292
0.407292
0.407292
0.407292
0.407292
0.407292
0.407292
0.407292
0.407292
0.407292
0.407292
0.407292
0.407292
0.407292
0.407292
0.407292
0.407292
0.407292
0.407292
0.407292
0.407292
0.407292
0.407292
0.407292
0.407292
0.407292
0.407292
0.407292
0.407292
0.407292
0.407292
0.407292
0.407292
0.407292
0.407292
0.407292
0.407292
0.407292
0.407292
0.407292
0.407292
0.407292
0.407292
0.407292
0.407292
0.407292
0.407292
0.407292
0.407292
0.407292
0.407292
0.407292
0.407292
0.407292
0.407292
0.407292
0.407292
0.407292
0.407292
0.407292
0.407292
0.407292
0.407292
0.407292
0.407292
0.407292
0.407292
0.407292
0.407292
0.407292
0.407292
0.407292
0.407292
0.407292
0.407292
0.407292
0.407292
0.407292
0.407292
0.407292
0.407292
0.407292
0.407292
0.407292
0.407292
0.407292
0.407292
0.407292
0.407292
0.407292
0.407292
0.407292
0.407292
0.407292
0.407292
0.407292
0.407292
0.407292
0.407292
0.407292
0.407292
0.407292
0.407292
0.407292
0.407292
0.407292
0.407292
0.407292
0.407292
0.407292
0.407292
0.407292
0.407292
0.407292
0.407292
0.407292
0.407292
0.407292
0.407292
0.407292
0.407292
0.407292
0.407292
0.407292
0.407292
0.407292
0.407292
0.407292
0.407292
0.407292
0.407292
0.407292
0.407292
0.407292
0.407245
0.481572
0.411152
0.410982
0.410982
0.410982
0.410982
0.410982
0.410982
0.410982
0.410982
0.410982
0.410982
0.410982
0.410982
0.410982
0.410982
0.410982
0.410982
0.410982
0.410982
0.410982
0.410982
0.410982
0.410982
0.410982
0.410982
0.410982
0.410982
0.410982
0.410982
0.410982
0.410982
0.410982
0.410982
0.410982
0.410982
0.410982
0.410982
0.410982
0.410982
0.410982
0.410982
0.410982
0.410982
0.410982
0.410982
0.410982
0.410982
0.410982
0.410982
0.410982
0.410982
0.410982
0.410982
0.410982
0.410982
0.410982
0.410982
0.410982
0.410982
0.410982
0.410982
0.410982
0.410982
0.410982
0.410982
0.410982
0.410982
0.410982
0.410982
0.410982
0.410982
0.410982
0.410982
0.410982
0.410982
0.410982
0.410982
0.410982
0.410982
0.410982
0.410982
0.410982
0.410982
0.410982
0.410982
0.410982
0.410982
0.410982
0.410982
0.410982
0.410982
0.410982
0.410982
0.410982
0.410982
0.410982
0.410982
0.410982
0.410982
0.410982
0.410982
0.410982
0.410982
0.410982
0.410982
0.410982
0.410982
0.410982
0.410982
0.410982
0.410982
0.410982
0.410982
0.410982
0.410982
0.410982
0.410982
0.410982
0.410982
0.410982
0.410982
0.410982
0.410982
0.410982
0.410982
0.410982
0.410982
0.410982
0.410982
0.410982
0.410982
0.410982
0.410982
0.410982
0.410982
0.410982
0.410982
0.410982
0.410982
0.410982
0.410982
0.410982
0.410982
0.410982
0.410982
0.410982
0.410982
0.410982
0.410982
0.410982
0.410982
0.410982
0.410982
0.410982
0.410982
0.410982
0.410982
0.410982
0.410982
0.410982
0.410982
0.410982
0.410982
0.410982
0.410982
0.410982
0.410982
0.410982
0.410982
0.410982
0.410982
0.410982
0.410982
0.410982
0.410982
0.410982
0.410982
0.410982
0.410982
0.410982
0.410982
0.410982
0.410982
0.410982
0.410982
0.410982
0.410982
0.410982
0.410982
0.410982
0.410982
0.410982
0.410982
0.410982
0.410982
0.410982
0.410982
0.410982
0.410961
0.464514
0.413521
0.41344
0.413439
0.413439
0.413439
0.413439
0.413439
0.413439
0.413439
0.413439
0.413439
0.413439
0.413439
0.413439
0.413439
0.413439
0.413439
0.413439
0.413439
0.413439
0.413439
0.413439
0.413439
0.413439
0.413439
0.413439
0.413439
0.413439
0.413439
0.413439
0.413439
0.413439
0.413439
0.413439
0.413439
0.413439
0.413439
0.413439
0.413439
0.413439
0.413439
0.413439
0.413439
0.413439
0.413439
0.413439
0.413439
0.413439
0.413439
0.413439
0.413439
0.413439
0.413439
0.413439
0.413439
0.413439
0.413439
0.413439
0.413439
0.413439
0.413439
0.413439
0.413439
0.413439
0.413439
0.413439
0.413439
0.413439
0.413439
0.413439
0.413439
0.413439
0.413439
0.413439
0.413439
0.413439
0.413439
0.413439
0.413439
0.413439
0.413439
0.413439
0.413439
0.413439
0.413439
0.413439
0.413439
0.413439
0.413439
0.413439
0.413439
0.413439
0.413439
0.413439
0.413439
0.413439
0.413439
0.413439
0.413439
0.413439
0.413439
0.413439
0.413439
0.413439
0.413439
0.413439
0.413439
0.413439
0.413439
0.413439
0.413439
0.413439
0.413439
0.413439
0.413439
0.413439
0.413439
0.413439
0.413439
0.413439
0.413439
0.413439
0.413439
0.413439
0.413439
0.413439
0.413439
0.413439
0.413439
0.413439
0.413439
0.413439
0.413439
0.413439
0.413439
0.413439
0.413439
0.413439
0.413439
0.413439
0.413439
0.413439
0.413439
0.413439
0.413439
0.413439
0.413439
0.413439
0.413439
0.413439
0.413439
0.413439
0.413439
0.413439
0.413439
0.413439
0.413439
0.413439
0.413439
0.413439
0.413439
0.413439
0.413439
0.413439
0.413439
0.413439
0.413439
0.413439
0.413439
0.413439
0.413439
0.413439
0.413439
0.413439
0.413439
0.413439
0.413439
0.413439
0.413439
0.413439
0.413439
0.413439
0.413439
0.413439
0.413439
0.413439
0.413439
0.413439
0.413439
0.413439
0.413439
0.413439
0.413439
0.413439
0.413439
0.413439
0.413439
0.413439
0.413431
0.45091
0.415095
0.415057
0.415057
0.415057
0.415057
0.415057
0.415057
0.415057
0.415057
0.415057
0.415057
0.415057
0.415057
0.415057
0.415057
0.415057
0.415057
0.415057
0.415057
0.415057
0.415057
0.415057
0.415057
0.415057
0.415057
0.415057
0.415057
0.415057
0.415057
0.415057
0.415057
0.415057
0.415057
0.415057
0.415057
0.415057
0.415057
0.415057
0.415057
0.415057
0.415057
0.415057
0.415057
0.415057
0.415057
0.415057
0.415057
0.415057
0.415057
0.415057
0.415057
0.415057
0.415057
0.415057
0.415057
0.415057
0.415057
0.415057
0.415057
0.415057
0.415057
0.415057
0.415057
0.415057
0.415057
0.415057
0.415057
0.415057
0.415057
0.415057
0.415057
0.415057
0.415057
0.415057
0.415057
0.415057
0.415057
0.415057
0.415057
0.415057
0.415057
0.415057
0.415057
0.415057
0.415057
0.415057
0.415057
0.415057
0.415057
0.415057
0.415057
0.415057
0.415057
0.415057
0.415057
0.415057
0.415057
0.415057
0.415057
0.415057
0.415057
0.415057
0.415057
0.415057
0.415057
0.415057
0.415057
0.415057
0.415057
0.415057
0.415057
0.415057
0.415057
0.415057
0.415057
0.415057
0.415057
0.415057
0.415057
0.415057
0.415057
0.415057
0.415057
0.415057
0.415057
0.415057
0.415057
0.415057
0.415057
0.415057
0.415057
0.415057
0.415057
0.415057
0.415057
0.415057
0.415057
0.415057
0.415057
0.415057
0.415057
0.415057
0.415057
0.415057
0.415057
0.415057
0.415057
0.415057
0.415057
0.415057
0.415057
0.415057
0.415057
0.415057
0.415057
0.415057
0.415057
0.415057
0.415057
0.415057
0.415057
0.415057
0.415057
0.415057
0.415057
0.415057
0.415057
0.415057
0.415057
0.415057
0.415057
0.415057
0.415057
0.415057
0.415057
0.415057
0.415057
0.415057
0.415057
0.415057
0.415057
0.415057
0.415057
0.415057
0.415057
0.415057
0.415057
0.415057
0.415057
0.415057
0.415057
0.415057
0.415057
0.415057
0.415057
0.415057
0.415057
0.415057
0.415053
0.440672
0.41613
0.416113
0.416113
0.416113
0.416113
0.416113
0.416113
0.416113
0.416113
0.416113
0.416113
0.416113
0.416113
0.416113
0.416113
0.416113
0.416113
0.416113
0.416113
0.416113
0.416113
0.416113
0.416113
0.416113
0.416113
0.416113
0.416113
0.416113
0.416113
0.416113
0.416113
0.416113
0.416113
0.416113
0.416113
0.416113
0.416113
0.416113
0.416113
0.416113
0.416113
0.416113
0.416113
0.416113
0.416113
0.416113
0.416113
0.416113
0.416113
0.416113
0.416113
0.416113
0.416113
0.416113
0.416113
0.416113
0.416113
0.416113
0.416113
0.416113
0.416113
0.416113
0.416113
0.416113
0.416113
0.416113
0.416113
0.416113
0.416113
0.416113
0.416113
0.416113
0.416113
0.416113
0.416113
0.416113
0.416113
0.416113
0.416113
0.416113
0.416113
0.416113
0.416113
0.416113
0.416113
0.416113
0.416113
0.416113
0.416113
0.416113
0.416113
0.416113
0.416113
0.416113
0.416113
0.416113
0.416113
0.416113
0.416113
0.416113
0.416113
0.416113
0.416113
0.416113
0.416113
0.416113
0.416113
0.416113
0.416113
0.416113
0.416113
0.416113
0.416113
0.416113
0.416113
0.416113
0.416113
0.416113
0.416113
0.416113
0.416113
0.416113
0.416113
0.416113
0.416113
0.416113
0.416113
0.416113
0.416113
0.416113
0.416113
0.416113
0.416113
0.416113
0.416113
0.416113
0.416113
0.416113
0.416113
0.416113
0.416113
0.416113
0.416113
0.416113
0.416113
0.416113
0.416113
0.416113
0.416113
0.416113
0.416113
0.416113
0.416113
0.416113
0.416113
0.416113
0.416113
0.416113
0.416113
0.416113
0.416113
0.416113
0.416113
0.416113
0.416113
0.416113
0.416113
0.416113
0.416113
0.416113
0.416113
0.416113
0.416113
0.416113
0.416113
0.416113
0.416113
0.416113
0.416113
0.416113
0.416113
0.416113
0.416113
0.416113
0.416113
0.416113
0.416113
0.416113
0.416113
0.416113
0.416113
0.416113
0.416113
0.416113
0.416113
0.416113
0.416113
0.416113
0.416111
0.433307
0.416806
0.416799
0.416799
0.416799
0.416799
0.416799
0.416799
0.416799
0.416799
0.416799
0.416799
0.416799
0.416799
0.416799
0.416799
0.416799
0.416799
0.416799
0.416799
0.416799
0.416799
0.416799
0.416799
0.416799
0.416799
0.416799
0.416799
0.416799
0.416799
0.416799
0.416799
0.416799
0.416799
0.416799
0.416799
0.416799
0.416799
0.416799
0.416799
0.416799
0.416799
0.416799
0.416799
0.416799
0.416799
0.416799
0.416799
0.416799
0.416799
0.416799
0.416799
0.416799
0.416799
0.416799
0.416799
0.416799
0.416799
0.416799
0.416799
0.416799
0.416799
0.416799
0.416799
0.416799
0.416799
0.416799
0.416799
0.416799
0.416799
0.416799
0.416799
0.416799
0.416799
0.416799
0.416799
0.416799
0.416799
0.416799
0.416799
0.416799
0.416799
0.416799
0.416799
0.416799
0.416799
0.416799
0.416799
0.416799
0.416799
0.416799
0.416799
0.416799
0.416799
0.416799
0.416799
0.416799
0.416799
0.416799
0.416799
0.416799
0.416799
0.416799
0.416799
0.416799
0.416799
0.416799
0.416799
0.416799
0.416799
0.416799
0.416799
0.416799
0.416799
0.416799
0.416799
0.416799
0.416799
0.416799
0.416799
0.416799
0.416799
0.416799
0.416799
0.416799
0.416799
0.416799
0.416799
0.416799
0.416799
0.416799
0.416799
0.416799
0.416799
0.416799
0.416799
0.416799
0.416799
0.416799
0.416799
0.416799
0.416799
0.416799
0.416799
0.416799
0.416799
0.416799
0.416799
0.416799
0.416799
0.416799
0.416799
0.416799
0.416799
0.416799
0.416799
0.416799
0.416799
0.416799
0.416799
0.416799
0.416799
0.416799
0.416799
0.416799
0.416799
0.416799
0.416799
0.416799
0.416799
0.416799
0.416799
0.416799
0.416799
0.416799
0.416799
0.416799
0.416799
0.416799
0.416799
0.416799
0.416799
0.416799
0.416799
0.416799
0.416799
0.416799
0.416799
0.416799
0.416799
0.416799
0.416799
0.416799
0.416799
0.416799
0.416799
0.416799
0.416799
0.416799
0.416798
0.428185
0.417246
0.417243
0.417243
0.417243
0.417243
0.417243
0.417243
0.417243
0.417243
0.417243
0.417243
0.417243
0.417243
0.417243
0.417243
0.417243
0.417243
0.417243
0.417243
0.417243
0.417243
0.417243
0.417243
0.417243
0.417243
0.417243
0.417243
0.417243
0.417243
0.417243
0.417243
0.417243
0.417243
0.417243
0.417243
0.417243
0.417243
0.417243
0.417243
0.417243
0.417243
0.417243
0.417243
0.417243
0.417243
0.417243
0.417243
0.417243
0.417243
0.417243
0.417243
0.417243
0.417243
0.417243
0.417243
0.417243
0.417243
0.417243
0.417243
0.417243
0.417243
0.417243
0.417243
0.417243
0.417243
0.417243
0.417243
0.417243
0.417243
0.417243
0.417243
0.417243
0.417243
0.417243
0.417243
0.417243
0.417243
0.417243
0.417243
0.417243
0.417243
0.417243
0.417243
0.417243
0.417243
0.417243
0.417243
0.417243
0.417243
0.417243
0.417243
0.417243
0.417243
0.417243
0.417243
0.417243
0.417243
0.417243
0.417243
0.417243
0.417243
0.417243
0.417243
0.417243
0.417243
0.417243
0.417243
0.417243
0.417243
0.417243
0.417243
0.417243
0.417243
0.417243
0.417243
0.417243
0.417243
0.417243
0.417243
0.417243
0.417243
0.417243
0.417243
0.417243
0.417243
0.417243
0.417243
0.417243
0.417243
0.417243
0.417243
0.417243
0.417243
0.417243
0.417243
0.417243
0.417243
0.417243
0.417243
0.417243
0.417243
0.417243
0.417243
0.417243
0.417243
0.417243
0.417243
0.417243
0.417243
0.417243
0.417243
0.417243
0.417243
0.417243
0.417243
0.417243
0.417243
0.417243
0.417243
0.417243
0.417243
0.417243
0.417243
0.417243
0.417243
0.417243
0.417243
0.417243
0.417243
0.417243
0.417243
0.417243
0.417243
0.417243
0.417243
0.417243
0.417243
0.417243
0.417243
0.417243
0.417243
0.417243
0.417243
0.417243
0.417243
0.417243
0.417243
0.417243
0.417243
0.417243
0.417243
0.417243
0.417243
0.417243
0.417243
0.417243
0.417243
0.417243
0.417242
0.424711
0.417531
0.417529
0.417529
0.417529
0.417529
0.417529
0.417529
0.417529
0.417529
0.417529
0.417529
0.417529
0.417529
0.417529
0.417529
0.417529
0.417529
0.417529
0.417529
0.417529
0.417529
0.417529
0.417529
0.417529
0.417529
0.417529
0.417529
0.417529
0.417529
0.417529
0.417529
0.417529
0.417529
0.417529
0.417529
0.417529
0.417529
0.417529
0.417529
0.417529
0.417529
0.417529
0.417529
0.417529
0.417529
0.417529
0.417529
0.417529
0.417529
0.417529
0.417529
0.417529
0.417529
0.417529
0.417529
0.417529
0.417529
0.417529
0.417529
0.417529
0.417529
0.417529
0.417529
0.417529
0.417529
0.417529
0.417529
0.417529
0.417529
0.417529
0.417529
0.417529
0.417529
0.417529
0.417529
0.417529
0.417529
0.417529
0.417529
0.417529
0.417529
0.417529
0.417529
0.417529
0.417529
0.417529
0.417529
0.417529
0.417529
0.417529
0.417529
0.417529
0.417529
0.417529
0.417529
0.417529
0.417529
0.417529
0.417529
0.417529
0.417529
0.417529
0.417529
0.417529
0.417529
0.417529
0.417529
0.417529
0.417529
0.417529
0.417529
0.417529
0.417529
0.417529
0.417529
0.417529
0.417529
0.417529
0.417529
0.417529
0.417529
0.417529
0.417529
0.417529
0.417529
0.417529
0.417529
0.417529
0.417529
0.417529
0.417529
0.417529
0.417529
0.417529
0.417529
0.417529
0.417529
0.417529
0.417529
0.417529
0.417529
0.417529
0.417529
0.417529
0.417529
0.417529
0.417529
0.417529
0.417529
0.417529
0.417529
0.417529
0.417529
0.417529
0.417529
0.417529
0.417529
0.417529
0.417529
0.417529
0.417529
0.417529
0.417529
0.417529
0.417529
0.417529
0.417529
0.417529
0.417529
0.417529
0.417529
0.417529
0.417529
0.417529
0.417529
0.417529
0.417529
0.417529
0.417529
0.417529
0.417529
0.417529
0.417529
0.417529
0.417529
0.417529
0.417529
0.417529
0.417529
0.417529
0.417529
0.417529
0.417529
0.417529
0.417529
0.417529
0.417529
0.417529
0.417529
0.422396
0.417715
0.417714
0.417714
0.417714
0.417714
0.417714
0.417714
0.417714
0.417714
0.417714
0.417714
0.417714
0.417714
0.417714
0.417714
0.417714
0.417714
0.417714
0.417714
0.417714
0.417714
0.417714
0.417714
0.417714
0.417714
0.417714
0.417714
0.417714
0.417714
0.417714
0.417714
0.417714
0.417714
0.417714
0.417714
0.417714
0.417714
0.417714
0.417714
0.417714
0.417714
0.417714
0.417714
0.417714
0.417714
0.417714
0.417714
0.417714
0.417714
0.417714
0.417714
0.417714
0.417714
0.417714
0.417714
0.417714
0.417714
0.417714
0.417714
0.417714
0.417714
0.417714
0.417714
0.417714
0.417714
0.417714
0.417714
0.417714
0.417714
0.417714
0.417714
0.417714
0.417714
0.417714
0.417714
0.417714
0.417714
0.417714
0.417714
0.417714
0.417714
0.417714
0.417714
0.417714
0.417714
0.417714
0.417714
0.417714
0.417714
0.417714
0.417714
0.417714
0.417714
0.417714
0.417714
0.417714
0.417714
0.417714
0.417714
0.417714
0.417714
0.417714
0.417714
0.417714
0.417714
0.417714
0.417714
0.417714
0.417714
0.417714
0.417714
0.417714
0.417714
0.417714
0.417714
0.417714
0.417714
0.417714
0.417714
0.417714
0.417714
0.417714
0.417714
0.417714
0.417714
0.417714
0.417714
0.417714
0.417714
0.417714
0.417714
0.417714
0.417714
0.417714
0.417714
0.417714
0.417714
0.417714
0.417714
0.417714
0.417714
0.417714
0.417714
0.417714
0.417714
0.417714
0.417714
0.417714
0.417714
0.417714
0.417714
0.417714
0.417714
0.417714
0.417714
0.417714
0.417714
0.417714
0.417714
0.417714
0.417714
0.417714
0.417714
0.417714
0.417714
0.417714
0.417714
0.417714
0.417714
0.417714
0.417714
0.417714
0.417714
0.417714
0.417714
0.417714
0.417714
0.417714
0.417714
0.417714
0.417714
0.417714
0.417714
0.417714
0.417714
0.417714
0.417714
0.417714
0.417714
0.417714
0.417714
0.417714
0.417714
0.417714
0.417714
0.417714
0.417714
0.417714
0.417714
0.420871
0.417833
0.417833
0.417833
0.417833
0.417833
0.417833
0.417833
0.417833
0.417833
0.417833
0.417833
0.417833
0.417833
0.417833
0.417833
0.417833
0.417833
0.417833
0.417833
0.417833
0.417833
0.417833
0.417833
0.417833
0.417833
0.417833
0.417833
0.417833
0.417833
0.417833
0.417833
0.417833
0.417833
0.417833
0.417833
0.417833
0.417833
0.417833
0.417833
0.417833
0.417833
0.417833
0.417833
0.417833
0.417833
0.417833
0.417833
0.417833
0.417833
0.417833
0.417833
0.417833
0.417833
0.417833
0.417833
0.417833
0.417833
0.417833
0.417833
0.417833
0.417833
0.417833
0.417833
0.417833
0.417833
0.417833
0.417833
0.417833
0.417833
0.417833
0.417833
0.417833
0.417833
0.417833
0.417833
0.417833
0.417833
0.417833
0.417833
0.417833
0.417833
0.417833
0.417833
0.417833
0.417833
0.417833
0.417833
0.417833
0.417833
0.417833
0.417833
0.417833
0.417833
0.417833
0.417833
0.417833
0.417833
0.417833
0.417833
0.417833
0.417833
0.417833
0.417833
0.417833
0.417833
0.417833
0.417833
0.417833
0.417833
0.417833
0.417833
0.417833
0.417833
0.417833
0.417833
0.417833
0.417833
0.417833
0.417833
0.417833
0.417833
0.417833
0.417833
0.417833
0.417833
0.417833
0.417833
0.417833
0.417833
0.417833
0.417833
0.417833
0.417833
0.417833
0.417833
0.417833
0.417833
0.417833
0.417833
0.417833
0.417833
0.417833
0.417833
0.417833
0.417833
0.417833
0.417833
0.417833
0.417833
0.417833
0.417833
0.417833
0.417833
0.417833
0.417833
0.417833
0.417833
0.417833
0.417833
0.417833
0.417833
0.417833
0.417833
0.417833
0.417833
0.417833
0.417833
0.417833
0.417833
0.417833
0.417833
0.417833
0.417833
0.417833
0.417833
0.417833
0.417833
0.417833
0.417833
0.417833
0.417833
0.417833
0.417833
0.417833
0.417833
0.417833
0.417833
0.417833
0.417833
0.417833
0.417833
0.417833
0.417833
0.417833
0.417833
0.417833
0.417833
0.417833
0.417833
0.419874
0.41791
0.41791
0.41791
0.41791
0.41791
0.41791
0.41791
0.41791
0.41791
0.41791
0.41791
0.41791
0.41791
0.41791
0.41791
0.41791
0.41791
0.41791
0.41791
0.41791
0.41791
0.41791
0.41791
0.41791
0.41791
0.41791
0.41791
0.41791
0.41791
0.41791
0.41791
0.41791
0.41791
0.41791
0.41791
0.41791
0.41791
0.41791
0.41791
0.41791
0.41791
0.41791
0.41791
0.41791
0.41791
0.41791
0.41791
0.41791
0.41791
0.41791
0.41791
0.41791
0.41791
0.41791
0.41791
0.41791
0.41791
0.41791
0.41791
0.41791
0.41791
0.41791
0.41791
0.41791
0.41791
0.41791
0.41791
0.41791
0.41791
0.41791
0.41791
0.41791
0.41791
0.41791
0.41791
0.41791
0.41791
0.41791
0.41791
0.41791
0.41791
0.41791
0.41791
0.41791
0.41791
0.41791
0.41791
0.41791
0.41791
0.41791
0.41791
0.41791
0.41791
0.41791
0.41791
0.41791
0.41791
0.41791
0.41791
0.41791
0.41791
0.41791
0.41791
0.41791
0.41791
0.41791
0.41791
0.41791
0.41791
0.41791
0.41791
0.41791
0.41791
0.41791
0.41791
0.41791
0.41791
0.41791
0.41791
0.41791
0.41791
0.41791
0.41791
0.41791
0.41791
0.41791
0.41791
0.41791
0.41791
0.41791
0.41791
0.41791
0.41791
0.41791
0.41791
0.41791
0.41791
0.41791
0.41791
0.41791
0.41791
0.41791
0.41791
0.41791
0.41791
0.41791
0.41791
0.41791
0.41791
0.41791
0.41791
0.41791
0.41791
0.41791
0.41791
0.41791
0.41791
0.41791
0.41791
0.41791
0.41791
0.41791
0.41791
0.41791
0.41791
0.41791
0.41791
0.41791
0.41791
0.41791
0.41791
0.41791
0.41791
0.41791
0.41791
0.41791
0.41791
0.41791
0.41791
0.41791
0.41791
0.41791
0.41791
0.41791
0.41791
0.41791
0.41791
0.41791
0.41791
0.41791
0.41791
0.41791
0.41791
0.41791
0.41791
0.41791
0.41791
0.41791
0.41791
0.419227
0.417959
0.417959
0.417959
0.417959
0.417959
0.417959
0.417959
0.417959
0.417959
0.417959
0.417959
0.417959
0.417959
0.417959
0.417959
0.417959
0.417959
0.417959
0.417959
0.417959
0.417959
0.417959
0.417959
0.417959
0.417959
0.417959
0.417959
0.417959
0.417959
0.417959
0.417959
0.417959
0.417959
0.417959
0.417959
0.417959
0.417959
0.417959
0.417959
0.417959
0.417959
0.417959
0.417959
0.417959
0.417959
0.417959
0.417959
0.417959
0.417959
0.417959
0.417959
0.417959
0.417959
0.417959
0.417959
0.417959
0.417959
0.417959
0.417959
0.417959
0.417959
0.417959
0.417959
0.417959
0.417959
0.417959
0.417959
0.417959
0.417959
0.417959
0.417959
0.417959
0.417959
0.417959
0.417959
0.417959
0.417959
0.417959
0.417959
0.417959
0.417959
0.417959
0.417959
0.417959
0.417959
0.417959
0.417959
0.417959
0.417959
0.417959
0.417959
0.417959
0.417959
0.417959
0.417959
0.417959
0.417959
0.417959
0.417959
0.417959
0.417959
0.417959
0.417959
0.417959
0.417959
0.417959
0.417959
0.417959
0.417959
0.417959
0.417959
0.417959
0.417959
0.417959
0.417959
0.417959
0.417959
0.417959
0.417959
0.417959
0.417959
0.417959
0.417959
0.417959
0.417959
0.417959
0.417959
0.417959
0.417959
0.417959
0.417959
0.417959
0.417959
0.417959
0.417959
0.417959
0.417959
0.417959
0.417959
0.417959
0.417959
0.417959
0.417959
0.417959
0.417959
0.417959
0.417959
0.417959
0.417959
0.417959
0.417959
0.417959
0.417959
0.417959
0.417959
0.417959
0.417959
0.417959
0.417959
0.417959
0.417959
0.417959
0.417959
0.417959
0.417959
0.417959
0.417959
0.417959
0.417959
0.417959
0.417959
0.417959
0.417959
0.417959
0.417959
0.417959
0.417959
0.417959
0.417959
0.417959
0.417959
0.417959
0.417959
0.417959
0.417959
0.417959
0.417959
0.417959
0.417959
0.417959
0.417959
0.417959
0.417959
0.417959
0.417959
0.417959
0.417959
0.417959
0.417959
0.418632
0.417814
0.417814
0.417814
0.417814
0.417814
0.417814
0.417814
0.417814
0.417814
0.417814
0.417814
0.417814
0.417814
0.417814
0.417814
0.417814
0.417814
0.417814
0.417814
0.417814
0.417814
0.417814
0.417814
0.417814
0.417814
0.417814
0.417814
0.417814
0.417814
0.417814
0.417814
0.417814
0.417814
0.417814
0.417814
0.417814
0.417814
0.417814
0.417814
0.417814
0.417814
0.417814
0.417814
0.417814
0.417814
0.417814
0.417814
0.417814
0.417814
0.417814
0.417814
0.417814
0.417814
0.417814
0.417814
0.417814
0.417814
0.417814
0.417814
0.417814
0.417814
0.417814
0.417814
0.417814
0.417814
0.417814
0.417814
0.417814
0.417814
0.417814
0.417814
0.417814
0.417814
0.417814
0.417814
0.417814
0.417814
0.417814
0.417814
0.417814
0.417814
0.417814
0.417814
0.417814
0.417814
0.417814
0.417814
0.417814
0.417814
0.417814
0.417814
0.417814
0.417814
0.417814
0.417814
0.417814
0.417814
0.417814
0.417814
0.417814
0.417814
0.417814
0.417814
0.417814
0.417814
0.417814
0.417814
0.417814
0.417814
0.417814
0.417814
0.417814
0.417814
0.417814
0.417814
0.417814
0.417814
0.417814
0.417814
0.417814
0.417814
0.417814
0.417814
0.417814
0.417814
0.417814
0.417814
0.417814
0.417814
0.417814
0.417814
0.417814
0.417814
0.417814
0.417814
0.417814
0.417814
0.417814
0.417814
0.417814
0.417814
0.417814
0.417814
0.417814
0.417814
0.417814
0.417814
0.417814
0.417814
0.417814
0.417814
0.417814
0.417814
0.417814
0.417814
0.417814
0.417814
0.417814
0.417814
0.417814
0.417814
0.417814
0.417814
0.417814
0.417814
0.417814
0.417814
0.417814
0.417814
0.417814
0.417814
0.417814
0.417814
0.417814
0.417814
0.417814
0.417814
0.417814
0.417814
0.417814
0.417814
0.417814
0.417814
0.417814
0.417814
0.417814
0.417814
0.417814
0.417814
0.417814
0.417814
0.417814
0.417814
0.417814
0.417814
0.417814
0.417814
0.417814
0.417814
0.417824
0.417295
0.417295
0.417295
0.417295
0.417295
0.417295
0.417295
0.417295
0.417295
0.417295
0.417295
0.417295
0.417295
0.417295
0.417295
0.417295
0.417295
0.417295
0.417295
0.417295
0.417295
0.417295
0.417295
0.417295
0.417295
0.417295
0.417295
0.417295
0.417295
0.417295
0.417295
0.417295
0.417295
0.417295
0.417295
0.417295
0.417295
0.417295
0.417295
0.417295
0.417295
0.417295
0.417295
0.417295
0.417295
0.417295
0.417295
0.417295
0.417295
0.417295
0.417295
0.417295
0.417295
0.417295
0.417295
0.417295
0.417295
0.417295
0.417295
0.417295
0.417295
0.417295
0.417295
0.417295
0.417295
0.417295
0.417295
0.417295
0.417295
0.417295
0.417295
0.417295
0.417295
0.417295
0.417295
0.417295
0.417295
0.417295
0.417295
0.417295
0.417295
0.417295
0.417295
0.417295
0.417295
0.417295
0.417295
0.417295
0.417295
0.417295
0.417295
0.417295
0.417295
0.417295
0.417295
0.417295
0.417295
0.417295
0.417295
0.417295
0.417295
0.417295
0.417295
0.417295
0.417295
0.417295
0.417295
0.417295
0.417295
0.417295
0.417295
0.417295
0.417295
0.417295
0.417295
0.417295
0.417295
0.417295
0.417295
0.417295
0.417295
0.417295
0.417295
0.417295
0.417295
0.417295
0.417295
0.417295
0.417295
0.417295
0.417295
0.417295
0.417295
0.417295
0.417295
0.417295
0.417295
0.417295
0.417295
0.417295
0.417295
0.417295
0.417295
0.417295
0.417295
0.417295
0.417295
0.417295
0.417295
0.417295
0.417295
0.417295
0.417295
0.417295
0.417295
0.417295
0.417295
0.417295
0.417295
0.417295
0.417295
0.417295
0.417295
0.417295
0.417295
0.417295
0.417295
0.417295
0.417295
0.417295
0.417295
0.417295
0.417295
0.417295
0.417295
0.417295
0.417295
0.417295
0.417295
0.417295
0.417295
0.417295
0.417295
0.417295
0.417295
0.417295
0.417295
0.417295
0.417295
0.417295
0.417295
0.417295
0.417295
0.417295
0.417295
0.417295
0.417295
0.417295
0.417295
0.41554
0.415195
0.415195
0.415195
0.415195
0.415195
0.415195
0.415195
0.415195
0.415195
0.415195
0.415195
0.415195
0.415195
0.415195
0.415195
0.415195
0.415195
0.415195
0.415195
0.415195
0.415195
0.415195
0.415195
0.415195
0.415195
0.415195
0.415195
0.415195
0.415195
0.415195
0.415195
0.415195
0.415195
0.415195
0.415195
0.415195
0.415195
0.415195
0.415195
0.415195
0.415195
0.415195
0.415195
0.415195
0.415195
0.415195
0.415195
0.415195
0.415195
0.415195
0.415195
0.415195
0.415195
0.415195
0.415195
0.415195
0.415195
0.415195
0.415195
0.415195
0.415195
0.415195
0.415195
0.415195
0.415195
0.415195
0.415195
0.415195
0.415195
0.415195
0.415195
0.415195
0.415195
0.415195
0.415195
0.415195
0.415195
0.415195
0.415195
0.415195
0.415195
0.415195
0.415195
0.415195
0.415195
0.415195
0.415195
0.415195
0.415195
0.415195
0.415195
0.415195
0.415195
0.415195
0.415195
0.415195
0.415195
0.415195
0.415195
0.415195
0.415195
0.415195
0.415195
0.415195
0.415195
0.415195
0.415195
0.415195
0.415195
0.415195
0.415195
0.415195
0.415195
0.415195
0.415195
0.415195
0.415195
0.415195
0.415195
0.415195
0.415195
0.415195
0.415195
0.415195
0.415195
0.415195
0.415195
0.415195
0.415195
0.415195
0.415195
0.415195
0.415195
0.415195
0.415195
0.415195
0.415195
0.415195
0.415195
0.415195
0.415195
0.415195
0.415195
0.415195
0.415195
0.415195
0.415195
0.415195
0.415195
0.415195
0.415195
0.415195
0.415195
0.415195
0.415195
0.415195
0.415195
0.415195
0.415195
0.415195
0.415195
0.415195
0.415195
0.415195
0.415195
0.415195
0.415195
0.415195
0.415195
0.415195
0.415195
0.415195
0.415195
0.415195
0.415195
0.415195
0.415195
0.415195
0.415195
0.415195
0.415195
0.415195
0.415195
0.415195
0.415195
0.415195
0.415195
0.415195
0.415195
0.415195
0.415195
0.415195
0.415195
0.415195
0.415195
0.415195
0.415195
0.415195
0.415195
0.408573
0.408341
0.408341
0.408341
0.408341
0.408341
0.408341
0.408341
0.408341
0.408341
0.408341
0.408341
0.408341
0.408341
0.408341
0.408341
0.408341
0.408341
0.408341
0.408341
0.408341
0.408341
0.408341
0.408341
0.408341
0.408341
0.408341
0.408341
0.408341
0.408341
0.408341
0.408341
0.408341
0.408341
0.408341
0.408341
0.408341
0.408341
0.408341
0.408341
0.408341
0.408341
0.408341
0.408341
0.408341
0.408341
0.408341
0.408341
0.408341
0.408341
0.408341
0.408341
0.408341
0.408341
0.408341
0.408341
0.408341
0.408341
0.408341
0.408341
0.408341
0.408341
0.408341
0.408341
0.408341
0.408341
0.408341
0.408341
0.408341
0.408341
0.408341
0.408341
0.408341
0.408341
0.408341
0.408341
0.408341
0.408341
0.408341
0.408341
0.408341
0.408341
0.408341
0.408341
0.408341
0.408341
0.408341
0.408341
0.408341
0.408341
0.408341
0.408341
0.408341
0.408341
0.408341
0.408341
0.408341
0.408341
0.408341
0.408341
0.408341
0.408341
0.408341
0.408341
0.408341
0.408341
0.408341
0.408341
0.408341
0.408341
0.408341
0.408341
0.408341
0.408341
0.408341
0.408341
0.408341
0.408341
0.408341
0.408341
0.408341
0.408341
0.408341
0.408341
0.408341
0.408341
0.408341
0.408341
0.408341
0.408341
0.408341
0.408341
0.408341
0.408341
0.408341
0.408341
0.408341
0.408341
0.408341
0.408341
0.408341
0.408341
0.408341
0.408341
0.408341
0.408341
0.408341
0.408341
0.408341
0.408341
0.408341
0.408341
0.408341
0.408341
0.408341
0.408341
0.408341
0.408341
0.408341
0.408341
0.408341
0.408341
0.408341
0.408341
0.408341
0.408341
0.408341
0.408341
0.408341
0.408341
0.408341
0.408341
0.408341
0.408341
0.408341
0.408341
0.408341
0.408341
0.408341
0.408341
0.408341
0.408341
0.408341
0.408341
0.408341
0.408341
0.408341
0.408341
0.408341
0.408341
0.408341
0.408341
0.408341
0.408341
0.408341
0.408341
0.408341
0.408341
0.408341
0.408341
0.38554
0.385371
0.385371
0.385371
0.385371
0.385371
0.385371
0.385371
0.385371
0.385371
0.385371
0.385371
0.385371
0.385371
0.385371
0.385371
0.385371
0.385371
0.385371
0.385371
0.385371
0.385371
0.385371
0.385371
0.385371
0.385371
0.385371
0.385371
0.385371
0.385371
0.385371
0.385371
0.385371
0.385371
0.385371
0.385371
0.385371
0.385371
0.385371
0.385371
0.385371
0.385371
0.385371
0.385371
0.385371
0.385371
0.385371
0.385371
0.385371
0.385371
0.385371
0.385371
0.385371
0.385371
0.385371
0.385371
0.385371
0.385371
0.385371
0.385371
0.385371
0.385371
0.385371
0.385371
0.385371
0.385371
0.385371
0.385371
0.385371
0.385371
0.385371
0.385371
0.385371
0.385371
0.385371
0.385371
0.385371
0.385371
0.385371
0.385371
0.385371
0.385371
0.385371
0.385371
0.385371
0.385371
0.385371
0.385371
0.385371
0.385371
0.385371
0.385371
0.385371
0.385371
0.385371
0.385371
0.385371
0.385371
0.385371
0.385371
0.385371
0.385371
0.385371
0.385371
0.385371
0.385371
0.385371
0.385371
0.385371
0.385371
0.385371
0.385371
0.385371
0.385371
0.385371
0.385371
0.385371
0.385371
0.385371
0.385371
0.385371
0.385371
0.385371
0.385371
0.385371
0.385371
0.385371
0.385371
0.385371
0.385371
0.385371
0.385371
0.385371
0.385371
0.385371
0.385371
0.385371
0.385371
0.385371
0.385371
0.385371
0.385371
0.385371
0.385371
0.385371
0.385371
0.385371
0.385371
0.385371
0.385371
0.385371
0.385371
0.385371
0.385371
0.385371
0.385371
0.385371
0.385371
0.385371
0.385371
0.385371
0.385371
0.385371
0.385371
0.385371
0.385371
0.385371
0.385371
0.385371
0.385371
0.385371
0.385371
0.385371
0.385371
0.385371
0.385371
0.385371
0.385371
0.385371
0.385371
0.385371
0.385371
0.385371
0.385371
0.385371
0.385371
0.385371
0.385371
0.385371
0.385371
0.385371
0.385371
0.385371
0.385371
0.385371
0.385371
0.385371
0.385371
0.385371
0.385371
7467.1
7464.77
7464.77
7464.77
7464.77
7464.77
7464.77
7464.77
7464.77
7464.77
7464.77
7464.77
7464.77
7464.77
7464.77
7464.77
7464.77
7464.77
7464.77
7464.77
7464.77
7464.77
7464.77
7464.77
7464.77
7464.77
7464.77
7464.77
7464.77
7464.77
7464.77
7464.77
7464.77
7464.77
7464.77
7464.77
7464.77
7464.77
7464.77
7464.77
7464.77
7464.77
7464.77
7464.77
7464.77
7464.77
7464.77
7464.77
7464.77
7464.77
7464.77
7464.77
7464.77
7464.77
7464.77
7464.77
7464.77
7464.77
7464.77
7464.77
7464.77
7464.77
7464.77
7464.77
7464.77
7464.77
7464.77
7464.77
7464.77
7464.77
7464.77
7464.77
7464.77
7464.77
7464.77
7464.77
7464.77
7464.77
7464.77
7464.77
7464.77
7464.77
7464.77
7464.77
7464.77
7464.77
7464.77
7464.77
7464.77
7464.77
7464.77
7464.77
7464.77
7464.77
7464.77
7464.77
7464.77
7464.77
7464.77
7464.77
7464.77
7464.77
7464.77
7464.77
7464.77
7464.77
7464.77
7464.77
7464.77
7464.77
7464.77
7464.77
7464.77
7464.77
7464.77
7464.77
7464.77
7464.77
7464.77
7464.77
7464.77
7464.77
7464.77
7464.77
7464.77
7464.77
7464.77
7464.77
7464.77
7464.77
7464.77
7464.77
7464.77
7464.77
7464.77
7464.77
7464.77
7464.77
7464.77
7464.77
7464.77
7464.77
7464.77
7464.77
7464.77
7464.77
7464.77
7464.77
7464.77
7464.77
7464.77
7464.77
7464.77
7464.77
7464.77
7464.77
7464.77
7464.77
7464.77
7464.77
7464.77
7464.77
7464.77
7464.77
7464.77
7464.77
7464.77
7464.77
7464.77
7464.77
7464.77
7464.77
7464.77
7464.77
7464.77
7464.77
7464.77
7464.77
7464.77
7464.77
7464.77
7464.77
7464.77
7464.77
7464.77
7464.77
7464.77
7464.77
7464.77
7464.77
7464.77
7464.77
7464.77
7464.77
7464.77
7464.77
7464.77
7464.77
7464.77
7464.77
7321.52
7316.14
7316.14
7316.14
7316.14
7316.14
7316.14
7316.14
7316.14
7316.14
7316.14
7316.14
7316.14
7316.14
7316.14
7316.14
7316.14
7316.14
7316.14
7316.14
7316.14
7316.14
7316.14
7316.14
7316.14
7316.14
7316.14
7316.14
7316.14
7316.14
7316.14
7316.14
7316.14
7316.14
7316.14
7316.14
7316.14
7316.14
7316.14
7316.14
7316.14
7316.14
7316.14
7316.14
7316.14
7316.14
7316.14
7316.14
7316.14
7316.14
7316.14
7316.14
7316.14
7316.14
7316.14
7316.14
7316.14
7316.14
7316.14
7316.14
7316.14
7316.14
7316.14
7316.14
7316.14
7316.14
7316.14
7316.14
7316.14
7316.14
7316.14
7316.14
7316.14
7316.14
7316.14
7316.14
7316.14
7316.14
7316.14
7316.14
7316.14
7316.14
7316.14
7316.14
7316.14
7316.14
7316.14
7316.14
7316.14
7316.14
7316.14
7316.14
7316.14
7316.14
7316.14
7316.14
7316.14
7316.14
7316.14
7316.14
7316.14
7316.14
7316.14
7316.14
7316.14
7316.14
7316.14
7316.14
7316.14
7316.14
7316.14
7316.14
7316.14
7316.14
7316.14
7316.14
7316.14
7316.14
7316.14
7316.14
7316.14
7316.14
7316.14
7316.14
7316.14
7316.14
7316.14
7316.14
7316.14
7316.14
7316.14
7316.14
7316.14
7316.14
7316.14
7316.14
7316.14
7316.14
7316.14
7316.14
7316.14
7316.14
7316.14
7316.14
7316.14
7316.14
7316.14
7316.14
7316.14
7316.14
7316.14
7316.14
7316.14
7316.14
7316.14
7316.14
7316.14
7316.14
7316.14
7316.14
7316.14
7316.14
7316.14
7316.14
7316.14
7316.14
7316.14
7316.14
7316.14
7316.14
7316.14
7316.14
7316.14
7316.14
7316.14
7316.14
7316.14
7316.14
7316.14
7316.14
7316.14
7316.14
7316.14
7316.14
7316.14
7316.14
7316.14
7316.14
7316.14
7316.14
7316.14
7316.14
7316.14
7316.14
7316.14
7316.14
7316.14
7316.14
7316.14
7316.14
1795.32
1792.21
1792.19
1792.19
1792.19
1792.19
1792.19
1792.19
1792.19
1792.19
1792.19
1792.19
1792.19
1792.19
1792.19
1792.19
1792.19
1792.19
1792.19
1792.19
1792.19
1792.19
1792.19
1792.19
1792.19
1792.19
1792.19
1792.19
1792.19
1792.19
1792.19
1792.19
1792.19
1792.19
1792.19
1792.19
1792.19
1792.19
1792.19
1792.19
1792.19
1792.19
1792.19
1792.19
1792.19
1792.19
1792.19
1792.19
1792.19
1792.19
1792.19
1792.19
1792.19
1792.19
1792.19
1792.19
1792.19
1792.19
1792.19
1792.19
1792.19
1792.19
1792.19
1792.19
1792.19
1792.19
1792.19
1792.19
1792.19
1792.19
1792.19
1792.19
1792.19
1792.19
1792.19
1792.19
1792.19
1792.19
1792.19
1792.19
1792.19
1792.19
1792.19
1792.19
1792.19
1792.19
1792.19
1792.19
1792.19
1792.19
1792.19
1792.19
1792.19
1792.19
1792.19
1792.19
1792.19
1792.19
1792.19
1792.19
1792.19
1792.19
1792.19
1792.19
1792.19
1792.19
1792.19
1792.19
1792.19
1792.19
1792.19
1792.19
1792.19
1792.19
1792.19
1792.19
1792.19
1792.19
1792.19
1792.19
1792.19
1792.19
1792.19
1792.19
1792.19
1792.19
1792.19
1792.19
1792.19
1792.19
1792.19
1792.19
1792.19
1792.19
1792.19
1792.19
1792.19
1792.19
1792.19
1792.19
1792.19
1792.19
1792.19
1792.19
1792.19
1792.19
1792.19
1792.19
1792.19
1792.19
1792.19
1792.19
1792.19
1792.19
1792.19
1792.19
1792.19
1792.19
1792.19
1792.19
1792.19
1792.19
1792.19
1792.19
1792.19
1792.19
1792.19
1792.19
1792.19
1792.19
1792.19
1792.19
1792.19
1792.19
1792.19
1792.19
1792.19
1792.19
1792.19
1792.19
1792.19
1792.19
1792.19
1792.19
1792.19
1792.19
1792.19
1792.19
1792.19
1792.19
1792.19
1792.19
1792.19
1792.19
1792.19
1792.19
1792.19
1792.19
1792.19
1792.19
607.415
604.2
604.163
604.162
604.161
604.161
604.161
604.161
604.161
604.161
604.161
604.161
604.161
604.161
604.161
604.161
604.161
604.161
604.161
604.161
604.161
604.161
604.161
604.161
604.162
604.161
604.161
604.161
604.162
604.161
604.162
604.161
604.162
604.161
604.162
604.161
604.162
604.161
604.163
604.161
604.163
604.161
604.162
604.161
604.162
604.161
604.161
604.162
604.162
604.162
604.162
604.162
604.162
604.162
604.161
604.161
604.162
604.161
604.163
604.161
604.164
604.161
604.164
604.161
604.163
604.161
604.163
604.161
604.162
604.161
604.162
604.161
604.162
604.161
604.162
604.161
604.163
604.161
604.163
604.161
604.164
604.161
604.164
604.161
604.164
604.161
604.164
604.161
604.163
604.161
604.163
604.161
604.163
604.161
604.163
604.161
604.163
604.161
604.163
604.161
604.163
604.161
604.163
604.161
604.163
604.161
604.164
604.161
604.164
604.161
604.164
604.161
604.164
604.161
604.165
604.161
604.165
604.161
604.165
604.161
604.165
604.161
604.165
604.161
604.165
604.161
604.165
604.161
604.165
604.161
604.164
604.161
604.164
604.161
604.163
604.161
604.163
604.161
604.163
604.161
604.163
604.161
604.163
604.161
604.164
604.161
604.165
604.161
604.165
604.161
604.165
604.161
604.165
604.161
604.164
604.161
604.164
604.161
604.163
604.161
604.162
604.161
604.162
604.161
604.162
604.161
604.163
604.161
604.164
604.161
604.164
604.161
604.164
604.161
604.164
604.161
604.164
604.161
604.163
604.161
604.162
604.161
604.161
604.161
604.161
604.161
604.161
604.161
604.161
604.161
604.162
604.161
604.162
604.161
604.162
604.161
604.162
604.161
604.162
604.162
241.105
237.63
237.578
237.576
237.576
237.575
237.576
237.575
237.575
237.575
237.575
237.575
237.575
237.575
237.575
237.575
237.575
237.575
237.576
237.575
237.575
237.575
237.575
237.575
237.575
237.575
237.575
237.575
237.575
237.575
237.575
237.575
237.575
237.575
237.575
237.575
237.575
237.575
237.574
237.575
237.574
237.575
237.574
237.575
237.575
237.575
237.576
237.575
237.577
237.576
237.578
237.576
237.577
237.576
237.575
237.575
237.575
237.575
237.574
237.575
237.573
237.575
237.573
237.575
237.574
237.575
237.574
237.575
237.575
237.575
237.575
237.575
237.575
237.575
237.575
237.575
237.574
237.575
237.574
237.575
237.573
237.575
237.573
237.575
237.573
237.575
237.573
237.575
237.574
237.575
237.574
237.575
237.574
237.575
237.574
237.575
237.574
237.575
237.574
237.575
237.574
237.575
237.574
237.575
237.574
237.575
237.573
237.575
237.573
237.575
237.573
237.575
237.573
237.575
237.573
237.575
237.573
237.575
237.573
237.575
237.573
237.575
237.572
237.575
237.572
237.575
237.573
237.575
237.573
237.575
237.573
237.575
237.573
237.575
237.574
237.575
237.574
237.575
237.574
237.575
237.574
237.575
237.574
237.575
237.573
237.575
237.573
237.575
237.572
237.575
237.572
237.575
237.572
237.575
237.573
237.575
237.573
237.575
237.574
237.575
237.574
237.575
237.575
237.575
237.574
237.575
237.574
237.575
237.573
237.575
237.573
237.575
237.573
237.575
237.573
237.575
237.573
237.575
237.574
237.575
237.575
237.575
237.575
237.575
237.576
237.575
237.576
237.575
237.575
237.575
237.575
237.575
237.575
237.575
237.574
237.575
237.575
237.575
237.575
237.576
92.025
89.6199
89.571
89.5688
89.5685
89.5685
89.5686
89.5685
89.5684
89.5684
89.5683
89.5684
89.5683
89.5684
89.5684
89.5685
89.5685
89.5685
89.5686
89.5685
89.5685
89.5684
89.5683
89.5683
89.5681
89.5682
89.568
89.5681
89.5679
89.568
89.5679
89.5679
89.5678
89.5677
89.5675
89.5674
89.5672
89.5672
89.5669
89.5672
89.5669
89.5673
89.5672
89.5677
89.5678
89.5683
89.5685
89.5689
89.5692
89.5694
89.5694
89.5693
89.5692
89.5687
89.5684
89.5679
89.5673
89.5671
89.5663
89.5664
89.5656
89.5661
89.5656
89.5662
89.566
89.5666
89.5667
89.5671
89.5673
89.5675
89.5678
89.5677
89.5678
89.5676
89.5674
89.5672
89.5667
89.5667
89.566
89.5662
89.5656
89.5659
89.5653
89.5658
89.5654
89.5659
89.5657
89.5661
89.566
89.5664
89.5663
89.5666
89.5665
89.5668
89.5666
89.5668
89.5666
89.5668
89.5665
89.5667
89.5664
89.5666
89.5662
89.5664
89.566
89.5661
89.5657
89.5659
89.5654
89.5656
89.5651
89.5654
89.5648
89.5652
89.5647
89.5651
89.5645
89.565
89.5645
89.5649
89.5644
89.5649
89.5644
89.5649
89.5644
89.565
89.5645
89.5651
89.5647
89.5654
89.5651
89.5657
89.5656
89.5662
89.5661
89.5665
89.5665
89.5668
89.5667
89.5668
89.5666
89.5665
89.5661
89.566
89.5654
89.5654
89.5646
89.5649
89.564
89.5646
89.5638
89.5646
89.5641
89.565
89.5647
89.5656
89.5656
89.5663
89.5666
89.567
89.5672
89.5673
89.5674
89.5673
89.5671
89.5669
89.5665
89.5663
89.5657
89.5658
89.565
89.5654
89.5647
89.5654
89.5649
89.5658
89.5656
89.5664
89.5666
89.5672
89.5676
89.568
89.5684
89.5685
89.5688
89.5687
89.5688
89.5685
89.5684
89.5681
89.5678
89.5678
89.5674
89.5676
89.5672
89.5676
89.5674
89.5679
89.5681
89.5693
29.4397
28.1621
28.1261
28.1246
28.1244
28.1243
28.1244
28.1243
28.1243
28.1243
28.1242
28.1243
28.1242
28.1243
28.1243
28.1243
28.1244
28.1243
28.1244
28.1243
28.1243
28.1243
28.1242
28.1242
28.1241
28.1241
28.124
28.124
28.124
28.124
28.1239
28.1239
28.1238
28.1237
28.1237
28.1236
28.1234
28.1234
28.1232
28.1234
28.1232
28.1235
28.1234
28.1238
28.1238
28.1242
28.1244
28.1245
28.125
28.1247
28.1252
28.1247
28.1249
28.1244
28.1243
28.1239
28.1235
28.1233
28.1228
28.1228
28.1223
28.1226
28.1222
28.1227
28.1225
28.1229
28.123
28.1233
28.1235
28.1236
28.1238
28.1238
28.1238
28.1237
28.1235
28.1234
28.1231
28.123
28.1226
28.1227
28.1222
28.1224
28.1221
28.1224
28.1221
28.1224
28.1223
28.1226
28.1226
28.1228
28.1228
28.123
28.1229
28.1231
28.123
28.1231
28.123
28.1231
28.1229
28.123
28.1228
28.1229
28.1227
28.1228
28.1225
28.1226
28.1223
28.1224
28.1221
28.1222
28.1219
28.122
28.1217
28.1219
28.1216
28.1218
28.1215
28.1217
28.1215
28.1217
28.1214
28.1217
28.1214
28.1217
28.1214
28.1217
28.1215
28.1218
28.1216
28.122
28.1219
28.1223
28.1222
28.1226
28.1226
28.1229
28.1229
28.1231
28.1231
28.1231
28.123
28.1229
28.1226
28.1225
28.1221
28.1221
28.1215
28.1217
28.1211
28.1214
28.121
28.1215
28.1211
28.1217
28.1216
28.1222
28.1223
28.1227
28.1229
28.1232
28.1234
28.1235
28.1236
28.1234
28.1234
28.1232
28.1229
28.1227
28.1223
28.1223
28.1218
28.1221
28.1216
28.122
28.1218
28.1223
28.1223
28.1228
28.123
28.1234
28.1237
28.124
28.1243
28.1243
28.1246
28.1244
28.1246
28.1243
28.1243
28.1241
28.1239
28.1238
28.1235
28.1237
28.1234
28.1237
28.1236
28.1239
28.1241
28.125
5.52248
5.12342
5.1047
5.10387
5.10379
5.10376
5.10375
5.10375
5.10375
5.10374
5.10374
5.10374
5.10374
5.10374
5.10374
5.10374
5.10376
5.10375
5.10375
5.10375
5.10375
5.10374
5.10373
5.10373
5.10372
5.10372
5.10371
5.10371
5.1037
5.10371
5.1037
5.1037
5.10369
5.10368
5.10367
5.10366
5.10364
5.10365
5.10362
5.10364
5.10362
5.10365
5.10364
5.10368
5.10369
5.10373
5.10377
5.1038
5.10388
5.10386
5.10393
5.10385
5.10387
5.10377
5.10374
5.1037
5.10365
5.10363
5.10357
5.10358
5.10352
5.10355
5.10352
5.10356
5.10354
5.10359
5.1036
5.10363
5.10365
5.10367
5.10369
5.10368
5.10369
5.10367
5.10365
5.10364
5.1036
5.1036
5.10355
5.10356
5.10351
5.10353
5.10349
5.10353
5.1035
5.10353
5.10352
5.10355
5.10355
5.10357
5.10357
5.10359
5.10358
5.1036
5.10359
5.1036
5.10359
5.1036
5.10358
5.10359
5.10357
5.10358
5.10356
5.10357
5.10354
5.10355
5.10352
5.10353
5.10349
5.10351
5.10347
5.10349
5.10345
5.10347
5.10343
5.10346
5.10342
5.10345
5.10342
5.10345
5.10342
5.10344
5.10341
5.10344
5.10341
5.10345
5.10342
5.10346
5.10343
5.10348
5.10346
5.10351
5.1035
5.10354
5.10354
5.10357
5.10358
5.10359
5.10359
5.10359
5.10358
5.10357
5.10354
5.10353
5.10348
5.10348
5.10342
5.10344
5.10338
5.10341
5.10336
5.10341
5.10338
5.10344
5.10343
5.10349
5.1035
5.10355
5.10357
5.1036
5.10362
5.10363
5.10364
5.10363
5.10362
5.1036
5.10356
5.10355
5.1035
5.1035
5.10345
5.10347
5.10342
5.10347
5.10344
5.1035
5.10349
5.10356
5.10357
5.10362
5.10365
5.10368
5.10372
5.10372
5.10379
5.10375
5.10378
5.10373
5.10371
5.1037
5.10367
5.10367
5.10363
5.10365
5.10362
5.10365
5.10364
5.10367
5.10367
5.10391
1.14127
1.04071
1.03709
1.03693
1.03691
1.03691
1.03691
1.0369
1.0369
1.0369
1.0369
1.0369
1.0369
1.0369
1.0369
1.0369
1.03691
1.0369
1.03691
1.0369
1.0369
1.0369
1.0369
1.0369
1.0369
1.0369
1.0369
1.0369
1.0369
1.0369
1.0369
1.0369
1.0369
1.03689
1.03689
1.03689
1.03689
1.03689
1.03689
1.03689
1.03689
1.03689
1.03689
1.03689
1.0369
1.0369
1.03691
1.03691
1.03692
1.03692
1.03693
1.03692
1.03692
1.03691
1.0369
1.0369
1.03689
1.03689
1.03688
1.03688
1.03687
1.03688
1.03687
1.03688
1.03688
1.03688
1.03688
1.03689
1.03689
1.03689
1.0369
1.03689
1.0369
1.03689
1.03689
1.03689
1.03688
1.03688
1.03688
1.03688
1.03687
1.03687
1.03687
1.03687
1.03687
1.03687
1.03687
1.03687
1.03688
1.03688
1.03688
1.03688
1.03688
1.03688
1.03688
1.03688
1.03688
1.03688
1.03688
1.03688
1.03688
1.03688
1.03688
1.03688
1.03688
1.03687
1.03687
1.03687
1.03687
1.03687
1.03687
1.03687
1.03686
1.03686
1.03686
1.03686
1.03686
1.03686
1.03686
1.03686
1.03686
1.03686
1.03686
1.03686
1.03686
1.03686
1.03686
1.03686
1.03686
1.03686
1.03686
1.03687
1.03687
1.03687
1.03688
1.03688
1.03688
1.03688
1.03688
1.03688
1.03688
1.03688
1.03687
1.03687
1.03687
1.03686
1.03686
1.03686
1.03685
1.03685
1.03685
1.03685
1.03685
1.03686
1.03686
1.03687
1.03687
1.03687
1.03688
1.03688
1.03689
1.03688
1.03689
1.03688
1.03688
1.03688
1.03688
1.03687
1.03687
1.03687
1.03686
1.03686
1.03686
1.03686
1.03686
1.03687
1.03687
1.03687
1.03688
1.03688
1.03689
1.03689
1.0369
1.0369
1.03691
1.0369
1.03691
1.0369
1.0369
1.03689
1.03689
1.03689
1.03689
1.03689
1.03688
1.03689
1.03689
1.03689
1.03689
1.03694
0.587709
0.525545
0.525153
0.52513
0.525128
0.525127
0.525127
0.525127
0.525127
0.525127
0.525127
0.525127
0.525127
0.525127
0.525127
0.525127
0.525127
0.525127
0.525127
0.525127
0.525127
0.525127
0.525126
0.525126
0.525126
0.525126
0.525125
0.525125
0.525125
0.525125
0.525125
0.525125
0.525124
0.525124
0.525123
0.525123
0.525122
0.525122
0.525121
0.525122
0.525121
0.525123
0.525122
0.525124
0.525124
0.525126
0.525127
0.525128
0.52513
0.525129
0.525131
0.525129
0.52513
0.525127
0.525127
0.525125
0.525123
0.525122
0.525119
0.525119
0.525116
0.525118
0.525116
0.525118
0.525118
0.52512
0.52512
0.525122
0.525123
0.525123
0.525124
0.525124
0.525124
0.525123
0.525123
0.525122
0.52512
0.52512
0.525118
0.525118
0.525116
0.525117
0.525115
0.525117
0.525115
0.525117
0.525116
0.525118
0.525118
0.525119
0.525119
0.52512
0.525119
0.52512
0.52512
0.52512
0.52512
0.52512
0.525119
0.52512
0.525119
0.525119
0.525118
0.525119
0.525117
0.525118
0.525116
0.525117
0.525115
0.525116
0.525114
0.525115
0.525113
0.525114
0.525112
0.525114
0.525112
0.525113
0.525112
0.525113
0.525112
0.525113
0.525111
0.525113
0.525111
0.525113
0.525112
0.525114
0.525112
0.525115
0.525114
0.525116
0.525116
0.525118
0.525118
0.525119
0.525119
0.52512
0.52512
0.52512
0.525119
0.525119
0.525118
0.525117
0.525115
0.525115
0.525112
0.525113
0.52511
0.525112
0.525109
0.525112
0.52511
0.525113
0.525112
0.525115
0.525116
0.525118
0.525119
0.52512
0.525121
0.525122
0.525122
0.525122
0.525121
0.52512
0.525119
0.525118
0.525116
0.525116
0.525113
0.525115
0.525112
0.525115
0.525113
0.525116
0.525116
0.525118
0.525119
0.525121
0.525123
0.525124
0.525126
0.525126
0.525128
0.525127
0.525128
0.525126
0.525126
0.525125
0.525124
0.525124
0.525122
0.525123
0.525122
0.525123
0.525122
0.525124
0.525124
0.525169
0.381309
0.300052
0.299666
0.299631
0.299626
0.299625
0.299625
0.299625
0.299625
0.299625
0.299625
0.299625
0.299625
0.299625
0.299625
0.299625
0.299625
0.299625
0.299625
0.299625
0.299625
0.299625
0.299625
0.299625
0.299625
0.299625
0.299625
0.299625
0.299625
0.299625
0.299625
0.299625
0.299625
0.299625
0.299625
0.299625
0.299625
0.299625
0.299625
0.299625
0.299625
0.299625
0.299625
0.299625
0.299625
0.299625
0.299625
0.299625
0.299625
0.299625
0.299625
0.299625
0.299625
0.299625
0.299625
0.299625
0.299625
0.299625
0.299625
0.299625
0.299625
0.299625
0.299625
0.299625
0.299625
0.299625
0.299625
0.299625
0.299625
0.299625
0.299625
0.299625
0.299625
0.299625
0.299625
0.299625
0.299625
0.299625
0.299625
0.299625
0.299625
0.299625
0.299625
0.299625
0.299625
0.299625
0.299625
0.299625
0.299625
0.299625
0.299625
0.299625
0.299624
0.299625
0.299624
0.299625
0.299624
0.299624
0.299624
0.299624
0.299624
0.299624
0.299624
0.299624
0.299624
0.299624
0.299624
0.299624
0.299624
0.299624
0.299624
0.299624
0.299624
0.299624
0.299624
0.299624
0.299624
0.299624
0.299624
0.299624
0.299624
0.299624
0.299624
0.299624
0.299624
0.299624
0.299624
0.299624
0.299624
0.299624
0.299624
0.299624
0.299623
0.299624
0.299623
0.299623
0.299623
0.299623
0.299623
0.299623
0.299623
0.299623
0.299623
0.299623
0.299623
0.299623
0.299623
0.299623
0.299623
0.299623
0.299623
0.299623
0.299623
0.299623
0.299623
0.299623
0.299623
0.299623
0.299623
0.299623
0.299623
0.299623
0.299623
0.299623
0.299623
0.299623
0.299623
0.299623
0.299623
0.299623
0.299623
0.299623
0.299623
0.299623
0.299622
0.299623
0.299622
0.299622
0.299622
0.299622
0.299622
0.299622
0.299622
0.299622
0.299622
0.299622
0.299622
0.299622
0.299622
0.299622
0.299622
0.299622
0.299622
0.299622
0.299622
0.299622
0.299622
0.299622
0.299619
0.299616
0.417597
0.30043
0.299615
0.299529
0.299517
0.299516
0.299515
0.299515
0.299515
0.299515
0.299515
0.299515
0.299515
0.299515
0.299515
0.299515
0.299515
0.299515
0.299515
0.299515
0.299515
0.299515
0.299515
0.299515
0.299515
0.299515
0.299515
0.299515
0.299515
0.299515
0.299515
0.299515
0.299515
0.299515
0.299515
0.299515
0.299515
0.299515
0.299515
0.299515
0.299515
0.299515
0.299515
0.299515
0.299515
0.299515
0.299515
0.299515
0.299515
0.299515
0.299515
0.299515
0.299515
0.299515
0.299515
0.299515
0.299515
0.299515
0.299515
0.299515
0.299515
0.299515
0.299515
0.299515
0.299515
0.299514
0.299515
0.299514
0.299514
0.299514
0.299514
0.299514
0.299514
0.299514
0.299514
0.299514
0.299514
0.299514
0.299514
0.299514
0.299514
0.299514
0.299514
0.299514
0.299514
0.299514
0.299514
0.299514
0.299514
0.299513
0.299514
0.299513
0.299513
0.299513
0.299513
0.299513
0.299513
0.299513
0.299513
0.299513
0.299513
0.299513
0.299513
0.299513
0.299513
0.299513
0.299513
0.299513
0.299513
0.299512
0.299513
0.299512
0.299513
0.299512
0.299512
0.299512
0.299512
0.299512
0.299512
0.299512
0.299512
0.299512
0.299512
0.299511
0.299512
0.299511
0.299512
0.299511
0.299511
0.299511
0.299511
0.299511
0.299511
0.299511
0.299511
0.29951
0.299511
0.29951
0.29951
0.29951
0.29951
0.29951
0.29951
0.29951
0.29951
0.29951
0.29951
0.29951
0.29951
0.29951
0.29951
0.29951
0.29951
0.299509
0.29951
0.299509
0.299509
0.299509
0.299509
0.299509
0.299509
0.299509
0.299509
0.299509
0.299509
0.299509
0.299509
0.299509
0.299509
0.299508
0.299509
0.299508
0.299509
0.299508
0.299508
0.299508
0.299508
0.299508
0.299508
0.299508
0.299508
0.299508
0.299508
0.299508
0.299508
0.299508
0.299508
0.299508
0.299508
0.299508
0.299508
0.299508
0.299508
0.299508
0.299508
0.299508
0.299507
0.299506
0.2995
0.299492
0.475886
0.301314
0.299701
0.299499
0.299473
0.299468
0.299467
0.299467
0.299467
0.299467
0.299467
0.299467
0.299467
0.299467
0.299467
0.299467
0.299467
0.299467
0.299467
0.299467
0.299467
0.299467
0.299467
0.299467
0.299467
0.299467
0.299467
0.299467
0.299467
0.299467
0.299467
0.299467
0.299467
0.299467
0.299467
0.299467
0.299466
0.299467
0.299466
0.299466
0.299466
0.299466
0.299466
0.299466
0.299466
0.299466
0.299466
0.299466
0.299466
0.299466
0.299466
0.299466
0.299466
0.299466
0.299466
0.299466
0.299466
0.299466
0.299466
0.299466
0.299466
0.299466
0.299466
0.299466
0.299465
0.299466
0.299465
0.299465
0.299465
0.299465
0.299465
0.299465
0.299465
0.299465
0.299464
0.299465
0.299464
0.299465
0.299464
0.299464
0.299464
0.299464
0.299464
0.299464
0.299463
0.299464
0.299463
0.299463
0.299463
0.299463
0.299463
0.299463
0.299462
0.299463
0.299462
0.299462
0.299462
0.299462
0.299462
0.299462
0.299462
0.299462
0.299461
0.299462
0.299461
0.299461
0.299461
0.299461
0.299461
0.299461
0.29946
0.299461
0.29946
0.29946
0.29946
0.29946
0.299459
0.29946
0.299459
0.299459
0.299458
0.299459
0.299458
0.299458
0.299458
0.299458
0.299457
0.299458
0.299457
0.299457
0.299456
0.299457
0.299456
0.299456
0.299456
0.299456
0.299456
0.299456
0.299455
0.299455
0.299455
0.299455
0.299455
0.299455
0.299455
0.299455
0.299454
0.299455
0.299454
0.299454
0.299454
0.299454
0.299453
0.299453
0.299453
0.299453
0.299452
0.299453
0.299452
0.299452
0.299452
0.299452
0.299452
0.299452
0.299451
0.299451
0.299451
0.299451
0.299451
0.299451
0.299451
0.299451
0.29945
0.299451
0.29945
0.29945
0.29945
0.29945
0.29945
0.29945
0.299449
0.299449
0.299449
0.299449
0.299449
0.299449
0.299449
0.299449
0.299449
0.299449
0.299449
0.299449
0.299449
0.299449
0.299449
0.299449
0.299448
0.299446
0.299432
0.299411
0.560698
0.303381
0.300239
0.299776
0.299713
0.299702
0.299699
0.299699
0.299699
0.299699
0.299699
0.299699
0.299699
0.299699
0.299699
0.299699
0.299699
0.299699
0.299699
0.299699
0.299699
0.299699
0.299699
0.299699
0.299699
0.299699
0.299699
0.299699
0.299699
0.299699
0.299699
0.299698
0.299698
0.299698
0.299698
0.299698
0.299698
0.299698
0.299698
0.299697
0.299698
0.299697
0.299697
0.299697
0.299697
0.299697
0.299697
0.299697
0.299697
0.299697
0.299697
0.299697
0.299697
0.299697
0.299697
0.299697
0.299697
0.299696
0.299697
0.299696
0.299696
0.299696
0.299696
0.299695
0.299695
0.299695
0.299695
0.299694
0.299694
0.299694
0.299694
0.299693
0.299694
0.299693
0.299693
0.299693
0.299693
0.299692
0.299693
0.299692
0.299692
0.299691
0.299692
0.299691
0.299691
0.29969
0.29969
0.299689
0.29969
0.299689
0.299689
0.299688
0.299688
0.299688
0.299688
0.299687
0.299687
0.299687
0.299687
0.299686
0.299686
0.299686
0.299686
0.299685
0.299685
0.299684
0.299685
0.299684
0.299684
0.299683
0.299683
0.299682
0.299683
0.299682
0.299682
0.299681
0.299681
0.29968
0.29968
0.299679
0.299679
0.299678
0.299678
0.299677
0.299677
0.299676
0.299676
0.299675
0.299675
0.299674
0.299674
0.299673
0.299673
0.299672
0.299673
0.299672
0.299672
0.299671
0.299671
0.29967
0.299671
0.29967
0.29967
0.299669
0.29967
0.299669
0.299669
0.299668
0.299668
0.299667
0.299667
0.299666
0.299666
0.299665
0.299665
0.299664
0.299664
0.299663
0.299663
0.299663
0.299663
0.299662
0.299662
0.299662
0.299662
0.299661
0.299661
0.299661
0.299661
0.29966
0.29966
0.299659
0.29966
0.299659
0.299659
0.299658
0.299658
0.299657
0.299658
0.299657
0.299657
0.299656
0.299656
0.299656
0.299656
0.299656
0.299656
0.299656
0.299656
0.299656
0.299656
0.299656
0.299656
0.299656
0.299656
0.299655
0.299654
0.299648
0.299615
0.299566
0.676412
0.307985
0.302001
0.300964
0.300816
0.30079
0.300785
0.300784
0.300784
0.300784
0.300784
0.300784
0.300784
0.300784
0.300784
0.300784
0.300784
0.300784
0.300784
0.300784
0.300784
0.300784
0.300784
0.300784
0.300784
0.300784
0.300783
0.300783
0.300783
0.300783
0.300783
0.300783
0.300782
0.300782
0.300782
0.300782
0.300781
0.300781
0.300781
0.300781
0.30078
0.30078
0.30078
0.30078
0.300779
0.300779
0.300779
0.300779
0.300779
0.300779
0.300779
0.300779
0.300779
0.300779
0.300779
0.300779
0.300778
0.300778
0.300778
0.300778
0.300777
0.300777
0.300776
0.300776
0.300774
0.300775
0.300773
0.300773
0.300772
0.300772
0.300771
0.300771
0.30077
0.300771
0.30077
0.30077
0.300769
0.300769
0.300768
0.300768
0.300766
0.300766
0.300765
0.300765
0.300763
0.300763
0.300762
0.300762
0.30076
0.30076
0.300759
0.300759
0.300757
0.300757
0.300756
0.300756
0.300755
0.300755
0.300754
0.300754
0.300752
0.300753
0.300751
0.300751
0.30075
0.30075
0.300748
0.300748
0.300747
0.300747
0.300745
0.300745
0.300743
0.300743
0.300741
0.300741
0.300739
0.300739
0.300736
0.300736
0.300734
0.300734
0.300732
0.300732
0.300729
0.300729
0.300727
0.300727
0.300725
0.300725
0.300723
0.300723
0.300721
0.300721
0.300719
0.300719
0.300718
0.300718
0.300716
0.300716
0.300715
0.300715
0.300713
0.300714
0.300712
0.300712
0.30071
0.30071
0.300708
0.300708
0.300706
0.300706
0.300704
0.300704
0.300701
0.300701
0.3007
0.3007
0.300698
0.300698
0.300696
0.300696
0.300695
0.300695
0.300694
0.300694
0.300693
0.300693
0.300691
0.300692
0.30069
0.30069
0.300688
0.300688
0.300687
0.300687
0.300685
0.300685
0.300684
0.300684
0.300683
0.300683
0.300682
0.300682
0.300682
0.300682
0.300681
0.300681
0.300681
0.300681
0.300681
0.300681
0.300681
0.300681
0.30068
0.30068
0.300677
0.300662
0.300583
0.300472
0.825895
0.317768
0.306792
0.304564
0.304228
0.304167
0.304155
0.304153
0.304152
0.304152
0.304152
0.304152
0.304152
0.304152
0.304152
0.304152
0.304152
0.304152
0.304152
0.304152
0.304152
0.304152
0.304152
0.304152
0.304151
0.304151
0.304151
0.304151
0.304151
0.30415
0.30415
0.304149
0.304149
0.304148
0.304148
0.304146
0.304146
0.304145
0.304145
0.304144
0.304143
0.304142
0.304142
0.304141
0.304141
0.30414
0.30414
0.30414
0.30414
0.30414
0.304139
0.30414
0.30414
0.30414
0.30414
0.304139
0.304139
0.304137
0.304137
0.304135
0.304135
0.304133
0.304133
0.304131
0.30413
0.304128
0.304127
0.304125
0.304125
0.304123
0.304123
0.304121
0.304121
0.304119
0.304118
0.304117
0.304116
0.304114
0.304114
0.304111
0.304111
0.304108
0.304107
0.304104
0.304104
0.304101
0.3041
0.304097
0.304097
0.304094
0.304093
0.30409
0.30409
0.304087
0.304087
0.304084
0.304084
0.304081
0.304081
0.304078
0.304078
0.304075
0.304075
0.304072
0.304072
0.304069
0.304068
0.304065
0.304064
0.304061
0.30406
0.304056
0.304055
0.304051
0.30405
0.304046
0.304045
0.304041
0.30404
0.304035
0.304035
0.30403
0.304029
0.304024
0.304024
0.304019
0.304018
0.304014
0.304013
0.304009
0.304008
0.304004
0.304004
0.304
0.304
0.303997
0.303996
0.303993
0.303993
0.30399
0.303989
0.303986
0.303986
0.303982
0.303982
0.303978
0.303977
0.303973
0.303973
0.303968
0.303967
0.303963
0.303962
0.303958
0.303957
0.303954
0.303953
0.30395
0.303949
0.303946
0.303945
0.303943
0.303942
0.30394
0.303939
0.303937
0.303937
0.303934
0.303933
0.30393
0.30393
0.303927
0.303926
0.303923
0.303922
0.303919
0.303919
0.303916
0.303916
0.303914
0.303913
0.303912
0.303911
0.30391
0.30391
0.30391
0.303909
0.303909
0.303909
0.303908
0.303908
0.303908
0.303908
0.303907
0.303907
0.303905
0.303899
0.303865
0.303675
0.303426
1.00841
0.337302
0.318561
0.314086
0.313348
0.313213
0.313186
0.31318
0.313179
0.313178
0.313178
0.313178
0.313178
0.313178
0.313178
0.313178
0.313178
0.313178
0.313178
0.313178
0.313178
0.313178
0.313177
0.313177
0.313176
0.313176
0.313175
0.313175
0.313174
0.313173
0.313172
0.313171
0.313169
0.313168
0.313166
0.313165
0.313163
0.313162
0.313159
0.313158
0.313156
0.313155
0.313153
0.313153
0.313151
0.313151
0.313151
0.31315
0.313149
0.313149
0.313149
0.313149
0.313149
0.313149
0.313148
0.313147
0.313145
0.313144
0.313141
0.31314
0.313135
0.313134
0.313129
0.313128
0.313123
0.313122
0.313118
0.313116
0.313112
0.313111
0.313107
0.313106
0.313102
0.313101
0.313097
0.313096
0.313091
0.31309
0.313085
0.313083
0.313077
0.313075
0.313069
0.313067
0.313061
0.313059
0.313052
0.31305
0.313044
0.313042
0.313036
0.313035
0.313029
0.313027
0.313022
0.31302
0.313015
0.313013
0.313008
0.313007
0.313001
0.312999
0.312994
0.312992
0.312986
0.312984
0.312977
0.312975
0.312967
0.312965
0.312957
0.312954
0.312946
0.312943
0.312934
0.312931
0.312922
0.312919
0.312909
0.312906
0.312896
0.312893
0.312884
0.31288
0.312871
0.312868
0.312859
0.312856
0.312847
0.312844
0.312836
0.312834
0.312826
0.312824
0.312818
0.312815
0.312809
0.312807
0.312801
0.312799
0.312793
0.312791
0.312784
0.312782
0.312774
0.312772
0.312763
0.312761
0.312752
0.312749
0.31274
0.312737
0.312728
0.312725
0.312717
0.312715
0.312708
0.312705
0.312699
0.312697
0.312692
0.31269
0.312685
0.312683
0.312678
0.312676
0.312671
0.312669
0.312663
0.31266
0.312654
0.312652
0.312645
0.312643
0.312637
0.312635
0.312629
0.312627
0.312623
0.312621
0.312618
0.312617
0.312615
0.312614
0.312612
0.312612
0.312611
0.31261
0.312609
0.312609
0.312608
0.312607
0.312606
0.312606
0.312604
0.312601
0.312587
0.312512
0.312064
0.31153
1.22119
0.373078
0.34513
0.337177
0.33566
0.335373
0.335314
0.335301
0.335298
0.335298
0.335297
0.335297
0.335297
0.335297
0.335297
0.335297
0.335297
0.335297
0.335297
0.335296
0.335296
0.335295
0.335295
0.335294
0.335293
0.335292
0.33529
0.335288
0.335287
0.335284
0.335282
0.335279
0.335277
0.335272
0.33527
0.335265
0.335262
0.335257
0.335254
0.335249
0.335246
0.335242
0.33524
0.335238
0.335236
0.335235
0.335234
0.335233
0.335231
0.335231
0.33523
0.335231
0.33523
0.33523
0.335229
0.335224
0.335222
0.335215
0.335211
0.335204
0.335199
0.335191
0.335185
0.335177
0.335172
0.335163
0.335159
0.335151
0.335147
0.33514
0.335136
0.335128
0.335125
0.335117
0.335113
0.335104
0.335099
0.335089
0.335084
0.335073
0.335067
0.335055
0.335048
0.335036
0.335029
0.335017
0.33501
0.334998
0.334992
0.33498
0.334974
0.334963
0.334957
0.334947
0.334941
0.334931
0.334926
0.334916
0.33491
0.3349
0.334894
0.334883
0.334877
0.334865
0.334858
0.334845
0.334838
0.334824
0.334816
0.334801
0.334793
0.334776
0.334767
0.33475
0.334741
0.334723
0.334713
0.334694
0.334684
0.334665
0.334655
0.334636
0.334626
0.334607
0.334597
0.334578
0.334569
0.334551
0.334542
0.334526
0.334518
0.334503
0.334495
0.334482
0.334475
0.334463
0.334457
0.334445
0.334438
0.334426
0.33442
0.334406
0.334399
0.334384
0.334376
0.33436
0.334351
0.334334
0.334325
0.334307
0.334297
0.33428
0.334271
0.334255
0.334246
0.334232
0.334225
0.334212
0.334205
0.334194
0.334189
0.334178
0.334173
0.334162
0.334157
0.334146
0.33414
0.334128
0.334122
0.334109
0.334102
0.334089
0.334082
0.334069
0.334062
0.334051
0.334045
0.334036
0.334031
0.334024
0.334021
0.334015
0.334013
0.33401
0.334008
0.334006
0.334004
0.334002
0.334001
0.333999
0.333997
0.333995
0.333993
0.333991
0.333988
0.333981
0.333952
0.333791
0.332754
0.331708
1.46353
0.431739
0.39944
0.388634
0.385899
0.385342
0.385223
0.385196
0.38519
0.385189
0.385188
0.385188
0.385188
0.385188
0.385188
0.385188
0.385187
0.385187
0.385187
0.385186
0.385185
0.385184
0.385182
0.38518
0.385177
0.385175
0.385171
0.385168
0.385162
0.385159
0.385152
0.385147
0.385138
0.385133
0.385123
0.385116
0.385105
0.385098
0.385087
0.385082
0.385072
0.385068
0.38506
0.385058
0.385053
0.385052
0.385051
0.385048
0.385044
0.385043
0.385041
0.385042
0.385041
0.385041
0.385035
0.385028
0.385017
0.385008
0.384992
0.384982
0.384963
0.384953
0.384933
0.384924
0.384904
0.384895
0.384877
0.384869
0.384853
0.384844
0.384829
0.38482
0.384805
0.384794
0.384777
0.384765
0.384746
0.384733
0.38471
0.384697
0.384672
0.384657
0.384631
0.384616
0.384589
0.384575
0.384549
0.384534
0.384509
0.384496
0.384472
0.384458
0.384436
0.384423
0.384401
0.384389
0.384367
0.384355
0.384333
0.38432
0.384297
0.384283
0.384259
0.384244
0.384217
0.384201
0.384172
0.384154
0.384123
0.384104
0.38407
0.38405
0.384014
0.383993
0.383955
0.383933
0.383893
0.383871
0.38383
0.383807
0.383766
0.383743
0.383703
0.38368
0.38364
0.383618
0.38358
0.383559
0.383524
0.383505
0.383472
0.383455
0.383425
0.38341
0.383383
0.383368
0.383343
0.383328
0.383303
0.383288
0.383262
0.383245
0.383215
0.383197
0.383164
0.383143
0.383108
0.383086
0.383048
0.383027
0.382988
0.382968
0.382931
0.382913
0.38288
0.382864
0.382835
0.382821
0.382796
0.382783
0.382761
0.382748
0.382727
0.382714
0.382692
0.382678
0.382654
0.382638
0.382612
0.382596
0.382568
0.382552
0.382523
0.382509
0.382482
0.38247
0.382447
0.382437
0.38242
0.382412
0.3824
0.382394
0.382386
0.382382
0.382377
0.382373
0.382369
0.382365
0.382361
0.382358
0.382352
0.382349
0.382343
0.38234
0.382332
0.382321
0.382265
0.381943
0.379606
0.377895
1.74195
0.517041
0.495865
0.491236
0.487659
0.486766
0.486559
0.486511
0.486499
0.486496
0.486494
0.486494
0.486494
0.486494
0.486494
0.486494
0.486493
0.486492
0.486492
0.48649
0.486488
0.486485
0.486482
0.486477
0.486472
0.486465
0.486459
0.48645
0.486441
0.48643
0.486419
0.486404
0.486392
0.486374
0.48636
0.486339
0.486324
0.486303
0.486288
0.48627
0.486256
0.486243
0.486233
0.486226
0.486221
0.486218
0.486217
0.486212
0.486203
0.486201
0.486196
0.486199
0.486197
0.486195
0.486184
0.486164
0.486145
0.486118
0.486094
0.486062
0.486034
0.486002
0.485973
0.485941
0.485915
0.485885
0.485862
0.485834
0.485814
0.485786
0.485767
0.485738
0.485717
0.485685
0.485661
0.485625
0.485596
0.485556
0.485523
0.48548
0.485444
0.485399
0.485361
0.485315
0.485278
0.485231
0.485196
0.485151
0.485117
0.485074
0.485042
0.485
0.48497
0.48493
0.484901
0.484861
0.484832
0.484792
0.484762
0.484721
0.484689
0.484646
0.484611
0.484564
0.484527
0.484475
0.484435
0.484379
0.484335
0.484275
0.484227
0.484163
0.484113
0.484046
0.483993
0.483923
0.483869
0.483797
0.483741
0.483668
0.483613
0.483539
0.483484
0.483411
0.483358
0.483288
0.483237
0.483171
0.483124
0.483064
0.48302
0.482966
0.482927
0.482877
0.482842
0.482796
0.482762
0.482716
0.482682
0.482634
0.482597
0.482544
0.482503
0.482444
0.482397
0.482333
0.482282
0.482214
0.482161
0.482093
0.48204
0.481975
0.481926
0.481867
0.481824
0.481772
0.481735
0.481689
0.481658
0.481616
0.481588
0.481548
0.48152
0.481479
0.481449
0.481404
0.48137
0.481321
0.481283
0.481233
0.481193
0.481143
0.481103
0.481057
0.481021
0.480981
0.480952
0.48092
0.480898
0.480874
0.48086
0.480843
0.480834
0.480822
0.480816
0.480805
0.4808
0.48079
0.480784
0.480773
0.480765
0.480755
0.480746
0.480736
0.480725
0.480704
0.480617
0.480042
0.475048
0.473278
2.07561
0.62963
0.635299
0.664803
0.664768
0.663956
0.663699
0.663629
0.663612
0.663606
0.663603
0.663603
0.663602
0.663603
0.663602
0.663602
0.663601
0.6636
0.663598
0.663595
0.663591
0.663586
0.663578
0.66357
0.663558
0.663548
0.663533
0.663519
0.6635
0.663482
0.663458
0.663436
0.663407
0.66338
0.663347
0.663317
0.66328
0.663252
0.663216
0.663192
0.663161
0.663144
0.663123
0.663116
0.663105
0.663105
0.663104
0.663097
0.66308
0.663076
0.663067
0.663072
0.66307
0.663063
0.663037
0.663003
0.66296
0.662917
0.66286
0.662813
0.662748
0.662702
0.662637
0.662593
0.662534
0.662494
0.662442
0.662405
0.662358
0.662321
0.662275
0.662235
0.662186
0.662139
0.662082
0.662029
0.661962
0.661903
0.661826
0.661763
0.66168
0.661615
0.661528
0.661463
0.661378
0.661314
0.661232
0.66117
0.661092
0.661033
0.66096
0.660903
0.660833
0.660778
0.660709
0.660654
0.660585
0.66053
0.660459
0.660401
0.660326
0.660264
0.660184
0.660116
0.660029
0.659955
0.65986
0.65978
0.659676
0.659591
0.659479
0.659389
0.659271
0.659176
0.659052
0.658954
0.658827
0.658726
0.658597
0.658495
0.658365
0.658263
0.658134
0.658034
0.657908
0.657813
0.657693
0.657605
0.657493
0.657413
0.657312
0.657239
0.657148
0.657083
0.657
0.656938
0.656859
0.656795
0.656715
0.656647
0.65656
0.656484
0.656386
0.6563
0.656191
0.656098
0.655978
0.655882
0.655757
0.655662
0.655539
0.655451
0.655337
0.655259
0.655158
0.655091
0.655005
0.654946
0.654872
0.654818
0.654752
0.654697
0.654631
0.654573
0.654501
0.654436
0.654356
0.654285
0.654196
0.654123
0.65403
0.653959
0.653868
0.653805
0.653723
0.653671
0.653604
0.653565
0.653516
0.653488
0.653455
0.653436
0.653416
0.653401
0.653387
0.653373
0.65336
0.653345
0.65333
0.653313
0.653294
0.653279
0.653258
0.653244
0.653223
0.653203
0.653092
0.652258
0.642513
0.643606
2.49991
0.773579
0.787609
0.894967
0.912464
0.913713
0.913698
0.913653
0.913636
0.91363
0.913626
0.913625
0.913623
0.913624
0.913623
0.913623
0.913622
0.91362
0.913618
0.913612
0.913606
0.913596
0.913584
0.91357
0.913553
0.913534
0.913511
0.913488
0.913459
0.913429
0.913394
0.913356
0.913314
0.913268
0.913219
0.913169
0.913117
0.913068
0.913018
0.912977
0.912935
0.912907
0.91288
0.912867
0.912856
0.912856
0.912858
0.912852
0.912829
0.91282
0.912808
0.912813
0.91281
0.912791
0.91275
0.912693
0.912625
0.912551
0.912465
0.912384
0.912291
0.912209
0.912117
0.912043
0.911961
0.911893
0.911823
0.911761
0.911697
0.911634
0.911572
0.911504
0.911434
0.911356
0.911273
0.911183
0.911085
0.910984
0.910873
0.910765
0.910645
0.910534
0.910411
0.910299
0.910179
0.910071
0.909956
0.909852
0.909744
0.909645
0.909542
0.909447
0.90935
0.909258
0.909161
0.909069
0.908972
0.908878
0.908777
0.908679
0.908572
0.908467
0.908351
0.908237
0.908111
0.907986
0.907848
0.907713
0.907564
0.907418
0.907259
0.907104
0.906935
0.906774
0.906599
0.906432
0.906251
0.90608
0.905897
0.905724
0.90554
0.905368
0.905187
0.905018
0.904842
0.904681
0.904514
0.904364
0.90421
0.904075
0.903935
0.903813
0.903688
0.903578
0.903464
0.903359
0.903249
0.903143
0.90303
0.902914
0.90279
0.90266
0.902519
0.902373
0.902214
0.902056
0.901884
0.901719
0.901542
0.90138
0.901207
0.901056
0.900899
0.900765
0.900628
0.900514
0.900398
0.900299
0.900201
0.90011
0.900019
0.899928
0.899836
0.899737
0.899634
0.899525
0.899408
0.899288
0.899159
0.899035
0.898901
0.898781
0.898653
0.898545
0.898432
0.898344
0.898255
0.898188
0.898126
0.89808
0.89804
0.898009
0.897985
0.897962
0.897944
0.897923
0.897905
0.897881
0.897858
0.897831
0.897802
0.897775
0.897745
0.897723
0.897699
0.897692
0.897602
0.896807
0.880306
0.890895
3.0511
0.963819
0.905619
1.10964
1.16407
1.17121
1.17211
1.17221
1.17222
1.17221
1.17221
1.17221
1.17221
1.17221
1.17221
1.17221
1.1722
1.1722
1.1722
1.17219
1.17218
1.17217
1.17215
1.17214
1.17212
1.17209
1.17206
1.17203
1.172
1.17195
1.17191
1.17186
1.17181
1.17175
1.17169
1.17162
1.17156
1.17149
1.17144
1.17138
1.17133
1.17129
1.17126
1.17124
1.17123
1.17123
1.17123
1.17123
1.17121
1.1712
1.17118
1.17119
1.17118
1.17115
1.1711
1.17102
1.17094
1.17084
1.17074
1.17062
1.17052
1.1704
1.1703
1.17019
1.1701
1.17
1.16992
1.16983
1.16976
1.16967
1.1696
1.16951
1.16943
1.16932
1.16922
1.1691
1.16899
1.16884
1.16872
1.16856
1.16843
1.16827
1.16813
1.16797
1.16784
1.16768
1.16756
1.16741
1.16729
1.16715
1.16703
1.1669
1.16679
1.16666
1.16655
1.16642
1.16631
1.16618
1.16606
1.16592
1.1658
1.16565
1.16552
1.16536
1.16522
1.16504
1.16488
1.16469
1.16452
1.16432
1.16414
1.16392
1.16373
1.1635
1.1633
1.16306
1.16286
1.16262
1.16241
1.16216
1.16196
1.16171
1.16151
1.16127
1.16107
1.16085
1.16066
1.16045
1.16028
1.16008
1.15993
1.15975
1.15962
1.15946
1.15933
1.15918
1.15906
1.15891
1.15878
1.15862
1.15847
1.15829
1.15813
1.15793
1.15774
1.15752
1.15733
1.15709
1.15689
1.15666
1.15647
1.15625
1.15608
1.15589
1.15574
1.15557
1.15544
1.1553
1.15519
1.15506
1.15496
1.15484
1.15473
1.15459
1.15448
1.15432
1.15419
1.15402
1.15388
1.1537
1.15355
1.15338
1.15323
1.15308
1.15296
1.15283
1.15273
1.15263
1.15257
1.1525
1.15246
1.15241
1.15239
1.15236
1.15234
1.15231
1.15229
1.15226
1.15223
1.1522
1.15216
1.15213
1.15209
1.15206
1.15204
1.15208
1.15211
1.15208
1.12891
1.15831
3.6839
1.21253
0.971501
1.22606
1.31602
1.33055
1.33279
1.33314
1.33319
1.3332
1.3332
1.3332
1.33319
1.33319
1.33319
1.33319
1.33319
1.33319
1.33318
1.33318
1.33317
1.33316
1.33314
1.33312
1.3331
1.33308
1.33304
1.33302
1.33297
1.33294
1.33289
1.33284
1.33278
1.33273
1.33266
1.3326
1.33252
1.33247
1.3324
1.33235
1.33229
1.33225
1.33221
1.3322
1.33218
1.33217
1.33217
1.33217
1.33215
1.33214
1.33213
1.33213
1.33211
1.33208
1.33202
1.33196
1.33186
1.33178
1.33166
1.33157
1.33143
1.33134
1.3312
1.33111
1.33099
1.33091
1.33079
1.33072
1.33062
1.33055
1.33045
1.33037
1.33026
1.33018
1.33005
1.32995
1.32981
1.32969
1.32953
1.32941
1.32923
1.3291
1.32892
1.32879
1.32861
1.32849
1.32831
1.32819
1.32802
1.32791
1.32775
1.32765
1.32749
1.32739
1.32724
1.32714
1.32699
1.32688
1.32673
1.32662
1.32646
1.32634
1.32616
1.32603
1.32584
1.3257
1.32549
1.32534
1.32511
1.32495
1.3247
1.32453
1.32427
1.32409
1.32382
1.32364
1.32336
1.32317
1.32289
1.32269
1.32241
1.32222
1.32194
1.32175
1.32148
1.3213
1.32104
1.32088
1.32064
1.32048
1.32027
1.32013
1.31993
1.31981
1.31963
1.31951
1.31934
1.31922
1.31904
1.31891
1.31872
1.31858
1.31836
1.3182
1.31796
1.31778
1.31752
1.31734
1.31707
1.31689
1.31663
1.31646
1.31621
1.31606
1.31585
1.31572
1.31553
1.31542
1.31526
1.31516
1.31501
1.31491
1.31476
1.31466
1.3145
1.31438
1.3142
1.31407
1.31388
1.31374
1.31354
1.3134
1.31321
1.31308
1.31291
1.31281
1.31267
1.3126
1.31249
1.31244
1.31237
1.31234
1.31229
1.31227
1.31223
1.31221
1.31218
1.31216
1.31212
1.3121
1.31206
1.31203
1.31199
1.31196
1.31195
1.31202
1.31228
1.31383
1.28744
1.34353
4.19495
1.49213
0.94288
1.12111
1.20272
1.21888
1.22168
1.22219
1.22228
1.2223
1.22231
1.22231
1.22231
1.2223
1.2223
1.2223
1.2223
1.2223
1.2223
1.22229
1.22229
1.22227
1.22227
1.22225
1.22224
1.22221
1.2222
1.22216
1.22214
1.2221
1.22207
1.22202
1.22199
1.22193
1.2219
1.22183
1.22179
1.22173
1.22169
1.22163
1.2216
1.22155
1.22153
1.2215
1.22148
1.22147
1.22147
1.22146
1.22145
1.22144
1.22144
1.22143
1.22142
1.22139
1.22136
1.2213
1.22125
1.22116
1.2211
1.221
1.22093
1.22081
1.22074
1.22063
1.22056
1.22046
1.2204
1.2203
1.22024
1.22015
1.22009
1.22
1.21994
1.21984
1.21977
1.21966
1.21958
1.21946
1.21937
1.21923
1.21913
1.21898
1.21888
1.21873
1.21863
1.21847
1.21838
1.21823
1.21814
1.21799
1.21791
1.21777
1.21769
1.21756
1.21748
1.21735
1.21727
1.21714
1.21706
1.21692
1.21684
1.21669
1.2166
1.21645
1.21635
1.21618
1.21607
1.21588
1.21576
1.21557
1.21544
1.21523
1.21509
1.21487
1.21473
1.2145
1.21435
1.21411
1.21396
1.21372
1.21357
1.21333
1.21319
1.21295
1.2128
1.21257
1.21244
1.21222
1.2121
1.2119
1.21178
1.2116
1.21149
1.21133
1.21123
1.21107
1.21098
1.21083
1.21074
1.21058
1.21048
1.2103
1.21019
1.21
1.20988
1.20967
1.20953
1.20931
1.20917
1.20894
1.20881
1.20859
1.20846
1.20826
1.20814
1.20796
1.20786
1.20771
1.20762
1.20748
1.2074
1.20727
1.20719
1.20706
1.20698
1.20684
1.20674
1.20659
1.20649
1.20632
1.20622
1.20605
1.20595
1.20579
1.2057
1.20556
1.20549
1.20537
1.20532
1.20523
1.20519
1.20513
1.20511
1.20507
1.20505
1.20502
1.20501
1.20498
1.20496
1.20493
1.20491
1.20488
1.20486
1.20483
1.20483
1.20491
1.20533
1.20812
1.18631
1.25935
4.1622
1.67988
0.689026
0.59561
0.607827
0.616286
0.618255
0.618726
0.61884
0.618868
0.618875
0.618877
0.618877
0.618877
0.618876
0.618876
0.618876
0.618875
0.618874
0.618872
0.61887
0.618868
0.618864
0.61886
0.618855
0.618849
0.618842
0.618833
0.618824
0.618813
0.6188
0.618787
0.618772
0.618756
0.618739
0.61872
0.618702
0.618683
0.618664
0.618646
0.618629
0.618614
0.6186
0.618589
0.61858
0.618573
0.618568
0.618565
0.618563
0.61856
0.618559
0.618555
0.618551
0.618544
0.618533
0.618518
0.6185
0.618478
0.618453
0.618424
0.618394
0.618361
0.618328
0.618293
0.61826
0.618227
0.618195
0.618164
0.618134
0.618105
0.618077
0.618049
0.618022
0.617992
0.617962
0.61793
0.617896
0.61786
0.617822
0.617781
0.617738
0.617694
0.617649
0.617602
0.617555
0.617508
0.617462
0.617415
0.617371
0.617326
0.617284
0.617241
0.617201
0.617161
0.617122
0.617083
0.617044
0.617005
0.616967
0.616926
0.616886
0.616844
0.616801
0.616755
0.616709
0.61666
0.616609
0.616556
0.616501
0.616443
0.616384
0.616322
0.616259
0.616193
0.616127
0.616058
0.61599
0.615918
0.615848
0.615775
0.615704
0.615631
0.61556
0.615488
0.615418
0.615348
0.615281
0.615215
0.615152
0.61509
0.615031
0.614974
0.614921
0.614869
0.61482
0.614771
0.614725
0.614679
0.614633
0.614586
0.614539
0.614489
0.614438
0.614382
0.614326
0.614266
0.614204
0.614139
0.614074
0.614007
0.613941
0.613874
0.61381
0.613747
0.613688
0.613631
0.613579
0.613529
0.613482
0.613438
0.613397
0.613357
0.613318
0.613278
0.613239
0.613198
0.613157
0.613112
0.613067
0.613019
0.612971
0.612921
0.612873
0.612824
0.612778
0.612734
0.612694
0.612656
0.612623
0.612594
0.61257
0.612549
0.612532
0.612518
0.612506
0.612496
0.612488
0.61248
0.612472
0.612464
0.612455
0.612447
0.612439
0.612433
0.612436
0.612478
0.612722
0.614015
0.607303
0.634786
4.1622
1.67988
0.689026
0.595609
0.607827
0.616286
0.618255
0.618725
0.61884
0.618868
0.618875
0.618877
0.618877
0.618877
0.618876
0.618876
0.618875
0.618875
0.618874
0.618872
0.61887
0.618868
0.618864
0.61886
0.618855
0.618849
0.618842
0.618833
0.618823
0.618813
0.6188
0.618787
0.618772
0.618756
0.618738
0.618721
0.618702
0.618683
0.618664
0.618646
0.618629
0.618614
0.6186
0.618589
0.61858
0.618573
0.618568
0.618565
0.618563
0.618561
0.618558
0.618556
0.618551
0.618544
0.618533
0.618519
0.6185
0.618478
0.618453
0.618425
0.618394
0.618361
0.618327
0.618294
0.61826
0.618227
0.618194
0.618164
0.618134
0.618105
0.618077
0.61805
0.618021
0.617993
0.617962
0.61793
0.617896
0.61786
0.617821
0.617781
0.617738
0.617694
0.617648
0.617602
0.617555
0.617508
0.617461
0.617416
0.61737
0.617327
0.617283
0.617242
0.6172
0.617161
0.617121
0.617083
0.617044
0.617006
0.616966
0.616927
0.616886
0.616844
0.6168
0.616756
0.616708
0.61666
0.616609
0.616556
0.6165
0.616444
0.616383
0.616323
0.616258
0.616194
0.616126
0.616059
0.615989
0.615919
0.615847
0.615776
0.615703
0.615632
0.615559
0.615489
0.615418
0.615349
0.615281
0.615216
0.615151
0.61509
0.615031
0.614975
0.61492
0.614869
0.614819
0.614772
0.614725
0.614679
0.614633
0.614587
0.614538
0.614489
0.614437
0.614383
0.614325
0.614266
0.614203
0.61414
0.614073
0.614008
0.61394
0.613875
0.61381
0.613748
0.613688
0.613632
0.613578
0.613529
0.613482
0.613439
0.613397
0.613357
0.613318
0.613279
0.613239
0.613199
0.613156
0.613113
0.613066
0.61302
0.61297
0.612922
0.612872
0.612825
0.612778
0.612734
0.612693
0.612656
0.612623
0.612594
0.61257
0.612549
0.612532
0.612518
0.612506
0.612496
0.612488
0.61248
0.612472
0.612464
0.612455
0.612447
0.612439
0.612433
0.612435
0.612478
0.612722
0.614015
0.607303
0.634786
4.19495
1.49213
0.94288
1.12111
1.20272
1.21888
1.22168
1.22219
1.22228
1.2223
1.22231
1.22231
1.22231
1.2223
1.2223
1.2223
1.2223
1.2223
1.2223
1.22229
1.22228
1.22228
1.22226
1.22225
1.22223
1.22222
1.22219
1.22217
1.22214
1.22211
1.22207
1.22204
1.22198
1.22195
1.22188
1.22184
1.22178
1.22174
1.22168
1.22164
1.22159
1.22156
1.22152
1.2215
1.22148
1.22147
1.22146
1.22146
1.22145
1.22144
1.22144
1.22143
1.22142
1.22139
1.22135
1.22131
1.22123
1.22118
1.22108
1.22102
1.22091
1.22084
1.22072
1.22065
1.22054
1.22048
1.22037
1.22032
1.22022
1.22017
1.22007
1.22002
1.21992
1.21986
1.21975
1.21968
1.21956
1.21948
1.21934
1.21925
1.21911
1.21901
1.21885
1.21876
1.2186
1.2185
1.21835
1.21826
1.21811
1.21802
1.21788
1.2178
1.21767
1.21759
1.21745
1.21738
1.21725
1.21717
1.21703
1.21695
1.21681
1.21672
1.21657
1.21648
1.21631
1.21621
1.21603
1.21592
1.21573
1.2156
1.2154
1.21527
1.21505
1.21491
1.21468
1.21454
1.21431
1.21416
1.21392
1.21377
1.21353
1.21338
1.21314
1.21299
1.21276
1.21262
1.2124
1.21226
1.21206
1.21193
1.21174
1.21163
1.21146
1.21136
1.2112
1.21111
1.21095
1.21086
1.21071
1.21061
1.21044
1.21034
1.21016
1.21004
1.20984
1.20971
1.20949
1.20935
1.20913
1.20899
1.20876
1.20863
1.20842
1.2083
1.20811
1.208
1.20783
1.20774
1.20759
1.20751
1.20738
1.2073
1.20717
1.20709
1.20695
1.20686
1.20671
1.20662
1.20646
1.20635
1.20619
1.20608
1.20592
1.20582
1.20567
1.20559
1.20546
1.2054
1.2053
1.20525
1.20518
1.20515
1.2051
1.20508
1.20504
1.20503
1.205
1.20498
1.20495
1.20494
1.2049
1.20488
1.20485
1.20484
1.20483
1.20491
1.20533
1.20812
1.18631
1.25935
3.6839
1.21253
0.9715
1.22606
1.31602
1.33055
1.33279
1.33314
1.33319
1.3332
1.3332
1.3332
1.3332
1.33319
1.33319
1.33319
1.33319
1.33319
1.33318
1.33318
1.33317
1.33316
1.33314
1.33312
1.3331
1.33307
1.33305
1.33301
1.33298
1.33293
1.33289
1.33283
1.33279
1.33272
1.33267
1.33259
1.33253
1.33246
1.33241
1.33234
1.3323
1.33225
1.33222
1.33219
1.33218
1.33217
1.33217
1.33217
1.33216
1.33214
1.33213
1.33212
1.33212
1.33208
1.33203
1.33195
1.33187
1.33176
1.33168
1.33155
1.33145
1.33132
1.33122
1.33109
1.33101
1.33089
1.33081
1.33071
1.33064
1.33053
1.33046
1.33036
1.33028
1.33016
1.33007
1.32993
1.32983
1.32967
1.32955
1.32938
1.32926
1.32907
1.32895
1.32876
1.32864
1.32846
1.32834
1.32816
1.32805
1.32789
1.32778
1.32762
1.32752
1.32737
1.32726
1.32712
1.32701
1.32686
1.32675
1.32659
1.32648
1.32631
1.32619
1.326
1.32587
1.32567
1.32552
1.3253
1.32514
1.32491
1.32474
1.32449
1.32431
1.32405
1.32387
1.32359
1.3234
1.32312
1.32293
1.32265
1.32245
1.32217
1.32198
1.32171
1.32152
1.32126
1.32108
1.32084
1.32068
1.32045
1.3203
1.3201
1.31997
1.31978
1.31966
1.31948
1.31937
1.31919
1.31907
1.31888
1.31875
1.31855
1.31839
1.31817
1.31799
1.31774
1.31756
1.3173
1.31711
1.31685
1.31667
1.31642
1.31625
1.31602
1.31588
1.31568
1.31556
1.31539
1.31529
1.31513
1.31504
1.31489
1.31479
1.31463
1.31452
1.31435
1.31423
1.31404
1.3139
1.31371
1.31357
1.31337
1.31324
1.31306
1.31294
1.31279
1.3127
1.31257
1.31251
1.31242
1.31238
1.31233
1.3123
1.31226
1.31224
1.31221
1.31219
1.31216
1.31213
1.31209
1.31206
1.31202
1.31199
1.31196
1.31195
1.31203
1.31228
1.31383
1.28744
1.34353
3.05109
0.963817
0.905617
1.10964
1.16407
1.17121
1.17211
1.17221
1.17221
1.17221
1.17221
1.17221
1.17221
1.17221
1.17221
1.1722
1.1722
1.1722
1.1722
1.17219
1.17218
1.17217
1.17215
1.17214
1.17211
1.17209
1.17206
1.17203
1.17199
1.17196
1.17191
1.17186
1.1718
1.17175
1.17169
1.17163
1.17156
1.1715
1.17143
1.17138
1.17133
1.17129
1.17126
1.17125
1.17123
1.17123
1.17123
1.17123
1.17121
1.17119
1.17119
1.17118
1.17118
1.17115
1.17109
1.17102
1.17093
1.17084
1.17073
1.17063
1.17051
1.1704
1.17029
1.17019
1.17009
1.17001
1.16991
1.16984
1.16975
1.16968
1.16959
1.16952
1.16942
1.16933
1.16921
1.16911
1.16897
1.16885
1.16871
1.16858
1.16842
1.16828
1.16812
1.16798
1.16783
1.16769
1.16754
1.16742
1.16727
1.16716
1.16702
1.16691
1.16678
1.16667
1.16654
1.16643
1.1663
1.16619
1.16605
1.16594
1.16579
1.16567
1.16551
1.16537
1.1652
1.16505
1.16487
1.16471
1.16451
1.16433
1.16412
1.16393
1.16371
1.16351
1.16328
1.16308
1.16284
1.16263
1.16239
1.16218
1.16194
1.16173
1.16149
1.16129
1.16105
1.16086
1.16064
1.16046
1.16026
1.1601
1.15991
1.15977
1.1596
1.15947
1.15932
1.15919
1.15904
1.15892
1.15876
1.15863
1.15846
1.15831
1.15811
1.15794
1.15773
1.15754
1.15731
1.15711
1.15688
1.15668
1.15646
1.15627
1.15607
1.1559
1.15572
1.15558
1.15543
1.15531
1.15518
1.15508
1.15495
1.15485
1.15472
1.15461
1.15446
1.15434
1.15418
1.15403
1.15386
1.15371
1.15354
1.15339
1.15323
1.15309
1.15295
1.15284
1.15272
1.15264
1.15256
1.15251
1.15245
1.15242
1.15238
1.15236
1.15233
1.15231
1.15229
1.15226
1.15223
1.1522
1.15216
1.15213
1.15209
1.15206
1.15204
1.15208
1.1521
1.15209
1.12891
1.15831
2.49991
0.773578
0.787609
0.894966
0.912465
0.913713
0.9137
0.913652
0.913636
0.913629
0.913627
0.913624
0.913624
0.913623
0.913624
0.913623
0.913622
0.91362
0.913617
0.913613
0.913606
0.913596
0.913584
0.91357
0.913554
0.913533
0.913513
0.913487
0.91346
0.913429
0.913395
0.913356
0.913314
0.913268
0.91322
0.913169
0.913118
0.913066
0.91302
0.912973
0.912939
0.912903
0.912883
0.912864
0.912859
0.912855
0.912858
0.912848
0.912834
0.912815
0.912814
0.912807
0.912814
0.912795
0.912749
0.912693
0.912626
0.912548
0.91247
0.912379
0.912297
0.912203
0.912124
0.912036
0.911966
0.91189
0.911825
0.911759
0.911697
0.911635
0.91157
0.911505
0.911433
0.911357
0.911273
0.911182
0.911087
0.910981
0.910877
0.91076
0.91065
0.910528
0.910416
0.910294
0.910184
0.910066
0.90996
0.909849
0.909747
0.909642
0.909545
0.909445
0.909352
0.909255
0.909164
0.909067
0.908974
0.908875
0.90878
0.908676
0.908575
0.908464
0.908354
0.908234
0.908114
0.907982
0.907852
0.907709
0.907568
0.907414
0.907263
0.907099
0.906941
0.906769
0.906604
0.906426
0.906257
0.906075
0.905902
0.905719
0.905545
0.905363
0.905192
0.905013
0.904847
0.904675
0.904519
0.904359
0.904216
0.904069
0.90394
0.903808
0.903693
0.903574
0.903467
0.903356
0.903251
0.903141
0.903031
0.902913
0.902791
0.902659
0.902521
0.902371
0.902218
0.902052
0.901889
0.901713
0.901548
0.901372
0.901215
0.901049
0.900906
0.900758
0.900635
0.900509
0.900402
0.900296
0.900202
0.900109
0.900019
0.899929
0.899835
0.899738
0.899634
0.899524
0.899409
0.899286
0.899163
0.89903
0.898907
0.898774
0.898659
0.898538
0.898439
0.898338
0.89826
0.898185
0.898129
0.898078
0.89804
0.89801
0.897983
0.897964
0.897942
0.897925
0.897903
0.897883
0.897857
0.897831
0.897803
0.897773
0.897748
0.89772
0.897702
0.89769
0.897598
0.896809
0.880306
0.890895
2.07561
0.629629
0.635299
0.664802
0.664769
0.663955
0.663699
0.663629
0.663611
0.663606
0.663604
0.663602
0.663603
0.663602
0.663602
0.663602
0.663601
0.6636
0.663598
0.663595
0.663591
0.663585
0.663578
0.663569
0.66356
0.663546
0.663535
0.663517
0.663502
0.66348
0.66346
0.663434
0.663409
0.663378
0.663349
0.663314
0.663284
0.663247
0.663221
0.663187
0.663166
0.663139
0.663128
0.663111
0.663108
0.663103
0.663104
0.663094
0.663084
0.663071
0.663072
0.663067
0.663073
0.663064
0.663037
0.663002
0.662963
0.662912
0.662866
0.662805
0.662758
0.662692
0.662647
0.662584
0.662543
0.662486
0.662449
0.6624
0.662363
0.662317
0.662278
0.662232
0.662188
0.662136
0.662086
0.662024
0.661968
0.661896
0.661835
0.661754
0.66169
0.661604
0.661539
0.661453
0.661388
0.661304
0.661241
0.661161
0.661101
0.661025
0.660967
0.660895
0.66084
0.660771
0.660716
0.660647
0.660593
0.660523
0.660466
0.660394
0.660334
0.660257
0.660192
0.660108
0.660038
0.659946
0.659869
0.65977
0.659687
0.659579
0.659491
0.659376
0.659283
0.659163
0.659066
0.658941
0.658841
0.658712
0.658611
0.658481
0.658379
0.658249
0.658148
0.65802
0.657922
0.657799
0.657707
0.657591
0.657507
0.6574
0.657324
0.657228
0.657159
0.657072
0.657009
0.656929
0.656867
0.656788
0.656723
0.65664
0.656568
0.656476
0.656395
0.656291
0.656201
0.656086
0.655991
0.655868
0.655772
0.655647
0.655555
0.655436
0.655352
0.655244
0.655172
0.655078
0.655016
0.654936
0.65488
0.654811
0.654757
0.654692
0.654636
0.654568
0.654506
0.65443
0.654362
0.654277
0.654205
0.654113
0.654041
0.653947
0.65388
0.653793
0.653735
0.65366
0.653614
0.653556
0.653523
0.653482
0.653459
0.653433
0.653417
0.6534
0.653386
0.653373
0.653359
0.653346
0.65333
0.653313
0.653296
0.653276
0.653261
0.653241
0.653227
0.653199
0.653088
0.65226
0.642511
0.643606
1.74195
0.51704
0.495865
0.491235
0.48766
0.486765
0.486559
0.48651
0.486499
0.486496
0.486495
0.486494
0.486494
0.486494
0.486494
0.486494
0.486493
0.486492
0.486491
0.48649
0.486488
0.486486
0.486481
0.486477
0.486471
0.486466
0.486458
0.48645
0.48644
0.486431
0.486418
0.486406
0.48639
0.486376
0.486357
0.486342
0.486321
0.486305
0.486286
0.486271
0.486255
0.486243
0.486233
0.486225
0.486221
0.486218
0.486217
0.48621
0.486205
0.486198
0.486199
0.486196
0.486199
0.486197
0.486181
0.486167
0.486143
0.486121
0.486091
0.486065
0.486032
0.486004
0.485971
0.485944
0.485912
0.485888
0.485859
0.485838
0.48581
0.48579
0.485762
0.485743
0.485712
0.48569
0.485656
0.485629
0.485592
0.485561
0.485519
0.485484
0.48544
0.485403
0.485357
0.485319
0.485273
0.485236
0.48519
0.485156
0.485112
0.485079
0.485036
0.485006
0.484965
0.484935
0.484896
0.484866
0.484827
0.484797
0.484757
0.484726
0.484684
0.484651
0.484606
0.48457
0.484521
0.484482
0.484428
0.484386
0.484328
0.484282
0.48422
0.484171
0.484105
0.484054
0.483985
0.483931
0.48386
0.483805
0.483733
0.483677
0.483603
0.483548
0.483475
0.48342
0.483349
0.483296
0.483229
0.483179
0.483116
0.483071
0.483014
0.482972
0.482921
0.482884
0.482836
0.482802
0.482756
0.482723
0.482676
0.482641
0.48259
0.482552
0.482495
0.482452
0.48239
0.482341
0.482274
0.482222
0.482154
0.4821
0.482033
0.481982
0.48192
0.481873
0.481818
0.481778
0.481729
0.481695
0.481651
0.481622
0.481582
0.481554
0.481514
0.481485
0.481442
0.48141
0.481364
0.481327
0.481278
0.481238
0.481188
0.481147
0.481099
0.481061
0.481017
0.480985
0.480948
0.480923
0.480895
0.480877
0.480857
0.480846
0.480831
0.480825
0.480813
0.480807
0.480798
0.480792
0.480782
0.480775
0.480764
0.480755
0.480745
0.480736
0.480725
0.480703
0.480615
0.480043
0.475047
0.473278
1.46352
0.431738
0.39944
0.388634
0.385899
0.385342
0.385223
0.385196
0.38519
0.385189
0.385188
0.385188
0.385188
0.385188
0.385188
0.385188
0.385187
0.385187
0.385187
0.385186
0.385185
0.385184
0.385182
0.38518
0.385178
0.385174
0.385172
0.385167
0.385164
0.385157
0.385153
0.385145
0.38514
0.385131
0.385125
0.385114
0.385107
0.385096
0.38509
0.385079
0.385074
0.385065
0.385062
0.385056
0.385055
0.385051
0.385051
0.385047
0.385045
0.385042
0.385042
0.385041
0.385042
0.385041
0.385036
0.385027
0.385019
0.385005
0.384996
0.384978
0.384968
0.384948
0.384938
0.384918
0.384909
0.38489
0.384882
0.384865
0.384856
0.384841
0.384832
0.384817
0.384807
0.384791
0.38478
0.384762
0.38475
0.384729
0.384715
0.384691
0.384677
0.384651
0.384637
0.38461
0.384596
0.384569
0.384554
0.384529
0.384515
0.38449
0.384477
0.384454
0.384441
0.384419
0.384406
0.384384
0.384372
0.38435
0.384337
0.384315
0.384302
0.384278
0.384264
0.384238
0.384223
0.384195
0.384178
0.384148
0.38413
0.384097
0.384077
0.384042
0.384022
0.383984
0.383963
0.383924
0.383902
0.383862
0.383839
0.383798
0.383775
0.383734
0.383711
0.383671
0.383649
0.38361
0.383588
0.383551
0.383532
0.383497
0.383479
0.383448
0.383432
0.383404
0.383389
0.383363
0.383348
0.383323
0.383308
0.383283
0.383267
0.383239
0.383221
0.38319
0.383171
0.383136
0.383115
0.383078
0.383057
0.383018
0.382997
0.382959
0.38294
0.382905
0.382888
0.382857
0.382842
0.382815
0.382801
0.382778
0.382765
0.382744
0.382731
0.38271
0.382696
0.382674
0.382659
0.382633
0.382617
0.38259
0.382574
0.382545
0.38253
0.382502
0.382489
0.382464
0.382453
0.382432
0.382424
0.382409
0.382403
0.382392
0.382388
0.382381
0.382377
0.382372
0.382369
0.382365
0.382362
0.382357
0.382353
0.382348
0.382345
0.382338
0.382334
0.382319
0.382266
0.381944
0.379606
0.377894
1.22119
0.373077
0.34513
0.337177
0.335661
0.335373
0.335314
0.335301
0.335298
0.335297
0.335297
0.335297
0.335297
0.335297
0.335297
0.335297
0.335297
0.335297
0.335297
0.335297
0.335296
0.335296
0.335295
0.335294
0.335293
0.335292
0.33529
0.335289
0.335286
0.335285
0.335282
0.33528
0.335276
0.335273
0.335269
0.335266
0.335261
0.335258
0.335253
0.33525
0.335245
0.335243
0.33524
0.335238
0.335236
0.335235
0.335234
0.335233
0.335232
0.33523
0.335231
0.33523
0.335231
0.33523
0.335228
0.335226
0.33522
0.335217
0.33521
0.335206
0.335197
0.335192
0.335184
0.335179
0.33517
0.335165
0.335157
0.335153
0.335145
0.335142
0.335134
0.33513
0.335123
0.335119
0.335111
0.335106
0.335097
0.335092
0.335081
0.335075
0.335064
0.335057
0.335046
0.335039
0.335026
0.33502
0.335007
0.335001
0.334989
0.334983
0.334972
0.334966
0.334955
0.334949
0.334939
0.334934
0.334923
0.334918
0.334908
0.334902
0.334891
0.334885
0.334874
0.334868
0.334855
0.334848
0.334835
0.334827
0.334813
0.334805
0.334789
0.33478
0.334763
0.334754
0.334736
0.334727
0.334708
0.334698
0.33468
0.334669
0.33465
0.33464
0.334621
0.334611
0.334592
0.334582
0.334564
0.334555
0.334538
0.33453
0.334514
0.334506
0.334492
0.334485
0.334472
0.334466
0.334454
0.334447
0.334435
0.334429
0.334416
0.33441
0.334396
0.334388
0.334373
0.334364
0.334347
0.334338
0.334321
0.334311
0.334294
0.334284
0.334267
0.334258
0.334243
0.334235
0.334221
0.334215
0.334203
0.334197
0.334186
0.334181
0.33417
0.334165
0.334154
0.334149
0.334137
0.334131
0.334119
0.334112
0.334099
0.334092
0.334079
0.334072
0.33406
0.334054
0.334043
0.334038
0.334029
0.334026
0.334019
0.334017
0.334012
0.334011
0.334007
0.334006
0.334004
0.334003
0.334
0.333999
0.333997
0.333995
0.333993
0.333991
0.333988
0.333981
0.333952
0.333792
0.332753
0.331708
1.00841
0.337301
0.318561
0.314086
0.313348
0.313213
0.313186
0.31318
0.313179
0.313178
0.313178
0.313178
0.313178
0.313178
0.313178
0.313178
0.313178
0.313178
0.313178
0.313178
0.313178
0.313177
0.313177
0.313177
0.313177
0.313176
0.313176
0.313175
0.313174
0.313173
0.313172
0.31317
0.31317
0.313168
0.313167
0.313164
0.313164
0.313161
0.31316
0.313158
0.313157
0.313154
0.313154
0.313152
0.313152
0.313151
0.313151
0.31315
0.31315
0.313149
0.313149
0.313149
0.313149
0.313149
0.313148
0.313147
0.313146
0.313143
0.313142
0.313138
0.313137
0.313132
0.313131
0.313126
0.313125
0.31312
0.313119
0.313115
0.313114
0.31311
0.313108
0.313105
0.313103
0.3131
0.313098
0.313094
0.313093
0.313088
0.313086
0.313081
0.313079
0.313073
0.313071
0.313065
0.313063
0.313057
0.313055
0.313048
0.313046
0.31304
0.313038
0.313033
0.313031
0.313026
0.313024
0.313019
0.313017
0.313012
0.31301
0.313005
0.313003
0.312998
0.312996
0.31299
0.312988
0.312981
0.312979
0.312972
0.31297
0.312962
0.31296
0.312951
0.312949
0.31294
0.312937
0.312928
0.312925
0.312916
0.312912
0.312903
0.3129
0.31289
0.312887
0.312877
0.312874
0.312865
0.312862
0.312853
0.31285
0.312841
0.312839
0.312831
0.312829
0.312822
0.31282
0.312813
0.312811
0.312805
0.312803
0.312797
0.312795
0.312789
0.312786
0.312779
0.312777
0.312769
0.312766
0.312758
0.312755
0.312746
0.312743
0.312734
0.312731
0.312723
0.31272
0.312712
0.31271
0.312703
0.312701
0.312695
0.312693
0.312688
0.312686
0.312681
0.312679
0.312674
0.312672
0.312667
0.312665
0.312658
0.312656
0.31265
0.312647
0.312641
0.312639
0.312633
0.312631
0.312626
0.312624
0.31262
0.312619
0.312616
0.312615
0.312613
0.312613
0.312611
0.312611
0.31261
0.31261
0.312609
0.312608
0.312607
0.312607
0.312605
0.312604
0.312601
0.312587
0.312512
0.312064
0.31153
0.825895
0.317768
0.306792
0.304564
0.304228
0.304167
0.304155
0.304153
0.304152
0.304152
0.304152
0.304152
0.304152
0.304152
0.304152
0.304152
0.304152
0.304152
0.304152
0.304152
0.304152
0.304152
0.304152
0.304152
0.304151
0.304151
0.304151
0.304151
0.30415
0.30415
0.304149
0.304149
0.304148
0.304148
0.304147
0.304147
0.304146
0.304145
0.304144
0.304144
0.304143
0.304143
0.304142
0.304141
0.304141
0.304141
0.30414
0.30414
0.30414
0.30414
0.30414
0.30414
0.30414
0.30414
0.304139
0.304139
0.304138
0.304138
0.304137
0.304136
0.304134
0.304134
0.304132
0.304131
0.304129
0.304129
0.304127
0.304126
0.304124
0.304124
0.304122
0.304122
0.30412
0.30412
0.304118
0.304117
0.304115
0.304115
0.304113
0.304112
0.30411
0.304109
0.304106
0.304106
0.304103
0.304102
0.304099
0.304098
0.304095
0.304095
0.304092
0.304091
0.304089
0.304088
0.304086
0.304085
0.304083
0.304082
0.30408
0.304079
0.304077
0.304077
0.304074
0.304073
0.30407
0.30407
0.304067
0.304066
0.304063
0.304062
0.304058
0.304058
0.304054
0.304053
0.304049
0.304048
0.304044
0.304043
0.304038
0.304037
0.304033
0.304032
0.304027
0.304026
0.304022
0.304021
0.304016
0.304016
0.304011
0.304011
0.304007
0.304006
0.304002
0.304002
0.303998
0.303998
0.303995
0.303994
0.303991
0.303991
0.303988
0.303987
0.303984
0.303984
0.30398
0.30398
0.303976
0.303975
0.303971
0.30397
0.303966
0.303965
0.303961
0.30396
0.303956
0.303955
0.303951
0.303951
0.303948
0.303947
0.303944
0.303944
0.303941
0.303941
0.303938
0.303938
0.303935
0.303935
0.303932
0.303932
0.303929
0.303928
0.303925
0.303924
0.303921
0.303921
0.303918
0.303917
0.303915
0.303914
0.303913
0.303912
0.303911
0.303911
0.30391
0.30391
0.303909
0.303909
0.303909
0.303909
0.303908
0.303908
0.303907
0.303907
0.303907
0.303905
0.303899
0.303865
0.303675
0.303426
0.676408
0.307985
0.302001
0.300964
0.300816
0.30079
0.300785
0.300784
0.300784
0.300784
0.300784
0.300784
0.300784
0.300784
0.300784
0.300784
0.300784
0.300784
0.300784
0.300784
0.300784
0.300784
0.300784
0.300784
0.300784
0.300784
0.300784
0.300783
0.300783
0.300783
0.300783
0.300783
0.300783
0.300782
0.300782
0.300782
0.300782
0.300781
0.300781
0.30078
0.30078
0.30078
0.30078
0.300779
0.300779
0.300779
0.300779
0.300779
0.300779
0.300779
0.300779
0.300779
0.300779
0.300779
0.300779
0.300778
0.300778
0.300778
0.300778
0.300777
0.300777
0.300776
0.300776
0.300775
0.300775
0.300774
0.300774
0.300773
0.300773
0.300772
0.300772
0.300771
0.300771
0.30077
0.30077
0.300769
0.300769
0.300768
0.300768
0.300767
0.300767
0.300766
0.300766
0.300764
0.300764
0.300763
0.300763
0.300761
0.300761
0.30076
0.30076
0.300758
0.300758
0.300757
0.300757
0.300756
0.300756
0.300754
0.300754
0.300753
0.300753
0.300752
0.300752
0.30075
0.300751
0.300749
0.300749
0.300747
0.300748
0.300746
0.300746
0.300744
0.300744
0.300742
0.300742
0.30074
0.30074
0.300737
0.300738
0.300735
0.300735
0.300733
0.300733
0.300731
0.300731
0.300728
0.300728
0.300726
0.300726
0.300724
0.300724
0.300722
0.300722
0.30072
0.30072
0.300719
0.300719
0.300717
0.300717
0.300716
0.300716
0.300714
0.300714
0.300713
0.300713
0.300711
0.300711
0.300709
0.300709
0.300707
0.300707
0.300705
0.300705
0.300703
0.300703
0.300701
0.3007
0.300699
0.300699
0.300697
0.300697
0.300696
0.300696
0.300695
0.300695
0.300693
0.300693
0.300692
0.300692
0.300691
0.300691
0.300689
0.300689
0.300688
0.300688
0.300686
0.300686
0.300685
0.300685
0.300683
0.300683
0.300683
0.300682
0.300682
0.300682
0.300682
0.300682
0.300681
0.300681
0.300681
0.300681
0.300681
0.300681
0.300681
0.300681
0.30068
0.300677
0.300662
0.300583
0.300471
0.560694
0.303381
0.300239
0.299776
0.299713
0.299702
0.299699
0.299699
0.299699
0.299699
0.299699
0.299699
0.299699
0.299699
0.299699
0.299699
0.299699
0.299699
0.299699
0.299699
0.299699
0.299699
0.299699
0.299699
0.299699
0.299699
0.299699
0.299699
0.299699
0.299699
0.299698
0.299698
0.299698
0.299698
0.299698
0.299698
0.299698
0.299698
0.299698
0.299698
0.299697
0.299697
0.299697
0.299697
0.299697
0.299697
0.299697
0.299697
0.299697
0.299697
0.299697
0.299697
0.299697
0.299697
0.299697
0.299697
0.299697
0.299697
0.299696
0.299697
0.299696
0.299696
0.299696
0.299696
0.299695
0.299695
0.299695
0.299695
0.299694
0.299694
0.299694
0.299694
0.299693
0.299693
0.299693
0.299693
0.299693
0.299693
0.299692
0.299692
0.299692
0.299692
0.299691
0.299691
0.29969
0.299691
0.29969
0.29969
0.299689
0.299689
0.299689
0.299689
0.299688
0.299688
0.299687
0.299688
0.299687
0.299687
0.299686
0.299687
0.299686
0.299686
0.299685
0.299686
0.299685
0.299685
0.299684
0.299684
0.299683
0.299684
0.299683
0.299683
0.299682
0.299682
0.299681
0.299681
0.29968
0.299681
0.299679
0.29968
0.299678
0.299679
0.299677
0.299678
0.299676
0.299677
0.299675
0.299676
0.299674
0.299675
0.299674
0.299674
0.299673
0.299673
0.299672
0.299672
0.299671
0.299672
0.299671
0.299671
0.29967
0.29967
0.29967
0.29967
0.299669
0.299669
0.299668
0.299669
0.299667
0.299668
0.299666
0.299667
0.299666
0.299666
0.299665
0.299665
0.299664
0.299664
0.299663
0.299663
0.299662
0.299662
0.299662
0.299662
0.299661
0.299662
0.299661
0.299661
0.29966
0.299661
0.29966
0.29966
0.299659
0.299659
0.299658
0.299659
0.299658
0.299658
0.299657
0.299657
0.299657
0.299657
0.299656
0.299656
0.299656
0.299656
0.299656
0.299656
0.299656
0.299656
0.299656
0.299656
0.299656
0.299656
0.299656
0.299655
0.299654
0.299648
0.299615
0.299566
0.475886
0.301314
0.299701
0.299499
0.299473
0.299468
0.299467
0.299467
0.299467
0.299467
0.299467
0.299467
0.299467
0.299467
0.299467
0.299467
0.299467
0.299467
0.299467
0.299467
0.299467
0.299467
0.299467
0.299467
0.299467
0.299467
0.299467
0.299467
0.299467
0.299467
0.299467
0.299467
0.299467
0.299467
0.299467
0.299467
0.299467
0.299466
0.299467
0.299466
0.299466
0.299466
0.299466
0.299466
0.299466
0.299466
0.299466
0.299466
0.299466
0.299466
0.299466
0.299466
0.299466
0.299466
0.299466
0.299466
0.299466
0.299466
0.299466
0.299466
0.299466
0.299466
0.299466
0.299465
0.299466
0.299465
0.299465
0.299465
0.299465
0.299465
0.299465
0.299465
0.299465
0.299465
0.299465
0.299464
0.299465
0.299464
0.299464
0.299464
0.299464
0.299464
0.299464
0.299464
0.299464
0.299463
0.299464
0.299463
0.299463
0.299463
0.299463
0.299463
0.299463
0.299462
0.299462
0.299462
0.299462
0.299462
0.299462
0.299462
0.299462
0.299461
0.299462
0.299461
0.299461
0.299461
0.299461
0.299461
0.299461
0.29946
0.299461
0.29946
0.29946
0.29946
0.29946
0.299459
0.29946
0.299459
0.299459
0.299459
0.299459
0.299458
0.299459
0.299458
0.299458
0.299457
0.299458
0.299457
0.299457
0.299457
0.299457
0.299456
0.299456
0.299456
0.299456
0.299456
0.299456
0.299455
0.299456
0.299455
0.299455
0.299455
0.299455
0.299455
0.299455
0.299454
0.299455
0.299454
0.299454
0.299454
0.299454
0.299453
0.299454
0.299453
0.299453
0.299453
0.299453
0.299452
0.299452
0.299452
0.299452
0.299452
0.299452
0.299451
0.299452
0.299451
0.299451
0.299451
0.299451
0.299451
0.299451
0.299451
0.299451
0.29945
0.299451
0.29945
0.29945
0.29945
0.29945
0.299449
0.299449
0.299449
0.299449
0.299449
0.299449
0.299449
0.299449
0.299449
0.299449
0.299449
0.299449
0.299449
0.299449
0.299449
0.299449
0.299449
0.299448
0.299446
0.299432
0.299411
0.417599
0.30043
0.299615
0.299529
0.299517
0.299515
0.299515
0.299515
0.299515
0.299515
0.299515
0.299515
0.299515
0.299515
0.299515
0.299515
0.299515
0.299515
0.299515
0.299515
0.299515
0.299515
0.299515
0.299515
0.299515
0.299515
0.299515
0.299515
0.299515
0.299515
0.299515
0.299515
0.299515
0.299515
0.299515
0.299515
0.299515
0.299515
0.299515
0.299515
0.299515
0.299515
0.299515
0.299515
0.299515
0.299515
0.299515
0.299515
0.299515
0.299515
0.299515
0.299515
0.299515
0.299515
0.299515
0.299515
0.299515
0.299515
0.299515
0.299515
0.299515
0.299515
0.299515
0.299515
0.299514
0.299515
0.299514
0.299514
0.299514
0.299514
0.299514
0.299514
0.299514
0.299514
0.299514
0.299514
0.299514
0.299514
0.299514
0.299514
0.299514
0.299514
0.299514
0.299514
0.299514
0.299514
0.299514
0.299514
0.299513
0.299514
0.299513
0.299513
0.299513
0.299513
0.299513
0.299513
0.299513
0.299513
0.299513
0.299513
0.299513
0.299513
0.299513
0.299513
0.299513
0.299513
0.299513
0.299513
0.299513
0.299513
0.299512
0.299513
0.299512
0.299513
0.299512
0.299512
0.299512
0.299512
0.299512
0.299512
0.299512
0.299512
0.299512
0.299512
0.299511
0.299512
0.299511
0.299511
0.299511
0.299511
0.299511
0.299511
0.299511
0.299511
0.299511
0.299511
0.29951
0.299511
0.29951
0.29951
0.29951
0.29951
0.29951
0.29951
0.29951
0.29951
0.29951
0.29951
0.29951
0.29951
0.29951
0.29951
0.299509
0.29951
0.299509
0.299509
0.299509
0.299509
0.299509
0.299509
0.299509
0.299509
0.299509
0.299509
0.299509
0.299509
0.299509
0.299509
0.299509
0.299509
0.299508
0.299509
0.299508
0.299509
0.299508
0.299508
0.299508
0.299508
0.299508
0.299508
0.299508
0.299508
0.299508
0.299508
0.299508
0.299508
0.299508
0.299508
0.299508
0.299508
0.299508
0.299508
0.299508
0.299508
0.299508
0.299508
0.299507
0.299506
0.2995
0.299492
0.381309
0.300052
0.299666
0.299631
0.299626
0.299625
0.299625
0.299625
0.299625
0.299625
0.299625
0.299625
0.299625
0.299625
0.299625
0.299625
0.299625
0.299625
0.299625
0.299625
0.299625
0.299625
0.299625
0.299625
0.299625
0.299625
0.299625
0.299625
0.299625
0.299625
0.299625
0.299625
0.299625
0.299625
0.299625
0.299625
0.299625
0.299625
0.299625
0.299625
0.299625
0.299625
0.299625
0.299625
0.299625
0.299625
0.299625
0.299625
0.299625
0.299625
0.299625
0.299625
0.299625
0.299625
0.299625
0.299625
0.299625
0.299625
0.299625
0.299625
0.299625
0.299625
0.299625
0.299625
0.299625
0.299625
0.299625
0.299625
0.299625
0.299625
0.299625
0.299625
0.299625
0.299625
0.299625
0.299625
0.299625
0.299625
0.299625
0.299625
0.299625
0.299625
0.299625
0.299625
0.299625
0.299625
0.299625
0.299625
0.299625
0.299625
0.299625
0.299625
0.299625
0.299624
0.299625
0.299624
0.299625
0.299624
0.299624
0.299624
0.299624
0.299624
0.299624
0.299624
0.299624
0.299624
0.299624
0.299624
0.299624
0.299624
0.299624
0.299624
0.299624
0.299624
0.299624
0.299624
0.299624
0.299624
0.299624
0.299624
0.299624
0.299624
0.299624
0.299624
0.299624
0.299624
0.299624
0.299624
0.299624
0.299624
0.299624
0.299624
0.299624
0.299623
0.299624
0.299623
0.299623
0.299623
0.299623
0.299623
0.299623
0.299623
0.299623
0.299623
0.299623
0.299623
0.299623
0.299623
0.299623
0.299623
0.299623
0.299623
0.299623
0.299623
0.299623
0.299623
0.299623
0.299623
0.299623
0.299623
0.299623
0.299623
0.299623
0.299623
0.299623
0.299623
0.299623
0.299623
0.299623
0.299623
0.299623
0.299623
0.299623
0.299623
0.299623
0.299622
0.299623
0.299622
0.299622
0.299622
0.299622
0.299622
0.299622
0.299622
0.299622
0.299622
0.299622
0.299622
0.299622
0.299622
0.299622
0.299622
0.299622
0.299622
0.299622
0.299622
0.299622
0.299622
0.299619
0.299616
0.587711
0.525545
0.525152
0.52513
0.525128
0.525127
0.525127
0.525127
0.525127
0.525127
0.525127
0.525127
0.525127
0.525127
0.525127
0.525127
0.525127
0.525127
0.525127
0.525127
0.525127
0.525127
0.525126
0.525126
0.525126
0.525125
0.525126
0.525125
0.525125
0.525125
0.525125
0.525125
0.525124
0.525124
0.525123
0.525123
0.525123
0.525122
0.525122
0.525121
0.525122
0.525121
0.525123
0.525123
0.525125
0.525126
0.525127
0.525129
0.525129
0.525131
0.525129
0.525131
0.525128
0.525128
0.525126
0.525125
0.525123
0.525121
0.52512
0.525117
0.525118
0.525116
0.525118
0.525117
0.525119
0.525119
0.525121
0.525121
0.525123
0.525124
0.525124
0.525124
0.525124
0.525124
0.525123
0.525122
0.525121
0.525119
0.525119
0.525117
0.525118
0.525115
0.525117
0.525115
0.525117
0.525116
0.525117
0.525117
0.525118
0.525118
0.525119
0.525119
0.52512
0.52512
0.52512
0.52512
0.52512
0.52512
0.52512
0.525119
0.52512
0.525119
0.525119
0.525118
0.525118
0.525117
0.525117
0.525116
0.525116
0.525115
0.525115
0.525114
0.525115
0.525113
0.525114
0.525112
0.525113
0.525112
0.525113
0.525112
0.525113
0.525111
0.525113
0.525111
0.525113
0.525112
0.525113
0.525112
0.525114
0.525113
0.525115
0.525115
0.525117
0.525117
0.525118
0.525118
0.52512
0.52512
0.52512
0.52512
0.525119
0.525119
0.525118
0.525116
0.525116
0.525113
0.525114
0.525111
0.525112
0.525109
0.525111
0.525109
0.525112
0.525111
0.525114
0.525114
0.525117
0.525117
0.525119
0.52512
0.525121
0.525122
0.525122
0.525122
0.525121
0.52512
0.525119
0.525117
0.525117
0.525114
0.525115
0.525113
0.525114
0.525112
0.525115
0.525114
0.525117
0.525117
0.52512
0.525121
0.525123
0.525125
0.525125
0.525127
0.525127
0.525128
0.525127
0.525127
0.525126
0.525125
0.525124
0.525123
0.525123
0.525122
0.525123
0.525122
0.525123
0.525123
0.525125
0.525169
1.14127
1.04071
1.03709
1.03693
1.03691
1.03691
1.03691
1.0369
1.0369
1.0369
1.0369
1.0369
1.0369
1.0369
1.0369
1.0369
1.0369
1.03691
1.0369
1.0369
1.0369
1.0369
1.0369
1.0369
1.0369
1.0369
1.0369
1.0369
1.0369
1.0369
1.0369
1.0369
1.0369
1.0369
1.03689
1.03689
1.03689
1.03689
1.03689
1.03689
1.03689
1.03689
1.03689
1.03689
1.0369
1.0369
1.03691
1.03692
1.03692
1.03693
1.03692
1.03693
1.03692
1.03691
1.0369
1.0369
1.03689
1.03689
1.03688
1.03688
1.03688
1.03687
1.03688
1.03687
1.03688
1.03688
1.03688
1.03689
1.03689
1.03689
1.03689
1.0369
1.03689
1.03689
1.03689
1.03689
1.03688
1.03688
1.03688
1.03687
1.03687
1.03687
1.03687
1.03687
1.03687
1.03687
1.03687
1.03687
1.03688
1.03688
1.03688
1.03688
1.03688
1.03688
1.03688
1.03688
1.03688
1.03688
1.03688
1.03688
1.03688
1.03688
1.03688
1.03688
1.03688
1.03687
1.03687
1.03687
1.03687
1.03687
1.03687
1.03686
1.03686
1.03686
1.03686
1.03686
1.03686
1.03686
1.03686
1.03686
1.03686
1.03686
1.03686
1.03686
1.03686
1.03686
1.03686
1.03686
1.03686
1.03686
1.03687
1.03687
1.03687
1.03687
1.03687
1.03688
1.03688
1.03688
1.03688
1.03688
1.03688
1.03688
1.03687
1.03687
1.03687
1.03686
1.03686
1.03686
1.03685
1.03685
1.03685
1.03685
1.03686
1.03686
1.03686
1.03686
1.03687
1.03687
1.03688
1.03688
1.03688
1.03689
1.03689
1.03689
1.03688
1.03688
1.03688
1.03687
1.03687
1.03687
1.03686
1.03686
1.03686
1.03686
1.03686
1.03686
1.03687
1.03687
1.03688
1.03688
1.03689
1.03689
1.0369
1.0369
1.0369
1.03691
1.0369
1.0369
1.0369
1.03689
1.03689
1.03689
1.03689
1.03689
1.03689
1.03689
1.03689
1.03689
1.03689
1.03694
5.52238
5.12342
5.10469
5.10388
5.10377
5.10377
5.10375
5.10375
5.10374
5.10374
5.10374
5.10374
5.10374
5.10374
5.10374
5.10375
5.10375
5.10376
5.10375
5.10375
5.10374
5.10374
5.10374
5.10373
5.10373
5.10372
5.10372
5.10371
5.10371
5.1037
5.1037
5.1037
5.10369
5.10368
5.10367
5.10366
5.10365
5.10363
5.10364
5.10362
5.10364
5.10363
5.10367
5.10366
5.1037
5.10372
5.10376
5.10383
5.10384
5.10391
5.10386
5.10391
5.10382
5.10381
5.10373
5.10369
5.10366
5.10361
5.1036
5.10354
5.10356
5.10351
5.10355
5.10353
5.10357
5.10357
5.10361
5.10363
5.10365
5.10367
5.10368
5.10369
5.10368
5.10367
5.10366
5.10363
5.10362
5.10358
5.10358
5.10353
5.10354
5.1035
5.10353
5.10349
5.10353
5.10351
5.10354
5.10353
5.10356
5.10356
5.10358
5.10358
5.1036
5.10359
5.1036
5.10359
5.1036
5.10359
5.1036
5.10358
5.10359
5.10357
5.10358
5.10355
5.10356
5.10353
5.10354
5.10351
5.10352
5.10348
5.1035
5.10346
5.10348
5.10344
5.10346
5.10343
5.10346
5.10342
5.10345
5.10342
5.10344
5.10341
5.10344
5.10341
5.10344
5.10341
5.10345
5.10342
5.10347
5.10345
5.10349
5.10348
5.10353
5.10352
5.10356
5.10356
5.10358
5.10359
5.10359
5.10359
5.10358
5.10356
5.10355
5.10351
5.1035
5.10345
5.10346
5.1034
5.10342
5.10336
5.10341
5.10336
5.10342
5.1034
5.10347
5.10346
5.10352
5.10354
5.10358
5.1036
5.10362
5.10364
5.10363
5.10363
5.10361
5.10359
5.10357
5.10353
5.10353
5.10347
5.10349
5.10343
5.10347
5.10343
5.10348
5.10346
5.10353
5.10353
5.10359
5.10361
5.10365
5.10369
5.1037
5.10376
5.10375
5.10379
5.10375
5.10375
5.10371
5.10369
5.10368
5.10365
5.10365
5.10362
5.10364
5.10363
5.10366
5.10365
5.10368
5.10391
29.4402
28.1621
28.1261
28.1246
28.1244
28.1244
28.1243
28.1243
28.1243
28.1243
28.1243
28.1242
28.1243
28.1243
28.1243
28.1243
28.1243
28.1244
28.1243
28.1244
28.1243
28.1243
28.1242
28.1241
28.1241
28.1241
28.1241
28.124
28.124
28.1239
28.1239
28.1239
28.1238
28.1238
28.1236
28.1235
28.1235
28.1233
28.1234
28.1232
28.1234
28.1233
28.1236
28.1236
28.124
28.1241
28.1244
28.1247
28.1247
28.1251
28.1247
28.1251
28.1246
28.1246
28.1242
28.1239
28.1236
28.1231
28.123
28.1225
28.1227
28.1222
28.1226
28.1223
28.1228
28.1227
28.1231
28.1233
28.1235
28.1237
28.1237
28.1239
28.1237
28.1237
28.1235
28.1233
28.1232
28.1228
28.1228
28.1224
28.1225
28.1221
28.1224
28.1221
28.1224
28.1222
28.1225
28.1224
28.1227
28.1227
28.1229
28.1229
28.123
28.1229
28.1231
28.123
28.1231
28.123
28.1231
28.1229
28.123
28.1228
28.1228
28.1226
28.1227
28.1224
28.1225
28.1222
28.1223
28.122
28.1221
28.1218
28.122
28.1216
28.1219
28.1215
28.1218
28.1215
28.1217
28.1214
28.1217
28.1214
28.1217
28.1214
28.1217
28.1214
28.1218
28.1215
28.1219
28.1217
28.1222
28.122
28.1225
28.1224
28.1228
28.1228
28.123
28.123
28.1231
28.123
28.123
28.1228
28.1227
28.1224
28.1223
28.1218
28.1218
28.1213
28.1215
28.121
28.1214
28.121
28.1216
28.1214
28.122
28.1219
28.1225
28.1226
28.123
28.1232
28.1234
28.1235
28.1235
28.1235
28.1233
28.1231
28.123
28.1226
28.1225
28.122
28.1222
28.1217
28.122
28.1216
28.1221
28.122
28.1225
28.1226
28.1231
28.1234
28.1237
28.124
28.1242
28.1245
28.1244
28.1247
28.1244
28.1245
28.1242
28.1241
28.124
28.1237
28.1237
28.1235
28.1236
28.1235
28.1238
28.1238
28.1242
28.125
92.0302
89.62
89.571
89.5688
89.5686
89.5685
89.5685
89.5685
89.5684
89.5684
89.5684
89.5683
89.5684
89.5684
89.5684
89.5685
89.5685
89.5685
89.5685
89.5686
89.5684
89.5684
89.5683
89.5682
89.5682
89.5681
89.5681
89.568
89.568
89.5679
89.5679
89.5678
89.5678
89.5677
89.5676
89.5674
89.5673
89.567
89.5672
89.5669
89.5672
89.567
89.5675
89.5674
89.568
89.5682
89.5686
89.5689
89.5692
89.5694
89.5694
89.5694
89.5691
89.5689
89.5683
89.5678
89.5675
89.5668
89.5667
89.5659
89.5662
89.5655
89.5661
89.5657
89.5664
89.5663
89.5669
89.567
89.5673
89.5676
89.5677
89.5678
89.5677
89.5676
89.5674
89.5671
89.5669
89.5664
89.5664
89.5658
89.566
89.5654
89.5658
89.5653
89.5659
89.5655
89.566
89.5658
89.5663
89.5662
89.5665
89.5664
89.5667
89.5666
89.5668
89.5666
89.5668
89.5666
89.5668
89.5665
89.5666
89.5663
89.5665
89.5661
89.5663
89.5659
89.566
89.5655
89.5658
89.5652
89.5655
89.565
89.5653
89.5647
89.5651
89.5646
89.565
89.5645
89.565
89.5645
89.5649
89.5644
89.5649
89.5644
89.5649
89.5644
89.565
89.5646
89.5652
89.5649
89.5656
89.5653
89.566
89.5658
89.5664
89.5663
89.5667
89.5667
89.5668
89.5667
89.5667
89.5664
89.5663
89.5658
89.5657
89.565
89.5651
89.5643
89.5647
89.5639
89.5646
89.5639
89.5648
89.5643
89.5653
89.5652
89.566
89.5661
89.5667
89.5669
89.5672
89.5674
89.5673
89.5673
89.5671
89.5668
89.5666
89.5661
89.566
89.5653
89.5656
89.5648
89.5654
89.5647
89.5655
89.5652
89.5661
89.5661
89.5668
89.5671
89.5676
89.5681
89.5683
89.5687
89.5687
89.5689
89.5687
89.5686
89.5683
89.5681
89.568
89.5676
89.5676
89.5672
89.5675
89.5673
89.5677
89.5677
89.5682
89.5693
241.108
237.63
237.578
237.576
237.575
237.576
237.575
237.575
237.575
237.575
237.575
237.575
237.575
237.575
237.575
237.575
237.575
237.576
237.575
237.576
237.575
237.575
237.575
237.575
237.575
237.575
237.575
237.575
237.575
237.575
237.575
237.575
237.575
237.575
237.575
237.575
237.575
237.574
237.575
237.574
237.575
237.574
237.575
237.575
237.575
237.575
237.575
237.576
237.576
237.577
237.576
237.577
237.576
237.576
237.575
237.575
237.575
237.574
237.575
237.574
237.575
237.573
237.575
237.573
237.575
237.574
237.575
237.574
237.575
237.575
237.575
237.575
237.575
237.575
237.575
237.574
237.575
237.574
237.575
237.573
237.575
237.573
237.575
237.573
237.575
237.573
237.575
237.574
237.575
237.574
237.575
237.574
237.575
237.574
237.575
237.574
237.575
237.574
237.575
237.574
237.575
237.574
237.575
237.574
237.575
237.574
237.575
237.573
237.575
237.573
237.575
237.573
237.575
237.573
237.575
237.573
237.575
237.573
237.575
237.573
237.575
237.572
237.575
237.572
237.575
237.573
237.575
237.573
237.575
237.573
237.575
237.573
237.575
237.573
237.575
237.574
237.575
237.574
237.575
237.574
237.575
237.574
237.575
237.573
237.575
237.573
237.575
237.572
237.575
237.572
237.575
237.572
237.575
237.572
237.575
237.573
237.575
237.574
237.575
237.574
237.575
237.575
237.575
237.575
237.575
237.574
237.575
237.574
237.575
237.573
237.575
237.573
237.575
237.573
237.575
237.573
237.575
237.574
237.575
237.574
237.575
237.575
237.575
237.576
237.575
237.576
237.575
237.576
237.575
237.575
237.575
237.575
237.575
237.575
237.575
237.575
237.575
237.575
237.575
237.576
607.405
604.201
604.163
604.161
604.161
604.161
604.161
604.161
604.161
604.161
604.161
604.161
604.161
604.161
604.161
604.161
604.161
604.161
604.161
604.161
604.161
604.161
604.161
604.161
604.161
604.161
604.161
604.162
604.161
604.162
604.161
604.162
604.161
604.162
604.161
604.162
604.161
604.163
604.161
604.163
604.161
604.162
604.161
604.162
604.161
604.161
604.161
604.161
604.162
604.162
604.162
604.162
604.162
604.162
604.161
604.162
604.161
604.163
604.161
604.163
604.161
604.164
604.161
604.164
604.161
604.163
604.161
604.162
604.161
604.162
604.161
604.162
604.161
604.162
604.161
604.163
604.161
604.163
604.161
604.164
604.161
604.164
604.161
604.164
604.161
604.164
604.161
604.164
604.161
604.163
604.161
604.163
604.161
604.163
604.161
604.163
604.161
604.163
604.161
604.163
604.161
604.163
604.161
604.163
604.161
604.163
604.161
604.164
604.161
604.164
604.161
604.164
604.161
604.164
604.161
604.165
604.161
604.165
604.161
604.165
604.161
604.165
604.161
604.165
604.161
604.165
604.161
604.165
604.161
604.164
604.161
604.164
604.161
604.164
604.161
604.163
604.161
604.163
604.161
604.163
604.161
604.163
604.161
604.164
604.161
604.164
604.161
604.165
604.161
604.165
604.161
604.165
604.161
604.165
604.161
604.164
604.161
604.163
604.161
604.163
604.161
604.162
604.161
604.162
604.161
604.163
604.161
604.163
604.161
604.164
604.161
604.164
604.161
604.164
604.161
604.164
604.161
604.163
604.161
604.162
604.161
604.162
604.161
604.161
604.161
604.161
604.161
604.161
604.161
604.161
604.161
604.162
604.161
604.162
604.161
604.162
604.161
604.162
604.161
604.163
1795.31
1792.21
1792.19
1792.19
1792.19
1792.19
1792.19
1792.19
1792.19
1792.19
1792.19
1792.19
1792.19
1792.19
1792.19
1792.19
1792.19
1792.19
1792.19
1792.19
1792.19
1792.19
1792.19
1792.19
1792.19
1792.19
1792.19
1792.19
1792.19
1792.19
1792.19
1792.19
1792.19
1792.19
1792.19
1792.19
1792.19
1792.19
1792.19
1792.19
1792.19
1792.19
1792.19
1792.19
1792.19
1792.19
1792.19
1792.19
1792.19
1792.19
1792.19
1792.19
1792.19
1792.19
1792.19
1792.19
1792.19
1792.19
1792.19
1792.19
1792.19
1792.19
1792.19
1792.19
1792.19
1792.19
1792.19
1792.19
1792.19
1792.19
1792.19
1792.19
1792.19
1792.19
1792.19
1792.19
1792.19
1792.19
1792.19
1792.19
1792.19
1792.19
1792.19
1792.19
1792.19
1792.19
1792.19
1792.19
1792.19
1792.19
1792.19
1792.19
1792.19
1792.19
1792.19
1792.19
1792.19
1792.19
1792.19
1792.19
1792.19
1792.19
1792.19
1792.19
1792.19
1792.19
1792.19
1792.19
1792.19
1792.19
1792.19
1792.19
1792.19
1792.19
1792.19
1792.19
1792.19
1792.19
1792.19
1792.19
1792.19
1792.19
1792.19
1792.19
1792.19
1792.19
1792.19
1792.19
1792.19
1792.19
1792.19
1792.19
1792.19
1792.19
1792.19
1792.19
1792.19
1792.19
1792.19
1792.19
1792.19
1792.19
1792.19
1792.19
1792.19
1792.19
1792.19
1792.19
1792.19
1792.19
1792.19
1792.19
1792.19
1792.19
1792.19
1792.19
1792.19
1792.19
1792.19
1792.19
1792.19
1792.19
1792.19
1792.19
1792.19
1792.19
1792.19
1792.19
1792.19
1792.19
1792.19
1792.19
1792.19
1792.19
1792.19
1792.19
1792.19
1792.19
1792.19
1792.19
1792.19
1792.19
1792.19
1792.19
1792.19
1792.19
1792.19
1792.19
1792.19
1792.19
1792.19
1792.19
1792.19
1792.19
1792.19
1792.19
1792.19
1792.19
1792.19
1792.19
7321.52
7316.14
7316.14
7316.14
7316.14
7316.14
7316.14
7316.14
7316.14
7316.14
7316.14
7316.14
7316.14
7316.14
7316.14
7316.14
7316.14
7316.14
7316.14
7316.14
7316.14
7316.14
7316.14
7316.14
7316.14
7316.14
7316.14
7316.14
7316.14
7316.14
7316.14
7316.14
7316.14
7316.14
7316.14
7316.14
7316.14
7316.14
7316.14
7316.14
7316.14
7316.14
7316.14
7316.14
7316.14
7316.14
7316.14
7316.14
7316.14
7316.14
7316.14
7316.14
7316.14
7316.14
7316.14
7316.14
7316.14
7316.14
7316.14
7316.14
7316.14
7316.14
7316.14
7316.14
7316.14
7316.14
7316.14
7316.14
7316.14
7316.14
7316.14
7316.14
7316.14
7316.14
7316.14
7316.14
7316.14
7316.14
7316.14
7316.14
7316.14
7316.14
7316.14
7316.14
7316.14
7316.14
7316.14
7316.14
7316.14
7316.14
7316.14
7316.14
7316.14
7316.14
7316.14
7316.14
7316.14
7316.14
7316.14
7316.14
7316.14
7316.14
7316.14
7316.14
7316.14
7316.14
7316.14
7316.14
7316.14
7316.14
7316.14
7316.14
7316.14
7316.14
7316.14
7316.14
7316.14
7316.14
7316.14
7316.14
7316.14
7316.14
7316.14
7316.14
7316.14
7316.14
7316.14
7316.14
7316.14
7316.14
7316.14
7316.14
7316.14
7316.14
7316.14
7316.14
7316.14
7316.14
7316.14
7316.14
7316.14
7316.14
7316.14
7316.14
7316.14
7316.14
7316.14
7316.14
7316.14
7316.14
7316.14
7316.14
7316.14
7316.14
7316.14
7316.14
7316.14
7316.14
7316.14
7316.14
7316.14
7316.14
7316.14
7316.14
7316.14
7316.14
7316.14
7316.14
7316.14
7316.14
7316.14
7316.14
7316.14
7316.14
7316.14
7316.14
7316.14
7316.14
7316.14
7316.14
7316.14
7316.14
7316.14
7316.14
7316.14
7316.14
7316.14
7316.14
7316.14
7316.14
7316.14
7316.14
7316.14
7316.14
7316.14
7316.14
7316.14
7316.14
7316.14
7316.14
7321.52
7316.14
7316.14
7316.14
7316.14
7316.14
7316.14
7316.14
7316.14
7316.14
7316.14
7316.14
7316.14
7316.14
7316.14
7316.14
7316.14
7316.14
7316.14
7316.14
7316.14
7316.14
7316.14
7316.14
7316.14
7316.14
7316.14
7316.14
7316.14
7316.14
7316.14
7316.14
7316.14
7316.14
7316.14
7316.14
7316.14
7316.14
7316.14
7316.14
7316.14
7316.14
7316.14
7316.14
7316.14
7316.14
7316.14
7316.14
7316.14
7316.14
7316.14
7316.14
7316.14
7316.14
7316.14
7316.14
7316.14
7316.14
7316.14
7316.14
7316.14
7316.14
7316.14
7316.14
7316.14
7316.14
7316.14
7316.14
7316.14
7316.14
7316.14
7316.14
7316.14
7316.14
7316.14
7316.14
7316.14
7316.14
7316.14
7316.14
7316.14
7316.14
7316.14
7316.14
7316.14
7316.14
7316.14
7316.14
7316.14
7316.14
7316.14
7316.14
7316.14
7316.14
7316.14
7316.14
7316.14
7316.14
7316.14
7316.14
7316.14
7316.14
7316.14
7316.14
7316.14
7316.14
7316.14
7316.14
7316.14
7316.14
7316.14
7316.14
7316.14
7316.14
7316.14
7316.14
7316.14
7316.14
7316.14
7316.14
7316.14
7316.14
7316.14
7316.14
7316.14
7316.14
7316.14
7316.14
7316.14
7316.14
7316.14
7316.14
7316.14
7316.14
7316.14
7316.14
7316.14
7316.14
7316.14
7316.14
7316.14
7316.14
7316.14
7316.14
7316.14
7316.14
7316.14
7316.14
7316.14
7316.14
7316.14
7316.14
7316.14
7316.14
7316.14
7316.14
7316.14
7316.14
7316.14
7316.14
7316.14
7316.14
7316.14
7316.14
7316.14
7316.14
7316.14
7316.14
7316.14
7316.14
7316.14
7316.14
7316.14
7316.14
7316.14
7316.14
7316.14
7316.14
7316.14
7316.14
7316.14
7316.14
7316.14
7316.14
7316.14
7316.14
7316.14
7316.14
7316.14
7316.14
7316.14
7316.14
7316.14
7316.14
7316.14
7316.14
7316.14
7316.14
7316.14
7316.14
1795.31
1792.21
1792.19
1792.19
1792.19
1792.19
1792.19
1792.19
1792.19
1792.19
1792.19
1792.19
1792.19
1792.19
1792.19
1792.19
1792.19
1792.19
1792.19
1792.19
1792.19
1792.19
1792.19
1792.19
1792.19
1792.19
1792.19
1792.19
1792.19
1792.19
1792.19
1792.19
1792.19
1792.19
1792.19
1792.19
1792.19
1792.19
1792.19
1792.19
1792.19
1792.19
1792.19
1792.19
1792.19
1792.19
1792.19
1792.19
1792.19
1792.19
1792.19
1792.19
1792.19
1792.19
1792.19
1792.19
1792.19
1792.19
1792.19
1792.19
1792.19
1792.19
1792.19
1792.19
1792.19
1792.19
1792.19
1792.19
1792.19
1792.19
1792.19
1792.19
1792.19
1792.19
1792.19
1792.19
1792.19
1792.19
1792.19
1792.19
1792.19
1792.19
1792.19
1792.19
1792.19
1792.19
1792.19
1792.19
1792.19
1792.19
1792.19
1792.19
1792.19
1792.19
1792.19
1792.19
1792.19
1792.19
1792.19
1792.19
1792.19
1792.19
1792.19
1792.19
1792.19
1792.19
1792.19
1792.19
1792.19
1792.19
1792.19
1792.19
1792.19
1792.19
1792.19
1792.19
1792.19
1792.19
1792.19
1792.19
1792.19
1792.19
1792.19
1792.19
1792.19
1792.19
1792.19
1792.19
1792.19
1792.19
1792.19
1792.19
1792.19
1792.19
1792.19
1792.19
1792.19
1792.19
1792.19
1792.19
1792.19
1792.19
1792.19
1792.19
1792.19
1792.19
1792.19
1792.19
1792.19
1792.19
1792.19
1792.19
1792.19
1792.19
1792.19
1792.19
1792.19
1792.19
1792.19
1792.19
1792.19
1792.19
1792.19
1792.19
1792.19
1792.19
1792.19
1792.19
1792.19
1792.19
1792.19
1792.19
1792.19
1792.19
1792.19
1792.19
1792.19
1792.19
1792.19
1792.19
1792.19
1792.19
1792.19
1792.19
1792.19
1792.19
1792.19
1792.19
1792.19
1792.19
1792.19
1792.19
1792.19
1792.19
1792.19
1792.19
1792.19
1792.19
1792.19
1792.19
607.405
604.2
604.163
604.161
604.161
604.161
604.161
604.162
604.161
604.161
604.161
604.161
604.161
604.161
604.161
604.161
604.161
604.161
604.161
604.161
604.161
604.161
604.161
604.161
604.161
604.161
604.161
604.162
604.161
604.162
604.161
604.162
604.161
604.162
604.161
604.162
604.161
604.162
604.161
604.163
604.161
604.163
604.161
604.162
604.161
604.161
604.161
604.161
604.162
604.162
604.162
604.162
604.162
604.162
604.161
604.162
604.161
604.163
604.161
604.163
604.161
604.164
604.161
604.164
604.161
604.163
604.161
604.162
604.161
604.162
604.161
604.162
604.161
604.162
604.161
604.163
604.161
604.163
604.161
604.164
604.161
604.164
604.161
604.164
604.161
604.164
604.161
604.164
604.161
604.163
604.161
604.163
604.161
604.163
604.161
604.163
604.161
604.163
604.161
604.163
604.161
604.163
604.161
604.163
604.161
604.163
604.161
604.164
604.161
604.164
604.161
604.164
604.161
604.164
604.161
604.165
604.161
604.165
604.161
604.165
604.161
604.165
604.161
604.165
604.161
604.165
604.161
604.165
604.161
604.164
604.161
604.164
604.161
604.164
604.161
604.163
604.161
604.163
604.161
604.163
604.161
604.163
604.161
604.164
604.161
604.164
604.161
604.165
604.161
604.165
604.161
604.165
604.161
604.165
604.161
604.164
604.161
604.163
604.161
604.163
604.161
604.162
604.161
604.162
604.161
604.163
604.161
604.163
604.161
604.164
604.161
604.164
604.161
604.164
604.161
604.164
604.161
604.163
604.161
604.162
604.161
604.162
604.161
604.161
604.161
604.161
604.161
604.161
604.161
604.161
604.161
604.162
604.161
604.162
604.161
604.162
604.161
604.162
604.161
604.163
241.108
237.63
237.578
237.576
237.576
237.576
237.575
237.576
237.575
237.575
237.575
237.575
237.575
237.575
237.575
237.575
237.575
237.576
237.575
237.576
237.575
237.575
237.575
237.575
237.575
237.575
237.575
237.575
237.575
237.575
237.575
237.575
237.575
237.575
237.575
237.575
237.575
237.574
237.575
237.574
237.575
237.574
237.575
237.575
237.575
237.575
237.575
237.576
237.576
237.578
237.576
237.577
237.576
237.576
237.575
237.575
237.575
237.574
237.575
237.574
237.575
237.573
237.575
237.573
237.575
237.574
237.575
237.574
237.575
237.575
237.575
237.575
237.575
237.575
237.575
237.574
237.575
237.574
237.575
237.573
237.575
237.573
237.575
237.573
237.575
237.573
237.575
237.574
237.575
237.574
237.575
237.574
237.575
237.574
237.575
237.574
237.575
237.574
237.575
237.574
237.575
237.574
237.575
237.574
237.575
237.574
237.575
237.573
237.575
237.573
237.575
237.573
237.575
237.573
237.575
237.573
237.575
237.573
237.575
237.573
237.575
237.573
237.575
237.572
237.575
237.573
237.575
237.573
237.575
237.573
237.575
237.573
237.575
237.573
237.575
237.574
237.575
237.574
237.575
237.574
237.575
237.574
237.575
237.573
237.575
237.573
237.575
237.572
237.575
237.572
237.575
237.572
237.575
237.572
237.575
237.573
237.575
237.574
237.575
237.574
237.575
237.575
237.575
237.575
237.575
237.574
237.575
237.574
237.575
237.573
237.575
237.573
237.575
237.573
237.575
237.573
237.575
237.574
237.575
237.574
237.575
237.575
237.575
237.576
237.575
237.576
237.575
237.576
237.575
237.575
237.575
237.575
237.575
237.575
237.575
237.575
237.575
237.575
237.575
237.576
92.0302
89.62
89.571
89.5688
89.5686
89.5686
89.5685
89.5685
89.5685
89.5684
89.5684
89.5683
89.5684
89.5684
89.5684
89.5685
89.5685
89.5685
89.5685
89.5685
89.5684
89.5684
89.5683
89.5682
89.5682
89.5681
89.5681
89.568
89.568
89.5679
89.5679
89.5678
89.5678
89.5677
89.5676
89.5674
89.5673
89.567
89.5672
89.5669
89.5672
89.567
89.5675
89.5674
89.568
89.5682
89.5686
89.5689
89.5692
89.5694
89.5694
89.5694
89.569
89.5688
89.5683
89.5678
89.5675
89.5668
89.5667
89.5659
89.5662
89.5655
89.5661
89.5657
89.5664
89.5663
89.5669
89.567
89.5673
89.5676
89.5677
89.5678
89.5677
89.5676
89.5674
89.5671
89.5669
89.5664
89.5664
89.5658
89.566
89.5654
89.5658
89.5653
89.5659
89.5655
89.566
89.5658
89.5663
89.5662
89.5665
89.5664
89.5667
89.5666
89.5668
89.5666
89.5668
89.5666
89.5667
89.5665
89.5666
89.5663
89.5665
89.5661
89.5663
89.5659
89.566
89.5655
89.5658
89.5652
89.5655
89.565
89.5653
89.5647
89.5651
89.5646
89.565
89.5645
89.565
89.5645
89.5649
89.5644
89.5649
89.5644
89.5649
89.5644
89.565
89.5646
89.5652
89.5649
89.5655
89.5653
89.566
89.5658
89.5664
89.5663
89.5667
89.5667
89.5668
89.5667
89.5667
89.5664
89.5663
89.5658
89.5657
89.565
89.5651
89.5643
89.5647
89.5639
89.5646
89.5639
89.5648
89.5643
89.5653
89.5652
89.566
89.5661
89.5667
89.5669
89.5672
89.5674
89.5673
89.5673
89.5671
89.5668
89.5666
89.5661
89.566
89.5653
89.5656
89.5648
89.5654
89.5647
89.5655
89.5652
89.5661
89.5661
89.5668
89.5671
89.5676
89.5681
89.5682
89.5687
89.5687
89.5689
89.5687
89.5686
89.5683
89.5681
89.568
89.5676
89.5676
89.5672
89.5675
89.5673
89.5677
89.5677
89.5682
89.5693
29.4402
28.1621
28.1261
28.1246
28.1244
28.1244
28.1243
28.1243
28.1243
28.1243
28.1243
28.1242
28.1243
28.1243
28.1243
28.1243
28.1243
28.1244
28.1243
28.1244
28.1243
28.1243
28.1242
28.1241
28.1241
28.1241
28.1241
28.124
28.124
28.1239
28.1239
28.1239
28.1238
28.1238
28.1236
28.1235
28.1235
28.1233
28.1234
28.1232
28.1234
28.1233
28.1236
28.1236
28.124
28.1241
28.1244
28.1247
28.1247
28.1251
28.1247
28.1251
28.1246
28.1246
28.1242
28.1239
28.1236
28.1231
28.123
28.1225
28.1227
28.1222
28.1226
28.1223
28.1228
28.1227
28.1231
28.1233
28.1235
28.1237
28.1237
28.1239
28.1237
28.1237
28.1235
28.1233
28.1232
28.1228
28.1228
28.1224
28.1225
28.1221
28.1224
28.1221
28.1224
28.1222
28.1225
28.1224
28.1227
28.1227
28.1229
28.1229
28.123
28.1229
28.1231
28.123
28.1231
28.1229
28.1231
28.1229
28.123
28.1228
28.1228
28.1226
28.1227
28.1224
28.1225
28.1222
28.1223
28.122
28.1221
28.1218
28.122
28.1216
28.1219
28.1215
28.1218
28.1215
28.1217
28.1214
28.1217
28.1214
28.1217
28.1214
28.1217
28.1214
28.1218
28.1215
28.1219
28.1217
28.1222
28.122
28.1225
28.1224
28.1228
28.1228
28.123
28.123
28.1231
28.123
28.123
28.1228
28.1227
28.1224
28.1223
28.1218
28.1218
28.1213
28.1215
28.121
28.1214
28.121
28.1216
28.1214
28.122
28.1219
28.1225
28.1226
28.123
28.1232
28.1234
28.1235
28.1235
28.1235
28.1233
28.1231
28.123
28.1226
28.1225
28.122
28.1222
28.1217
28.122
28.1216
28.1221
28.122
28.1225
28.1226
28.1231
28.1234
28.1237
28.124
28.1242
28.1245
28.1244
28.1247
28.1244
28.1245
28.1242
28.1241
28.124
28.1237
28.1237
28.1235
28.1236
28.1235
28.1238
28.1238
28.1242
28.125
5.52238
5.12342
5.1047
5.10388
5.10377
5.10376
5.10375
5.10374
5.10374
5.10374
5.10374
5.10373
5.10374
5.10374
5.10374
5.10375
5.10375
5.10375
5.10375
5.10375
5.10374
5.10374
5.10374
5.10373
5.10373
5.10372
5.10372
5.10371
5.10371
5.1037
5.1037
5.10369
5.10369
5.10368
5.10367
5.10366
5.10365
5.10363
5.10364
5.10362
5.10364
5.10363
5.10367
5.10366
5.1037
5.10372
5.10376
5.10383
5.10383
5.10391
5.10386
5.10391
5.10382
5.10381
5.10373
5.10369
5.10366
5.10361
5.1036
5.10354
5.10356
5.10351
5.10355
5.10352
5.10357
5.10357
5.10361
5.10363
5.10365
5.10367
5.10368
5.10369
5.10368
5.10367
5.10366
5.10363
5.10362
5.10358
5.10358
5.10353
5.10354
5.1035
5.10353
5.10349
5.10353
5.10351
5.10354
5.10353
5.10356
5.10356
5.10358
5.10358
5.1036
5.10359
5.1036
5.10359
5.1036
5.10359
5.1036
5.10358
5.10359
5.10357
5.10358
5.10355
5.10356
5.10353
5.10354
5.10351
5.10352
5.10348
5.1035
5.10346
5.10348
5.10344
5.10347
5.10343
5.10346
5.10342
5.10345
5.10342
5.10344
5.10341
5.10344
5.10341
5.10344
5.10341
5.10345
5.10342
5.10347
5.10345
5.10349
5.10348
5.10353
5.10352
5.10356
5.10356
5.10358
5.10359
5.10359
5.10359
5.10358
5.10356
5.10355
5.10351
5.1035
5.10345
5.10346
5.1034
5.10342
5.10336
5.10341
5.10336
5.10342
5.1034
5.10347
5.10346
5.10352
5.10354
5.10358
5.1036
5.10362
5.10364
5.10363
5.10363
5.10361
5.10359
5.10357
5.10353
5.10353
5.10347
5.10349
5.10343
5.10347
5.10343
5.10348
5.10346
5.10353
5.10353
5.10359
5.10361
5.10365
5.10369
5.1037
5.10376
5.10375
5.10379
5.10375
5.10375
5.10371
5.10369
5.10368
5.10365
5.10365
5.10362
5.10364
5.10363
5.10366
5.10365
5.10368
5.10391
1.14127
1.04071
1.03709
1.03693
1.03691
1.03691
1.0369
1.0369
1.0369
1.0369
1.0369
1.0369
1.0369
1.0369
1.0369
1.0369
1.0369
1.03691
1.0369
1.03691
1.0369
1.0369
1.0369
1.0369
1.0369
1.0369
1.0369
1.0369
1.0369
1.0369
1.0369
1.0369
1.0369
1.0369
1.03689
1.03689
1.03689
1.03689
1.03689
1.03689
1.03689
1.03689
1.03689
1.03689
1.0369
1.0369
1.03691
1.03692
1.03692
1.03693
1.03692
1.03693
1.03692
1.03691
1.0369
1.0369
1.03689
1.03689
1.03688
1.03688
1.03688
1.03687
1.03688
1.03687
1.03688
1.03688
1.03688
1.03689
1.03689
1.03689
1.03689
1.0369
1.03689
1.03689
1.03689
1.03689
1.03688
1.03688
1.03688
1.03687
1.03687
1.03687
1.03687
1.03687
1.03687
1.03687
1.03687
1.03687
1.03688
1.03688
1.03688
1.03688
1.03688
1.03688
1.03688
1.03688
1.03688
1.03688
1.03688
1.03688
1.03688
1.03688
1.03688
1.03688
1.03688
1.03687
1.03687
1.03687
1.03687
1.03687
1.03687
1.03686
1.03686
1.03686
1.03686
1.03686
1.03686
1.03686
1.03686
1.03686
1.03686
1.03686
1.03686
1.03686
1.03686
1.03686
1.03686
1.03686
1.03686
1.03686
1.03687
1.03687
1.03687
1.03687
1.03687
1.03688
1.03688
1.03688
1.03688
1.03688
1.03688
1.03688
1.03687
1.03687
1.03687
1.03686
1.03686
1.03686
1.03685
1.03685
1.03685
1.03685
1.03686
1.03686
1.03686
1.03686
1.03687
1.03687
1.03688
1.03688
1.03688
1.03689
1.03689
1.03689
1.03688
1.03688
1.03688
1.03687
1.03687
1.03687
1.03686
1.03686
1.03686
1.03686
1.03686
1.03686
1.03687
1.03687
1.03688
1.03688
1.03689
1.03689
1.0369
1.0369
1.0369
1.03691
1.0369
1.0369
1.0369
1.03689
1.03689
1.03689
1.03689
1.03689
1.03689
1.03689
1.03689
1.03689
1.03689
1.03694
0.587711
0.525545
0.525152
0.52513
0.525128
0.525127
0.525127
0.525127
0.525127
0.525127
0.525127
0.525127
0.525127
0.525127
0.525127
0.525127
0.525127
0.525127
0.525127
0.525127
0.525127
0.525127
0.525126
0.525126
0.525126
0.525126
0.525126
0.525125
0.525125
0.525125
0.525125
0.525125
0.525124
0.525124
0.525123
0.525123
0.525123
0.525122
0.525122
0.525121
0.525122
0.525121
0.525123
0.525123
0.525125
0.525126
0.525127
0.525129
0.525129
0.525131
0.525129
0.525131
0.525128
0.525128
0.525126
0.525125
0.525123
0.525121
0.52512
0.525117
0.525118
0.525116
0.525118
0.525117
0.525119
0.525119
0.525121
0.525121
0.525123
0.525124
0.525124
0.525124
0.525124
0.525124
0.525123
0.525122
0.525121
0.525119
0.525119
0.525117
0.525118
0.525115
0.525117
0.525115
0.525117
0.525116
0.525117
0.525117
0.525118
0.525118
0.525119
0.525119
0.52512
0.52512
0.52512
0.52512
0.52512
0.52512
0.52512
0.525119
0.52512
0.525119
0.525119
0.525118
0.525118
0.525117
0.525117
0.525116
0.525116
0.525115
0.525115
0.525114
0.525115
0.525113
0.525114
0.525112
0.525113
0.525112
0.525113
0.525112
0.525113
0.525111
0.525113
0.525111
0.525113
0.525112
0.525113
0.525112
0.525114
0.525113
0.525115
0.525115
0.525117
0.525117
0.525118
0.525118
0.52512
0.52512
0.52512
0.52512
0.525119
0.525119
0.525118
0.525116
0.525116
0.525113
0.525114
0.525111
0.525112
0.525109
0.525111
0.525109
0.525112
0.525111
0.525114
0.525114
0.525117
0.525117
0.525119
0.52512
0.525121
0.525122
0.525122
0.525122
0.525121
0.52512
0.525119
0.525117
0.525117
0.525114
0.525115
0.525113
0.525114
0.525112
0.525115
0.525114
0.525117
0.525117
0.52512
0.525121
0.525123
0.525125
0.525125
0.525127
0.525127
0.525128
0.525127
0.525127
0.525126
0.525125
0.525124
0.525123
0.525123
0.525122
0.525123
0.525122
0.525123
0.525123
0.525125
0.525169
0.381309
0.300052
0.299666
0.299631
0.299626
0.299625
0.299625
0.299625
0.299625
0.299625
0.299625
0.299625
0.299625
0.299625
0.299625
0.299625
0.299625
0.299625
0.299625
0.299625
0.299625
0.299625
0.299625
0.299625
0.299625
0.299625
0.299625
0.299625
0.299625
0.299625
0.299625
0.299625
0.299625
0.299625
0.299625
0.299625
0.299625
0.299625
0.299625
0.299625
0.299625
0.299625
0.299625
0.299625
0.299625
0.299625
0.299625
0.299625
0.299625
0.299625
0.299625
0.299625
0.299625
0.299625
0.299625
0.299625
0.299625
0.299625
0.299625
0.299625
0.299625
0.299625
0.299625
0.299625
0.299625
0.299625
0.299625
0.299625
0.299625
0.299625
0.299625
0.299625
0.299625
0.299625
0.299625
0.299625
0.299625
0.299625
0.299625
0.299625
0.299625
0.299625
0.299625
0.299625
0.299625
0.299625
0.299625
0.299625
0.299625
0.299625
0.299625
0.299625
0.299625
0.299624
0.299625
0.299624
0.299624
0.299624
0.299624
0.299624
0.299624
0.299624
0.299624
0.299624
0.299624
0.299624
0.299624
0.299624
0.299624
0.299624
0.299624
0.299624
0.299624
0.299624
0.299624
0.299624
0.299624
0.299624
0.299624
0.299624
0.299624
0.299624
0.299624
0.299624
0.299624
0.299624
0.299624
0.299624
0.299624
0.299624
0.299624
0.299624
0.299624
0.299623
0.299624
0.299623
0.299623
0.299623
0.299623
0.299623
0.299623
0.299623
0.299623
0.299623
0.299623
0.299623
0.299623
0.299623
0.299623
0.299623
0.299623
0.299623
0.299623
0.299623
0.299623
0.299623
0.299623
0.299623
0.299623
0.299623
0.299623
0.299623
0.299623
0.299623
0.299623
0.299623
0.299623
0.299623
0.299623
0.299623
0.299623
0.299623
0.299623
0.299623
0.299623
0.299622
0.299623
0.299622
0.299622
0.299622
0.299622
0.299622
0.299622
0.299622
0.299622
0.299622
0.299622
0.299622
0.299622
0.299622
0.299622
0.299622
0.299622
0.299622
0.299622
0.299622
0.299622
0.299622
0.299619
0.299616
0.417599
0.30043
0.299615
0.299529
0.299517
0.299516
0.299515
0.299515
0.299515
0.299515
0.299515
0.299515
0.299515
0.299515
0.299515
0.299515
0.299515
0.299515
0.299515
0.299515
0.299515
0.299515
0.299515
0.299515
0.299515
0.299515
0.299515
0.299515
0.299515
0.299515
0.299515
0.299515
0.299515
0.299515
0.299515
0.299515
0.299515
0.299515
0.299515
0.299515
0.299515
0.299515
0.299515
0.299515
0.299515
0.299515
0.299515
0.299515
0.299515
0.299515
0.299515
0.299515
0.299515
0.299515
0.299515
0.299515
0.299515
0.299515
0.299515
0.299515
0.299515
0.299515
0.299515
0.299515
0.299515
0.299515
0.299514
0.299514
0.299514
0.299514
0.299514
0.299514
0.299514
0.299514
0.299514
0.299514
0.299514
0.299514
0.299514
0.299514
0.299514
0.299514
0.299514
0.299514
0.299514
0.299514
0.299514
0.299514
0.299513
0.299514
0.299513
0.299513
0.299513
0.299513
0.299513
0.299513
0.299513
0.299513
0.299513
0.299513
0.299513
0.299513
0.299513
0.299513
0.299513
0.299513
0.299513
0.299513
0.299513
0.299513
0.299512
0.299513
0.299512
0.299513
0.299512
0.299512
0.299512
0.299512
0.299512
0.299512
0.299512
0.299512
0.299512
0.299512
0.299511
0.299512
0.299511
0.299511
0.299511
0.299511
0.299511
0.299511
0.299511
0.299511
0.299511
0.299511
0.29951
0.299511
0.29951
0.29951
0.29951
0.29951
0.29951
0.29951
0.29951
0.29951
0.29951
0.29951
0.29951
0.29951
0.29951
0.29951
0.299509
0.29951
0.299509
0.299509
0.299509
0.299509
0.299509
0.299509
0.299509
0.299509
0.299509
0.299509
0.299509
0.299509
0.299509
0.299509
0.299509
0.299509
0.299508
0.299509
0.299508
0.299509
0.299508
0.299508
0.299508
0.299508
0.299508
0.299508
0.299508
0.299508
0.299508
0.299508
0.299508
0.299508
0.299508
0.299508
0.299508
0.299508
0.299508
0.299508
0.299508
0.299508
0.299508
0.299508
0.299507
0.299506
0.2995
0.299492
0.475886
0.301314
0.299701
0.299499
0.299473
0.299468
0.299467
0.299467
0.299467
0.299467
0.299467
0.299467
0.299467
0.299467
0.299467
0.299467
0.299467
0.299467
0.299467
0.299467
0.299467
0.299467
0.299467
0.299467
0.299467
0.299467
0.299467
0.299467
0.299467
0.299467
0.299467
0.299467
0.299467
0.299467
0.299467
0.299467
0.299467
0.299466
0.299467
0.299466
0.299466
0.299466
0.299466
0.299466
0.299466
0.299466
0.299466
0.299466
0.299466
0.299466
0.299466
0.299466
0.299466
0.299466
0.299466
0.299466
0.299466
0.299466
0.299466
0.299466
0.299466
0.299466
0.299466
0.299465
0.299466
0.299465
0.299465
0.299465
0.299465
0.299465
0.299465
0.299465
0.299465
0.299465
0.299465
0.299464
0.299465
0.299464
0.299464
0.299464
0.299464
0.299464
0.299464
0.299464
0.299464
0.299463
0.299464
0.299463
0.299463
0.299463
0.299463
0.299463
0.299463
0.299462
0.299462
0.299462
0.299462
0.299462
0.299462
0.299462
0.299462
0.299461
0.299462
0.299461
0.299461
0.299461
0.299461
0.299461
0.299461
0.29946
0.299461
0.29946
0.29946
0.29946
0.29946
0.299459
0.29946
0.299459
0.299459
0.299459
0.299459
0.299458
0.299459
0.299458
0.299458
0.299457
0.299458
0.299457
0.299457
0.299457
0.299457
0.299456
0.299456
0.299456
0.299456
0.299456
0.299456
0.299455
0.299456
0.299455
0.299455
0.299455
0.299455
0.299455
0.299455
0.299454
0.299455
0.299454
0.299454
0.299454
0.299454
0.299453
0.299454
0.299453
0.299453
0.299453
0.299453
0.299452
0.299452
0.299452
0.299452
0.299452
0.299452
0.299451
0.299452
0.299451
0.299451
0.299451
0.299451
0.299451
0.299451
0.299451
0.299451
0.29945
0.299451
0.29945
0.29945
0.29945
0.29945
0.299449
0.299449
0.299449
0.299449
0.299449
0.299449
0.299449
0.299449
0.299449
0.299449
0.299449
0.299449
0.299449
0.299449
0.299449
0.299449
0.299449
0.299448
0.299446
0.299432
0.299411
0.560694
0.303381
0.300239
0.299776
0.299713
0.299702
0.299699
0.299699
0.299699
0.299699
0.299699
0.299699
0.299699
0.299699
0.299699
0.299699
0.299699
0.299699
0.299699
0.299699
0.299699
0.299699
0.299699
0.299699
0.299699
0.299699
0.299699
0.299699
0.299699
0.299699
0.299698
0.299698
0.299698
0.299698
0.299698
0.299698
0.299698
0.299698
0.299698
0.299698
0.299697
0.299697
0.299697
0.299697
0.299697
0.299697
0.299697
0.299697
0.299697
0.299697
0.299697
0.299697
0.299697
0.299697
0.299697
0.299697
0.299697
0.299697
0.299696
0.299697
0.299696
0.299696
0.299696
0.299696
0.299695
0.299695
0.299695
0.299695
0.299694
0.299694
0.299694
0.299694
0.299693
0.299693
0.299693
0.299693
0.299693
0.299693
0.299692
0.299692
0.299692
0.299692
0.299691
0.299691
0.29969
0.299691
0.29969
0.29969
0.299689
0.299689
0.299689
0.299689
0.299688
0.299688
0.299687
0.299688
0.299687
0.299687
0.299686
0.299687
0.299686
0.299686
0.299685
0.299686
0.299685
0.299685
0.299684
0.299684
0.299683
0.299684
0.299683
0.299683
0.299682
0.299682
0.299681
0.299681
0.29968
0.299681
0.299679
0.29968
0.299678
0.299679
0.299677
0.299678
0.299676
0.299677
0.299675
0.299676
0.299674
0.299675
0.299674
0.299674
0.299673
0.299673
0.299672
0.299672
0.299671
0.299672
0.299671
0.299671
0.29967
0.29967
0.29967
0.29967
0.299669
0.299669
0.299668
0.299669
0.299667
0.299668
0.299666
0.299667
0.299666
0.299666
0.299665
0.299665
0.299664
0.299664
0.299663
0.299663
0.299662
0.299662
0.299662
0.299662
0.299661
0.299662
0.299661
0.299661
0.29966
0.299661
0.29966
0.29966
0.299659
0.299659
0.299658
0.299659
0.299658
0.299658
0.299657
0.299657
0.299657
0.299657
0.299656
0.299656
0.299656
0.299656
0.299656
0.299656
0.299656
0.299656
0.299656
0.299656
0.299656
0.299656
0.299656
0.299655
0.299654
0.299648
0.299615
0.299566
0.676408
0.307985
0.302001
0.300964
0.300816
0.30079
0.300785
0.300784
0.300784
0.300784
0.300784
0.300784
0.300784
0.300784
0.300784
0.300784
0.300784
0.300784
0.300784
0.300784
0.300784
0.300784
0.300784
0.300784
0.300784
0.300784
0.300783
0.300783
0.300783
0.300783
0.300783
0.300783
0.300783
0.300782
0.300782
0.300782
0.300782
0.300781
0.300781
0.30078
0.30078
0.30078
0.30078
0.300779
0.300779
0.300779
0.300779
0.300779
0.300779
0.300779
0.300779
0.300779
0.300779
0.300779
0.300779
0.300778
0.300778
0.300778
0.300778
0.300777
0.300777
0.300776
0.300776
0.300775
0.300775
0.300774
0.300774
0.300773
0.300773
0.300772
0.300772
0.300771
0.300771
0.30077
0.30077
0.300769
0.300769
0.300768
0.300768
0.300767
0.300767
0.300766
0.300766
0.300764
0.300764
0.300763
0.300763
0.300761
0.300761
0.30076
0.30076
0.300758
0.300758
0.300757
0.300757
0.300756
0.300756
0.300754
0.300754
0.300753
0.300753
0.300752
0.300752
0.30075
0.300751
0.300749
0.300749
0.300747
0.300748
0.300746
0.300746
0.300744
0.300744
0.300742
0.300742
0.30074
0.30074
0.300737
0.300738
0.300735
0.300735
0.300733
0.300733
0.300731
0.300731
0.300728
0.300728
0.300726
0.300726
0.300724
0.300724
0.300722
0.300722
0.30072
0.30072
0.300719
0.300719
0.300717
0.300717
0.300716
0.300716
0.300714
0.300714
0.300713
0.300713
0.300711
0.300711
0.300709
0.300709
0.300707
0.300707
0.300705
0.300705
0.300703
0.300703
0.300701
0.3007
0.300699
0.300699
0.300697
0.300697
0.300696
0.300696
0.300695
0.300695
0.300693
0.300693
0.300692
0.300692
0.300691
0.300691
0.300689
0.300689
0.300688
0.300688
0.300686
0.300686
0.300685
0.300685
0.300683
0.300683
0.300683
0.300682
0.300682
0.300682
0.300682
0.300682
0.300681
0.300681
0.300681
0.300681
0.300681
0.300681
0.300681
0.300681
0.30068
0.300677
0.300662
0.300583
0.300471
0.825895
0.317768
0.306792
0.304564
0.304228
0.304167
0.304155
0.304153
0.304152
0.304152
0.304152
0.304152
0.304152
0.304152
0.304152
0.304152
0.304152
0.304152
0.304152
0.304152
0.304152
0.304152
0.304152
0.304152
0.304151
0.304151
0.304151
0.304151
0.30415
0.30415
0.304149
0.304149
0.304148
0.304148
0.304147
0.304147
0.304146
0.304146
0.304144
0.304144
0.304143
0.304143
0.304142
0.304141
0.304141
0.304141
0.30414
0.30414
0.30414
0.30414
0.30414
0.304139
0.30414
0.30414
0.304139
0.304139
0.304138
0.304138
0.304137
0.304136
0.304134
0.304134
0.304132
0.304131
0.304129
0.304129
0.304127
0.304126
0.304124
0.304124
0.304122
0.304122
0.30412
0.30412
0.304118
0.304117
0.304115
0.304115
0.304113
0.304112
0.30411
0.304109
0.304106
0.304106
0.304103
0.304102
0.304099
0.304098
0.304095
0.304095
0.304092
0.304091
0.304089
0.304088
0.304086
0.304085
0.304083
0.304082
0.30408
0.304079
0.304077
0.304077
0.304074
0.304073
0.30407
0.30407
0.304067
0.304066
0.304063
0.304062
0.304058
0.304058
0.304054
0.304053
0.304049
0.304048
0.304044
0.304043
0.304038
0.304037
0.304033
0.304032
0.304027
0.304026
0.304022
0.304021
0.304016
0.304016
0.304011
0.304011
0.304007
0.304006
0.304002
0.304002
0.303998
0.303998
0.303995
0.303994
0.303991
0.303991
0.303988
0.303987
0.303984
0.303984
0.30398
0.30398
0.303976
0.303975
0.303971
0.30397
0.303966
0.303965
0.303961
0.30396
0.303956
0.303955
0.303951
0.303951
0.303948
0.303947
0.303944
0.303944
0.303941
0.303941
0.303938
0.303938
0.303935
0.303935
0.303932
0.303932
0.303929
0.303928
0.303925
0.303924
0.303921
0.303921
0.303918
0.303917
0.303915
0.303914
0.303913
0.303912
0.303911
0.303911
0.30391
0.30391
0.303909
0.303909
0.303909
0.303909
0.303908
0.303908
0.303907
0.303907
0.303907
0.303905
0.303899
0.303865
0.303675
0.303426
1.00841
0.337301
0.318561
0.314086
0.313348
0.313213
0.313186
0.31318
0.313179
0.313178
0.313178
0.313178
0.313178
0.313178
0.313178
0.313178
0.313178
0.313178
0.313178
0.313178
0.313178
0.313177
0.313177
0.313177
0.313177
0.313176
0.313176
0.313175
0.313174
0.313173
0.313172
0.313171
0.31317
0.313168
0.313167
0.313164
0.313164
0.313161
0.31316
0.313158
0.313157
0.313155
0.313154
0.313152
0.313152
0.313151
0.313151
0.31315
0.31315
0.313149
0.313149
0.313149
0.313149
0.313149
0.313148
0.313147
0.313146
0.313143
0.313142
0.313138
0.313137
0.313132
0.313131
0.313126
0.313125
0.31312
0.313119
0.313115
0.313114
0.31311
0.313108
0.313105
0.313103
0.3131
0.313098
0.313094
0.313093
0.313088
0.313086
0.313081
0.313079
0.313073
0.313071
0.313065
0.313063
0.313057
0.313055
0.313048
0.313046
0.31304
0.313038
0.313033
0.313031
0.313026
0.313024
0.313019
0.313017
0.313012
0.31301
0.313005
0.313003
0.312998
0.312996
0.31299
0.312988
0.312981
0.312979
0.312972
0.31297
0.312962
0.31296
0.312951
0.312949
0.31294
0.312937
0.312928
0.312925
0.312916
0.312912
0.312903
0.3129
0.31289
0.312887
0.312877
0.312874
0.312865
0.312862
0.312853
0.31285
0.312841
0.312839
0.312831
0.312829
0.312822
0.31282
0.312813
0.312811
0.312805
0.312803
0.312797
0.312795
0.312789
0.312786
0.312779
0.312777
0.312769
0.312766
0.312758
0.312755
0.312746
0.312743
0.312734
0.312731
0.312723
0.31272
0.312712
0.31271
0.312703
0.312701
0.312695
0.312693
0.312688
0.312686
0.312681
0.312679
0.312674
0.312672
0.312667
0.312665
0.312658
0.312656
0.31265
0.312647
0.312641
0.312639
0.312633
0.312631
0.312626
0.312624
0.31262
0.312619
0.312616
0.312615
0.312613
0.312613
0.312611
0.312611
0.31261
0.31261
0.312609
0.312608
0.312607
0.312607
0.312605
0.312604
0.312601
0.312587
0.312512
0.312064
0.31153
1.22119
0.373077
0.34513
0.337177
0.335661
0.335373
0.335314
0.335301
0.335298
0.335297
0.335297
0.335297
0.335297
0.335297
0.335297
0.335297
0.335297
0.335297
0.335297
0.335297
0.335296
0.335296
0.335295
0.335294
0.335293
0.335292
0.33529
0.335289
0.335286
0.335285
0.335282
0.33528
0.335276
0.335273
0.335268
0.335266
0.335261
0.335258
0.335253
0.33525
0.335245
0.335243
0.33524
0.335238
0.335236
0.335235
0.335234
0.335233
0.335232
0.335231
0.335231
0.33523
0.335231
0.33523
0.335228
0.335226
0.33522
0.335217
0.33521
0.335205
0.335197
0.335192
0.335184
0.335179
0.33517
0.335165
0.335157
0.335153
0.335145
0.335142
0.335134
0.33513
0.335123
0.335119
0.335111
0.335106
0.335097
0.335092
0.335081
0.335075
0.335064
0.335057
0.335045
0.335039
0.335026
0.33502
0.335007
0.335001
0.334989
0.334983
0.334972
0.334966
0.334955
0.334949
0.334939
0.334934
0.334923
0.334918
0.334908
0.334902
0.334891
0.334885
0.334874
0.334868
0.334855
0.334848
0.334835
0.334827
0.334813
0.334805
0.334789
0.33478
0.334763
0.334754
0.334736
0.334727
0.334708
0.334698
0.33468
0.334669
0.33465
0.33464
0.334621
0.334611
0.334592
0.334582
0.334564
0.334555
0.334538
0.33453
0.334514
0.334506
0.334492
0.334485
0.334472
0.334466
0.334454
0.334447
0.334435
0.334429
0.334416
0.33441
0.334396
0.334388
0.334373
0.334364
0.334347
0.334338
0.334321
0.334311
0.334294
0.334284
0.334267
0.334258
0.334243
0.334235
0.334221
0.334215
0.334203
0.334197
0.334186
0.334181
0.33417
0.334165
0.334154
0.334149
0.334137
0.334131
0.334119
0.334112
0.334099
0.334092
0.334079
0.334072
0.33406
0.334054
0.334043
0.334038
0.334029
0.334026
0.334019
0.334017
0.334012
0.334011
0.334007
0.334006
0.334004
0.334003
0.334
0.333999
0.333997
0.333995
0.333993
0.333991
0.333988
0.333981
0.333952
0.333792
0.332753
0.331708
1.46352
0.431738
0.39944
0.388634
0.385899
0.385342
0.385223
0.385197
0.38519
0.385189
0.385188
0.385188
0.385188
0.385188
0.385188
0.385188
0.385187
0.385187
0.385187
0.385186
0.385185
0.385184
0.385182
0.38518
0.385178
0.385174
0.385172
0.385167
0.385164
0.385157
0.385153
0.385145
0.38514
0.385131
0.385124
0.385114
0.385107
0.385096
0.38509
0.385079
0.385074
0.385065
0.385062
0.385056
0.385054
0.385051
0.385051
0.385047
0.385045
0.385042
0.385042
0.385041
0.385042
0.385041
0.385036
0.385027
0.385019
0.385005
0.384996
0.384978
0.384968
0.384948
0.384938
0.384918
0.384909
0.38489
0.384882
0.384865
0.384856
0.384841
0.384832
0.384817
0.384807
0.384791
0.38478
0.384762
0.38475
0.384729
0.384715
0.384691
0.384677
0.384651
0.384637
0.38461
0.384596
0.384569
0.384554
0.384529
0.384515
0.38449
0.384477
0.384454
0.384441
0.384419
0.384406
0.384384
0.384372
0.38435
0.384337
0.384315
0.384302
0.384278
0.384264
0.384238
0.384223
0.384195
0.384178
0.384148
0.38413
0.384097
0.384077
0.384042
0.384022
0.383984
0.383963
0.383924
0.383902
0.383862
0.383839
0.383798
0.383775
0.383734
0.383711
0.383671
0.383649
0.38361
0.383588
0.383551
0.383532
0.383497
0.383479
0.383448
0.383432
0.383404
0.383389
0.383363
0.383348
0.383323
0.383308
0.383283
0.383267
0.383239
0.383221
0.38319
0.383171
0.383136
0.383115
0.383078
0.383057
0.383018
0.382997
0.382959
0.38294
0.382905
0.382888
0.382857
0.382842
0.382815
0.382801
0.382778
0.382765
0.382744
0.382731
0.38271
0.382696
0.382674
0.382659
0.382633
0.382617
0.38259
0.382574
0.382545
0.38253
0.382502
0.382489
0.382464
0.382453
0.382432
0.382424
0.382409
0.382403
0.382392
0.382388
0.382381
0.382377
0.382372
0.382369
0.382365
0.382362
0.382357
0.382353
0.382348
0.382345
0.382338
0.382334
0.382319
0.382266
0.381944
0.379606
0.377894
1.74195
0.51704
0.495865
0.491235
0.48766
0.486766
0.486559
0.48651
0.486499
0.486496
0.486494
0.486494
0.486494
0.486494
0.486494
0.486494
0.486493
0.486492
0.486492
0.48649
0.486488
0.486486
0.486481
0.486477
0.486471
0.486466
0.486458
0.486451
0.48644
0.486431
0.486417
0.486406
0.48639
0.486377
0.486357
0.486342
0.486321
0.486305
0.486286
0.486271
0.486255
0.486243
0.486233
0.486225
0.486221
0.486218
0.486217
0.48621
0.486205
0.486198
0.486199
0.486196
0.486199
0.486197
0.486181
0.486167
0.486143
0.486121
0.486091
0.486065
0.486032
0.486004
0.485971
0.485944
0.485912
0.485888
0.485859
0.485838
0.48581
0.485791
0.485762
0.485743
0.485712
0.48569
0.485656
0.485629
0.485592
0.485561
0.485519
0.485484
0.48544
0.485403
0.485357
0.485319
0.485273
0.485236
0.48519
0.485156
0.485112
0.485079
0.485036
0.485006
0.484965
0.484935
0.484896
0.484866
0.484827
0.484797
0.484757
0.484726
0.484684
0.484651
0.484606
0.48457
0.484521
0.484482
0.484428
0.484386
0.484328
0.484282
0.48422
0.484171
0.484105
0.484054
0.483985
0.483931
0.48386
0.483805
0.483733
0.483677
0.483603
0.483548
0.483475
0.48342
0.483349
0.483296
0.483229
0.483179
0.483116
0.483071
0.483014
0.482972
0.482921
0.482884
0.482836
0.482802
0.482756
0.482723
0.482676
0.482641
0.48259
0.482552
0.482495
0.482452
0.48239
0.482341
0.482274
0.482222
0.482154
0.4821
0.482033
0.481982
0.48192
0.481873
0.481818
0.481778
0.481729
0.481695
0.481651
0.481622
0.481582
0.481554
0.481514
0.481485
0.481442
0.48141
0.481364
0.481327
0.481278
0.481238
0.481188
0.481147
0.481099
0.481061
0.481017
0.480985
0.480948
0.480923
0.480895
0.480877
0.480857
0.480846
0.480831
0.480825
0.480813
0.480807
0.480798
0.480792
0.480782
0.480775
0.480764
0.480755
0.480745
0.480736
0.480725
0.480703
0.480615
0.480043
0.475047
0.473278
2.07561
0.629629
0.635299
0.664802
0.664769
0.663956
0.663699
0.663629
0.663611
0.663606
0.663603
0.663602
0.663603
0.663602
0.663602
0.663602
0.663601
0.6636
0.663598
0.663596
0.663591
0.663585
0.663578
0.663569
0.66356
0.663546
0.663535
0.663517
0.663502
0.66348
0.66346
0.663434
0.663409
0.663378
0.663349
0.663314
0.663284
0.663248
0.66322
0.663187
0.663166
0.663139
0.663128
0.663111
0.663108
0.663103
0.663104
0.663094
0.663084
0.663071
0.663072
0.663067
0.663073
0.663064
0.663037
0.663002
0.662963
0.662912
0.662867
0.662805
0.662758
0.662692
0.662647
0.662584
0.662543
0.662486
0.662449
0.6624
0.662363
0.662317
0.662278
0.662232
0.662188
0.662136
0.662086
0.662024
0.661968
0.661896
0.661835
0.661754
0.66169
0.661604
0.661539
0.661453
0.661388
0.661304
0.661241
0.661161
0.661101
0.661025
0.660967
0.660895
0.66084
0.660771
0.660716
0.660647
0.660592
0.660523
0.660466
0.660394
0.660334
0.660256
0.660192
0.660108
0.660038
0.659946
0.659869
0.65977
0.659687
0.659579
0.659491
0.659376
0.659283
0.659163
0.659066
0.658941
0.658841
0.658712
0.658611
0.658481
0.658379
0.658249
0.658148
0.65802
0.657922
0.657799
0.657707
0.657591
0.657507
0.6574
0.657324
0.657228
0.657159
0.657072
0.657009
0.656929
0.656867
0.656788
0.656723
0.65664
0.656568
0.656476
0.656395
0.656291
0.656201
0.656086
0.655991
0.655868
0.655772
0.655647
0.655555
0.655436
0.655352
0.655244
0.655172
0.655078
0.655016
0.654936
0.65488
0.654811
0.654757
0.654692
0.654636
0.654568
0.654506
0.65443
0.654362
0.654277
0.654205
0.654113
0.654041
0.653947
0.65388
0.653793
0.653735
0.65366
0.653614
0.653556
0.653523
0.653482
0.653459
0.653433
0.653417
0.6534
0.653386
0.653373
0.653359
0.653346
0.65333
0.653313
0.653296
0.653276
0.653261
0.653241
0.653227
0.653199
0.653088
0.65226
0.642511
0.643606
2.49991
0.773578
0.787609
0.894966
0.912465
0.913711
0.9137
0.913651
0.913635
0.913629
0.913627
0.913623
0.913624
0.913623
0.913624
0.913623
0.913622
0.913621
0.913617
0.913613
0.913606
0.913596
0.913585
0.91357
0.913554
0.913533
0.913513
0.913487
0.913461
0.913429
0.913395
0.913356
0.913314
0.913268
0.91322
0.913169
0.913118
0.913066
0.913021
0.912974
0.912939
0.912904
0.912884
0.912864
0.912859
0.912855
0.912858
0.912848
0.912834
0.912815
0.912814
0.912808
0.912814
0.912795
0.912749
0.912693
0.912626
0.912549
0.91247
0.912379
0.912297
0.912203
0.912124
0.912037
0.911966
0.91189
0.911825
0.911759
0.911697
0.911635
0.91157
0.911505
0.911433
0.911356
0.911273
0.911182
0.911087
0.910981
0.910877
0.91076
0.91065
0.910528
0.910416
0.910294
0.910184
0.910066
0.90996
0.909849
0.909747
0.909642
0.909545
0.909445
0.909352
0.909256
0.909164
0.909067
0.908974
0.908876
0.90878
0.908677
0.908575
0.908464
0.908354
0.908234
0.908114
0.907982
0.907852
0.907709
0.907568
0.907414
0.907263
0.907099
0.906941
0.906769
0.906604
0.906426
0.906257
0.906075
0.905902
0.905719
0.905545
0.905363
0.905192
0.905013
0.904847
0.904675
0.904519
0.904359
0.904216
0.904069
0.90394
0.903808
0.903693
0.903574
0.903467
0.903356
0.903252
0.903141
0.903031
0.902913
0.902791
0.902659
0.902521
0.902371
0.902218
0.902052
0.901889
0.901713
0.901548
0.901372
0.901215
0.901049
0.900906
0.900758
0.900635
0.900509
0.900402
0.900296
0.900202
0.900109
0.900019
0.899929
0.899835
0.899738
0.899634
0.899524
0.899409
0.899286
0.899163
0.89903
0.898907
0.898774
0.898659
0.898538
0.898439
0.898338
0.89826
0.898185
0.898129
0.898078
0.89804
0.89801
0.897983
0.897964
0.897942
0.897925
0.897903
0.897883
0.897857
0.897831
0.897803
0.897773
0.897748
0.89772
0.897702
0.89769
0.897598
0.896809
0.880306
0.890895
3.05109
0.963818
0.905618
1.10964
1.16407
1.1712
1.17211
1.17221
1.17221
1.17221
1.17221
1.17221
1.17221
1.1722
1.17221
1.17221
1.1722
1.1722
1.1722
1.17219
1.17218
1.17217
1.17215
1.17214
1.17211
1.17209
1.17206
1.17203
1.17199
1.17196
1.17191
1.17186
1.1718
1.17175
1.17168
1.17163
1.17156
1.1715
1.17143
1.17138
1.17133
1.17129
1.17126
1.17124
1.17123
1.17123
1.17123
1.17123
1.17121
1.17119
1.17119
1.17118
1.17118
1.17115
1.17109
1.17102
1.17093
1.17084
1.17073
1.17063
1.17051
1.1704
1.17029
1.17019
1.17009
1.17001
1.16991
1.16984
1.16975
1.16968
1.16959
1.16952
1.16942
1.16933
1.16921
1.16911
1.16897
1.16885
1.16871
1.16858
1.16842
1.16828
1.16812
1.16798
1.16783
1.16769
1.16754
1.16742
1.16727
1.16716
1.16702
1.16691
1.16678
1.16667
1.16654
1.16643
1.1663
1.16619
1.16605
1.16594
1.16579
1.16567
1.16551
1.16537
1.1652
1.16505
1.16487
1.16471
1.16451
1.16433
1.16412
1.16393
1.16371
1.16351
1.16328
1.16308
1.16284
1.16263
1.16239
1.16218
1.16194
1.16173
1.16149
1.16129
1.16105
1.16086
1.16064
1.16046
1.16026
1.1601
1.15991
1.15977
1.1596
1.15947
1.15932
1.15919
1.15904
1.15892
1.15876
1.15863
1.15846
1.15831
1.15811
1.15794
1.15773
1.15754
1.15731
1.15711
1.15688
1.15668
1.15646
1.15627
1.15607
1.1559
1.15572
1.15558
1.15543
1.15531
1.15518
1.15508
1.15495
1.15485
1.15472
1.15461
1.15446
1.15434
1.15418
1.15403
1.15386
1.15371
1.15354
1.15339
1.15323
1.15309
1.15295
1.15284
1.15272
1.15264
1.15256
1.15251
1.15245
1.15242
1.15238
1.15236
1.15233
1.15231
1.15229
1.15226
1.15223
1.1522
1.15216
1.15213
1.15209
1.15206
1.15204
1.15208
1.1521
1.15209
1.12891
1.15831
3.6839
1.21253
0.9715
1.22606
1.31602
1.33055
1.33279
1.33314
1.33319
1.3332
1.3332
1.3332
1.33319
1.33319
1.33319
1.33319
1.33319
1.33319
1.33318
1.33318
1.33317
1.33316
1.33314
1.33312
1.3331
1.33307
1.33305
1.33301
1.33298
1.33293
1.33289
1.33283
1.33279
1.33272
1.33267
1.33259
1.33253
1.33246
1.33241
1.33234
1.3323
1.33224
1.33222
1.33219
1.33218
1.33217
1.33217
1.33217
1.33216
1.33214
1.33213
1.33212
1.33212
1.33208
1.33203
1.33195
1.33187
1.33176
1.33168
1.33155
1.33145
1.33131
1.33122
1.33109
1.33101
1.33089
1.33081
1.33071
1.33064
1.33053
1.33046
1.33036
1.33028
1.33016
1.33007
1.32993
1.32983
1.32967
1.32955
1.32938
1.32926
1.32907
1.32895
1.32876
1.32864
1.32846
1.32834
1.32816
1.32805
1.32789
1.32778
1.32762
1.32752
1.32737
1.32726
1.32712
1.32701
1.32686
1.32675
1.32659
1.32648
1.32631
1.32619
1.326
1.32587
1.32567
1.32552
1.3253
1.32515
1.32491
1.32474
1.32449
1.32431
1.32405
1.32387
1.32359
1.3234
1.32312
1.32293
1.32265
1.32245
1.32217
1.32198
1.32171
1.32152
1.32126
1.32108
1.32084
1.32068
1.32045
1.3203
1.3201
1.31997
1.31978
1.31966
1.31948
1.31937
1.31919
1.31907
1.31889
1.31875
1.31855
1.31839
1.31817
1.31799
1.31774
1.31756
1.3173
1.31711
1.31685
1.31667
1.31642
1.31625
1.31602
1.31588
1.31568
1.31556
1.31539
1.31529
1.31513
1.31504
1.31489
1.31479
1.31463
1.31452
1.31435
1.31423
1.31404
1.3139
1.31371
1.31357
1.31337
1.31324
1.31306
1.31294
1.31279
1.3127
1.31257
1.31251
1.31242
1.31238
1.31233
1.3123
1.31226
1.31224
1.31221
1.31219
1.31216
1.31213
1.31209
1.31206
1.31202
1.31199
1.31196
1.31195
1.31203
1.31228
1.31383
1.28744
1.34353
4.19495
1.49213
0.94288
1.12111
1.20272
1.21888
1.22168
1.22219
1.22228
1.2223
1.22231
1.22231
1.2223
1.2223
1.2223
1.2223
1.2223
1.2223
1.2223
1.22229
1.22228
1.22228
1.22226
1.22225
1.22223
1.22222
1.22219
1.22217
1.22214
1.22211
1.22206
1.22203
1.22198
1.22195
1.22188
1.22185
1.22178
1.22174
1.22168
1.22164
1.22159
1.22156
1.22152
1.2215
1.22148
1.22147
1.22146
1.22146
1.22145
1.22144
1.22144
1.22143
1.22141
1.22139
1.22135
1.22131
1.22123
1.22118
1.22108
1.22102
1.22091
1.22084
1.22072
1.22065
1.22054
1.22048
1.22037
1.22032
1.22022
1.22017
1.22007
1.22002
1.21992
1.21986
1.21975
1.21968
1.21956
1.21948
1.21934
1.21925
1.21911
1.21901
1.21885
1.21876
1.2186
1.2185
1.21835
1.21826
1.21811
1.21802
1.21788
1.2178
1.21767
1.21759
1.21745
1.21738
1.21725
1.21717
1.21703
1.21695
1.21681
1.21672
1.21657
1.21648
1.21631
1.21621
1.21603
1.21592
1.21573
1.2156
1.2154
1.21527
1.21505
1.21491
1.21468
1.21454
1.21431
1.21416
1.21392
1.21377
1.21353
1.21338
1.21314
1.21299
1.21276
1.21262
1.2124
1.21226
1.21206
1.21193
1.21174
1.21163
1.21146
1.21136
1.2112
1.21111
1.21095
1.21086
1.21071
1.21061
1.21044
1.21034
1.21016
1.21004
1.20984
1.20971
1.20949
1.20935
1.20913
1.20899
1.20876
1.20863
1.20842
1.2083
1.20811
1.208
1.20783
1.20774
1.20759
1.20751
1.20738
1.2073
1.20717
1.20709
1.20695
1.20686
1.20671
1.20662
1.20646
1.20635
1.20619
1.20608
1.20592
1.20582
1.20567
1.20559
1.20546
1.2054
1.2053
1.20525
1.20518
1.20515
1.2051
1.20508
1.20504
1.20503
1.205
1.20498
1.20495
1.20494
1.2049
1.20488
1.20485
1.20484
1.20483
1.20491
1.20533
1.20812
1.18631
1.25935
4.1622
1.67988
0.689026
0.595609
0.607827
0.616286
0.618255
0.618725
0.61884
0.618868
0.618875
0.618877
0.618877
0.618877
0.618876
0.618876
0.618875
0.618875
0.618874
0.618872
0.61887
0.618868
0.618864
0.61886
0.618855
0.618849
0.618842
0.618833
0.618824
0.618813
0.6188
0.618787
0.618772
0.618756
0.618738
0.61872
0.618702
0.618683
0.618664
0.618646
0.618629
0.618614
0.6186
0.618589
0.61858
0.618573
0.618568
0.618565
0.618563
0.618561
0.618558
0.618556
0.618551
0.618544
0.618533
0.618519
0.6185
0.618478
0.618453
0.618425
0.618394
0.618361
0.618327
0.618294
0.61826
0.618227
0.618195
0.618164
0.618134
0.618105
0.618077
0.61805
0.618021
0.617993
0.617962
0.61793
0.617896
0.61786
0.617821
0.617781
0.617738
0.617694
0.617648
0.617602
0.617555
0.617508
0.617461
0.617416
0.61737
0.617327
0.617283
0.617242
0.617201
0.617161
0.617121
0.617083
0.617044
0.617006
0.616966
0.616927
0.616886
0.616844
0.6168
0.616756
0.616708
0.61666
0.616609
0.616556
0.6165
0.616444
0.616383
0.616323
0.616258
0.616194
0.616126
0.616059
0.615989
0.615919
0.615847
0.615776
0.615703
0.615632
0.615559
0.615489
0.615418
0.615349
0.615281
0.615216
0.615151
0.61509
0.615031
0.614975
0.61492
0.614869
0.614819
0.614772
0.614725
0.614679
0.614633
0.614587
0.614538
0.614489
0.614437
0.614383
0.614325
0.614266
0.614203
0.61414
0.614073
0.614008
0.61394
0.613875
0.61381
0.613748
0.613688
0.613632
0.613578
0.613529
0.613482
0.613439
0.613397
0.613357
0.613317
0.613279
0.613239
0.613199
0.613156
0.613113
0.613066
0.61302
0.61297
0.612922
0.612872
0.612825
0.612778
0.612734
0.612693
0.612656
0.612623
0.612594
0.61257
0.612549
0.612532
0.612518
0.612506
0.612496
0.612488
0.61248
0.612472
0.612464
0.612455
0.612447
0.612439
0.612433
0.612435
0.612478
0.612722
0.614015
0.607303
0.634786
4.1622
1.67988
0.689026
0.59561
0.607828
0.616286
0.618255
0.618726
0.61884
0.618868
0.618875
0.618877
0.618877
0.618877
0.618877
0.618876
0.618876
0.618875
0.618874
0.618872
0.61887
0.618868
0.618864
0.61886
0.618855
0.618849
0.618842
0.618833
0.618824
0.618812
0.618801
0.618787
0.618772
0.618756
0.618739
0.61872
0.618702
0.618683
0.618664
0.618646
0.618629
0.618614
0.6186
0.618589
0.61858
0.618573
0.618568
0.618565
0.618563
0.61856
0.618559
0.618555
0.618551
0.618544
0.618533
0.618518
0.6185
0.618478
0.618453
0.618424
0.618394
0.618361
0.618328
0.618293
0.61826
0.618227
0.618195
0.618164
0.618134
0.618105
0.618077
0.618049
0.618022
0.617992
0.617962
0.61793
0.617896
0.61786
0.617822
0.617781
0.617738
0.617694
0.617649
0.617602
0.617555
0.617508
0.617462
0.617415
0.617371
0.617326
0.617284
0.617241
0.617201
0.617161
0.617122
0.617083
0.617044
0.617005
0.616967
0.616926
0.616886
0.616844
0.616801
0.616755
0.616709
0.61666
0.616609
0.616556
0.616501
0.616443
0.616384
0.616322
0.616259
0.616193
0.616127
0.616058
0.61599
0.615918
0.615848
0.615775
0.615704
0.615631
0.61556
0.615488
0.615418
0.615348
0.615281
0.615215
0.615152
0.61509
0.615031
0.614974
0.614921
0.614869
0.61482
0.614771
0.614725
0.614679
0.614633
0.614586
0.614539
0.614489
0.614438
0.614382
0.614326
0.614266
0.614204
0.614139
0.614074
0.614007
0.613941
0.613874
0.61381
0.613747
0.613688
0.613631
0.613579
0.613529
0.613482
0.613438
0.613397
0.613357
0.613318
0.613278
0.613239
0.613198
0.613157
0.613112
0.613067
0.613019
0.612971
0.612921
0.612873
0.612824
0.612778
0.612734
0.612694
0.612656
0.612623
0.612594
0.61257
0.612549
0.612532
0.612518
0.612506
0.612496
0.612488
0.61248
0.612472
0.612464
0.612455
0.612447
0.612439
0.612433
0.612436
0.612478
0.612722
0.614015
0.607303
0.634786
4.19495
1.49213
0.94288
1.12111
1.20272
1.21888
1.22168
1.22219
1.22228
1.2223
1.22231
1.22231
1.22231
1.2223
1.2223
1.2223
1.2223
1.2223
1.2223
1.22229
1.22228
1.22227
1.22227
1.22225
1.22224
1.22221
1.2222
1.22216
1.22214
1.2221
1.22207
1.22203
1.22199
1.22193
1.2219
1.22183
1.22179
1.22173
1.22169
1.22163
1.2216
1.22155
1.22153
1.2215
1.22148
1.22147
1.22147
1.22146
1.22145
1.22144
1.22144
1.22143
1.22142
1.22139
1.22136
1.2213
1.22125
1.22116
1.2211
1.221
1.22093
1.22081
1.22074
1.22063
1.22056
1.22046
1.2204
1.2203
1.22024
1.22015
1.22009
1.22
1.21994
1.21984
1.21977
1.21966
1.21958
1.21946
1.21937
1.21923
1.21913
1.21898
1.21888
1.21873
1.21863
1.21847
1.21838
1.21823
1.21814
1.21799
1.21791
1.21777
1.21769
1.21756
1.21748
1.21735
1.21727
1.21714
1.21706
1.21692
1.21684
1.21669
1.2166
1.21645
1.21635
1.21618
1.21607
1.21588
1.21576
1.21557
1.21544
1.21523
1.21509
1.21487
1.21473
1.2145
1.21435
1.21411
1.21396
1.21372
1.21357
1.21333
1.21319
1.21295
1.2128
1.21257
1.21244
1.21222
1.2121
1.2119
1.21178
1.2116
1.21149
1.21133
1.21123
1.21107
1.21098
1.21083
1.21074
1.21058
1.21048
1.2103
1.21019
1.21
1.20988
1.20967
1.20953
1.20931
1.20917
1.20894
1.20881
1.20859
1.20846
1.20826
1.20814
1.20796
1.20786
1.20771
1.20762
1.20748
1.2074
1.20727
1.20719
1.20706
1.20698
1.20684
1.20674
1.20659
1.20649
1.20632
1.20622
1.20605
1.20595
1.20579
1.2057
1.20556
1.20549
1.20537
1.20532
1.20523
1.20519
1.20513
1.20511
1.20507
1.20505
1.20502
1.20501
1.20498
1.20496
1.20493
1.20491
1.20488
1.20486
1.20483
1.20483
1.20491
1.20533
1.20812
1.18631
1.25935
3.6839
1.21253
0.9715
1.22606
1.31602
1.33055
1.33279
1.33314
1.33319
1.3332
1.3332
1.3332
1.3332
1.3332
1.33319
1.33319
1.33319
1.33319
1.33318
1.33318
1.33317
1.33316
1.33314
1.33312
1.3331
1.33308
1.33304
1.33302
1.33297
1.33294
1.33288
1.33284
1.33278
1.33273
1.33266
1.3326
1.33252
1.33247
1.3324
1.33235
1.33229
1.33225
1.33221
1.3322
1.33218
1.33217
1.33217
1.33217
1.33215
1.33214
1.33213
1.33213
1.33211
1.33208
1.33202
1.33196
1.33186
1.33178
1.33166
1.33157
1.33143
1.33134
1.3312
1.33111
1.33099
1.33091
1.3308
1.33072
1.33062
1.33055
1.33045
1.33037
1.33026
1.33018
1.33005
1.32995
1.32981
1.32969
1.32953
1.32941
1.32923
1.3291
1.32892
1.32879
1.32861
1.32849
1.32831
1.32819
1.32802
1.32791
1.32775
1.32765
1.32749
1.32739
1.32724
1.32714
1.32699
1.32688
1.32673
1.32662
1.32646
1.32634
1.32616
1.32603
1.32584
1.3257
1.32549
1.32534
1.32511
1.32495
1.3247
1.32453
1.32427
1.32409
1.32382
1.32364
1.32336
1.32317
1.32289
1.32269
1.32241
1.32222
1.32194
1.32175
1.32148
1.3213
1.32104
1.32088
1.32064
1.32048
1.32027
1.32013
1.31993
1.31981
1.31963
1.31951
1.31934
1.31922
1.31904
1.31891
1.31872
1.31858
1.31836
1.3182
1.31796
1.31778
1.31752
1.31734
1.31707
1.31689
1.31663
1.31646
1.31621
1.31606
1.31585
1.31572
1.31553
1.31542
1.31526
1.31516
1.31501
1.31491
1.31476
1.31466
1.3145
1.31438
1.3142
1.31407
1.31388
1.31374
1.31354
1.3134
1.31321
1.31308
1.31291
1.31281
1.31267
1.3126
1.31249
1.31244
1.31237
1.31234
1.31229
1.31227
1.31223
1.31221
1.31218
1.31216
1.31212
1.3121
1.31206
1.31203
1.31199
1.31196
1.31195
1.31202
1.31228
1.31383
1.28744
1.34353
3.0511
0.963819
0.905619
1.10964
1.16407
1.17121
1.17211
1.17221
1.17222
1.17221
1.17221
1.17221
1.17221
1.17221
1.1722
1.1722
1.1722
1.1722
1.1722
1.17219
1.17218
1.17217
1.17216
1.17214
1.17212
1.17209
1.17206
1.17203
1.172
1.17195
1.17191
1.17186
1.17181
1.17175
1.17169
1.17162
1.17156
1.17149
1.17144
1.17138
1.17133
1.17129
1.17126
1.17124
1.17123
1.17123
1.17123
1.17123
1.17121
1.1712
1.17118
1.17118
1.17118
1.17115
1.1711
1.17102
1.17094
1.17084
1.17074
1.17062
1.17052
1.1704
1.1703
1.17019
1.1701
1.17
1.16992
1.16983
1.16976
1.16967
1.1696
1.16951
1.16942
1.16932
1.16922
1.1691
1.16899
1.16884
1.16872
1.16856
1.16843
1.16827
1.16813
1.16797
1.16784
1.16768
1.16756
1.16741
1.16729
1.16715
1.16703
1.1669
1.16679
1.16666
1.16655
1.16642
1.16631
1.16618
1.16606
1.16592
1.1658
1.16565
1.16552
1.16536
1.16522
1.16504
1.16488
1.16469
1.16452
1.16432
1.16414
1.16392
1.16373
1.1635
1.1633
1.16306
1.16286
1.16262
1.16241
1.16216
1.16196
1.16171
1.16151
1.16127
1.16107
1.16085
1.16066
1.16045
1.16028
1.16008
1.15993
1.15975
1.15961
1.15946
1.15933
1.15918
1.15906
1.15891
1.15878
1.15862
1.15847
1.15829
1.15813
1.15793
1.15774
1.15752
1.15733
1.15709
1.15689
1.15666
1.15647
1.15625
1.15608
1.15589
1.15574
1.15557
1.15544
1.1553
1.15519
1.15506
1.15496
1.15484
1.15473
1.15459
1.15448
1.15432
1.15419
1.15402
1.15388
1.1537
1.15355
1.15338
1.15323
1.15308
1.15296
1.15283
1.15273
1.15263
1.15257
1.1525
1.15246
1.15241
1.15239
1.15236
1.15234
1.15231
1.15229
1.15226
1.15223
1.1522
1.15216
1.15213
1.15209
1.15206
1.15204
1.15208
1.15211
1.15208
1.12891
1.15831
2.49991
0.773579
0.787609
0.894967
0.912464
0.913713
0.913695
0.913652
0.913637
0.91363
0.913626
0.913625
0.913623
0.913624
0.913623
0.913624
0.913622
0.91362
0.913618
0.913612
0.913606
0.913596
0.913584
0.91357
0.913553
0.913535
0.913511
0.913488
0.91346
0.91343
0.913394
0.913356
0.913314
0.913268
0.913219
0.913169
0.913117
0.913068
0.913018
0.912977
0.912935
0.912907
0.91288
0.912868
0.912856
0.912856
0.912858
0.912852
0.912829
0.912821
0.912808
0.912813
0.91281
0.912791
0.91275
0.912693
0.912625
0.912551
0.912465
0.912384
0.912291
0.912209
0.912118
0.912043
0.911961
0.911893
0.911822
0.91176
0.911697
0.911634
0.911571
0.911504
0.911433
0.911356
0.911273
0.911183
0.911085
0.910984
0.910873
0.910765
0.910645
0.910534
0.910411
0.910299
0.910179
0.910071
0.909956
0.909852
0.909744
0.909645
0.909542
0.909447
0.90935
0.909258
0.909162
0.90907
0.908972
0.908878
0.908777
0.908679
0.908572
0.908467
0.908351
0.908236
0.908111
0.907986
0.907848
0.907713
0.907564
0.907418
0.907259
0.907104
0.906935
0.906774
0.906599
0.906432
0.906251
0.90608
0.905897
0.905724
0.90554
0.905368
0.905187
0.905018
0.904842
0.90468
0.904514
0.904364
0.904211
0.904075
0.903935
0.903813
0.903688
0.903578
0.903464
0.903359
0.903249
0.903143
0.90303
0.902914
0.90279
0.90266
0.902519
0.902373
0.902214
0.902056
0.901884
0.901719
0.901542
0.90138
0.901207
0.901056
0.900899
0.900765
0.900628
0.900514
0.900398
0.900299
0.900201
0.90011
0.900019
0.899928
0.899836
0.899737
0.899634
0.899525
0.899408
0.899288
0.899159
0.899035
0.898901
0.898781
0.898653
0.898545
0.898432
0.898344
0.898255
0.898188
0.898126
0.89808
0.89804
0.898009
0.897985
0.897962
0.897944
0.897923
0.897905
0.897881
0.897858
0.897831
0.897802
0.897775
0.897745
0.897723
0.897699
0.897692
0.897602
0.896807
0.880306
0.890895
2.07562
0.62963
0.635299
0.664803
0.664769
0.663956
0.663699
0.663629
0.663612
0.663605
0.663604
0.663603
0.663602
0.663602
0.663602
0.663602
0.663601
0.6636
0.663598
0.663595
0.663591
0.663585
0.663578
0.66357
0.663558
0.663548
0.663533
0.663519
0.6635
0.663482
0.663458
0.663436
0.663407
0.66338
0.663347
0.663317
0.663281
0.663252
0.663216
0.663192
0.663161
0.663145
0.663123
0.663116
0.663105
0.663105
0.663104
0.663097
0.66308
0.663076
0.663067
0.663072
0.663069
0.663062
0.663037
0.663003
0.66296
0.662917
0.66286
0.662813
0.662748
0.662702
0.662637
0.662593
0.662534
0.662494
0.662442
0.662405
0.662358
0.662321
0.662275
0.662235
0.662186
0.662139
0.662082
0.662029
0.661962
0.661903
0.661826
0.661763
0.66168
0.661615
0.661528
0.661463
0.661378
0.661314
0.661232
0.66117
0.661092
0.661033
0.66096
0.660903
0.660833
0.660778
0.660709
0.660654
0.660585
0.66053
0.660459
0.660401
0.660326
0.660264
0.660184
0.660116
0.660029
0.659955
0.65986
0.65978
0.659676
0.659591
0.659479
0.659389
0.659271
0.659176
0.659053
0.658954
0.658827
0.658726
0.658597
0.658495
0.658365
0.658263
0.658134
0.658034
0.657908
0.657813
0.657693
0.657605
0.657493
0.657413
0.657312
0.657239
0.657148
0.657083
0.657
0.656938
0.656859
0.656795
0.656715
0.656647
0.65656
0.656484
0.656386
0.6563
0.656191
0.656098
0.655978
0.655882
0.655757
0.655662
0.65554
0.655451
0.655337
0.655259
0.655158
0.655091
0.655005
0.654946
0.654872
0.654818
0.654752
0.654697
0.654631
0.654573
0.654501
0.654436
0.654355
0.654285
0.654196
0.654123
0.654029
0.653959
0.653868
0.653805
0.653723
0.653671
0.653604
0.653565
0.653516
0.653488
0.653455
0.653436
0.653416
0.653401
0.653387
0.653373
0.65336
0.653345
0.65333
0.653313
0.653294
0.653279
0.653258
0.653244
0.653223
0.653203
0.653092
0.652258
0.642513
0.643606
1.74196
0.517041
0.495865
0.491236
0.487659
0.486766
0.486559
0.486511
0.486499
0.486496
0.486494
0.486494
0.486494
0.486494
0.486494
0.486494
0.486493
0.486492
0.486491
0.48649
0.486488
0.486485
0.486482
0.486477
0.486472
0.486465
0.486459
0.486449
0.486441
0.48643
0.486419
0.486404
0.486392
0.486374
0.48636
0.486339
0.486324
0.486303
0.486288
0.48627
0.486256
0.486243
0.486233
0.486226
0.486221
0.486218
0.486217
0.486212
0.486203
0.486201
0.486196
0.486199
0.486197
0.486195
0.486184
0.486164
0.486145
0.486118
0.486094
0.486062
0.486034
0.486001
0.485973
0.485941
0.485915
0.485885
0.485862
0.485834
0.485814
0.485786
0.485767
0.485738
0.485717
0.485685
0.485661
0.485625
0.485596
0.485556
0.485523
0.48548
0.485444
0.485399
0.485361
0.485315
0.485278
0.485231
0.485196
0.485151
0.485117
0.485074
0.485042
0.485
0.48497
0.48493
0.484901
0.484861
0.484832
0.484792
0.484762
0.484721
0.484689
0.484646
0.484611
0.484564
0.484527
0.484475
0.484435
0.484379
0.484335
0.484275
0.484227
0.484163
0.484113
0.484046
0.483993
0.483923
0.483869
0.483797
0.483741
0.483668
0.483613
0.483539
0.483484
0.483411
0.483358
0.483288
0.483237
0.483171
0.483124
0.483064
0.48302
0.482966
0.482927
0.482877
0.482842
0.482796
0.482762
0.482716
0.482682
0.482634
0.482597
0.482544
0.482503
0.482444
0.482397
0.482333
0.482282
0.482214
0.482161
0.482093
0.48204
0.481975
0.481926
0.481867
0.481824
0.481772
0.481735
0.481689
0.481658
0.481616
0.481588
0.481548
0.48152
0.481479
0.481449
0.481404
0.48137
0.481321
0.481283
0.481233
0.481193
0.481143
0.481103
0.481057
0.481021
0.480981
0.480952
0.48092
0.480898
0.480874
0.48086
0.480843
0.480834
0.480822
0.480816
0.480805
0.4808
0.48079
0.480784
0.480773
0.480765
0.480755
0.480746
0.480736
0.480725
0.480704
0.480617
0.480042
0.475048
0.473278
1.46352
0.431739
0.39944
0.388634
0.385899
0.385342
0.385223
0.385196
0.38519
0.385189
0.385188
0.385188
0.385188
0.385188
0.385188
0.385188
0.385187
0.385187
0.385186
0.385186
0.385185
0.385184
0.385182
0.38518
0.385177
0.385175
0.385171
0.385168
0.385162
0.385159
0.385152
0.385147
0.385138
0.385133
0.385123
0.385116
0.385105
0.385098
0.385087
0.385082
0.385071
0.385068
0.38506
0.385058
0.385053
0.385052
0.385051
0.385048
0.385044
0.385043
0.385041
0.385042
0.385041
0.385041
0.385035
0.385028
0.385017
0.385008
0.384992
0.384982
0.384963
0.384953
0.384933
0.384924
0.384904
0.384895
0.384877
0.384869
0.384853
0.384844
0.384829
0.38482
0.384805
0.384794
0.384777
0.384765
0.384746
0.384733
0.38471
0.384697
0.384672
0.384657
0.384631
0.384616
0.384589
0.384575
0.384549
0.384534
0.384509
0.384495
0.384472
0.384458
0.384436
0.384423
0.384401
0.384389
0.384367
0.384355
0.384333
0.38432
0.384297
0.384283
0.384259
0.384244
0.384217
0.384201
0.384172
0.384154
0.384123
0.384104
0.38407
0.38405
0.384014
0.383993
0.383955
0.383933
0.383893
0.383871
0.38383
0.383807
0.383766
0.383743
0.383703
0.38368
0.38364
0.383618
0.38358
0.383559
0.383524
0.383505
0.383472
0.383455
0.383425
0.38341
0.383383
0.383368
0.383343
0.383328
0.383303
0.383288
0.383262
0.383245
0.383216
0.383197
0.383164
0.383143
0.383108
0.383086
0.383048
0.383027
0.382988
0.382968
0.382931
0.382913
0.38288
0.382864
0.382835
0.382821
0.382796
0.382783
0.382761
0.382748
0.382727
0.382714
0.382692
0.382678
0.382654
0.382638
0.382612
0.382596
0.382568
0.382552
0.382523
0.382509
0.382482
0.38247
0.382447
0.382437
0.38242
0.382412
0.3824
0.382394
0.382386
0.382382
0.382377
0.382373
0.382369
0.382365
0.382361
0.382358
0.382352
0.382349
0.382343
0.38234
0.382332
0.382321
0.382265
0.381943
0.379606
0.377895
1.22119
0.373077
0.34513
0.337177
0.33566
0.335373
0.335314
0.335301
0.335298
0.335298
0.335297
0.335297
0.335297
0.335297
0.335297
0.335297
0.335297
0.335297
0.335297
0.335296
0.335296
0.335295
0.335295
0.335294
0.335293
0.335292
0.33529
0.335288
0.335287
0.335284
0.335282
0.335279
0.335277
0.335272
0.33527
0.335265
0.335262
0.335257
0.335254
0.335249
0.335246
0.335242
0.33524
0.335238
0.335236
0.335235
0.335234
0.335233
0.335231
0.335231
0.33523
0.335231
0.33523
0.33523
0.335229
0.335224
0.335222
0.335215
0.335211
0.335204
0.335199
0.335191
0.335185
0.335177
0.335172
0.335164
0.335159
0.335151
0.335147
0.33514
0.335136
0.335128
0.335125
0.335117
0.335113
0.335104
0.335099
0.335089
0.335084
0.335073
0.335067
0.335055
0.335048
0.335036
0.335029
0.335017
0.33501
0.334998
0.334992
0.33498
0.334974
0.334963
0.334958
0.334947
0.334941
0.334931
0.334926
0.334916
0.33491
0.3349
0.334894
0.334883
0.334877
0.334865
0.334858
0.334845
0.334838
0.334824
0.334816
0.334801
0.334793
0.334776
0.334767
0.33475
0.334741
0.334723
0.334713
0.334694
0.334684
0.334665
0.334655
0.334636
0.334625
0.334607
0.334597
0.334578
0.334569
0.334551
0.334542
0.334526
0.334518
0.334503
0.334495
0.334482
0.334475
0.334463
0.334457
0.334445
0.334438
0.334426
0.33442
0.334406
0.334399
0.334384
0.334376
0.33436
0.334351
0.334334
0.334325
0.334307
0.334297
0.33428
0.334271
0.334255
0.334246
0.334232
0.334225
0.334212
0.334205
0.334194
0.334189
0.334178
0.334173
0.334162
0.334157
0.334146
0.33414
0.334128
0.334122
0.334109
0.334102
0.334089
0.334082
0.334069
0.334062
0.334051
0.334045
0.334036
0.334031
0.334024
0.334021
0.334015
0.334013
0.33401
0.334008
0.334006
0.334004
0.334002
0.334001
0.333999
0.333997
0.333995
0.333993
0.333991
0.333988
0.333981
0.333952
0.333791
0.332754
0.331708
1.00841
0.337301
0.318561
0.314086
0.313348
0.313213
0.313186
0.31318
0.313179
0.313178
0.313178
0.313178
0.313178
0.313178
0.313178
0.313178
0.313178
0.313178
0.313178
0.313178
0.313178
0.313178
0.313177
0.313177
0.313176
0.313176
0.313175
0.313175
0.313174
0.313173
0.313172
0.313171
0.313169
0.313168
0.313166
0.313165
0.313163
0.313162
0.313159
0.313158
0.313156
0.313155
0.313153
0.313153
0.313151
0.313151
0.313151
0.31315
0.313149
0.313149
0.313149
0.313149
0.313149
0.313149
0.313148
0.313147
0.313145
0.313144
0.313141
0.31314
0.313135
0.313134
0.313129
0.313128
0.313123
0.313122
0.313118
0.313116
0.313112
0.313111
0.313107
0.313106
0.313102
0.313101
0.313097
0.313096
0.313091
0.31309
0.313085
0.313083
0.313077
0.313075
0.313069
0.313067
0.313061
0.313059
0.313052
0.31305
0.313044
0.313042
0.313036
0.313035
0.313029
0.313027
0.313022
0.31302
0.313015
0.313013
0.313008
0.313007
0.313001
0.312999
0.312994
0.312992
0.312986
0.312983
0.312977
0.312975
0.312967
0.312965
0.312957
0.312954
0.312946
0.312943
0.312934
0.312931
0.312922
0.312919
0.312909
0.312906
0.312896
0.312893
0.312884
0.31288
0.312871
0.312868
0.312859
0.312856
0.312847
0.312844
0.312836
0.312834
0.312826
0.312824
0.312818
0.312815
0.312809
0.312807
0.312801
0.312799
0.312793
0.312791
0.312784
0.312782
0.312774
0.312772
0.312763
0.312761
0.312752
0.312749
0.31274
0.312737
0.312728
0.312725
0.312717
0.312715
0.312708
0.312705
0.312699
0.312697
0.312692
0.31269
0.312685
0.312683
0.312678
0.312676
0.312671
0.312669
0.312663
0.31266
0.312654
0.312652
0.312645
0.312643
0.312637
0.312635
0.312629
0.312627
0.312623
0.312621
0.312618
0.312617
0.312615
0.312614
0.312612
0.312612
0.312611
0.31261
0.312609
0.312609
0.312608
0.312607
0.312606
0.312606
0.312604
0.312601
0.312587
0.312512
0.312064
0.31153
0.825901
0.317768
0.306792
0.304564
0.304228
0.304167
0.304155
0.304153
0.304152
0.304152
0.304152
0.304152
0.304152
0.304152
0.304152
0.304152
0.304152
0.304152
0.304152
0.304152
0.304152
0.304152
0.304152
0.304152
0.304151
0.304151
0.304151
0.304151
0.30415
0.30415
0.30415
0.304149
0.304149
0.304148
0.304148
0.304146
0.304146
0.304145
0.304145
0.304144
0.304143
0.304142
0.304142
0.304141
0.304141
0.30414
0.30414
0.30414
0.30414
0.30414
0.304139
0.30414
0.30414
0.30414
0.30414
0.304139
0.304139
0.304137
0.304137
0.304135
0.304135
0.304133
0.304133
0.304131
0.30413
0.304128
0.304127
0.304125
0.304125
0.304123
0.304123
0.304121
0.304121
0.304119
0.304119
0.304117
0.304116
0.304114
0.304114
0.304111
0.304111
0.304108
0.304107
0.304104
0.304104
0.304101
0.3041
0.304097
0.304097
0.304094
0.304093
0.30409
0.30409
0.304087
0.304087
0.304084
0.304084
0.304081
0.304081
0.304078
0.304078
0.304075
0.304075
0.304072
0.304072
0.304069
0.304068
0.304065
0.304064
0.304061
0.30406
0.304056
0.304055
0.304051
0.30405
0.304046
0.304045
0.304041
0.30404
0.304035
0.304035
0.30403
0.304029
0.304024
0.304024
0.304019
0.304018
0.304014
0.304013
0.304009
0.304008
0.304004
0.304004
0.304
0.304
0.303997
0.303996
0.303993
0.303993
0.30399
0.303989
0.303986
0.303986
0.303982
0.303982
0.303978
0.303977
0.303973
0.303973
0.303968
0.303967
0.303963
0.303962
0.303958
0.303957
0.303954
0.303953
0.30395
0.303949
0.303946
0.303945
0.303943
0.303942
0.30394
0.303939
0.303937
0.303937
0.303934
0.303933
0.30393
0.30393
0.303927
0.303926
0.303923
0.303922
0.303919
0.303919
0.303916
0.303916
0.303914
0.303913
0.303912
0.303911
0.30391
0.30391
0.30391
0.303909
0.303909
0.303909
0.303908
0.303908
0.303908
0.303908
0.303907
0.303907
0.303905
0.303899
0.303865
0.303675
0.303426
0.676409
0.307985
0.302001
0.300964
0.300816
0.30079
0.300785
0.300784
0.300784
0.300784
0.300784
0.300784
0.300784
0.300784
0.300784
0.300784
0.300784
0.300784
0.300784
0.300784
0.300784
0.300784
0.300784
0.300784
0.300784
0.300784
0.300783
0.300783
0.300783
0.300783
0.300783
0.300783
0.300782
0.300782
0.300782
0.300782
0.300781
0.300781
0.300781
0.300781
0.30078
0.30078
0.30078
0.30078
0.300779
0.300779
0.300779
0.300779
0.300779
0.300779
0.300779
0.300779
0.300779
0.300779
0.300778
0.300779
0.300778
0.300778
0.300778
0.300778
0.300777
0.300777
0.300776
0.300776
0.300774
0.300774
0.300773
0.300773
0.300772
0.300772
0.300771
0.300771
0.30077
0.30077
0.30077
0.30077
0.300769
0.300769
0.300768
0.300768
0.300766
0.300766
0.300765
0.300765
0.300763
0.300763
0.300762
0.300762
0.30076
0.30076
0.300759
0.300759
0.300757
0.300757
0.300756
0.300756
0.300755
0.300755
0.300754
0.300754
0.300752
0.300753
0.300751
0.300751
0.30075
0.30075
0.300748
0.300748
0.300747
0.300747
0.300745
0.300745
0.300743
0.300743
0.300741
0.300741
0.300739
0.300739
0.300736
0.300736
0.300734
0.300734
0.300732
0.300732
0.300729
0.300729
0.300727
0.300727
0.300725
0.300725
0.300723
0.300723
0.300721
0.300721
0.300719
0.300719
0.300718
0.300718
0.300716
0.300716
0.300715
0.300715
0.300713
0.300714
0.300712
0.300712
0.30071
0.30071
0.300708
0.300708
0.300706
0.300706
0.300704
0.300704
0.300701
0.300701
0.3007
0.3007
0.300698
0.300698
0.300696
0.300696
0.300695
0.300695
0.300694
0.300694
0.300693
0.300693
0.300691
0.300692
0.30069
0.30069
0.300688
0.300688
0.300687
0.300687
0.300685
0.300685
0.300684
0.300684
0.300683
0.300683
0.300682
0.300682
0.300682
0.300682
0.300681
0.300681
0.300681
0.300681
0.300681
0.300681
0.300681
0.300681
0.30068
0.30068
0.300677
0.300662
0.300583
0.300472
0.560692
0.303381
0.300239
0.299776
0.299713
0.299702
0.299699
0.299699
0.299699
0.299699
0.299699
0.299699
0.299699
0.299699
0.299699
0.299699
0.299699
0.299699
0.299699
0.299699
0.299699
0.299699
0.299699
0.299699
0.299699
0.299699
0.299699
0.299699
0.299699
0.299699
0.299699
0.299698
0.299698
0.299698
0.299698
0.299698
0.299698
0.299698
0.299698
0.299697
0.299698
0.299697
0.299697
0.299697
0.299697
0.299697
0.299697
0.299697
0.299697
0.299697
0.299697
0.299697
0.299697
0.299697
0.299697
0.299697
0.299697
0.299696
0.299697
0.299696
0.299696
0.299696
0.299696
0.299695
0.299695
0.299695
0.299695
0.299694
0.299694
0.299694
0.299694
0.299693
0.299694
0.299693
0.299693
0.299693
0.299693
0.299692
0.299693
0.299692
0.299692
0.299691
0.299692
0.299691
0.299691
0.29969
0.29969
0.299689
0.29969
0.299689
0.299689
0.299688
0.299688
0.299688
0.299688
0.299687
0.299687
0.299687
0.299687
0.299686
0.299686
0.299686
0.299686
0.299685
0.299685
0.299684
0.299685
0.299684
0.299684
0.299683
0.299683
0.299682
0.299683
0.299682
0.299682
0.299681
0.299681
0.29968
0.29968
0.299679
0.299679
0.299678
0.299678
0.299677
0.299677
0.299676
0.299676
0.299675
0.299675
0.299674
0.299674
0.299673
0.299673
0.299672
0.299673
0.299672
0.299672
0.299671
0.299671
0.29967
0.299671
0.29967
0.29967
0.299669
0.29967
0.299669
0.299669
0.299668
0.299668
0.299667
0.299667
0.299666
0.299666
0.299665
0.299665
0.299664
0.299664
0.299663
0.299663
0.299663
0.299663
0.299662
0.299662
0.299662
0.299662
0.299661
0.299661
0.299661
0.299661
0.29966
0.29966
0.299659
0.29966
0.299659
0.299659
0.299658
0.299658
0.299657
0.299658
0.299657
0.299657
0.299656
0.299656
0.299656
0.299656
0.299656
0.299656
0.299656
0.299656
0.299656
0.299656
0.299656
0.299656
0.299656
0.299656
0.299655
0.299654
0.299648
0.299615
0.299566
0.475887
0.301314
0.299701
0.2995
0.299473
0.299468
0.299467
0.299467
0.299467
0.299467
0.299467
0.299467
0.299467
0.299467
0.299467
0.299467
0.299467
0.299467
0.299467
0.299467
0.299467
0.299467
0.299467
0.299467
0.299467
0.299467
0.299467
0.299467
0.299467
0.299467
0.299467
0.299467
0.299467
0.299467
0.299467
0.299467
0.299466
0.299467
0.299466
0.299466
0.299466
0.299466
0.299466
0.299466
0.299466
0.299466
0.299466
0.299466
0.299466
0.299466
0.299466
0.299466
0.299466
0.299466
0.299466
0.299466
0.299466
0.299466
0.299466
0.299466
0.299466
0.299466
0.299466
0.299466
0.299465
0.299466
0.299465
0.299465
0.299465
0.299465
0.299465
0.299465
0.299465
0.299465
0.299464
0.299465
0.299464
0.299465
0.299464
0.299464
0.299464
0.299464
0.299464
0.299464
0.299463
0.299464
0.299463
0.299463
0.299463
0.299463
0.299463
0.299463
0.299462
0.299463
0.299462
0.299462
0.299462
0.299462
0.299462
0.299462
0.299462
0.299462
0.299461
0.299462
0.299461
0.299461
0.299461
0.299461
0.299461
0.299461
0.29946
0.299461
0.29946
0.29946
0.29946
0.29946
0.299459
0.29946
0.299459
0.299459
0.299458
0.299459
0.299458
0.299458
0.299458
0.299458
0.299457
0.299458
0.299457
0.299457
0.299456
0.299457
0.299456
0.299456
0.299456
0.299456
0.299456
0.299456
0.299455
0.299455
0.299455
0.299455
0.299455
0.299455
0.299455
0.299455
0.299454
0.299455
0.299454
0.299454
0.299454
0.299454
0.299453
0.299453
0.299453
0.299453
0.299452
0.299453
0.299452
0.299452
0.299452
0.299452
0.299452
0.299452
0.299451
0.299451
0.299451
0.299451
0.299451
0.299451
0.299451
0.299451
0.29945
0.299451
0.29945
0.29945
0.29945
0.29945
0.29945
0.29945
0.299449
0.299449
0.299449
0.299449
0.299449
0.299449
0.299449
0.299449
0.299449
0.299449
0.299449
0.299449
0.299449
0.299449
0.299449
0.299449
0.299448
0.299446
0.299432
0.299411
0.417601
0.30043
0.299615
0.299529
0.299517
0.299516
0.299515
0.299515
0.299515
0.299515
0.299515
0.299515
0.299515
0.299515
0.299515
0.299515
0.299515
0.299515
0.299515
0.299515
0.299515
0.299515
0.299515
0.299515
0.299515
0.299515
0.299515
0.299515
0.299515
0.299515
0.299515
0.299515
0.299515
0.299515
0.299515
0.299515
0.299515
0.299515
0.299515
0.299515
0.299515
0.299515
0.299515
0.299515
0.299515
0.299515
0.299515
0.299515
0.299515
0.299515
0.299515
0.299515
0.299515
0.299515
0.299515
0.299515
0.299515
0.299515
0.299515
0.299515
0.299515
0.299515
0.299515
0.299515
0.299515
0.299514
0.299515
0.299514
0.299514
0.299514
0.299514
0.299514
0.299514
0.299514
0.299514
0.299514
0.299514
0.299514
0.299514
0.299514
0.299514
0.299514
0.299514
0.299514
0.299514
0.299514
0.299514
0.299514
0.299514
0.299513
0.299514
0.299513
0.299513
0.299513
0.299513
0.299513
0.299513
0.299513
0.299513
0.299513
0.299513
0.299513
0.299513
0.299513
0.299513
0.299513
0.299513
0.299513
0.299513
0.299512
0.299513
0.299512
0.299513
0.299512
0.299512
0.299512
0.299512
0.299512
0.299512
0.299512
0.299512
0.299512
0.299512
0.299511
0.299512
0.299511
0.299512
0.299511
0.299511
0.299511
0.299511
0.299511
0.299511
0.299511
0.299511
0.29951
0.299511
0.29951
0.29951
0.29951
0.29951
0.29951
0.29951
0.29951
0.29951
0.29951
0.29951
0.29951
0.29951
0.29951
0.29951
0.29951
0.29951
0.299509
0.29951
0.299509
0.299509
0.299509
0.299509
0.299509
0.299509
0.299509
0.299509
0.299509
0.299509
0.299509
0.299509
0.299509
0.299509
0.299508
0.299509
0.299508
0.299509
0.299508
0.299508
0.299508
0.299508
0.299508
0.299508
0.299508
0.299508
0.299508
0.299508
0.299508
0.299508
0.299508
0.299508
0.299508
0.299508
0.299508
0.299508
0.299508
0.299508
0.299508
0.299508
0.299508
0.299507
0.299506
0.2995
0.299492
0.381307
0.300052
0.299666
0.299631
0.299626
0.299625
0.299625
0.299625
0.299625
0.299625
0.299625
0.299625
0.299625
0.299625
0.299625
0.299625
0.299625
0.299625
0.299625
0.299625
0.299625
0.299625
0.299625
0.299625
0.299625
0.299625
0.299625
0.299625
0.299625
0.299625
0.299625
0.299625
0.299625
0.299625
0.299625
0.299625
0.299625
0.299625
0.299625
0.299625
0.299625
0.299625
0.299625
0.299625
0.299625
0.299625
0.299625
0.299625
0.299625
0.299625
0.299625
0.299625
0.299625
0.299625
0.299625
0.299625
0.299625
0.299625
0.299625
0.299625
0.299625
0.299625
0.299625
0.299625
0.299625
0.299625
0.299625
0.299625
0.299625
0.299625
0.299625
0.299625
0.299625
0.299625
0.299625
0.299625
0.299625
0.299625
0.299625
0.299625
0.299625
0.299625
0.299625
0.299625
0.299625
0.299625
0.299625
0.299625
0.299625
0.299625
0.299625
0.299625
0.299624
0.299625
0.299624
0.299625
0.299624
0.299624
0.299624
0.299624
0.299624
0.299624
0.299624
0.299624
0.299624
0.299624
0.299624
0.299624
0.299624
0.299624
0.299624
0.299624
0.299624
0.299624
0.299624
0.299624
0.299624
0.299624
0.299624
0.299624
0.299624
0.299624
0.299624
0.299624
0.299624
0.299624
0.299624
0.299624
0.299624
0.299624
0.299624
0.299624
0.299623
0.299624
0.299623
0.299623
0.299623
0.299623
0.299623
0.299623
0.299623
0.299623
0.299623
0.299623
0.299623
0.299623
0.299623
0.299623
0.299623
0.299623
0.299623
0.299623
0.299623
0.299623
0.299623
0.299623
0.299623
0.299623
0.299623
0.299623
0.299623
0.299623
0.299623
0.299623
0.299623
0.299623
0.299623
0.299623
0.299623
0.299623
0.299623
0.299623
0.299623
0.299623
0.299622
0.299623
0.299622
0.299622
0.299622
0.299622
0.299622
0.299622
0.299622
0.299622
0.299622
0.299622
0.299622
0.299622
0.299622
0.299622
0.299622
0.299622
0.299622
0.299622
0.299622
0.299622
0.299622
0.299622
0.299619
0.299616
0.587707
0.525545
0.525153
0.52513
0.525128
0.525127
0.525127
0.525127
0.525127
0.525127
0.525127
0.525127
0.525127
0.525127
0.525127
0.525127
0.525127
0.525127
0.525127
0.525127
0.525127
0.525127
0.525126
0.525126
0.525126
0.525126
0.525125
0.525125
0.525125
0.525125
0.525125
0.525125
0.525124
0.525124
0.525123
0.525123
0.525122
0.525122
0.525121
0.525122
0.525121
0.525123
0.525122
0.525124
0.525124
0.525126
0.525127
0.525128
0.52513
0.525129
0.525131
0.525129
0.52513
0.525127
0.525127
0.525125
0.525123
0.525122
0.525119
0.525119
0.525116
0.525118
0.525116
0.525118
0.525118
0.52512
0.52512
0.525122
0.525123
0.525123
0.525124
0.525124
0.525124
0.525123
0.525123
0.525122
0.52512
0.52512
0.525118
0.525118
0.525116
0.525117
0.525115
0.525117
0.525115
0.525117
0.525116
0.525118
0.525118
0.525119
0.525119
0.52512
0.525119
0.52512
0.52512
0.52512
0.52512
0.52512
0.525119
0.52512
0.525119
0.525119
0.525118
0.525119
0.525117
0.525118
0.525116
0.525117
0.525115
0.525116
0.525114
0.525115
0.525113
0.525114
0.525112
0.525114
0.525112
0.525113
0.525112
0.525113
0.525112
0.525113
0.525111
0.525113
0.525111
0.525113
0.525112
0.525114
0.525112
0.525115
0.525114
0.525116
0.525116
0.525118
0.525118
0.525119
0.525119
0.52512
0.52512
0.52512
0.525119
0.525119
0.525118
0.525117
0.525115
0.525115
0.525112
0.525113
0.52511
0.525112
0.525109
0.525112
0.52511
0.525113
0.525112
0.525115
0.525116
0.525118
0.525119
0.52512
0.525121
0.525122
0.525122
0.525122
0.525121
0.52512
0.525119
0.525118
0.525116
0.525116
0.525113
0.525115
0.525112
0.525115
0.525113
0.525116
0.525116
0.525118
0.525119
0.525121
0.525123
0.525124
0.525126
0.525126
0.525128
0.525127
0.525128
0.525126
0.525126
0.525125
0.525124
0.525124
0.525122
0.525123
0.525122
0.525123
0.525122
0.525124
0.525124
0.525169
1.14124
1.04071
1.03709
1.03693
1.03691
1.03691
1.0369
1.0369
1.0369
1.0369
1.0369
1.0369
1.0369
1.0369
1.0369
1.0369
1.0369
1.0369
1.03691
1.0369
1.0369
1.0369
1.0369
1.0369
1.0369
1.0369
1.0369
1.0369
1.0369
1.0369
1.0369
1.0369
1.0369
1.03689
1.03689
1.03689
1.03689
1.03689
1.03689
1.03689
1.03689
1.03689
1.03689
1.03689
1.0369
1.0369
1.03691
1.03691
1.03692
1.03692
1.03693
1.03692
1.03692
1.03691
1.0369
1.0369
1.03689
1.03689
1.03688
1.03688
1.03687
1.03688
1.03687
1.03688
1.03688
1.03688
1.03688
1.03689
1.03689
1.03689
1.0369
1.03689
1.0369
1.03689
1.03689
1.03689
1.03688
1.03688
1.03688
1.03688
1.03687
1.03687
1.03687
1.03687
1.03687
1.03687
1.03687
1.03687
1.03688
1.03688
1.03688
1.03688
1.03688
1.03688
1.03688
1.03688
1.03688
1.03688
1.03688
1.03688
1.03688
1.03688
1.03688
1.03688
1.03688
1.03687
1.03687
1.03687
1.03687
1.03687
1.03687
1.03687
1.03686
1.03686
1.03686
1.03686
1.03686
1.03686
1.03686
1.03686
1.03686
1.03686
1.03686
1.03686
1.03686
1.03686
1.03686
1.03686
1.03686
1.03686
1.03686
1.03687
1.03687
1.03687
1.03688
1.03688
1.03688
1.03688
1.03688
1.03688
1.03688
1.03688
1.03687
1.03687
1.03687
1.03686
1.03686
1.03686
1.03685
1.03685
1.03685
1.03685
1.03685
1.03686
1.03686
1.03687
1.03687
1.03687
1.03688
1.03688
1.03689
1.03688
1.03689
1.03688
1.03688
1.03688
1.03688
1.03687
1.03687
1.03687
1.03686
1.03686
1.03686
1.03686
1.03686
1.03687
1.03687
1.03687
1.03688
1.03688
1.03689
1.03689
1.0369
1.0369
1.03691
1.0369
1.03691
1.0369
1.0369
1.03689
1.03689
1.03689
1.03689
1.03689
1.03688
1.03689
1.03689
1.03689
1.03689
1.03694
5.52212
5.12342
5.1047
5.10387
5.10378
5.10376
5.10375
5.10375
5.10375
5.10374
5.10374
5.10374
5.10374
5.10374
5.10374
5.10375
5.10375
5.10375
5.10375
5.10375
5.10375
5.10374
5.10373
5.10373
5.10372
5.10372
5.10371
5.10371
5.1037
5.10371
5.1037
5.1037
5.10369
5.10368
5.10367
5.10366
5.10364
5.10365
5.10362
5.10364
5.10362
5.10365
5.10364
5.10368
5.10369
5.10373
5.10377
5.1038
5.10388
5.10386
5.10392
5.10385
5.10387
5.10377
5.10374
5.1037
5.10365
5.10363
5.10357
5.10358
5.10352
5.10355
5.10351
5.10356
5.10354
5.10359
5.1036
5.10363
5.10365
5.10367
5.10369
5.10368
5.10369
5.10367
5.10365
5.10364
5.1036
5.1036
5.10355
5.10356
5.10351
5.10353
5.10349
5.10353
5.1035
5.10353
5.10352
5.10355
5.10355
5.10357
5.10357
5.10359
5.10358
5.1036
5.10359
5.1036
5.10359
5.1036
5.10358
5.10359
5.10358
5.10358
5.10356
5.10357
5.10354
5.10355
5.10352
5.10353
5.10349
5.10351
5.10347
5.10349
5.10345
5.10347
5.10343
5.10346
5.10342
5.10345
5.10342
5.10345
5.10341
5.10344
5.10341
5.10344
5.10341
5.10345
5.10342
5.10346
5.10343
5.10348
5.10346
5.10351
5.1035
5.10354
5.10354
5.10357
5.10358
5.10359
5.10359
5.10359
5.10358
5.10357
5.10354
5.10353
5.10348
5.10348
5.10342
5.10344
5.10338
5.10341
5.10336
5.10341
5.10338
5.10344
5.10343
5.10349
5.1035
5.10355
5.10357
5.1036
5.10362
5.10363
5.10364
5.10363
5.10362
5.1036
5.10356
5.10355
5.1035
5.1035
5.10345
5.10347
5.10342
5.10347
5.10344
5.1035
5.10349
5.10356
5.10357
5.10362
5.10365
5.10368
5.10372
5.10372
5.10379
5.10375
5.10378
5.10373
5.10371
5.1037
5.10367
5.10367
5.10363
5.10365
5.10362
5.10365
5.10364
5.10367
5.10367
5.10391
29.44
28.1621
28.1262
28.1246
28.1244
28.1243
28.1244
28.1243
28.1243
28.1243
28.1242
28.1243
28.1242
28.1243
28.1243
28.1243
28.1244
28.1243
28.1244
28.1243
28.1243
28.1243
28.1242
28.1242
28.1241
28.1241
28.124
28.124
28.1239
28.124
28.1239
28.1239
28.1238
28.1237
28.1237
28.1236
28.1234
28.1234
28.1232
28.1234
28.1232
28.1235
28.1234
28.1238
28.1238
28.1242
28.1244
28.1245
28.125
28.1247
28.1252
28.1247
28.1249
28.1244
28.1242
28.1239
28.1235
28.1233
28.1228
28.1228
28.1223
28.1226
28.1222
28.1227
28.1225
28.1229
28.123
28.1233
28.1235
28.1236
28.1238
28.1238
28.1238
28.1237
28.1235
28.1234
28.123
28.123
28.1226
28.1227
28.1222
28.1224
28.1221
28.1224
28.1221
28.1224
28.1223
28.1226
28.1226
28.1228
28.1228
28.123
28.1229
28.1231
28.123
28.1231
28.123
28.1231
28.1229
28.123
28.1228
28.1229
28.1227
28.1228
28.1225
28.1226
28.1223
28.1224
28.1221
28.1222
28.1219
28.122
28.1217
28.1219
28.1216
28.1218
28.1215
28.1217
28.1215
28.1217
28.1214
28.1217
28.1214
28.1217
28.1214
28.1217
28.1215
28.1218
28.1216
28.122
28.1219
28.1223
28.1222
28.1226
28.1226
28.1229
28.1229
28.1231
28.1231
28.1231
28.123
28.1229
28.1226
28.1225
28.1221
28.1221
28.1215
28.1217
28.1211
28.1214
28.121
28.1215
28.1211
28.1217
28.1216
28.1222
28.1223
28.1227
28.1229
28.1232
28.1234
28.1235
28.1236
28.1234
28.1234
28.1232
28.1229
28.1227
28.1223
28.1223
28.1218
28.1221
28.1216
28.122
28.1218
28.1223
28.1223
28.1228
28.123
28.1234
28.1237
28.124
28.1243
28.1243
28.1246
28.1244
28.1246
28.1243
28.1243
28.1241
28.1239
28.1238
28.1235
28.1237
28.1234
28.1237
28.1236
28.1239
28.1241
28.125
92.0338
89.6199
89.571
89.5688
89.5686
89.5685
89.5686
89.5685
89.5684
89.5684
89.5684
89.5684
89.5683
89.5684
89.5684
89.5684
89.5685
89.5685
89.5686
89.5685
89.5684
89.5684
89.5683
89.5683
89.5681
89.5682
89.568
89.5681
89.5679
89.568
89.5679
89.5678
89.5678
89.5677
89.5675
89.5674
89.5672
89.5672
89.5669
89.5672
89.5669
89.5673
89.5672
89.5677
89.5678
89.5682
89.5685
89.5689
89.5692
89.5694
89.5695
89.5693
89.5692
89.5687
89.5684
89.5679
89.5673
89.5671
89.5663
89.5664
89.5656
89.5661
89.5656
89.5662
89.566
89.5666
89.5667
89.5671
89.5673
89.5675
89.5678
89.5677
89.5678
89.5676
89.5674
89.5672
89.5667
89.5667
89.566
89.5662
89.5656
89.5659
89.5653
89.5658
89.5654
89.5659
89.5657
89.5661
89.566
89.5664
89.5663
89.5666
89.5665
89.5668
89.5666
89.5668
89.5666
89.5668
89.5665
89.5667
89.5664
89.5666
89.5662
89.5664
89.566
89.5661
89.5657
89.5659
89.5654
89.5656
89.5651
89.5654
89.5648
89.5652
89.5647
89.5651
89.5645
89.565
89.5645
89.5649
89.5644
89.5649
89.5644
89.5649
89.5644
89.565
89.5645
89.5651
89.5647
89.5654
89.5651
89.5657
89.5656
89.5662
89.5661
89.5665
89.5665
89.5668
89.5667
89.5668
89.5666
89.5665
89.5661
89.566
89.5654
89.5654
89.5646
89.5649
89.564
89.5646
89.5638
89.5646
89.5641
89.565
89.5647
89.5656
89.5656
89.5663
89.5666
89.567
89.5672
89.5673
89.5674
89.5673
89.5671
89.5669
89.5665
89.5663
89.5657
89.5658
89.565
89.5654
89.5647
89.5654
89.5649
89.5658
89.5656
89.5664
89.5666
89.5672
89.5676
89.568
89.5684
89.5685
89.5688
89.5687
89.5688
89.5685
89.5684
89.5681
89.5678
89.5678
89.5674
89.5676
89.5672
89.5676
89.5674
89.5679
89.5681
89.5693
241.11
237.63
237.578
237.576
237.576
237.575
237.576
237.575
237.575
237.575
237.575
237.575
237.575
237.575
237.575
237.575
237.575
237.575
237.576
237.575
237.575
237.575
237.575
237.575
237.575
237.575
237.575
237.575
237.575
237.575
237.575
237.575
237.575
237.575
237.575
237.575
237.574
237.575
237.574
237.575
237.574
237.575
237.574
237.575
237.575
237.575
237.576
237.576
237.577
237.576
237.578
237.576
237.577
237.576
237.575
237.575
237.575
237.575
237.574
237.575
237.573
237.575
237.573
237.575
237.574
237.575
237.574
237.575
237.575
237.575
237.575
237.575
237.575
237.575
237.575
237.575
237.574
237.575
237.574
237.575
237.573
237.575
237.573
237.575
237.573
237.575
237.573
237.575
237.574
237.575
237.574
237.575
237.574
237.575
237.574
237.575
237.574
237.575
237.574
237.575
237.574
237.575
237.574
237.575
237.574
237.575
237.573
237.575
237.573
237.575
237.573
237.575
237.573
237.575
237.573
237.575
237.573
237.575
237.573
237.575
237.573
237.575
237.572
237.575
237.572
237.575
237.573
237.575
237.573
237.575
237.573
237.575
237.573
237.575
237.574
237.575
237.574
237.575
237.574
237.575
237.574
237.575
237.574
237.575
237.573
237.575
237.573
237.575
237.572
237.575
237.572
237.575
237.572
237.575
237.573
237.575
237.573
237.575
237.574
237.575
237.574
237.575
237.575
237.575
237.574
237.575
237.574
237.575
237.573
237.575
237.573
237.575
237.573
237.575
237.573
237.575
237.573
237.575
237.574
237.575
237.575
237.575
237.575
237.575
237.576
237.575
237.576
237.575
237.575
237.575
237.575
237.575
237.575
237.575
237.574
237.575
237.575
237.575
237.575
237.576
607.399
604.2
604.163
604.162
604.161
604.161
604.162
604.161
604.161
604.161
604.161
604.161
604.161
604.161
604.161
604.161
604.161
604.161
604.161
604.161
604.161
604.161
604.161
604.161
604.162
604.161
604.161
604.161
604.162
604.161
604.162
604.161
604.162
604.161
604.162
604.161
604.162
604.161
604.163
604.161
604.163
604.161
604.162
604.161
604.162
604.161
604.161
604.162
604.162
604.162
604.162
604.162
604.162
604.162
604.161
604.161
604.162
604.161
604.163
604.161
604.164
604.161
604.164
604.161
604.163
604.161
604.163
604.161
604.162
604.161
604.162
604.161
604.162
604.161
604.162
604.161
604.163
604.161
604.163
604.161
604.164
604.161
604.164
604.161
604.164
604.161
604.164
604.161
604.163
604.161
604.163
604.161
604.163
604.161
604.163
604.161
604.163
604.161
604.163
604.161
604.163
604.161
604.163
604.161
604.163
604.161
604.164
604.161
604.164
604.161
604.164
604.161
604.164
604.161
604.165
604.161
604.165
604.161
604.165
604.161
604.165
604.161
604.165
604.161
604.165
604.161
604.165
604.161
604.164
604.161
604.164
604.161
604.164
604.161
604.163
604.161
604.163
604.161
604.163
604.161
604.163
604.161
604.163
604.161
604.164
604.161
604.165
604.161
604.165
604.161
604.165
604.161
604.165
604.161
604.164
604.161
604.164
604.161
604.163
604.161
604.162
604.161
604.162
604.161
604.162
604.161
604.163
604.161
604.164
604.161
604.164
604.161
604.164
604.161
604.164
604.161
604.164
604.161
604.163
604.161
604.162
604.161
604.161
604.161
604.161
604.161
604.161
604.161
604.161
604.161
604.162
604.161
604.162
604.161
604.162
604.161
604.162
604.161
604.162
604.162
1795.3
1792.21
1792.19
1792.19
1792.19
1792.19
1792.19
1792.19
1792.19
1792.19
1792.19
1792.19
1792.19
1792.19
1792.19
1792.19
1792.19
1792.19
1792.19
1792.19
1792.19
1792.19
1792.19
1792.19
1792.19
1792.19
1792.19
1792.19
1792.19
1792.19
1792.19
1792.19
1792.19
1792.19
1792.19
1792.19
1792.19
1792.19
1792.19
1792.19
1792.19
1792.19
1792.19
1792.19
1792.19
1792.19
1792.19
1792.19
1792.19
1792.19
1792.19
1792.19
1792.19
1792.19
1792.19
1792.19
1792.19
1792.19
1792.19
1792.19
1792.19
1792.19
1792.19
1792.19
1792.19
1792.19
1792.19
1792.19
1792.19
1792.19
1792.19
1792.19
1792.19
1792.19
1792.19
1792.19
1792.19
1792.19
1792.19
1792.19
1792.19
1792.19
1792.19
1792.19
1792.19
1792.19
1792.19
1792.19
1792.19
1792.19
1792.19
1792.19
1792.19
1792.19
1792.19
1792.19
1792.19
1792.19
1792.19
1792.19
1792.19
1792.19
1792.19
1792.19
1792.19
1792.19
1792.19
1792.19
1792.19
1792.19
1792.19
1792.19
1792.19
1792.19
1792.19
1792.19
1792.19
1792.19
1792.19
1792.19
1792.19
1792.19
1792.19
1792.19
1792.19
1792.19
1792.19
1792.19
1792.19
1792.19
1792.19
1792.19
1792.19
1792.19
1792.19
1792.19
1792.19
1792.19
1792.19
1792.19
1792.19
1792.19
1792.19
1792.19
1792.19
1792.19
1792.19
1792.19
1792.19
1792.19
1792.19
1792.19
1792.19
1792.19
1792.19
1792.19
1792.19
1792.19
1792.19
1792.19
1792.19
1792.19
1792.19
1792.19
1792.19
1792.19
1792.19
1792.19
1792.19
1792.19
1792.19
1792.19
1792.19
1792.19
1792.19
1792.19
1792.19
1792.19
1792.19
1792.19
1792.19
1792.19
1792.19
1792.19
1792.19
1792.19
1792.19
1792.19
1792.19
1792.19
1792.19
1792.19
1792.19
1792.19
1792.19
1792.19
1792.19
1792.19
1792.19
1792.19
7321.52
7316.14
7316.14
7316.14
7316.14
7316.14
7316.14
7316.14
7316.14
7316.14
7316.14
7316.14
7316.14
7316.14
7316.14
7316.14
7316.14
7316.14
7316.14
7316.14
7316.14
7316.14
7316.14
7316.14
7316.14
7316.14
7316.14
7316.14
7316.14
7316.14
7316.14
7316.14
7316.14
7316.14
7316.14
7316.14
7316.14
7316.14
7316.14
7316.14
7316.14
7316.14
7316.14
7316.14
7316.14
7316.14
7316.14
7316.14
7316.14
7316.14
7316.14
7316.14
7316.14
7316.14
7316.14
7316.14
7316.14
7316.14
7316.14
7316.14
7316.14
7316.14
7316.14
7316.14
7316.14
7316.14
7316.14
7316.14
7316.14
7316.14
7316.14
7316.14
7316.14
7316.14
7316.14
7316.14
7316.14
7316.14
7316.14
7316.14
7316.14
7316.14
7316.14
7316.14
7316.14
7316.14
7316.14
7316.14
7316.14
7316.14
7316.14
7316.14
7316.14
7316.14
7316.14
7316.14
7316.14
7316.14
7316.14
7316.14
7316.14
7316.14
7316.14
7316.14
7316.14
7316.14
7316.14
7316.14
7316.14
7316.14
7316.14
7316.14
7316.14
7316.14
7316.14
7316.14
7316.14
7316.14
7316.14
7316.14
7316.14
7316.14
7316.14
7316.14
7316.14
7316.14
7316.14
7316.14
7316.14
7316.14
7316.14
7316.14
7316.14
7316.14
7316.14
7316.14
7316.14
7316.14
7316.14
7316.14
7316.14
7316.14
7316.14
7316.14
7316.14
7316.14
7316.14
7316.14
7316.14
7316.14
7316.14
7316.14
7316.14
7316.14
7316.14
7316.14
7316.14
7316.14
7316.14
7316.14
7316.14
7316.14
7316.14
7316.14
7316.14
7316.14
7316.14
7316.14
7316.14
7316.14
7316.14
7316.14
7316.14
7316.14
7316.14
7316.14
7316.14
7316.14
7316.14
7316.14
7316.14
7316.14
7316.14
7316.14
7316.14
7316.14
7316.14
7316.14
7316.14
7316.14
7316.14
7316.14
7316.14
7316.14
7316.14
7316.14
7316.14
7316.14
7316.14
7316.14
7467.1
7464.77
7464.77
7464.77
7464.77
7464.77
7464.77
7464.77
7464.77
7464.77
7464.77
7464.77
7464.77
7464.77
7464.77
7464.77
7464.77
7464.77
7464.77
7464.77
7464.77
7464.77
7464.77
7464.77
7464.77
7464.77
7464.77
7464.77
7464.77
7464.77
7464.77
7464.77
7464.77
7464.77
7464.77
7464.77
7464.77
7464.77
7464.77
7464.77
7464.77
7464.77
7464.77
7464.77
7464.77
7464.77
7464.77
7464.77
7464.77
7464.77
7464.77
7464.77
7464.77
7464.77
7464.77
7464.77
7464.77
7464.77
7464.77
7464.77
7464.77
7464.77
7464.77
7464.77
7464.77
7464.77
7464.77
7464.77
7464.77
7464.77
7464.77
7464.77
7464.77
7464.77
7464.77
7464.77
7464.77
7464.77
7464.77
7464.77
7464.77
7464.77
7464.77
7464.77
7464.77
7464.77
7464.77
7464.77
7464.77
7464.77
7464.77
7464.77
7464.77
7464.77
7464.77
7464.77
7464.77
7464.77
7464.77
7464.77
7464.77
7464.77
7464.77
7464.77
7464.77
7464.77
7464.77
7464.77
7464.77
7464.77
7464.77
7464.77
7464.77
7464.77
7464.77
7464.77
7464.77
7464.77
7464.77
7464.77
7464.77
7464.77
7464.77
7464.77
7464.77
7464.77
7464.77
7464.77
7464.77
7464.77
7464.77
7464.77
7464.77
7464.77
7464.77
7464.77
7464.77
7464.77
7464.77
7464.77
7464.77
7464.77
7464.77
7464.77
7464.77
7464.77
7464.77
7464.77
7464.77
7464.77
7464.77
7464.77
7464.77
7464.77
7464.77
7464.77
7464.77
7464.77
7464.77
7464.77
7464.77
7464.77
7464.77
7464.77
7464.77
7464.77
7464.77
7464.77
7464.77
7464.77
7464.77
7464.77
7464.77
7464.77
7464.77
7464.77
7464.77
7464.77
7464.77
7464.77
7464.77
7464.77
7464.77
7464.77
7464.77
7464.77
7464.77
7464.77
7464.77
7464.77
7464.77
7464.77
7464.77
7464.77
7464.77
7464.77
7464.77
7464.77
7464.77
7464.77
0.38554
0.385371
0.385371
0.385371
0.385371
0.385371
0.385371
0.385371
0.385371
0.385371
0.385371
0.385371
0.385371
0.385371
0.385371
0.385371
0.385371
0.385371
0.385371
0.385371
0.385371
0.385371
0.385371
0.385371
0.385371
0.385371
0.385371
0.385371
0.385371
0.385371
0.385371
0.385371
0.385371
0.385371
0.385371
0.385371
0.385371
0.385371
0.385371
0.385371
0.385371
0.385371
0.385371
0.385371
0.385371
0.385371
0.385371
0.385371
0.385371
0.385371
0.385371
0.385371
0.385371
0.385371
0.385371
0.385371
0.385371
0.385371
0.385371
0.385371
0.385371
0.385371
0.385371
0.385371
0.385371
0.385371
0.385371
0.385371
0.385371
0.385371
0.385371
0.385371
0.385371
0.385371
0.385371
0.385371
0.385371
0.385371
0.385371
0.385371
0.385371
0.385371
0.385371
0.385371
0.385371
0.385371
0.385371
0.385371
0.385371
0.385371
0.385371
0.385371
0.385371
0.385371
0.385371
0.385371
0.385371
0.385371
0.385371
0.385371
0.385371
0.385371
0.385371
0.385371
0.385371
0.385371
0.385371
0.385371
0.385371
0.385371
0.385371
0.385371
0.385371
0.385371
0.385371
0.385371
0.385371
0.385371
0.385371
0.385371
0.385371
0.385371
0.385371
0.385371
0.385371
0.385371
0.385371
0.385371
0.385371
0.385371
0.385371
0.385371
0.385371
0.385371
0.385371
0.385371
0.385371
0.385371
0.385371
0.385371
0.385371
0.385371
0.385371
0.385371
0.385371
0.385371
0.385371
0.385371
0.385371
0.385371
0.385371
0.385371
0.385371
0.385371
0.385371
0.385371
0.385371
0.385371
0.385371
0.385371
0.385371
0.385371
0.385371
0.385371
0.385371
0.385371
0.385371
0.385371
0.385371
0.385371
0.385371
0.385371
0.385371
0.385371
0.385371
0.385371
0.385371
0.385371
0.385371
0.385371
0.385371
0.385371
0.385371
0.385371
0.385371
0.385371
0.385371
0.385371
0.385371
0.385371
0.385371
0.385371
0.385371
0.385371
0.385371
0.385371
0.385371
0.385371
0.385371
0.385371
0.408573
0.408341
0.408341
0.408341
0.408341
0.408341
0.408341
0.408341
0.408341
0.408341
0.408341
0.408341
0.408341
0.408341
0.408341
0.408341
0.408341
0.408341
0.408341
0.408341
0.408341
0.408341
0.408341
0.408341
0.408341
0.408341
0.408341
0.408341
0.408341
0.408341
0.408341
0.408341
0.408341
0.408341
0.408341
0.408341
0.408341
0.408341
0.408341
0.408341
0.408341
0.408341
0.408341
0.408341
0.408341
0.408341
0.408341
0.408341
0.408341
0.408341
0.408341
0.408341
0.408341
0.408341
0.408341
0.408341
0.408341
0.408341
0.408341
0.408341
0.408341
0.408341
0.408341
0.408341
0.408341
0.408341
0.408341
0.408341
0.408341
0.408341
0.408341
0.408341
0.408341
0.408341
0.408341
0.408341
0.408341
0.408341
0.408341
0.408341
0.408341
0.408341
0.408341
0.408341
0.408341
0.408341
0.408341
0.408341
0.408341
0.408341
0.408341
0.408341
0.408341
0.408341
0.408341
0.408341
0.408341
0.408341
0.408341
0.408341
0.408341
0.408341
0.408341
0.408341
0.408341
0.408341
0.408341
0.408341
0.408341
0.408341
0.408341
0.408341
0.408341
0.408341
0.408341
0.408341
0.408341
0.408341
0.408341
0.408341
0.408341
0.408341
0.408341
0.408341
0.408341
0.408341
0.408341
0.408341
0.408341
0.408341
0.408341
0.408341
0.408341
0.408341
0.408341
0.408341
0.408341
0.408341
0.408341
0.408341
0.408341
0.408341
0.408341
0.408341
0.408341
0.408341
0.408341
0.408341
0.408341
0.408341
0.408341
0.408341
0.408341
0.408341
0.408341
0.408341
0.408341
0.408341
0.408341
0.408341
0.408341
0.408341
0.408341
0.408341
0.408341
0.408341
0.408341
0.408341
0.408341
0.408341
0.408341
0.408341
0.408341
0.408341
0.408341
0.408341
0.408341
0.408341
0.408341
0.408341
0.408341
0.408341
0.408341
0.408341
0.408341
0.408341
0.408341
0.408341
0.408341
0.408341
0.408341
0.408341
0.408341
0.408341
0.408341
0.408341
0.408341
0.408341
0.408341
0.408341
0.41554
0.415195
0.415195
0.415195
0.415195
0.415195
0.415195
0.415195
0.415195
0.415195
0.415195
0.415195
0.415195
0.415195
0.415195
0.415195
0.415195
0.415195
0.415195
0.415195
0.415195
0.415195
0.415195
0.415195
0.415195
0.415195
0.415195
0.415195
0.415195
0.415195
0.415195
0.415195
0.415195
0.415195
0.415195
0.415195
0.415195
0.415195
0.415195
0.415195
0.415195
0.415195
0.415195
0.415195
0.415195
0.415195
0.415195
0.415195
0.415195
0.415195
0.415195
0.415195
0.415195
0.415195
0.415195
0.415195
0.415195
0.415195
0.415195
0.415195
0.415195
0.415195
0.415195
0.415195
0.415195
0.415195
0.415195
0.415195
0.415195
0.415195
0.415195
0.415195
0.415195
0.415195
0.415195
0.415195
0.415195
0.415195
0.415195
0.415195
0.415195
0.415195
0.415195
0.415195
0.415195
0.415195
0.415195
0.415195
0.415195
0.415195
0.415195
0.415195
0.415195
0.415195
0.415195
0.415195
0.415195
0.415195
0.415195
0.415195
0.415195
0.415195
0.415195
0.415195
0.415195
0.415195
0.415195
0.415195
0.415195
0.415195
0.415195
0.415195
0.415195
0.415195
0.415195
0.415195
0.415195
0.415195
0.415195
0.415195
0.415195
0.415195
0.415195
0.415195
0.415195
0.415195
0.415195
0.415195
0.415195
0.415195
0.415195
0.415195
0.415195
0.415195
0.415195
0.415195
0.415195
0.415195
0.415195
0.415195
0.415195
0.415195
0.415195
0.415195
0.415195
0.415195
0.415195
0.415195
0.415195
0.415195
0.415195
0.415195
0.415195
0.415195
0.415195
0.415195
0.415195
0.415195
0.415195
0.415195
0.415195
0.415195
0.415195
0.415195
0.415195
0.415195
0.415195
0.415195
0.415195
0.415195
0.415195
0.415195
0.415195
0.415195
0.415195
0.415195
0.415195
0.415195
0.415195
0.415195
0.415195
0.415195
0.415195
0.415195
0.415195
0.415195
0.415195
0.415195
0.415195
0.415195
0.415195
0.415195
0.415195
0.415195
0.415195
0.415195
0.415195
0.415195
0.415195
0.415195
0.417824
0.417295
0.417295
0.417295
0.417295
0.417295
0.417295
0.417295
0.417295
0.417295
0.417295
0.417295
0.417295
0.417295
0.417295
0.417295
0.417295
0.417295
0.417295
0.417295
0.417295
0.417295
0.417295
0.417295
0.417295
0.417295
0.417295
0.417295
0.417295
0.417295
0.417295
0.417295
0.417295
0.417295
0.417295
0.417295
0.417295
0.417295
0.417295
0.417295
0.417295
0.417295
0.417295
0.417295
0.417295
0.417295
0.417295
0.417295
0.417295
0.417295
0.417295
0.417295
0.417295
0.417295
0.417295
0.417295
0.417295
0.417295
0.417295
0.417295
0.417295
0.417295
0.417295
0.417295
0.417295
0.417295
0.417295
0.417295
0.417295
0.417295
0.417295
0.417295
0.417295
0.417295
0.417295
0.417295
0.417295
0.417295
0.417295
0.417295
0.417295
0.417295
0.417295
0.417295
0.417295
0.417295
0.417295
0.417295
0.417295
0.417295
0.417295
0.417295
0.417295
0.417295
0.417295
0.417295
0.417295
0.417295
0.417295
0.417295
0.417295
0.417295
0.417295
0.417295
0.417295
0.417295
0.417295
0.417295
0.417295
0.417295
0.417295
0.417295
0.417295
0.417295
0.417295
0.417295
0.417295
0.417295
0.417295
0.417295
0.417295
0.417295
0.417295
0.417295
0.417295
0.417295
0.417295
0.417295
0.417295
0.417295
0.417295
0.417295
0.417295
0.417295
0.417295
0.417295
0.417295
0.417295
0.417295
0.417295
0.417295
0.417295
0.417295
0.417295
0.417295
0.417295
0.417295
0.417295
0.417295
0.417295
0.417295
0.417295
0.417295
0.417295
0.417295
0.417295
0.417295
0.417295
0.417295
0.417295
0.417295
0.417295
0.417295
0.417295
0.417295
0.417295
0.417295
0.417295
0.417295
0.417295
0.417295
0.417295
0.417295
0.417295
0.417295
0.417295
0.417295
0.417295
0.417295
0.417295
0.417295
0.417295
0.417295
0.417295
0.417295
0.417295
0.417295
0.417295
0.417295
0.417295
0.417295
0.417295
0.417295
0.417295
0.417295
0.417295
0.417295
0.417295
0.417295
0.417295
0.418632
0.417814
0.417814
0.417814
0.417814
0.417814
0.417814
0.417814
0.417814
0.417814
0.417814
0.417814
0.417814
0.417814
0.417814
0.417814
0.417814
0.417814
0.417814
0.417814
0.417814
0.417814
0.417814
0.417814
0.417814
0.417814
0.417814
0.417814
0.417814
0.417814
0.417814
0.417814
0.417814
0.417814
0.417814
0.417814
0.417814
0.417814
0.417814
0.417814
0.417814
0.417814
0.417814
0.417814
0.417814
0.417814
0.417814
0.417814
0.417814
0.417814
0.417814
0.417814
0.417814
0.417814
0.417814
0.417814
0.417814
0.417814
0.417814
0.417814
0.417814
0.417814
0.417814
0.417814
0.417814
0.417814
0.417814
0.417814
0.417814
0.417814
0.417814
0.417814
0.417814
0.417814
0.417814
0.417814
0.417814
0.417814
0.417814
0.417814
0.417814
0.417814
0.417814
0.417814
0.417814
0.417814
0.417814
0.417814
0.417814
0.417814
0.417814
0.417814
0.417814
0.417814
0.417814
0.417814
0.417814
0.417814
0.417814
0.417814
0.417814
0.417814
0.417814
0.417814
0.417814
0.417814
0.417814
0.417814
0.417814
0.417814
0.417814
0.417814
0.417814
0.417814
0.417814
0.417814
0.417814
0.417814
0.417814
0.417814
0.417814
0.417814
0.417814
0.417814
0.417814
0.417814
0.417814
0.417814
0.417814
0.417814
0.417814
0.417814
0.417814
0.417814
0.417814
0.417814
0.417814
0.417814
0.417814
0.417814
0.417814
0.417814
0.417814
0.417814
0.417814
0.417814
0.417814
0.417814
0.417814
0.417814
0.417814
0.417814
0.417814
0.417814
0.417814
0.417814
0.417814
0.417814
0.417814
0.417814
0.417814
0.417814
0.417814
0.417814
0.417814
0.417814
0.417814
0.417814
0.417814
0.417814
0.417814
0.417814
0.417814
0.417814
0.417814
0.417814
0.417814
0.417814
0.417814
0.417814
0.417814
0.417814
0.417814
0.417814
0.417814
0.417814
0.417814
0.417814
0.417814
0.417814
0.417814
0.417814
0.417814
0.417814
0.417814
0.417814
0.417814
0.417814
0.417814
0.417814
0.419227
0.417959
0.417959
0.417959
0.417959
0.417959
0.417959
0.417959
0.417959
0.417959
0.417959
0.417959
0.417959
0.417959
0.417959
0.417959
0.417959
0.417959
0.417959
0.417959
0.417959
0.417959
0.417959
0.417959
0.417959
0.417959
0.417959
0.417959
0.417959
0.417959
0.417959
0.417959
0.417959
0.417959
0.417959
0.417959
0.417959
0.417959
0.417959
0.417959
0.417959
0.417959
0.417959
0.417959
0.417959
0.417959
0.417959
0.417959
0.417959
0.417959
0.417959
0.417959
0.417959
0.417959
0.417959
0.417959
0.417959
0.417959
0.417959
0.417959
0.417959
0.417959
0.417959
0.417959
0.417959
0.417959
0.417959
0.417959
0.417959
0.417959
0.417959
0.417959
0.417959
0.417959
0.417959
0.417959
0.417959
0.417959
0.417959
0.417959
0.417959
0.417959
0.417959
0.417959
0.417959
0.417959
0.417959
0.417959
0.417959
0.417959
0.417959
0.417959
0.417959
0.417959
0.417959
0.417959
0.417959
0.417959
0.417959
0.417959
0.417959
0.417959
0.417959
0.417959
0.417959
0.417959
0.417959
0.417959
0.417959
0.417959
0.417959
0.417959
0.417959
0.417959
0.417959
0.417959
0.417959
0.417959
0.417959
0.417959
0.417959
0.417959
0.417959
0.417959
0.417959
0.417959
0.417959
0.417959
0.417959
0.417959
0.417959
0.417959
0.417959
0.417959
0.417959
0.417959
0.417959
0.417959
0.417959
0.417959
0.417959
0.417959
0.417959
0.417959
0.417959
0.417959
0.417959
0.417959
0.417959
0.417959
0.417959
0.417959
0.417959
0.417959
0.417959
0.417959
0.417959
0.417959
0.417959
0.417959
0.417959
0.417959
0.417959
0.417959
0.417959
0.417959
0.417959
0.417959
0.417959
0.417959
0.417959
0.417959
0.417959
0.417959
0.417959
0.417959
0.417959
0.417959
0.417959
0.417959
0.417959
0.417959
0.417959
0.417959
0.417959
0.417959
0.417959
0.417959
0.417959
0.417959
0.417959
0.417959
0.417959
0.417959
0.417959
0.417959
0.417959
0.417959
0.417959
0.417959
0.419874
0.41791
0.41791
0.41791
0.41791
0.41791
0.41791
0.41791
0.41791
0.41791
0.41791
0.41791
0.41791
0.41791
0.41791
0.41791
0.41791
0.41791
0.41791
0.41791
0.41791
0.41791
0.41791
0.41791
0.41791
0.41791
0.41791
0.41791
0.41791
0.41791
0.41791
0.41791
0.41791
0.41791
0.41791
0.41791
0.41791
0.41791
0.41791
0.41791
0.41791
0.41791
0.41791
0.41791
0.41791
0.41791
0.41791
0.41791
0.41791
0.41791
0.41791
0.41791
0.41791
0.41791
0.41791
0.41791
0.41791
0.41791
0.41791
0.41791
0.41791
0.41791
0.41791
0.41791
0.41791
0.41791
0.41791
0.41791
0.41791
0.41791
0.41791
0.41791
0.41791
0.41791
0.41791
0.41791
0.41791
0.41791
0.41791
0.41791
0.41791
0.41791
0.41791
0.41791
0.41791
0.41791
0.41791
0.41791
0.41791
0.41791
0.41791
0.41791
0.41791
0.41791
0.41791
0.41791
0.41791
0.41791
0.41791
0.41791
0.41791
0.41791
0.41791
0.41791
0.41791
0.41791
0.41791
0.41791
0.41791
0.41791
0.41791
0.41791
0.41791
0.41791
0.41791
0.41791
0.41791
0.41791
0.41791
0.41791
0.41791
0.41791
0.41791
0.41791
0.41791
0.41791
0.41791
0.41791
0.41791
0.41791
0.41791
0.41791
0.41791
0.41791
0.41791
0.41791
0.41791
0.41791
0.41791
0.41791
0.41791
0.41791
0.41791
0.41791
0.41791
0.41791
0.41791
0.41791
0.41791
0.41791
0.41791
0.41791
0.41791
0.41791
0.41791
0.41791
0.41791
0.41791
0.41791
0.41791
0.41791
0.41791
0.41791
0.41791
0.41791
0.41791
0.41791
0.41791
0.41791
0.41791
0.41791
0.41791
0.41791
0.41791
0.41791
0.41791
0.41791
0.41791
0.41791
0.41791
0.41791
0.41791
0.41791
0.41791
0.41791
0.41791
0.41791
0.41791
0.41791
0.41791
0.41791
0.41791
0.41791
0.41791
0.41791
0.41791
0.41791
0.41791
0.41791
0.41791
0.420871
0.417833
0.417833
0.417833
0.417833
0.417833
0.417833
0.417833
0.417833
0.417833
0.417833
0.417833
0.417833
0.417833
0.417833
0.417833
0.417833
0.417833
0.417833
0.417833
0.417833
0.417833
0.417833
0.417833
0.417833
0.417833
0.417833
0.417833
0.417833
0.417833
0.417833
0.417833
0.417833
0.417833
0.417833
0.417833
0.417833
0.417833
0.417833
0.417833
0.417833
0.417833
0.417833
0.417833
0.417833
0.417833
0.417833
0.417833
0.417833
0.417833
0.417833
0.417833
0.417833
0.417833
0.417833
0.417833
0.417833
0.417833
0.417833
0.417833
0.417833
0.417833
0.417833
0.417833
0.417833
0.417833
0.417833
0.417833
0.417833
0.417833
0.417833
0.417833
0.417833
0.417833
0.417833
0.417833
0.417833
0.417833
0.417833
0.417833
0.417833
0.417833
0.417833
0.417833
0.417833
0.417833
0.417833
0.417833
0.417833
0.417833
0.417833
0.417833
0.417833
0.417833
0.417833
0.417833
0.417833
0.417833
0.417833
0.417833
0.417833
0.417833
0.417833
0.417833
0.417833
0.417833
0.417833
0.417833
0.417833
0.417833
0.417833
0.417833
0.417833
0.417833
0.417833
0.417833
0.417833
0.417833
0.417833
0.417833
0.417833
0.417833
0.417833
0.417833
0.417833
0.417833
0.417833
0.417833
0.417833
0.417833
0.417833
0.417833
0.417833
0.417833
0.417833
0.417833
0.417833
0.417833
0.417833
0.417833
0.417833
0.417833
0.417833
0.417833
0.417833
0.417833
0.417833
0.417833
0.417833
0.417833
0.417833
0.417833
0.417833
0.417833
0.417833
0.417833
0.417833
0.417833
0.417833
0.417833
0.417833
0.417833
0.417833
0.417833
0.417833
0.417833
0.417833
0.417833
0.417833
0.417833
0.417833
0.417833
0.417833
0.417833
0.417833
0.417833
0.417833
0.417833
0.417833
0.417833
0.417833
0.417833
0.417833
0.417833
0.417833
0.417833
0.417833
0.417833
0.417833
0.417833
0.417833
0.417833
0.417833
0.417833
0.417833
0.417833
0.417833
0.417833
0.417833
0.417833
0.422396
0.417715
0.417714
0.417714
0.417714
0.417714
0.417714
0.417714
0.417714
0.417714
0.417714
0.417714
0.417714
0.417714
0.417714
0.417714
0.417714
0.417714
0.417714
0.417714
0.417714
0.417714
0.417714
0.417714
0.417714
0.417714
0.417714
0.417714
0.417714
0.417714
0.417714
0.417714
0.417714
0.417714
0.417714
0.417714
0.417714
0.417714
0.417714
0.417714
0.417714
0.417714
0.417714
0.417714
0.417714
0.417714
0.417714
0.417714
0.417714
0.417714
0.417714
0.417714
0.417714
0.417714
0.417714
0.417714
0.417714
0.417714
0.417714
0.417714
0.417714
0.417714
0.417714
0.417714
0.417714
0.417714
0.417714
0.417714
0.417714
0.417714
0.417714
0.417714
0.417714
0.417714
0.417714
0.417714
0.417714
0.417714
0.417714
0.417714
0.417714
0.417714
0.417714
0.417714
0.417714
0.417714
0.417714
0.417714
0.417714
0.417714
0.417714
0.417714
0.417714
0.417714
0.417714
0.417714
0.417714
0.417714
0.417714
0.417714
0.417714
0.417714
0.417714
0.417714
0.417714
0.417714
0.417714
0.417714
0.417714
0.417714
0.417714
0.417714
0.417714
0.417714
0.417714
0.417714
0.417714
0.417714
0.417714
0.417714
0.417714
0.417714
0.417714
0.417714
0.417714
0.417714
0.417714
0.417714
0.417714
0.417714
0.417714
0.417714
0.417714
0.417714
0.417714
0.417714
0.417714
0.417714
0.417714
0.417714
0.417714
0.417714
0.417714
0.417714
0.417714
0.417714
0.417714
0.417714
0.417714
0.417714
0.417714
0.417714
0.417714
0.417714
0.417714
0.417714
0.417714
0.417714
0.417714
0.417714
0.417714
0.417714
0.417714
0.417714
0.417714
0.417714
0.417714
0.417714
0.417714
0.417714
0.417714
0.417714
0.417714
0.417714
0.417714
0.417714
0.417714
0.417714
0.417714
0.417714
0.417714
0.417714
0.417714
0.417714
0.417714
0.417714
0.417714
0.417714
0.417714
0.417714
0.417714
0.417714
0.417714
0.417714
0.417714
0.417714
0.417714
0.417714
0.417714
0.417714
0.424711
0.417531
0.417529
0.417529
0.417529
0.417529
0.417529
0.417529
0.417529
0.417529
0.417529
0.417529
0.417529
0.417529
0.417529
0.417529
0.417529
0.417529
0.417529
0.417529
0.417529
0.417529
0.417529
0.417529
0.417529
0.417529
0.417529
0.417529
0.417529
0.417529
0.417529
0.417529
0.417529
0.417529
0.417529
0.417529
0.417529
0.417529
0.417529
0.417529
0.417529
0.417529
0.417529
0.417529
0.417529
0.417529
0.417529
0.417529
0.417529
0.417529
0.417529
0.417529
0.417529
0.417529
0.417529
0.417529
0.417529
0.417529
0.417529
0.417529
0.417529
0.417529
0.417529
0.417529
0.417529
0.417529
0.417529
0.417529
0.417529
0.417529
0.417529
0.417529
0.417529
0.417529
0.417529
0.417529
0.417529
0.417529
0.417529
0.417529
0.417529
0.417529
0.417529
0.417529
0.417529
0.417529
0.417529
0.417529
0.417529
0.417529
0.417529
0.417529
0.417529
0.417529
0.417529
0.417529
0.417529
0.417529
0.417529
0.417529
0.417529
0.417529
0.417529
0.417529
0.417529
0.417529
0.417529
0.417529
0.417529
0.417529
0.417529
0.417529
0.417529
0.417529
0.417529
0.417529
0.417529
0.417529
0.417529
0.417529
0.417529
0.417529
0.417529
0.417529
0.417529
0.417529
0.417529
0.417529
0.417529
0.417529
0.417529
0.417529
0.417529
0.417529
0.417529
0.417529
0.417529
0.417529
0.417529
0.417529
0.417529
0.417529
0.417529
0.417529
0.417529
0.417529
0.417529
0.417529
0.417529
0.417529
0.417529
0.417529
0.417529
0.417529
0.417529
0.417529
0.417529
0.417529
0.417529
0.417529
0.417529
0.417529
0.417529
0.417529
0.417529
0.417529
0.417529
0.417529
0.417529
0.417529
0.417529
0.417529
0.417529
0.417529
0.417529
0.417529
0.417529
0.417529
0.417529
0.417529
0.417529
0.417529
0.417529
0.417529
0.417529
0.417529
0.417529
0.417529
0.417529
0.417529
0.417529
0.417529
0.417529
0.417529
0.417529
0.417529
0.417529
0.417529
0.417529
0.417529
0.428185
0.417246
0.417243
0.417243
0.417243
0.417243
0.417243
0.417243
0.417243
0.417243
0.417243
0.417243
0.417243
0.417243
0.417243
0.417243
0.417243
0.417243
0.417243
0.417243
0.417243
0.417243
0.417243
0.417243
0.417243
0.417243
0.417243
0.417243
0.417243
0.417243
0.417243
0.417243
0.417243
0.417243
0.417243
0.417243
0.417243
0.417243
0.417243
0.417243
0.417243
0.417243
0.417243
0.417243
0.417243
0.417243
0.417243
0.417243
0.417243
0.417243
0.417243
0.417243
0.417243
0.417243
0.417243
0.417243
0.417243
0.417243
0.417243
0.417243
0.417243
0.417243
0.417243
0.417243
0.417243
0.417243
0.417243
0.417243
0.417243
0.417243
0.417243
0.417243
0.417243
0.417243
0.417243
0.417243
0.417243
0.417243
0.417243
0.417243
0.417243
0.417243
0.417243
0.417243
0.417243
0.417243
0.417243
0.417243
0.417243
0.417243
0.417243
0.417243
0.417243
0.417243
0.417243
0.417243
0.417243
0.417243
0.417243
0.417243
0.417243
0.417243
0.417243
0.417243
0.417243
0.417243
0.417243
0.417243
0.417243
0.417243
0.417243
0.417243
0.417243
0.417243
0.417243
0.417243
0.417243
0.417243
0.417243
0.417243
0.417243
0.417243
0.417243
0.417243
0.417243
0.417243
0.417243
0.417243
0.417243
0.417243
0.417243
0.417243
0.417243
0.417243
0.417243
0.417243
0.417243
0.417243
0.417243
0.417243
0.417243
0.417243
0.417243
0.417243
0.417243
0.417243
0.417243
0.417243
0.417243
0.417243
0.417243
0.417243
0.417243
0.417243
0.417243
0.417243
0.417243
0.417243
0.417243
0.417243
0.417243
0.417243
0.417243
0.417243
0.417243
0.417243
0.417243
0.417243
0.417243
0.417243
0.417243
0.417243
0.417243
0.417243
0.417243
0.417243
0.417243
0.417243
0.417243
0.417243
0.417243
0.417243
0.417243
0.417243
0.417243
0.417243
0.417243
0.417243
0.417243
0.417243
0.417243
0.417243
0.417243
0.417243
0.417243
0.417243
0.417243
0.417243
0.417243
0.417242
0.433307
0.416806
0.416799
0.416799
0.416799
0.416799
0.416799
0.416799
0.416799
0.416799
0.416799
0.416799
0.416799
0.416799
0.416799
0.416799
0.416799
0.416799
0.416799
0.416799
0.416799
0.416799
0.416799
0.416799
0.416799
0.416799
0.416799
0.416799
0.416799
0.416799
0.416799
0.416799
0.416799
0.416799
0.416799
0.416799
0.416799
0.416799
0.416799
0.416799
0.416799
0.416799
0.416799
0.416799
0.416799
0.416799
0.416799
0.416799
0.416799
0.416799
0.416799
0.416799
0.416799
0.416799
0.416799
0.416799
0.416799
0.416799
0.416799
0.416799
0.416799
0.416799
0.416799
0.416799
0.416799
0.416799
0.416799
0.416799
0.416799
0.416799
0.416799
0.416799
0.416799
0.416799
0.416799
0.416799
0.416799
0.416799
0.416799
0.416799
0.416799
0.416799
0.416799
0.416799
0.416799
0.416799
0.416799
0.416799
0.416799
0.416799
0.416799
0.416799
0.416799
0.416799
0.416799
0.416799
0.416799
0.416799
0.416799
0.416799
0.416799
0.416799
0.416799
0.416799
0.416799
0.416799
0.416799
0.416799
0.416799
0.416799
0.416799
0.416799
0.416799
0.416799
0.416799
0.416799
0.416799
0.416799
0.416799
0.416799
0.416799
0.416799
0.416799
0.416799
0.416799
0.416799
0.416799
0.416799
0.416799
0.416799
0.416799
0.416799
0.416799
0.416799
0.416799
0.416799
0.416799
0.416799
0.416799
0.416799
0.416799
0.416799
0.416799
0.416799
0.416799
0.416799
0.416799
0.416799
0.416799
0.416799
0.416799
0.416799
0.416799
0.416799
0.416799
0.416799
0.416799
0.416799
0.416799
0.416799
0.416799
0.416799
0.416799
0.416799
0.416799
0.416799
0.416799
0.416799
0.416799
0.416799
0.416799
0.416799
0.416799
0.416799
0.416799
0.416799
0.416799
0.416799
0.416799
0.416799
0.416799
0.416799
0.416799
0.416799
0.416799
0.416799
0.416799
0.416799
0.416799
0.416799
0.416799
0.416799
0.416799
0.416799
0.416799
0.416799
0.416799
0.416799
0.416799
0.416798
0.440672
0.41613
0.416113
0.416113
0.416113
0.416113
0.416113
0.416113
0.416113
0.416113
0.416113
0.416113
0.416113
0.416113
0.416113
0.416113
0.416113
0.416113
0.416113
0.416113
0.416113
0.416113
0.416113
0.416113
0.416113
0.416113
0.416113
0.416113
0.416113
0.416113
0.416113
0.416113
0.416113
0.416113
0.416113
0.416113
0.416113
0.416113
0.416113
0.416113
0.416113
0.416113
0.416113
0.416113
0.416113
0.416113
0.416113
0.416113
0.416113
0.416113
0.416113
0.416113
0.416113
0.416113
0.416113
0.416113
0.416113
0.416113
0.416113
0.416113
0.416113
0.416113
0.416113
0.416113
0.416113
0.416113
0.416113
0.416113
0.416113
0.416113
0.416113
0.416113
0.416113
0.416113
0.416113
0.416113
0.416113
0.416113
0.416113
0.416113
0.416113
0.416113
0.416113
0.416113
0.416113
0.416113
0.416113
0.416113
0.416113
0.416113
0.416113
0.416113
0.416113
0.416113
0.416113
0.416113
0.416113
0.416113
0.416113
0.416113
0.416113
0.416113
0.416113
0.416113
0.416113
0.416113
0.416113
0.416113
0.416113
0.416113
0.416113
0.416113
0.416113
0.416113
0.416113
0.416113
0.416113
0.416113
0.416113
0.416113
0.416113
0.416113
0.416113
0.416113
0.416113
0.416113
0.416113
0.416113
0.416113
0.416113
0.416113
0.416113
0.416113
0.416113
0.416113
0.416113
0.416113
0.416113
0.416113
0.416113
0.416113
0.416113
0.416113
0.416113
0.416113
0.416113
0.416113
0.416113
0.416113
0.416113
0.416113
0.416113
0.416113
0.416113
0.416113
0.416113
0.416113
0.416113
0.416113
0.416113
0.416113
0.416113
0.416113
0.416113
0.416113
0.416113
0.416113
0.416113
0.416113
0.416113
0.416113
0.416113
0.416113
0.416113
0.416113
0.416113
0.416113
0.416113
0.416113
0.416113
0.416113
0.416113
0.416113
0.416113
0.416113
0.416113
0.416113
0.416113
0.416113
0.416113
0.416113
0.416113
0.416113
0.416113
0.416113
0.416113
0.416113
0.416113
0.416113
0.416111
0.45091
0.415095
0.415057
0.415057
0.415057
0.415057
0.415057
0.415057
0.415057
0.415057
0.415057
0.415057
0.415057
0.415057
0.415057
0.415057
0.415057
0.415057
0.415057
0.415057
0.415057
0.415057
0.415057
0.415057
0.415057
0.415057
0.415057
0.415057
0.415057
0.415057
0.415057
0.415057
0.415057
0.415057
0.415057
0.415057
0.415057
0.415057
0.415057
0.415057
0.415057
0.415057
0.415057
0.415057
0.415057
0.415057
0.415057
0.415057
0.415057
0.415057
0.415057
0.415057
0.415057
0.415057
0.415057
0.415057
0.415057
0.415057
0.415057
0.415057
0.415057
0.415057
0.415057
0.415057
0.415057
0.415057
0.415057
0.415057
0.415057
0.415057
0.415057
0.415057
0.415057
0.415057
0.415057
0.415057
0.415057
0.415057
0.415057
0.415057
0.415057
0.415057
0.415057
0.415057
0.415057
0.415057
0.415057
0.415057
0.415057
0.415057
0.415057
0.415057
0.415057
0.415057
0.415057
0.415057
0.415057
0.415057
0.415057
0.415057
0.415057
0.415057
0.415057
0.415057
0.415057
0.415057
0.415057
0.415057
0.415057
0.415057
0.415057
0.415057
0.415057
0.415057
0.415057
0.415057
0.415057
0.415057
0.415057
0.415057
0.415057
0.415057
0.415057
0.415057
0.415057
0.415057
0.415057
0.415057
0.415057
0.415057
0.415057
0.415057
0.415057
0.415057
0.415057
0.415057
0.415057
0.415057
0.415057
0.415057
0.415057
0.415057
0.415057
0.415057
0.415057
0.415057
0.415057
0.415057
0.415057
0.415057
0.415057
0.415057
0.415057
0.415057
0.415057
0.415057
0.415057
0.415057
0.415057
0.415057
0.415057
0.415057
0.415057
0.415057
0.415057
0.415057
0.415057
0.415057
0.415057
0.415057
0.415057
0.415057
0.415057
0.415057
0.415057
0.415057
0.415057
0.415057
0.415057
0.415057
0.415057
0.415057
0.415057
0.415057
0.415057
0.415057
0.415057
0.415057
0.415057
0.415057
0.415057
0.415057
0.415057
0.415057
0.415057
0.415057
0.415057
0.415057
0.415057
0.415053
0.464514
0.413521
0.41344
0.413439
0.413439
0.413439
0.413439
0.413439
0.413439
0.413439
0.413439
0.413439
0.413439
0.413439
0.413439
0.413439
0.413439
0.413439
0.413439
0.413439
0.413439
0.413439
0.413439
0.413439
0.413439
0.413439
0.413439
0.413439
0.413439
0.413439
0.413439
0.413439
0.413439
0.413439
0.413439
0.413439
0.413439
0.413439
0.413439
0.413439
0.413439
0.413439
0.413439
0.413439
0.413439
0.413439
0.413439
0.413439
0.413439
0.413439
0.413439
0.413439
0.413439
0.413439
0.413439
0.413439
0.413439
0.413439
0.413439
0.413439
0.413439
0.413439
0.413439
0.413439
0.413439
0.413439
0.413439
0.413439
0.413439
0.413439
0.413439
0.413439
0.413439
0.413439
0.413439
0.413439
0.413439
0.413439
0.413439
0.413439
0.413439
0.413439
0.413439
0.413439
0.413439
0.413439
0.413439
0.413439
0.413439
0.413439
0.413439
0.413439
0.413439
0.413439
0.413439
0.413439
0.413439
0.413439
0.413439
0.413439
0.413439
0.413439
0.413439
0.413439
0.413439
0.413439
0.413439
0.413439
0.413439
0.413439
0.413439
0.413439
0.413439
0.413439
0.413439
0.413439
0.413439
0.413439
0.413439
0.413439
0.413439
0.413439
0.413439
0.413439
0.413439
0.413439
0.413439
0.413439
0.413439
0.413439
0.413439
0.413439
0.413439
0.413439
0.413439
0.413439
0.413439
0.413439
0.413439
0.413439
0.413439
0.413439
0.413439
0.413439
0.413439
0.413439
0.413439
0.413439
0.413439
0.413439
0.413439
0.413439
0.413439
0.413439
0.413439
0.413439
0.413439
0.413439
0.413439
0.413439
0.413439
0.413439
0.413439
0.413439
0.413439
0.413439
0.413439
0.413439
0.413439
0.413439
0.413439
0.413439
0.413439
0.413439
0.413439
0.413439
0.413439
0.413439
0.413439
0.413439
0.413439
0.413439
0.413439
0.413439
0.413439
0.413439
0.413439
0.413439
0.413439
0.413439
0.413439
0.413439
0.413439
0.413439
0.413439
0.413439
0.413439
0.413439
0.413439
0.413431
0.481572
0.411152
0.410982
0.410982
0.410982
0.410982
0.410982
0.410982
0.410982
0.410982
0.410982
0.410982
0.410982
0.410982
0.410982
0.410982
0.410982
0.410982
0.410982
0.410982
0.410982
0.410982
0.410982
0.410982
0.410982
0.410982
0.410982
0.410982
0.410982
0.410982
0.410982
0.410982
0.410982
0.410982
0.410982
0.410982
0.410982
0.410982
0.410982
0.410982
0.410982
0.410982
0.410982
0.410982
0.410982
0.410982
0.410982
0.410982
0.410982
0.410982
0.410982
0.410982
0.410982
0.410982
0.410982
0.410982
0.410982
0.410982
0.410982
0.410982
0.410982
0.410982
0.410982
0.410982
0.410982
0.410982
0.410982
0.410982
0.410982
0.410982
0.410982
0.410982
0.410982
0.410982
0.410982
0.410982
0.410982
0.410982
0.410982
0.410982
0.410982
0.410982
0.410982
0.410982
0.410982
0.410982
0.410982
0.410982
0.410982
0.410982
0.410982
0.410982
0.410982
0.410982
0.410982
0.410982
0.410982
0.410982
0.410982
0.410982
0.410982
0.410982
0.410982
0.410982
0.410982
0.410982
0.410982
0.410982
0.410982
0.410982
0.410982
0.410982
0.410982
0.410982
0.410982
0.410982
0.410982
0.410982
0.410982
0.410982
0.410982
0.410982
0.410982
0.410982
0.410982
0.410982
0.410982
0.410982
0.410982
0.410982
0.410982
0.410982
0.410982
0.410982
0.410982
0.410982
0.410982
0.410982
0.410982
0.410982
0.410982
0.410982
0.410982
0.410982
0.410982
0.410982
0.410982
0.410982
0.410982
0.410982
0.410982
0.410982
0.410982
0.410982
0.410982
0.410982
0.410982
0.410982
0.410982
0.410982
0.410982
0.410982
0.410982
0.410982
0.410982
0.410982
0.410982
0.410982
0.410982
0.410982
0.410982
0.410982
0.410982
0.410982
0.410982
0.410982
0.410982
0.410982
0.410982
0.410982
0.410982
0.410982
0.410982
0.410982
0.410982
0.410982
0.410982
0.410982
0.410982
0.410982
0.410982
0.410982
0.410982
0.410982
0.410982
0.410982
0.410982
0.410982
0.410982
0.410961
0.501484
0.407632
0.407293
0.407292
0.407292
0.407292
0.407292
0.407292
0.407292
0.407292
0.407292
0.407292
0.407292
0.407292
0.407292
0.407292
0.407292
0.407292
0.407292
0.407292
0.407292
0.407292
0.407292
0.407292
0.407292
0.407292
0.407292
0.407292
0.407292
0.407292
0.407292
0.407292
0.407292
0.407292
0.407292
0.407292
0.407292
0.407292
0.407292
0.407292
0.407292
0.407292
0.407292
0.407292
0.407292
0.407292
0.407292
0.407292
0.407292
0.407292
0.407292
0.407292
0.407292
0.407292
0.407292
0.407292
0.407292
0.407292
0.407292
0.407292
0.407292
0.407292
0.407292
0.407292
0.407292
0.407292
0.407292
0.407292
0.407292
0.407292
0.407292
0.407292
0.407292
0.407292
0.407292
0.407292
0.407292
0.407292
0.407292
0.407292
0.407292
0.407292
0.407292
0.407292
0.407292
0.407292
0.407292
0.407292
0.407292
0.407292
0.407292
0.407292
0.407292
0.407292
0.407292
0.407292
0.407292
0.407292
0.407292
0.407292
0.407292
0.407292
0.407292
0.407292
0.407292
0.407292
0.407292
0.407292
0.407292
0.407292
0.407292
0.407292
0.407292
0.407292
0.407292
0.407292
0.407292
0.407292
0.407292
0.407292
0.407292
0.407292
0.407292
0.407292
0.407292
0.407292
0.407292
0.407292
0.407292
0.407292
0.407292
0.407292
0.407292
0.407292
0.407292
0.407292
0.407292
0.407292
0.407292
0.407292
0.407292
0.407292
0.407292
0.407292
0.407292
0.407292
0.407292
0.407292
0.407292
0.407292
0.407292
0.407292
0.407292
0.407292
0.407292
0.407292
0.407292
0.407292
0.407292
0.407292
0.407292
0.407292
0.407292
0.407292
0.407292
0.407292
0.407292
0.407292
0.407292
0.407292
0.407292
0.407292
0.407292
0.407292
0.407292
0.407292
0.407292
0.407292
0.407292
0.407292
0.407292
0.407292
0.407292
0.407292
0.407292
0.407292
0.407292
0.407292
0.407292
0.407292
0.407292
0.407292
0.407292
0.407292
0.407292
0.407292
0.407292
0.407292
0.407292
0.407245
0.522856
0.402494
0.40185
0.401846
0.401846
0.401846
0.401846
0.401846
0.401846
0.401846
0.401846
0.401846
0.401846
0.401846
0.401846
0.401846
0.401846
0.401846
0.401846
0.401846
0.401846
0.401846
0.401846
0.401846
0.401846
0.401846
0.401846
0.401846
0.401846
0.401846
0.401846
0.401846
0.401846
0.401846
0.401846
0.401846
0.401846
0.401846
0.401846
0.401846
0.401846
0.401846
0.401846
0.401846
0.401846
0.401846
0.401846
0.401846
0.401846
0.401846
0.401846
0.401846
0.401846
0.401846
0.401846
0.401846
0.401846
0.401846
0.401846
0.401846
0.401846
0.401846
0.401846
0.401846
0.401846
0.401846
0.401846
0.401846
0.401846
0.401846
0.401846
0.401846
0.401846
0.401846
0.401846
0.401846
0.401846
0.401846
0.401846
0.401846
0.401846
0.401846
0.401846
0.401846
0.401846
0.401846
0.401846
0.401846
0.401846
0.401846
0.401846
0.401846
0.401846
0.401846
0.401846
0.401846
0.401846
0.401846
0.401846
0.401846
0.401846
0.401846
0.401846
0.401846
0.401846
0.401846
0.401846
0.401846
0.401846
0.401846
0.401846
0.401846
0.401846
0.401846
0.401846
0.401846
0.401846
0.401846
0.401846
0.401846
0.401846
0.401846
0.401846
0.401846
0.401846
0.401846
0.401846
0.401846
0.401846
0.401846
0.401846
0.401846
0.401846
0.401846
0.401846
0.401846
0.401846
0.401846
0.401846
0.401846
0.401846
0.401846
0.401846
0.401846
0.401846
0.401846
0.401846
0.401846
0.401846
0.401846
0.401846
0.401846
0.401846
0.401846
0.401846
0.401846
0.401846
0.401846
0.401846
0.401846
0.401846
0.401846
0.401846
0.401846
0.401846
0.401846
0.401846
0.401846
0.401846
0.401846
0.401846
0.401846
0.401846
0.401846
0.401846
0.401846
0.401846
0.401846
0.401846
0.401846
0.401846
0.401846
0.401846
0.401846
0.401846
0.401846
0.401846
0.401846
0.401846
0.401846
0.401846
0.401846
0.401846
0.401846
0.401846
0.401846
0.401846
0.401846
0.401846
0.401743
0.543767
0.395181
0.394016
0.394007
0.394007
0.394007
0.394007
0.394007
0.394007
0.394007
0.394007
0.394007
0.394007
0.394007
0.394007
0.394007
0.394007
0.394007
0.394007
0.394007
0.394007
0.394007
0.394007
0.394007
0.394007
0.394007
0.394007
0.394007
0.394007
0.394007
0.394007
0.394007
0.394007
0.394007
0.394007
0.394007
0.394007
0.394007
0.394007
0.394007
0.394007
0.394007
0.394007
0.394007
0.394007
0.394007
0.394007
0.394007
0.394007
0.394007
0.394007
0.394007
0.394007
0.394007
0.394007
0.394007
0.394007
0.394007
0.394007
0.394007
0.394007
0.394007
0.394007
0.394007
0.394007
0.394007
0.394007
0.394007
0.394007
0.394007
0.394007
0.394007
0.394007
0.394007
0.394007
0.394007
0.394007
0.394007
0.394007
0.394007
0.394007
0.394007
0.394007
0.394007
0.394007
0.394007
0.394007
0.394007
0.394007
0.394007
0.394007
0.394007
0.394007
0.394007
0.394007
0.394007
0.394007
0.394007
0.394007
0.394007
0.394007
0.394007
0.394007
0.394007
0.394007
0.394007
0.394007
0.394007
0.394007
0.394007
0.394007
0.394007
0.394007
0.394007
0.394007
0.394007
0.394007
0.394007
0.394007
0.394007
0.394007
0.394007
0.394007
0.394007
0.394007
0.394007
0.394007
0.394007
0.394007
0.394007
0.394007
0.394007
0.394007
0.394007
0.394007
0.394007
0.394007
0.394007
0.394007
0.394007
0.394007
0.394007
0.394007
0.394007
0.394007
0.394007
0.394007
0.394007
0.394007
0.394007
0.394007
0.394007
0.394007
0.394007
0.394007
0.394007
0.394007
0.394007
0.394007
0.394007
0.394007
0.394007
0.394007
0.394007
0.394007
0.394007
0.394007
0.394007
0.394007
0.394007
0.394007
0.394007
0.394007
0.394007
0.394007
0.394007
0.394007
0.394007
0.394007
0.394007
0.394007
0.394007
0.394007
0.394007
0.394007
0.394007
0.394007
0.394007
0.394007
0.394007
0.394007
0.394007
0.394007
0.394007
0.394007
0.394007
0.394007
0.394007
0.394004
0.393785
0.56238
0.385128
0.383125
0.383102
0.383102
0.383102
0.383102
0.383102
0.383102
0.383102
0.383102
0.383102
0.383102
0.383102
0.383102
0.383102
0.383102
0.383102
0.383102
0.383102
0.383102
0.383102
0.383102
0.383102
0.383102
0.383102
0.383102
0.383102
0.383102
0.383102
0.383102
0.383102
0.383102
0.383102
0.383102
0.383102
0.383102
0.383102
0.383102
0.383102
0.383102
0.383102
0.383102
0.383102
0.383102
0.383102
0.383102
0.383102
0.383102
0.383102
0.383102
0.383102
0.383102
0.383102
0.383102
0.383102
0.383102
0.383102
0.383102
0.383102
0.383102
0.383102
0.383102
0.383102
0.383102
0.383102
0.383102
0.383102
0.383102
0.383102
0.383102
0.383102
0.383102
0.383102
0.383102
0.383102
0.383102
0.383102
0.383102
0.383102
0.383102
0.383102
0.383102
0.383102
0.383102
0.383102
0.383102
0.383102
0.383102
0.383102
0.383102
0.383102
0.383102
0.383102
0.383102
0.383102
0.383102
0.383102
0.383102
0.383102
0.383102
0.383102
0.383102
0.383102
0.383102
0.383102
0.383102
0.383102
0.383102
0.383102
0.383102
0.383102
0.383102
0.383102
0.383102
0.383102
0.383102
0.383102
0.383102
0.383102
0.383102
0.383102
0.383102
0.383102
0.383102
0.383102
0.383102
0.383102
0.383102
0.383102
0.383102
0.383102
0.383102
0.383102
0.383102
0.383102
0.383102
0.383102
0.383102
0.383102
0.383102
0.383102
0.383102
0.383102
0.383102
0.383102
0.383102
0.383102
0.383102
0.383102
0.383102
0.383102
0.383102
0.383102
0.383102
0.383102
0.383102
0.383102
0.383102
0.383102
0.383102
0.383102
0.383102
0.383102
0.383102
0.383102
0.383102
0.383102
0.383102
0.383102
0.383102
0.383102
0.383102
0.383102
0.383102
0.383102
0.383102
0.383102
0.383102
0.383102
0.383102
0.383102
0.383102
0.383102
0.383102
0.383102
0.383102
0.383102
0.383102
0.383102
0.383102
0.383102
0.383102
0.383102
0.383102
0.383102
0.383102
0.383102
0.383095
0.382651
0.577555
0.371945
0.368682
0.368628
0.368627
0.368627
0.368627
0.368627
0.368627
0.368627
0.368627
0.368627
0.368627
0.368627
0.368627
0.368627
0.368627
0.368627
0.368627
0.368627
0.368627
0.368627
0.368627
0.368627
0.368627
0.368627
0.368627
0.368627
0.368627
0.368627
0.368627
0.368627
0.368627
0.368627
0.368627
0.368627
0.368627
0.368627
0.368627
0.368627
0.368627
0.368627
0.368627
0.368627
0.368627
0.368627
0.368627
0.368627
0.368627
0.368627
0.368627
0.368627
0.368627
0.368627
0.368627
0.368627
0.368627
0.368627
0.368627
0.368627
0.368627
0.368627
0.368627
0.368627
0.368627
0.368627
0.368627
0.368627
0.368627
0.368627
0.368627
0.368627
0.368627
0.368627
0.368627
0.368627
0.368627
0.368627
0.368627
0.368627
0.368627
0.368627
0.368627
0.368627
0.368627
0.368627
0.368627
0.368627
0.368627
0.368627
0.368627
0.368627
0.368627
0.368627
0.368627
0.368627
0.368627
0.368627
0.368627
0.368627
0.368627
0.368627
0.368627
0.368627
0.368627
0.368627
0.368627
0.368627
0.368627
0.368627
0.368627
0.368627
0.368627
0.368627
0.368627
0.368627
0.368627
0.368627
0.368627
0.368627
0.368627
0.368627
0.368627
0.368627
0.368627
0.368627
0.368627
0.368627
0.368627
0.368627
0.368627
0.368627
0.368627
0.368627
0.368627
0.368627
0.368627
0.368627
0.368627
0.368627
0.368627
0.368627
0.368627
0.368627
0.368627
0.368627
0.368627
0.368627
0.368627
0.368627
0.368627
0.368627
0.368627
0.368627
0.368627
0.368627
0.368627
0.368627
0.368627
0.368627
0.368627
0.368627
0.368627
0.368627
0.368627
0.368627
0.368627
0.368627
0.368627
0.368627
0.368627
0.368627
0.368627
0.368627
0.368627
0.368627
0.368627
0.368627
0.368627
0.368627
0.368627
0.368627
0.368627
0.368627
0.368627
0.368627
0.368627
0.368627
0.368627
0.368627
0.368627
0.368627
0.368627
0.368627
0.368627
0.368627
0.368627
0.368627
0.36861
0.36776
0.589045
0.355729
0.350716
0.350602
0.3506
0.3506
0.3506
0.3506
0.3506
0.3506
0.3506
0.3506
0.3506
0.3506
0.3506
0.3506
0.3506
0.3506
0.3506
0.3506
0.3506
0.3506
0.3506
0.3506
0.3506
0.3506
0.3506
0.3506
0.3506
0.3506
0.3506
0.3506
0.3506
0.3506
0.3506
0.3506
0.3506
0.3506
0.3506
0.3506
0.3506
0.3506
0.3506
0.3506
0.3506
0.3506
0.3506
0.3506
0.3506
0.3506
0.3506
0.3506
0.3506
0.3506
0.3506
0.3506
0.3506
0.3506
0.3506
0.3506
0.3506
0.3506
0.3506
0.3506
0.3506
0.3506
0.3506
0.3506
0.3506
0.3506
0.3506
0.3506
0.3506
0.3506
0.3506
0.3506
0.3506
0.3506
0.3506
0.3506
0.3506
0.3506
0.3506
0.3506
0.3506
0.3506
0.3506
0.3506
0.3506
0.3506
0.3506
0.3506
0.3506
0.3506
0.3506
0.3506
0.3506
0.3506
0.3506
0.3506
0.3506
0.3506
0.3506
0.3506
0.3506
0.3506
0.3506
0.3506
0.3506
0.3506
0.3506
0.3506
0.3506
0.3506
0.3506
0.3506
0.3506
0.3506
0.3506
0.3506
0.3506
0.3506
0.3506
0.3506
0.3506
0.3506
0.3506
0.3506
0.3506
0.3506
0.3506
0.3506
0.3506
0.3506
0.3506
0.3506
0.3506
0.3506
0.3506
0.3506
0.3506
0.3506
0.3506
0.3506
0.3506
0.3506
0.3506
0.3506
0.3506
0.3506
0.3506
0.3506
0.3506
0.3506
0.3506
0.3506
0.3506
0.3506
0.3506
0.3506
0.3506
0.3506
0.3506
0.3506
0.3506
0.3506
0.3506
0.3506
0.3506
0.3506
0.3506
0.3506
0.3506
0.3506
0.3506
0.3506
0.3506
0.3506
0.3506
0.3506
0.3506
0.3506
0.3506
0.3506
0.3506
0.3506
0.3506
0.3506
0.3506
0.3506
0.3506
0.3506
0.3506
0.3506
0.3506
0.3506
0.3506
0.350599
0.350563
0.349049
0.597247
0.337633
0.330459
0.330251
0.330246
0.330246
0.330246
0.330246
0.330246
0.330246
0.330246
0.330246
0.330246
0.330246
0.330246
0.330246
0.330246
0.330246
0.330246
0.330246
0.330246
0.330246
0.330246
0.330246
0.330246
0.330246
0.330246
0.330246
0.330246
0.330246
0.330246
0.330246
0.330246
0.330246
0.330246
0.330246
0.330246
0.330246
0.330246
0.330246
0.330246
0.330246
0.330246
0.330246
0.330246
0.330246
0.330246
0.330246
0.330246
0.330246
0.330246
0.330246
0.330246
0.330246
0.330246
0.330246
0.330246
0.330246
0.330246
0.330246
0.330246
0.330246
0.330246
0.330246
0.330246
0.330246
0.330246
0.330246
0.330246
0.330246
0.330246
0.330246
0.330246
0.330246
0.330246
0.330246
0.330246
0.330246
0.330246
0.330246
0.330246
0.330246
0.330246
0.330246
0.330246
0.330246
0.330246
0.330246
0.330246
0.330246
0.330246
0.330246
0.330246
0.330246
0.330246
0.330246
0.330246
0.330246
0.330246
0.330246
0.330246
0.330246
0.330246
0.330246
0.330246
0.330246
0.330246
0.330246
0.330246
0.330246
0.330246
0.330246
0.330246
0.330246
0.330246
0.330246
0.330246
0.330246
0.330246
0.330246
0.330246
0.330246
0.330246
0.330246
0.330246
0.330246
0.330246
0.330246
0.330246
0.330246
0.330246
0.330246
0.330246
0.330246
0.330246
0.330246
0.330246
0.330246
0.330246
0.330246
0.330246
0.330246
0.330246
0.330246
0.330246
0.330246
0.330246
0.330246
0.330246
0.330246
0.330246
0.330246
0.330246
0.330246
0.330246
0.330246
0.330246
0.330246
0.330246
0.330246
0.330246
0.330246
0.330246
0.330246
0.330246
0.330246
0.330246
0.330246
0.330246
0.330246
0.330246
0.330246
0.330246
0.330246
0.330246
0.330246
0.330246
0.330246
0.330246
0.330246
0.330246
0.330246
0.330246
0.330246
0.330246
0.330246
0.330246
0.330246
0.330246
0.330246
0.330246
0.330246
0.330246
0.330246
0.330246
0.330246
0.330246
0.330244
0.330173
0.327722
0.602287
0.322058
0.312891
0.312578
0.312569
0.312569
0.312569
0.312569
0.312569
0.312569
0.312569
0.312569
0.312569
0.312569
0.312569
0.312569
0.312569
0.312569
0.312569
0.312569
0.312569
0.312569
0.312569
0.312569
0.312569
0.312569
0.312569
0.312569
0.312569
0.312569
0.312569
0.312569
0.312569
0.312569
0.312569
0.312569
0.312569
0.312569
0.312569
0.312569
0.312569
0.312569
0.312569
0.312569
0.312569
0.312569
0.312569
0.312569
0.312569
0.312569
0.312569
0.312569
0.312569
0.312569
0.312569
0.312569
0.312569
0.312569
0.312569
0.312569
0.312569
0.312569
0.312569
0.312569
0.312569
0.312569
0.312569
0.312569
0.312569
0.312569
0.312569
0.312569
0.312569
0.312569
0.312569
0.312569
0.312569
0.312569
0.312569
0.312569
0.312569
0.312569
0.312569
0.312569
0.312569
0.312569
0.312569
0.312569
0.312569
0.312569
0.312569
0.312569
0.312569
0.312569
0.312569
0.312569
0.312569
0.312569
0.312569
0.312569
0.312569
0.312569
0.312569
0.312569
0.312569
0.312569
0.312569
0.312569
0.312569
0.312569
0.312569
0.312569
0.312569
0.312569
0.312569
0.312569
0.312569
0.312569
0.312569
0.312569
0.312569
0.312569
0.312569
0.312569
0.312569
0.312569
0.312569
0.312569
0.312569
0.312569
0.312569
0.312569
0.312569
0.312569
0.312569
0.312569
0.312569
0.312569
0.312569
0.312569
0.312569
0.312569
0.312569
0.312569
0.312569
0.312569
0.312569
0.312569
0.312569
0.312569
0.312569
0.312569
0.312569
0.312569
0.312569
0.312569
0.312569
0.312569
0.312569
0.312569
0.312569
0.312569
0.312569
0.312569
0.312569
0.312569
0.312569
0.312569
0.312569
0.312569
0.312569
0.312569
0.312569
0.312569
0.312569
0.312569
0.312569
0.312569
0.312569
0.312569
0.312569
0.312569
0.312569
0.312569
0.312569
0.312569
0.312569
0.312569
0.312569
0.312569
0.312569
0.312569
0.312569
0.312569
0.312569
0.312569
0.312569
0.312565
0.312454
0.309053
0.602287
0.322058
0.312891
0.312578
0.312569
0.312569
0.312569
0.312569
0.312569
0.312569
0.312569
0.312569
0.312569
0.312569
0.312569
0.312569
0.312569
0.312569
0.312569
0.312569
0.312569
0.312569
0.312569
0.312569
0.312569
0.312569
0.312569
0.312569
0.312569
0.312569
0.312569
0.312569
0.312569
0.312569
0.312569
0.312569
0.312569
0.312569
0.312569
0.312569
0.312569
0.312569
0.312569
0.312569
0.312569
0.312569
0.312569
0.312569
0.312569
0.312569
0.312569
0.312569
0.312569
0.312569
0.312569
0.312569
0.312569
0.312569
0.312569
0.312569
0.312569
0.312569
0.312569
0.312569
0.312569
0.312569
0.312569
0.312569
0.312569
0.312569
0.312569
0.312569
0.312569
0.312569
0.312569
0.312569
0.312569
0.312569
0.312569
0.312569
0.312569
0.312569
0.312569
0.312569
0.312569
0.312569
0.312569
0.312569
0.312569
0.312569
0.312569
0.312569
0.312569
0.312569
0.312569
0.312569
0.312569
0.312569
0.312569
0.312569
0.312569
0.312569
0.312569
0.312569
0.312569
0.312569
0.312569
0.312569
0.312569
0.312569
0.312569
0.312569
0.312569
0.312569
0.312569
0.312569
0.312569
0.312569
0.312569
0.312569
0.312569
0.312569
0.312569
0.312569
0.312569
0.312569
0.312569
0.312569
0.312569
0.312569
0.312569
0.312569
0.312569
0.312569
0.312569
0.312569
0.312569
0.312569
0.312569
0.312569
0.312569
0.312569
0.312569
0.312569
0.312569
0.312569
0.312569
0.312569
0.312569
0.312569
0.312569
0.312569
0.312569
0.312569
0.312569
0.312569
0.312569
0.312569
0.312569
0.312569
0.312569
0.312569
0.312569
0.312569
0.312569
0.312569
0.312569
0.312569
0.312569
0.312569
0.312569
0.312569
0.312569
0.312569
0.312569
0.312569
0.312569
0.312569
0.312569
0.312569
0.312569
0.312569
0.312569
0.312569
0.312569
0.312569
0.312569
0.312569
0.312569
0.312569
0.312569
0.312569
0.312569
0.312569
0.312569
0.312569
0.312569
0.312565
0.312454
0.309053
0.597247
0.337633
0.330459
0.330251
0.330246
0.330246
0.330246
0.330246
0.330246
0.330246
0.330246
0.330246
0.330246
0.330246
0.330246
0.330246
0.330246
0.330246
0.330246
0.330246
0.330246
0.330246
0.330246
0.330246
0.330246
0.330246
0.330246
0.330246
0.330246
0.330246
0.330246
0.330246
0.330246
0.330246
0.330246
0.330246
0.330246
0.330246
0.330246
0.330246
0.330246
0.330246
0.330246
0.330246
0.330246
0.330246
0.330246
0.330246
0.330246
0.330246
0.330246
0.330246
0.330246
0.330246
0.330246
0.330246
0.330246
0.330246
0.330246
0.330246
0.330246
0.330246
0.330246
0.330246
0.330246
0.330246
0.330246
0.330246
0.330246
0.330246
0.330246
0.330246
0.330246
0.330246
0.330246
0.330246
0.330246
0.330246
0.330246
0.330246
0.330246
0.330246
0.330246
0.330246
0.330246
0.330246
0.330246
0.330246
0.330246
0.330246
0.330246
0.330246
0.330246
0.330246
0.330246
0.330246
0.330246
0.330246
0.330246
0.330246
0.330246
0.330246
0.330246
0.330246
0.330246
0.330246
0.330246
0.330246
0.330246
0.330246
0.330246
0.330246
0.330246
0.330246
0.330246
0.330246
0.330246
0.330246
0.330246
0.330246
0.330246
0.330246
0.330246
0.330246
0.330246
0.330246
0.330246
0.330246
0.330246
0.330246
0.330246
0.330246
0.330246
0.330246
0.330246
0.330246
0.330246
0.330246
0.330246
0.330246
0.330246
0.330246
0.330246
0.330246
0.330246
0.330246
0.330246
0.330246
0.330246
0.330246
0.330246
0.330246
0.330246
0.330246
0.330246
0.330246
0.330246
0.330246
0.330246
0.330246
0.330246
0.330246
0.330246
0.330246
0.330246
0.330246
0.330246
0.330246
0.330246
0.330246
0.330246
0.330246
0.330246
0.330246
0.330246
0.330246
0.330246
0.330246
0.330246
0.330246
0.330246
0.330246
0.330246
0.330246
0.330246
0.330246
0.330246
0.330246
0.330246
0.330246
0.330246
0.330246
0.330246
0.330246
0.330246
0.330246
0.330246
0.330244
0.330173
0.327722
0.589045
0.355729
0.350716
0.350602
0.3506
0.3506
0.3506
0.3506
0.3506
0.3506
0.3506
0.3506
0.3506
0.3506
0.3506
0.3506
0.3506
0.3506
0.3506
0.3506
0.3506
0.3506
0.3506
0.3506
0.3506
0.3506
0.3506
0.3506
0.3506
0.3506
0.3506
0.3506
0.3506
0.3506
0.3506
0.3506
0.3506
0.3506
0.3506
0.3506
0.3506
0.3506
0.3506
0.3506
0.3506
0.3506
0.3506
0.3506
0.3506
0.3506
0.3506
0.3506
0.3506
0.3506
0.3506
0.3506
0.3506
0.3506
0.3506
0.3506
0.3506
0.3506
0.3506
0.3506
0.3506
0.3506
0.3506
0.3506
0.3506
0.3506
0.3506
0.3506
0.3506
0.3506
0.3506
0.3506
0.3506
0.3506
0.3506
0.3506
0.3506
0.3506
0.3506
0.3506
0.3506
0.3506
0.3506
0.3506
0.3506
0.3506
0.3506
0.3506
0.3506
0.3506
0.3506
0.3506
0.3506
0.3506
0.3506
0.3506
0.3506
0.3506
0.3506
0.3506
0.3506
0.3506
0.3506
0.3506
0.3506
0.3506
0.3506
0.3506
0.3506
0.3506
0.3506
0.3506
0.3506
0.3506
0.3506
0.3506
0.3506
0.3506
0.3506
0.3506
0.3506
0.3506
0.3506
0.3506
0.3506
0.3506
0.3506
0.3506
0.3506
0.3506
0.3506
0.3506
0.3506
0.3506
0.3506
0.3506
0.3506
0.3506
0.3506
0.3506
0.3506
0.3506
0.3506
0.3506
0.3506
0.3506
0.3506
0.3506
0.3506
0.3506
0.3506
0.3506
0.3506
0.3506
0.3506
0.3506
0.3506
0.3506
0.3506
0.3506
0.3506
0.3506
0.3506
0.3506
0.3506
0.3506
0.3506
0.3506
0.3506
0.3506
0.3506
0.3506
0.3506
0.3506
0.3506
0.3506
0.3506
0.3506
0.3506
0.3506
0.3506
0.3506
0.3506
0.3506
0.3506
0.3506
0.3506
0.3506
0.3506
0.3506
0.3506
0.3506
0.3506
0.350599
0.350563
0.349049
0.577555
0.371945
0.368682
0.368628
0.368627
0.368627
0.368627
0.368627
0.368627
0.368627
0.368627
0.368627
0.368627
0.368627
0.368627
0.368627
0.368627
0.368627
0.368627
0.368627
0.368627
0.368627
0.368627
0.368627
0.368627
0.368627
0.368627
0.368627
0.368627
0.368627
0.368627
0.368627
0.368627
0.368627
0.368627
0.368627
0.368627
0.368627
0.368627
0.368627
0.368627
0.368627
0.368627
0.368627
0.368627
0.368627
0.368627
0.368627
0.368627
0.368627
0.368627
0.368627
0.368627
0.368627
0.368627
0.368627
0.368627
0.368627
0.368627
0.368627
0.368627
0.368627
0.368627
0.368627
0.368627
0.368627
0.368627
0.368627
0.368627
0.368627
0.368627
0.368627
0.368627
0.368627
0.368627
0.368627
0.368627
0.368627
0.368627
0.368627
0.368627
0.368627
0.368627
0.368627
0.368627
0.368627
0.368627
0.368627
0.368627
0.368627
0.368627
0.368627
0.368627
0.368627
0.368627
0.368627
0.368627
0.368627
0.368627
0.368627
0.368627
0.368627
0.368627
0.368627
0.368627
0.368627
0.368627
0.368627
0.368627
0.368627
0.368627
0.368627
0.368627
0.368627
0.368627
0.368627
0.368627
0.368627
0.368627
0.368627
0.368627
0.368627
0.368627
0.368627
0.368627
0.368627
0.368627
0.368627
0.368627
0.368627
0.368627
0.368627
0.368627
0.368627
0.368627
0.368627
0.368627
0.368627
0.368627
0.368627
0.368627
0.368627
0.368627
0.368627
0.368627
0.368627
0.368627
0.368627
0.368627
0.368627
0.368627
0.368627
0.368627
0.368627
0.368627
0.368627
0.368627
0.368627
0.368627
0.368627
0.368627
0.368627
0.368627
0.368627
0.368627
0.368627
0.368627
0.368627
0.368627
0.368627
0.368627
0.368627
0.368627
0.368627
0.368627
0.368627
0.368627
0.368627
0.368627
0.368627
0.368627
0.368627
0.368627
0.368627
0.368627
0.368627
0.368627
0.368627
0.368627
0.368627
0.368627
0.368627
0.368627
0.368627
0.368627
0.368627
0.368627
0.368627
0.36861
0.36776
0.56238
0.385128
0.383125
0.383102
0.383102
0.383102
0.383102
0.383102
0.383102
0.383102
0.383102
0.383102
0.383102
0.383102
0.383102
0.383102
0.383102
0.383102
0.383102
0.383102
0.383102
0.383102
0.383102
0.383102
0.383102
0.383102
0.383102
0.383102
0.383102
0.383102
0.383102
0.383102
0.383102
0.383102
0.383102
0.383102
0.383102
0.383102
0.383102
0.383102
0.383102
0.383102
0.383102
0.383102
0.383102
0.383102
0.383102
0.383102
0.383102
0.383102
0.383102
0.383102
0.383102
0.383102
0.383102
0.383102
0.383102
0.383102
0.383102
0.383102
0.383102
0.383102
0.383102
0.383102
0.383102
0.383102
0.383102
0.383102
0.383102
0.383102
0.383102
0.383102
0.383102
0.383102
0.383102
0.383102
0.383102
0.383102
0.383102
0.383102
0.383102
0.383102
0.383102
0.383102
0.383102
0.383102
0.383102
0.383102
0.383102
0.383102
0.383102
0.383102
0.383102
0.383102
0.383102
0.383102
0.383102
0.383102
0.383102
0.383102
0.383102
0.383102
0.383102
0.383102
0.383102
0.383102
0.383102
0.383102
0.383102
0.383102
0.383102
0.383102
0.383102
0.383102
0.383102
0.383102
0.383102
0.383102
0.383102
0.383102
0.383102
0.383102
0.383102
0.383102
0.383102
0.383102
0.383102
0.383102
0.383102
0.383102
0.383102
0.383102
0.383102
0.383102
0.383102
0.383102
0.383102
0.383102
0.383102
0.383102
0.383102
0.383102
0.383102
0.383102
0.383102
0.383102
0.383102
0.383102
0.383102
0.383102
0.383102
0.383102
0.383102
0.383102
0.383102
0.383102
0.383102
0.383102
0.383102
0.383102
0.383102
0.383102
0.383102
0.383102
0.383102
0.383102
0.383102
0.383102
0.383102
0.383102
0.383102
0.383102
0.383102
0.383102
0.383102
0.383102
0.383102
0.383102
0.383102
0.383102
0.383102
0.383102
0.383102
0.383102
0.383102
0.383102
0.383102
0.383102
0.383102
0.383102
0.383102
0.383102
0.383102
0.383102
0.383102
0.383102
0.383102
0.383102
0.383095
0.382651
0.543767
0.395181
0.394016
0.394007
0.394007
0.394007
0.394007
0.394007
0.394007
0.394007
0.394007
0.394007
0.394007
0.394007
0.394007
0.394007
0.394007
0.394007
0.394007
0.394007
0.394007
0.394007
0.394007
0.394007
0.394007
0.394007
0.394007
0.394007
0.394007
0.394007
0.394007
0.394007
0.394007
0.394007
0.394007
0.394007
0.394007
0.394007
0.394007
0.394007
0.394007
0.394007
0.394007
0.394007
0.394007
0.394007
0.394007
0.394007
0.394007
0.394007
0.394007
0.394007
0.394007
0.394007
0.394007
0.394007
0.394007
0.394007
0.394007
0.394007
0.394007
0.394007
0.394007
0.394007
0.394007
0.394007
0.394007
0.394007
0.394007
0.394007
0.394007
0.394007
0.394007
0.394007
0.394007
0.394007
0.394007
0.394007
0.394007
0.394007
0.394007
0.394007
0.394007
0.394007
0.394007
0.394007
0.394007
0.394007
0.394007
0.394007
0.394007
0.394007
0.394007
0.394007
0.394007
0.394007
0.394007
0.394007
0.394007
0.394007
0.394007
0.394007
0.394007
0.394007
0.394007
0.394007
0.394007
0.394007
0.394007
0.394007
0.394007
0.394007
0.394007
0.394007
0.394007
0.394007
0.394007
0.394007
0.394007
0.394007
0.394007
0.394007
0.394007
0.394007
0.394007
0.394007
0.394007
0.394007
0.394007
0.394007
0.394007
0.394007
0.394007
0.394007
0.394007
0.394007
0.394007
0.394007
0.394007
0.394007
0.394007
0.394007
0.394007
0.394007
0.394007
0.394007
0.394007
0.394007
0.394007
0.394007
0.394007
0.394007
0.394007
0.394007
0.394007
0.394007
0.394007
0.394007
0.394007
0.394007
0.394007
0.394007
0.394007
0.394007
0.394007
0.394007
0.394007
0.394007
0.394007
0.394007
0.394007
0.394007
0.394007
0.394007
0.394007
0.394007
0.394007
0.394007
0.394007
0.394007
0.394007
0.394007
0.394007
0.394007
0.394007
0.394007
0.394007
0.394007
0.394007
0.394007
0.394007
0.394007
0.394007
0.394007
0.394007
0.394007
0.394007
0.394007
0.394004
0.393785
0.522856
0.402494
0.40185
0.401846
0.401846
0.401846
0.401846
0.401846
0.401846
0.401846
0.401846
0.401846
0.401846
0.401846
0.401846
0.401846
0.401846
0.401846
0.401846
0.401846
0.401846
0.401846
0.401846
0.401846
0.401846
0.401846
0.401846
0.401846
0.401846
0.401846
0.401846
0.401846
0.401846
0.401846
0.401846
0.401846
0.401846
0.401846
0.401846
0.401846
0.401846
0.401846
0.401846
0.401846
0.401846
0.401846
0.401846
0.401846
0.401846
0.401846
0.401846
0.401846
0.401846
0.401846
0.401846
0.401846
0.401846
0.401846
0.401846
0.401846
0.401846
0.401846
0.401846
0.401846
0.401846
0.401846
0.401846
0.401846
0.401846
0.401846
0.401846
0.401846
0.401846
0.401846
0.401846
0.401846
0.401846
0.401846
0.401846
0.401846
0.401846
0.401846
0.401846
0.401846
0.401846
0.401846
0.401846
0.401846
0.401846
0.401846
0.401846
0.401846
0.401846
0.401846
0.401846
0.401846
0.401846
0.401846
0.401846
0.401846
0.401846
0.401846
0.401846
0.401846
0.401846
0.401846
0.401846
0.401846
0.401846
0.401846
0.401846
0.401846
0.401846
0.401846
0.401846
0.401846
0.401846
0.401846
0.401846
0.401846
0.401846
0.401846
0.401846
0.401846
0.401846
0.401846
0.401846
0.401846
0.401846
0.401846
0.401846
0.401846
0.401846
0.401846
0.401846
0.401846
0.401846
0.401846
0.401846
0.401846
0.401846
0.401846
0.401846
0.401846
0.401846
0.401846
0.401846
0.401846
0.401846
0.401846
0.401846
0.401846
0.401846
0.401846
0.401846
0.401846
0.401846
0.401846
0.401846
0.401846
0.401846
0.401846
0.401846
0.401846
0.401846
0.401846
0.401846
0.401846
0.401846
0.401846
0.401846
0.401846
0.401846
0.401846
0.401846
0.401846
0.401846
0.401846
0.401846
0.401846
0.401846
0.401846
0.401846
0.401846
0.401846
0.401846
0.401846
0.401846
0.401846
0.401846
0.401846
0.401846
0.401846
0.401846
0.401846
0.401846
0.401846
0.401846
0.401846
0.401743
0.501484
0.407632
0.407293
0.407292
0.407292
0.407292
0.407292
0.407292
0.407292
0.407292
0.407292
0.407292
0.407292
0.407292
0.407292
0.407292
0.407292
0.407292
0.407292
0.407292
0.407292
0.407292
0.407292
0.407292
0.407292
0.407292
0.407292
0.407292
0.407292
0.407292
0.407292
0.407292
0.407292
0.407292
0.407292
0.407292
0.407292
0.407292
0.407292
0.407292
0.407292
0.407292
0.407292
0.407292
0.407292
0.407292
0.407292
0.407292
0.407292
0.407292
0.407292
0.407292
0.407292
0.407292
0.407292
0.407292
0.407292
0.407292
0.407292
0.407292
0.407292
0.407292
0.407292
0.407292
0.407292
0.407292
0.407292
0.407292
0.407292
0.407292
0.407292
0.407292
0.407292
0.407292
0.407292
0.407292
0.407292
0.407292
0.407292
0.407292
0.407292
0.407292
0.407292
0.407292
0.407292
0.407292
0.407292
0.407292
0.407292
0.407292
0.407292
0.407292
0.407292
0.407292
0.407292
0.407292
0.407292
0.407292
0.407292
0.407292
0.407292
0.407292
0.407292
0.407292
0.407292
0.407292
0.407292
0.407292
0.407292
0.407292
0.407292
0.407292
0.407292
0.407292
0.407292
0.407292
0.407292
0.407292
0.407292
0.407292
0.407292
0.407292
0.407292
0.407292
0.407292
0.407292
0.407292
0.407292
0.407292
0.407292
0.407292
0.407292
0.407292
0.407292
0.407292
0.407292
0.407292
0.407292
0.407292
0.407292
0.407292
0.407292
0.407292
0.407292
0.407292
0.407292
0.407292
0.407292
0.407292
0.407292
0.407292
0.407292
0.407292
0.407292
0.407292
0.407292
0.407292
0.407292
0.407292
0.407292
0.407292
0.407292
0.407292
0.407292
0.407292
0.407292
0.407292
0.407292
0.407292
0.407292
0.407292
0.407292
0.407292
0.407292
0.407292
0.407292
0.407292
0.407292
0.407292
0.407292
0.407292
0.407292
0.407292
0.407292
0.407292
0.407292
0.407292
0.407292
0.407292
0.407292
0.407292
0.407292
0.407292
0.407292
0.407292
0.407292
0.407292
0.407292
0.407292
0.407245
0.481572
0.411152
0.410982
0.410982
0.410982
0.410982
0.410982
0.410982
0.410982
0.410982
0.410982
0.410982
0.410982
0.410982
0.410982
0.410982
0.410982
0.410982
0.410982
0.410982
0.410982
0.410982
0.410982
0.410982
0.410982
0.410982
0.410982
0.410982
0.410982
0.410982
0.410982
0.410982
0.410982
0.410982
0.410982
0.410982
0.410982
0.410982
0.410982
0.410982
0.410982
0.410982
0.410982
0.410982
0.410982
0.410982
0.410982
0.410982
0.410982
0.410982
0.410982
0.410982
0.410982
0.410982
0.410982
0.410982
0.410982
0.410982
0.410982
0.410982
0.410982
0.410982
0.410982
0.410982
0.410982
0.410982
0.410982
0.410982
0.410982
0.410982
0.410982
0.410982
0.410982
0.410982
0.410982
0.410982
0.410982
0.410982
0.410982
0.410982
0.410982
0.410982
0.410982
0.410982
0.410982
0.410982
0.410982
0.410982
0.410982
0.410982
0.410982
0.410982
0.410982
0.410982
0.410982
0.410982
0.410982
0.410982
0.410982
0.410982
0.410982
0.410982
0.410982
0.410982
0.410982
0.410982
0.410982
0.410982
0.410982
0.410982
0.410982
0.410982
0.410982
0.410982
0.410982
0.410982
0.410982
0.410982
0.410982
0.410982
0.410982
0.410982
0.410982
0.410982
0.410982
0.410982
0.410982
0.410982
0.410982
0.410982
0.410982
0.410982
0.410982
0.410982
0.410982
0.410982
0.410982
0.410982
0.410982
0.410982
0.410982
0.410982
0.410982
0.410982
0.410982
0.410982
0.410982
0.410982
0.410982
0.410982
0.410982
0.410982
0.410982
0.410982
0.410982
0.410982
0.410982
0.410982
0.410982
0.410982
0.410982
0.410982
0.410982
0.410982
0.410982
0.410982
0.410982
0.410982
0.410982
0.410982
0.410982
0.410982
0.410982
0.410982
0.410982
0.410982
0.410982
0.410982
0.410982
0.410982
0.410982
0.410982
0.410982
0.410982
0.410982
0.410982
0.410982
0.410982
0.410982
0.410982
0.410982
0.410982
0.410982
0.410982
0.410982
0.410982
0.410982
0.410982
0.410982
0.410961
0.464514
0.413521
0.41344
0.413439
0.413439
0.413439
0.413439
0.413439
0.413439
0.413439
0.413439
0.413439
0.413439
0.413439
0.413439
0.413439
0.413439
0.413439
0.413439
0.413439
0.413439
0.413439
0.413439
0.413439
0.413439
0.413439
0.413439
0.413439
0.413439
0.413439
0.413439
0.413439
0.413439
0.413439
0.413439
0.413439
0.413439
0.413439
0.413439
0.413439
0.413439
0.413439
0.413439
0.413439
0.413439
0.413439
0.413439
0.413439
0.413439
0.413439
0.413439
0.413439
0.413439
0.413439
0.413439
0.413439
0.413439
0.413439
0.413439
0.413439
0.413439
0.413439
0.413439
0.413439
0.413439
0.413439
0.413439
0.413439
0.413439
0.413439
0.413439
0.413439
0.413439
0.413439
0.413439
0.413439
0.413439
0.413439
0.413439
0.413439
0.413439
0.413439
0.413439
0.413439
0.413439
0.413439
0.413439
0.413439
0.413439
0.413439
0.413439
0.413439
0.413439
0.413439
0.413439
0.413439
0.413439
0.413439
0.413439
0.413439
0.413439
0.413439
0.413439
0.413439
0.413439
0.413439
0.413439
0.413439
0.413439
0.413439
0.413439
0.413439
0.413439
0.413439
0.413439
0.413439
0.413439
0.413439
0.413439
0.413439
0.413439
0.413439
0.413439
0.413439
0.413439
0.413439
0.413439
0.413439
0.413439
0.413439
0.413439
0.413439
0.413439
0.413439
0.413439
0.413439
0.413439
0.413439
0.413439
0.413439
0.413439
0.413439
0.413439
0.413439
0.413439
0.413439
0.413439
0.413439
0.413439
0.413439
0.413439
0.413439
0.413439
0.413439
0.413439
0.413439
0.413439
0.413439
0.413439
0.413439
0.413439
0.413439
0.413439
0.413439
0.413439
0.413439
0.413439
0.413439
0.413439
0.413439
0.413439
0.413439
0.413439
0.413439
0.413439
0.413439
0.413439
0.413439
0.413439
0.413439
0.413439
0.413439
0.413439
0.413439
0.413439
0.413439
0.413439
0.413439
0.413439
0.413439
0.413439
0.413439
0.413439
0.413439
0.413439
0.413439
0.413439
0.413439
0.413439
0.413431
0.45091
0.415095
0.415057
0.415057
0.415057
0.415057
0.415057
0.415057
0.415057
0.415057
0.415057
0.415057
0.415057
0.415057
0.415057
0.415057
0.415057
0.415057
0.415057
0.415057
0.415057
0.415057
0.415057
0.415057
0.415057
0.415057
0.415057
0.415057
0.415057
0.415057
0.415057
0.415057
0.415057
0.415057
0.415057
0.415057
0.415057
0.415057
0.415057
0.415057
0.415057
0.415057
0.415057
0.415057
0.415057
0.415057
0.415057
0.415057
0.415057
0.415057
0.415057
0.415057
0.415057
0.415057
0.415057
0.415057
0.415057
0.415057
0.415057
0.415057
0.415057
0.415057
0.415057
0.415057
0.415057
0.415057
0.415057
0.415057
0.415057
0.415057
0.415057
0.415057
0.415057
0.415057
0.415057
0.415057
0.415057
0.415057
0.415057
0.415057
0.415057
0.415057
0.415057
0.415057
0.415057
0.415057
0.415057
0.415057
0.415057
0.415057
0.415057
0.415057
0.415057
0.415057
0.415057
0.415057
0.415057
0.415057
0.415057
0.415057
0.415057
0.415057
0.415057
0.415057
0.415057
0.415057
0.415057
0.415057
0.415057
0.415057
0.415057
0.415057
0.415057
0.415057
0.415057
0.415057
0.415057
0.415057
0.415057
0.415057
0.415057
0.415057
0.415057
0.415057
0.415057
0.415057
0.415057
0.415057
0.415057
0.415057
0.415057
0.415057
0.415057
0.415057
0.415057
0.415057
0.415057
0.415057
0.415057
0.415057
0.415057
0.415057
0.415057
0.415057
0.415057
0.415057
0.415057
0.415057
0.415057
0.415057
0.415057
0.415057
0.415057
0.415057
0.415057
0.415057
0.415057
0.415057
0.415057
0.415057
0.415057
0.415057
0.415057
0.415057
0.415057
0.415057
0.415057
0.415057
0.415057
0.415057
0.415057
0.415057
0.415057
0.415057
0.415057
0.415057
0.415057
0.415057
0.415057
0.415057
0.415057
0.415057
0.415057
0.415057
0.415057
0.415057
0.415057
0.415057
0.415057
0.415057
0.415057
0.415057
0.415057
0.415057
0.415057
0.415057
0.415057
0.415057
0.415057
0.415053
0.440672
0.41613
0.416113
0.416113
0.416113
0.416113
0.416113
0.416113
0.416113
0.416113
0.416113
0.416113
0.416113
0.416113
0.416113
0.416113
0.416113
0.416113
0.416113
0.416113
0.416113
0.416113
0.416113
0.416113
0.416113
0.416113
0.416113
0.416113
0.416113
0.416113
0.416113
0.416113
0.416113
0.416113
0.416113
0.416113
0.416113
0.416113
0.416113
0.416113
0.416113
0.416113
0.416113
0.416113
0.416113
0.416113
0.416113
0.416113
0.416113
0.416113
0.416113
0.416113
0.416113
0.416113
0.416113
0.416113
0.416113
0.416113
0.416113
0.416113
0.416113
0.416113
0.416113
0.416113
0.416113
0.416113
0.416113
0.416113
0.416113
0.416113
0.416113
0.416113
0.416113
0.416113
0.416113
0.416113
0.416113
0.416113
0.416113
0.416113
0.416113
0.416113
0.416113
0.416113
0.416113
0.416113
0.416113
0.416113
0.416113
0.416113
0.416113
0.416113
0.416113
0.416113
0.416113
0.416113
0.416113
0.416113
0.416113
0.416113
0.416113
0.416113
0.416113
0.416113
0.416113
0.416113
0.416113
0.416113
0.416113
0.416113
0.416113
0.416113
0.416113
0.416113
0.416113
0.416113
0.416113
0.416113
0.416113
0.416113
0.416113
0.416113
0.416113
0.416113
0.416113
0.416113
0.416113
0.416113
0.416113
0.416113
0.416113
0.416113
0.416113
0.416113
0.416113
0.416113
0.416113
0.416113
0.416113
0.416113
0.416113
0.416113
0.416113
0.416113
0.416113
0.416113
0.416113
0.416113
0.416113
0.416113
0.416113
0.416113
0.416113
0.416113
0.416113
0.416113
0.416113
0.416113
0.416113
0.416113
0.416113
0.416113
0.416113
0.416113
0.416113
0.416113
0.416113
0.416113
0.416113
0.416113
0.416113
0.416113
0.416113
0.416113
0.416113
0.416113
0.416113
0.416113
0.416113
0.416113
0.416113
0.416113
0.416113
0.416113
0.416113
0.416113
0.416113
0.416113
0.416113
0.416113
0.416113
0.416113
0.416113
0.416113
0.416113
0.416113
0.416113
0.416113
0.416113
0.416111
0.433307
0.416806
0.416799
0.416799
0.416799
0.416799
0.416799
0.416799
0.416799
0.416799
0.416799
0.416799
0.416799
0.416799
0.416799
0.416799
0.416799
0.416799
0.416799
0.416799
0.416799
0.416799
0.416799
0.416799
0.416799
0.416799
0.416799
0.416799
0.416799
0.416799
0.416799
0.416799
0.416799
0.416799
0.416799
0.416799
0.416799
0.416799
0.416799
0.416799
0.416799
0.416799
0.416799
0.416799
0.416799
0.416799
0.416799
0.416799
0.416799
0.416799
0.416799
0.416799
0.416799
0.416799
0.416799
0.416799
0.416799
0.416799
0.416799
0.416799
0.416799
0.416799
0.416799
0.416799
0.416799
0.416799
0.416799
0.416799
0.416799
0.416799
0.416799
0.416799
0.416799
0.416799
0.416799
0.416799
0.416799
0.416799
0.416799
0.416799
0.416799
0.416799
0.416799
0.416799
0.416799
0.416799
0.416799
0.416799
0.416799
0.416799
0.416799
0.416799
0.416799
0.416799
0.416799
0.416799
0.416799
0.416799
0.416799
0.416799
0.416799
0.416799
0.416799
0.416799
0.416799
0.416799
0.416799
0.416799
0.416799
0.416799
0.416799
0.416799
0.416799
0.416799
0.416799
0.416799
0.416799
0.416799
0.416799
0.416799
0.416799
0.416799
0.416799
0.416799
0.416799
0.416799
0.416799
0.416799
0.416799
0.416799
0.416799
0.416799
0.416799
0.416799
0.416799
0.416799
0.416799
0.416799
0.416799
0.416799
0.416799
0.416799
0.416799
0.416799
0.416799
0.416799
0.416799
0.416799
0.416799
0.416799
0.416799
0.416799
0.416799
0.416799
0.416799
0.416799
0.416799
0.416799
0.416799
0.416799
0.416799
0.416799
0.416799
0.416799
0.416799
0.416799
0.416799
0.416799
0.416799
0.416799
0.416799
0.416799
0.416799
0.416799
0.416799
0.416799
0.416799
0.416799
0.416799
0.416799
0.416799
0.416799
0.416799
0.416799
0.416799
0.416799
0.416799
0.416799
0.416799
0.416799
0.416799
0.416799
0.416799
0.416799
0.416799
0.416799
0.416799
0.416799
0.416799
0.416798
0.428185
0.417246
0.417243
0.417243
0.417243
0.417243
0.417243
0.417243
0.417243
0.417243
0.417243
0.417243
0.417243
0.417243
0.417243
0.417243
0.417243
0.417243
0.417243
0.417243
0.417243
0.417243
0.417243
0.417243
0.417243
0.417243
0.417243
0.417243
0.417243
0.417243
0.417243
0.417243
0.417243
0.417243
0.417243
0.417243
0.417243
0.417243
0.417243
0.417243
0.417243
0.417243
0.417243
0.417243
0.417243
0.417243
0.417243
0.417243
0.417243
0.417243
0.417243
0.417243
0.417243
0.417243
0.417243
0.417243
0.417243
0.417243
0.417243
0.417243
0.417243
0.417243
0.417243
0.417243
0.417243
0.417243
0.417243
0.417243
0.417243
0.417243
0.417243
0.417243
0.417243
0.417243
0.417243
0.417243
0.417243
0.417243
0.417243
0.417243
0.417243
0.417243
0.417243
0.417243
0.417243
0.417243
0.417243
0.417243
0.417243
0.417243
0.417243
0.417243
0.417243
0.417243
0.417243
0.417243
0.417243
0.417243
0.417243
0.417243
0.417243
0.417243
0.417243
0.417243
0.417243
0.417243
0.417243
0.417243
0.417243
0.417243
0.417243
0.417243
0.417243
0.417243
0.417243
0.417243
0.417243
0.417243
0.417243
0.417243
0.417243
0.417243
0.417243
0.417243
0.417243
0.417243
0.417243
0.417243
0.417243
0.417243
0.417243
0.417243
0.417243
0.417243
0.417243
0.417243
0.417243
0.417243
0.417243
0.417243
0.417243
0.417243
0.417243
0.417243
0.417243
0.417243
0.417243
0.417243
0.417243
0.417243
0.417243
0.417243
0.417243
0.417243
0.417243
0.417243
0.417243
0.417243
0.417243
0.417243
0.417243
0.417243
0.417243
0.417243
0.417243
0.417243
0.417243
0.417243
0.417243
0.417243
0.417243
0.417243
0.417243
0.417243
0.417243
0.417243
0.417243
0.417243
0.417243
0.417243
0.417243
0.417243
0.417243
0.417243
0.417243
0.417243
0.417243
0.417243
0.417243
0.417243
0.417243
0.417243
0.417243
0.417243
0.417243
0.417243
0.417243
0.417243
0.417243
0.417242
0.424711
0.417531
0.417529
0.417529
0.417529
0.417529
0.417529
0.417529
0.417529
0.417529
0.417529
0.417529
0.417529
0.417529
0.417529
0.417529
0.417529
0.417529
0.417529
0.417529
0.417529
0.417529
0.417529
0.417529
0.417529
0.417529
0.417529
0.417529
0.417529
0.417529
0.417529
0.417529
0.417529
0.417529
0.417529
0.417529
0.417529
0.417529
0.417529
0.417529
0.417529
0.417529
0.417529
0.417529
0.417529
0.417529
0.417529
0.417529
0.417529
0.417529
0.417529
0.417529
0.417529
0.417529
0.417529
0.417529
0.417529
0.417529
0.417529
0.417529
0.417529
0.417529
0.417529
0.417529
0.417529
0.417529
0.417529
0.417529
0.417529
0.417529
0.417529
0.417529
0.417529
0.417529
0.417529
0.417529
0.417529
0.417529
0.417529
0.417529
0.417529
0.417529
0.417529
0.417529
0.417529
0.417529
0.417529
0.417529
0.417529
0.417529
0.417529
0.417529
0.417529
0.417529
0.417529
0.417529
0.417529
0.417529
0.417529
0.417529
0.417529
0.417529
0.417529
0.417529
0.417529
0.417529
0.417529
0.417529
0.417529
0.417529
0.417529
0.417529
0.417529
0.417529
0.417529
0.417529
0.417529
0.417529
0.417529
0.417529
0.417529
0.417529
0.417529
0.417529
0.417529
0.417529
0.417529
0.417529
0.417529
0.417529
0.417529
0.417529
0.417529
0.417529
0.417529
0.417529
0.417529
0.417529
0.417529
0.417529
0.417529
0.417529
0.417529
0.417529
0.417529
0.417529
0.417529
0.417529
0.417529
0.417529
0.417529
0.417529
0.417529
0.417529
0.417529
0.417529
0.417529
0.417529
0.417529
0.417529
0.417529
0.417529
0.417529
0.417529
0.417529
0.417529
0.417529
0.417529
0.417529
0.417529
0.417529
0.417529
0.417529
0.417529
0.417529
0.417529
0.417529
0.417529
0.417529
0.417529
0.417529
0.417529
0.417529
0.417529
0.417529
0.417529
0.417529
0.417529
0.417529
0.417529
0.417529
0.417529
0.417529
0.417529
0.417529
0.417529
0.417529
0.417529
0.417529
0.417529
0.422396
0.417715
0.417714
0.417714
0.417714
0.417714
0.417714
0.417714
0.417714
0.417714
0.417714
0.417714
0.417714
0.417714
0.417714
0.417714
0.417714
0.417714
0.417714
0.417714
0.417714
0.417714
0.417714
0.417714
0.417714
0.417714
0.417714
0.417714
0.417714
0.417714
0.417714
0.417714
0.417714
0.417714
0.417714
0.417714
0.417714
0.417714
0.417714
0.417714
0.417714
0.417714
0.417714
0.417714
0.417714
0.417714
0.417714
0.417714
0.417714
0.417714
0.417714
0.417714
0.417714
0.417714
0.417714
0.417714
0.417714
0.417714
0.417714
0.417714
0.417714
0.417714
0.417714
0.417714
0.417714
0.417714
0.417714
0.417714
0.417714
0.417714
0.417714
0.417714
0.417714
0.417714
0.417714
0.417714
0.417714
0.417714
0.417714
0.417714
0.417714
0.417714
0.417714
0.417714
0.417714
0.417714
0.417714
0.417714
0.417714
0.417714
0.417714
0.417714
0.417714
0.417714
0.417714
0.417714
0.417714
0.417714
0.417714
0.417714
0.417714
0.417714
0.417714
0.417714
0.417714
0.417714
0.417714
0.417714
0.417714
0.417714
0.417714
0.417714
0.417714
0.417714
0.417714
0.417714
0.417714
0.417714
0.417714
0.417714
0.417714
0.417714
0.417714
0.417714
0.417714
0.417714
0.417714
0.417714
0.417714
0.417714
0.417714
0.417714
0.417714
0.417714
0.417714
0.417714
0.417714
0.417714
0.417714
0.417714
0.417714
0.417714
0.417714
0.417714
0.417714
0.417714
0.417714
0.417714
0.417714
0.417714
0.417714
0.417714
0.417714
0.417714
0.417714
0.417714
0.417714
0.417714
0.417714
0.417714
0.417714
0.417714
0.417714
0.417714
0.417714
0.417714
0.417714
0.417714
0.417714
0.417714
0.417714
0.417714
0.417714
0.417714
0.417714
0.417714
0.417714
0.417714
0.417714
0.417714
0.417714
0.417714
0.417714
0.417714
0.417714
0.417714
0.417714
0.417714
0.417714
0.417714
0.417714
0.417714
0.417714
0.417714
0.417714
0.417714
0.417714
0.417714
0.417714
0.417714
0.420871
0.417833
0.417833
0.417833
0.417833
0.417833
0.417833
0.417833
0.417833
0.417833
0.417833
0.417833
0.417833
0.417833
0.417833
0.417833
0.417833
0.417833
0.417833
0.417833
0.417833
0.417833
0.417833
0.417833
0.417833
0.417833
0.417833
0.417833
0.417833
0.417833
0.417833
0.417833
0.417833
0.417833
0.417833
0.417833
0.417833
0.417833
0.417833
0.417833
0.417833
0.417833
0.417833
0.417833
0.417833
0.417833
0.417833
0.417833
0.417833
0.417833
0.417833
0.417833
0.417833
0.417833
0.417833
0.417833
0.417833
0.417833
0.417833
0.417833
0.417833
0.417833
0.417833
0.417833
0.417833
0.417833
0.417833
0.417833
0.417833
0.417833
0.417833
0.417833
0.417833
0.417833
0.417833
0.417833
0.417833
0.417833
0.417833
0.417833
0.417833
0.417833
0.417833
0.417833
0.417833
0.417833
0.417833
0.417833
0.417833
0.417833
0.417833
0.417833
0.417833
0.417833
0.417833
0.417833
0.417833
0.417833
0.417833
0.417833
0.417833
0.417833
0.417833
0.417833
0.417833
0.417833
0.417833
0.417833
0.417833
0.417833
0.417833
0.417833
0.417833
0.417833
0.417833
0.417833
0.417833
0.417833
0.417833
0.417833
0.417833
0.417833
0.417833
0.417833
0.417833
0.417833
0.417833
0.417833
0.417833
0.417833
0.417833
0.417833
0.417833
0.417833
0.417833
0.417833
0.417833
0.417833
0.417833
0.417833
0.417833
0.417833
0.417833
0.417833
0.417833
0.417833
0.417833
0.417833
0.417833
0.417833
0.417833
0.417833
0.417833
0.417833
0.417833
0.417833
0.417833
0.417833
0.417833
0.417833
0.417833
0.417833
0.417833
0.417833
0.417833
0.417833
0.417833
0.417833
0.417833
0.417833
0.417833
0.417833
0.417833
0.417833
0.417833
0.417833
0.417833
0.417833
0.417833
0.417833
0.417833
0.417833
0.417833
0.417833
0.417833
0.417833
0.417833
0.417833
0.417833
0.417833
0.417833
0.417833
0.417833
0.417833
0.417833
0.417833
0.417833
0.417833
0.417833
0.417833
0.419874
0.41791
0.41791
0.41791
0.41791
0.41791
0.41791
0.41791
0.41791
0.41791
0.41791
0.41791
0.41791
0.41791
0.41791
0.41791
0.41791
0.41791
0.41791
0.41791
0.41791
0.41791
0.41791
0.41791
0.41791
0.41791
0.41791
0.41791
0.41791
0.41791
0.41791
0.41791
0.41791
0.41791
0.41791
0.41791
0.41791
0.41791
0.41791
0.41791
0.41791
0.41791
0.41791
0.41791
0.41791
0.41791
0.41791
0.41791
0.41791
0.41791
0.41791
0.41791
0.41791
0.41791
0.41791
0.41791
0.41791
0.41791
0.41791
0.41791
0.41791
0.41791
0.41791
0.41791
0.41791
0.41791
0.41791
0.41791
0.41791
0.41791
0.41791
0.41791
0.41791
0.41791
0.41791
0.41791
0.41791
0.41791
0.41791
0.41791
0.41791
0.41791
0.41791
0.41791
0.41791
0.41791
0.41791
0.41791
0.41791
0.41791
0.41791
0.41791
0.41791
0.41791
0.41791
0.41791
0.41791
0.41791
0.41791
0.41791
0.41791
0.41791
0.41791
0.41791
0.41791
0.41791
0.41791
0.41791
0.41791
0.41791
0.41791
0.41791
0.41791
0.41791
0.41791
0.41791
0.41791
0.41791
0.41791
0.41791
0.41791
0.41791
0.41791
0.41791
0.41791
0.41791
0.41791
0.41791
0.41791
0.41791
0.41791
0.41791
0.41791
0.41791
0.41791
0.41791
0.41791
0.41791
0.41791
0.41791
0.41791
0.41791
0.41791
0.41791
0.41791
0.41791
0.41791
0.41791
0.41791
0.41791
0.41791
0.41791
0.41791
0.41791
0.41791
0.41791
0.41791
0.41791
0.41791
0.41791
0.41791
0.41791
0.41791
0.41791
0.41791
0.41791
0.41791
0.41791
0.41791
0.41791
0.41791
0.41791
0.41791
0.41791
0.41791
0.41791
0.41791
0.41791
0.41791
0.41791
0.41791
0.41791
0.41791
0.41791
0.41791
0.41791
0.41791
0.41791
0.41791
0.41791
0.41791
0.41791
0.41791
0.41791
0.41791
0.41791
0.41791
0.41791
0.41791
0.41791
0.419227
0.417959
0.417959
0.417959
0.417959
0.417959
0.417959
0.417959
0.417959
0.417959
0.417959
0.417959
0.417959
0.417959
0.417959
0.417959
0.417959
0.417959
0.417959
0.417959
0.417959
0.417959
0.417959
0.417959
0.417959
0.417959
0.417959
0.417959
0.417959
0.417959
0.417959
0.417959
0.417959
0.417959
0.417959
0.417959
0.417959
0.417959
0.417959
0.417959
0.417959
0.417959
0.417959
0.417959
0.417959
0.417959
0.417959
0.417959
0.417959
0.417959
0.417959
0.417959
0.417959
0.417959
0.417959
0.417959
0.417959
0.417959
0.417959
0.417959
0.417959
0.417959
0.417959
0.417959
0.417959
0.417959
0.417959
0.417959
0.417959
0.417959
0.417959
0.417959
0.417959
0.417959
0.417959
0.417959
0.417959
0.417959
0.417959
0.417959
0.417959
0.417959
0.417959
0.417959
0.417959
0.417959
0.417959
0.417959
0.417959
0.417959
0.417959
0.417959
0.417959
0.417959
0.417959
0.417959
0.417959
0.417959
0.417959
0.417959
0.417959
0.417959
0.417959
0.417959
0.417959
0.417959
0.417959
0.417959
0.417959
0.417959
0.417959
0.417959
0.417959
0.417959
0.417959
0.417959
0.417959
0.417959
0.417959
0.417959
0.417959
0.417959
0.417959
0.417959
0.417959
0.417959
0.417959
0.417959
0.417959
0.417959
0.417959
0.417959
0.417959
0.417959
0.417959
0.417959
0.417959
0.417959
0.417959
0.417959
0.417959
0.417959
0.417959
0.417959
0.417959
0.417959
0.417959
0.417959
0.417959
0.417959
0.417959
0.417959
0.417959
0.417959
0.417959
0.417959
0.417959
0.417959
0.417959
0.417959
0.417959
0.417959
0.417959
0.417959
0.417959
0.417959
0.417959
0.417959
0.417959
0.417959
0.417959
0.417959
0.417959
0.417959
0.417959
0.417959
0.417959
0.417959
0.417959
0.417959
0.417959
0.417959
0.417959
0.417959
0.417959
0.417959
0.417959
0.417959
0.417959
0.417959
0.417959
0.417959
0.417959
0.417959
0.417959
0.417959
0.417959
0.417959
0.417959
0.417959
0.418632
0.417814
0.417814
0.417814
0.417814
0.417814
0.417814
0.417814
0.417814
0.417814
0.417814
0.417814
0.417814
0.417814
0.417814
0.417814
0.417814
0.417814
0.417814
0.417814
0.417814
0.417814
0.417814
0.417814
0.417814
0.417814
0.417814
0.417814
0.417814
0.417814
0.417814
0.417814
0.417814
0.417814
0.417814
0.417814
0.417814
0.417814
0.417814
0.417814
0.417814
0.417814
0.417814
0.417814
0.417814
0.417814
0.417814
0.417814
0.417814
0.417814
0.417814
0.417814
0.417814
0.417814
0.417814
0.417814
0.417814
0.417814
0.417814
0.417814
0.417814
0.417814
0.417814
0.417814
0.417814
0.417814
0.417814
0.417814
0.417814
0.417814
0.417814
0.417814
0.417814
0.417814
0.417814
0.417814
0.417814
0.417814
0.417814
0.417814
0.417814
0.417814
0.417814
0.417814
0.417814
0.417814
0.417814
0.417814
0.417814
0.417814
0.417814
0.417814
0.417814
0.417814
0.417814
0.417814
0.417814
0.417814
0.417814
0.417814
0.417814
0.417814
0.417814
0.417814
0.417814
0.417814
0.417814
0.417814
0.417814
0.417814
0.417814
0.417814
0.417814
0.417814
0.417814
0.417814
0.417814
0.417814
0.417814
0.417814
0.417814
0.417814
0.417814
0.417814
0.417814
0.417814
0.417814
0.417814
0.417814
0.417814
0.417814
0.417814
0.417814
0.417814
0.417814
0.417814
0.417814
0.417814
0.417814
0.417814
0.417814
0.417814
0.417814
0.417814
0.417814
0.417814
0.417814
0.417814
0.417814
0.417814
0.417814
0.417814
0.417814
0.417814
0.417814
0.417814
0.417814
0.417814
0.417814
0.417814
0.417814
0.417814
0.417814
0.417814
0.417814
0.417814
0.417814
0.417814
0.417814
0.417814
0.417814
0.417814
0.417814
0.417814
0.417814
0.417814
0.417814
0.417814
0.417814
0.417814
0.417814
0.417814
0.417814
0.417814
0.417814
0.417814
0.417814
0.417814
0.417814
0.417814
0.417814
0.417814
0.417814
0.417814
0.417814
0.417814
0.417814
0.417814
0.417814
0.417814
0.417824
0.417295
0.417295
0.417295
0.417295
0.417295
0.417295
0.417295
0.417295
0.417295
0.417295
0.417295
0.417295
0.417295
0.417295
0.417295
0.417295
0.417295
0.417295
0.417295
0.417295
0.417295
0.417295
0.417295
0.417295
0.417295
0.417295
0.417295
0.417295
0.417295
0.417295
0.417295
0.417295
0.417295
0.417295
0.417295
0.417295
0.417295
0.417295
0.417295
0.417295
0.417295
0.417295
0.417295
0.417295
0.417295
0.417295
0.417295
0.417295
0.417295
0.417295
0.417295
0.417295
0.417295
0.417295
0.417295
0.417295
0.417295
0.417295
0.417295
0.417295
0.417295
0.417295
0.417295
0.417295
0.417295
0.417295
0.417295
0.417295
0.417295
0.417295
0.417295
0.417295
0.417295
0.417295
0.417295
0.417295
0.417295
0.417295
0.417295
0.417295
0.417295
0.417295
0.417295
0.417295
0.417295
0.417295
0.417295
0.417295
0.417295
0.417295
0.417295
0.417295
0.417295
0.417295
0.417295
0.417295
0.417295
0.417295
0.417295
0.417295
0.417295
0.417295
0.417295
0.417295
0.417295
0.417295
0.417295
0.417295
0.417295
0.417295
0.417295
0.417295
0.417295
0.417295
0.417295
0.417295
0.417295
0.417295
0.417295
0.417295
0.417295
0.417295
0.417295
0.417295
0.417295
0.417295
0.417295
0.417295
0.417295
0.417295
0.417295
0.417295
0.417295
0.417295
0.417295
0.417295
0.417295
0.417295
0.417295
0.417295
0.417295
0.417295
0.417295
0.417295
0.417295
0.417295
0.417295
0.417295
0.417295
0.417295
0.417295
0.417295
0.417295
0.417295
0.417295
0.417295
0.417295
0.417295
0.417295
0.417295
0.417295
0.417295
0.417295
0.417295
0.417295
0.417295
0.417295
0.417295
0.417295
0.417295
0.417295
0.417295
0.417295
0.417295
0.417295
0.417295
0.417295
0.417295
0.417295
0.417295
0.417295
0.417295
0.417295
0.417295
0.417295
0.417295
0.417295
0.417295
0.417295
0.417295
0.417295
0.417295
0.417295
0.417295
0.417295
0.417295
0.417295
0.417295
0.417295
0.41554
0.415195
0.415195
0.415195
0.415195
0.415195
0.415195
0.415195
0.415195
0.415195
0.415195
0.415195
0.415195
0.415195
0.415195
0.415195
0.415195
0.415195
0.415195
0.415195
0.415195
0.415195
0.415195
0.415195
0.415195
0.415195
0.415195
0.415195
0.415195
0.415195
0.415195
0.415195
0.415195
0.415195
0.415195
0.415195
0.415195
0.415195
0.415195
0.415195
0.415195
0.415195
0.415195
0.415195
0.415195
0.415195
0.415195
0.415195
0.415195
0.415195
0.415195
0.415195
0.415195
0.415195
0.415195
0.415195
0.415195
0.415195
0.415195
0.415195
0.415195
0.415195
0.415195
0.415195
0.415195
0.415195
0.415195
0.415195
0.415195
0.415195
0.415195
0.415195
0.415195
0.415195
0.415195
0.415195
0.415195
0.415195
0.415195
0.415195
0.415195
0.415195
0.415195
0.415195
0.415195
0.415195
0.415195
0.415195
0.415195
0.415195
0.415195
0.415195
0.415195
0.415195
0.415195
0.415195
0.415195
0.415195
0.415195
0.415195
0.415195
0.415195
0.415195
0.415195
0.415195
0.415195
0.415195
0.415195
0.415195
0.415195
0.415195
0.415195
0.415195
0.415195
0.415195
0.415195
0.415195
0.415195
0.415195
0.415195
0.415195
0.415195
0.415195
0.415195
0.415195
0.415195
0.415195
0.415195
0.415195
0.415195
0.415195
0.415195
0.415195
0.415195
0.415195
0.415195
0.415195
0.415195
0.415195
0.415195
0.415195
0.415195
0.415195
0.415195
0.415195
0.415195
0.415195
0.415195
0.415195
0.415195
0.415195
0.415195
0.415195
0.415195
0.415195
0.415195
0.415195
0.415195
0.415195
0.415195
0.415195
0.415195
0.415195
0.415195
0.415195
0.415195
0.415195
0.415195
0.415195
0.415195
0.415195
0.415195
0.415195
0.415195
0.415195
0.415195
0.415195
0.415195
0.415195
0.415195
0.415195
0.415195
0.415195
0.415195
0.415195
0.415195
0.415195
0.415195
0.415195
0.415195
0.415195
0.415195
0.415195
0.415195
0.415195
0.415195
0.415195
0.415195
0.415195
0.415195
0.408573
0.408341
0.408341
0.408341
0.408341
0.408341
0.408341
0.408341
0.408341
0.408341
0.408341
0.408341
0.408341
0.408341
0.408341
0.408341
0.408341
0.408341
0.408341
0.408341
0.408341
0.408341
0.408341
0.408341
0.408341
0.408341
0.408341
0.408341
0.408341
0.408341
0.408341
0.408341
0.408341
0.408341
0.408341
0.408341
0.408341
0.408341
0.408341
0.408341
0.408341
0.408341
0.408341
0.408341
0.408341
0.408341
0.408341
0.408341
0.408341
0.408341
0.408341
0.408341
0.408341
0.408341
0.408341
0.408341
0.408341
0.408341
0.408341
0.408341
0.408341
0.408341
0.408341
0.408341
0.408341
0.408341
0.408341
0.408341
0.408341
0.408341
0.408341
0.408341
0.408341
0.408341
0.408341
0.408341
0.408341
0.408341
0.408341
0.408341
0.408341
0.408341
0.408341
0.408341
0.408341
0.408341
0.408341
0.408341
0.408341
0.408341
0.408341
0.408341
0.408341
0.408341
0.408341
0.408341
0.408341
0.408341
0.408341
0.408341
0.408341
0.408341
0.408341
0.408341
0.408341
0.408341
0.408341
0.408341
0.408341
0.408341
0.408341
0.408341
0.408341
0.408341
0.408341
0.408341
0.408341
0.408341
0.408341
0.408341
0.408341
0.408341
0.408341
0.408341
0.408341
0.408341
0.408341
0.408341
0.408341
0.408341
0.408341
0.408341
0.408341
0.408341
0.408341
0.408341
0.408341
0.408341
0.408341
0.408341
0.408341
0.408341
0.408341
0.408341
0.408341
0.408341
0.408341
0.408341
0.408341
0.408341
0.408341
0.408341
0.408341
0.408341
0.408341
0.408341
0.408341
0.408341
0.408341
0.408341
0.408341
0.408341
0.408341
0.408341
0.408341
0.408341
0.408341
0.408341
0.408341
0.408341
0.408341
0.408341
0.408341
0.408341
0.408341
0.408341
0.408341
0.408341
0.408341
0.408341
0.408341
0.408341
0.408341
0.408341
0.408341
0.408341
0.408341
0.408341
0.408341
0.408341
0.408341
0.408341
0.408341
0.408341
0.408341
0.408341
0.408341
0.408341
0.408341
0.408341
0.38554
0.385371
0.385371
0.385371
0.385371
0.385371
0.385371
0.385371
0.385371
0.385371
0.385371
0.385371
0.385371
0.385371
0.385371
0.385371
0.385371
0.385371
0.385371
0.385371
0.385371
0.385371
0.385371
0.385371
0.385371
0.385371
0.385371
0.385371
0.385371
0.385371
0.385371
0.385371
0.385371
0.385371
0.385371
0.385371
0.385371
0.385371
0.385371
0.385371
0.385371
0.385371
0.385371
0.385371
0.385371
0.385371
0.385371
0.385371
0.385371
0.385371
0.385371
0.385371
0.385371
0.385371
0.385371
0.385371
0.385371
0.385371
0.385371
0.385371
0.385371
0.385371
0.385371
0.385371
0.385371
0.385371
0.385371
0.385371
0.385371
0.385371
0.385371
0.385371
0.385371
0.385371
0.385371
0.385371
0.385371
0.385371
0.385371
0.385371
0.385371
0.385371
0.385371
0.385371
0.385371
0.385371
0.385371
0.385371
0.385371
0.385371
0.385371
0.385371
0.385371
0.385371
0.385371
0.385371
0.385371
0.385371
0.385371
0.385371
0.385371
0.385371
0.385371
0.385371
0.385371
0.385371
0.385371
0.385371
0.385371
0.385371
0.385371
0.385371
0.385371
0.385371
0.385371
0.385371
0.385371
0.385371
0.385371
0.385371
0.385371
0.385371
0.385371
0.385371
0.385371
0.385371
0.385371
0.385371
0.385371
0.385371
0.385371
0.385371
0.385371
0.385371
0.385371
0.385371
0.385371
0.385371
0.385371
0.385371
0.385371
0.385371
0.385371
0.385371
0.385371
0.385371
0.385371
0.385371
0.385371
0.385371
0.385371
0.385371
0.385371
0.385371
0.385371
0.385371
0.385371
0.385371
0.385371
0.385371
0.385371
0.385371
0.385371
0.385371
0.385371
0.385371
0.385371
0.385371
0.385371
0.385371
0.385371
0.385371
0.385371
0.385371
0.385371
0.385371
0.385371
0.385371
0.385371
0.385371
0.385371
0.385371
0.385371
0.385371
0.385371
0.385371
0.385371
0.385371
0.385371
0.385371
0.385371
0.385371
0.385371
0.385371
0.385371
0.385371
0.385371
0.385371
0.385371
0.385371
7467.1
7464.77
7464.77
7464.77
7464.77
7464.77
7464.77
7464.77
7464.77
7464.77
7464.77
7464.77
7464.77
7464.77
7464.77
7464.77
7464.77
7464.77
7464.77
7464.77
7464.77
7464.77
7464.77
7464.77
7464.77
7464.77
7464.77
7464.77
7464.77
7464.77
7464.77
7464.77
7464.77
7464.77
7464.77
7464.77
7464.77
7464.77
7464.77
7464.77
7464.77
7464.77
7464.77
7464.77
7464.77
7464.77
7464.77
7464.77
7464.77
7464.77
7464.77
7464.77
7464.77
7464.77
7464.77
7464.77
7464.77
7464.77
7464.77
7464.77
7464.77
7464.77
7464.77
7464.77
7464.77
7464.77
7464.77
7464.77
7464.77
7464.77
7464.77
7464.77
7464.77
7464.77
7464.77
7464.77
7464.77
7464.77
7464.77
7464.77
7464.77
7464.77
7464.77
7464.77
7464.77
7464.77
7464.77
7464.77
7464.77
7464.77
7464.77
7464.77
7464.77
7464.77
7464.77
7464.77
7464.77
7464.77
7464.77
7464.77
7464.77
7464.77
7464.77
7464.77
7464.77
7464.77
7464.77
7464.77
7464.77
7464.77
7464.77
7464.77
7464.77
7464.77
7464.77
7464.77
7464.77
7464.77
7464.77
7464.77
7464.77
7464.77
7464.77
7464.77
7464.77
7464.77
7464.77
7464.77
7464.77
7464.77
7464.77
7464.77
7464.77
7464.77
7464.77
7464.77
7464.77
7464.77
7464.77
7464.77
7464.77
7464.77
7464.77
7464.77
7464.77
7464.77
7464.77
7464.77
7464.77
7464.77
7464.77
7464.77
7464.77
7464.77
7464.77
7464.77
7464.77
7464.77
7464.77
7464.77
7464.77
7464.77
7464.77
7464.77
7464.77
7464.77
7464.77
7464.77
7464.77
7464.77
7464.77
7464.77
7464.77
7464.77
7464.77
7464.77
7464.77
7464.77
7464.77
7464.77
7464.77
7464.77
7464.77
7464.77
7464.77
7464.77
7464.77
7464.77
7464.77
7464.77
7464.77
7464.77
7464.77
7464.77
7464.77
7464.77
7464.77
7464.77
7464.77
7464.77
)
;

boundaryField
{
    inlet
    {
        type            fixedValue;
        value           uniform 0.3;
    }
    outlet
    {
        type            zeroGradient;
    }
    wallHot0
    {
        type            epsilonWallFunction;
        value           uniform 0.3;
    }
    wallHot1
    {
        type            epsilonWallFunction;
        value           uniform 0.3;
    }
    wallSideMax
    {
        type            epsilonWallFunction;
        value           uniform 0.3;
    }
    wallSideMin
    {
        type            epsilonWallFunction;
        value           uniform 0.3;
    }
}


// ************************************************************************* //
