/*---------------------------------------------------------------------------*\
| ofgpu  --  GPU-native finite volume CFD                                     |
|                                                                             |
| Written in the OpenFOAM ASCII case format so that existing pre- and         |
| post-processing tools can read it. A file format is not a work: ofgpu is    |
| an independent implementation, neither derived from nor affiliated with     |
| OpenFOAM.                                                                   |
\*---------------------------------------------------------------------------*/
FoamFile
{
    format      ascii;
    class       volScalarField;
    location    "0";
    object      k;
}
// * * * * * * * * * * * * * * * * * * * * * * * * * * * * * * * * * * * * * //

dimensions      [0 2 -2 0 0 0 0];

internalField   nonuniform List<scalar> 
40000
(
0.017736
0.0177228
0.0177228
0.0177228
0.0177228
0.0177228
0.0177228
0.0177228
0.0177228
0.0177228
0.0177228
0.0177228
0.0177228
0.0177228
0.0177228
0.0177228
0.0177228
0.0177228
0.0177228
0.0177228
0.0177228
0.0177228
0.0177228
0.0177228
0.0177228
0.0177228
0.0177228
0.0177228
0.0177228
0.0177228
0.0177228
0.0177228
0.0177228
0.0177228
0.0177228
0.0177228
0.0177228
0.0177228
0.0177228
0.0177228
0.0177228
0.0177228
0.0177228
0.0177228
0.0177228
0.0177228
0.0177228
0.0177228
0.0177228
0.0177228
0.0177228
0.0177228
0.0177228
0.0177228
0.0177228
0.0177228
0.0177228
0.0177228
0.0177228
0.0177228
0.0177228
0.0177228
0.0177228
0.0177228
0.0177228
0.0177228
0.0177228
0.0177228
0.0177228
0.0177228
0.0177228
0.0177228
0.0177228
0.0177228
0.0177228
0.0177228
0.0177228
0.0177228
0.0177228
0.0177228
0.0177228
0.0177228
0.0177228
0.0177228
0.0177228
0.0177228
0.0177228
0.0177228
0.0177228
0.0177228
0.0177228
0.0177228
0.0177228
0.0177228
0.0177228
0.0177228
0.0177228
0.0177228
0.0177228
0.0177228
0.0177228
0.0177228
0.0177228
0.0177228
0.0177228
0.0177228
0.0177228
0.0177228
0.0177228
0.0177228
0.0177228
0.0177228
0.0177228
0.0177228
0.0177228
0.0177228
0.0177228
0.0177228
0.0177228
0.0177228
0.0177228
0.0177228
0.0177228
0.0177228
0.0177228
0.0177228
0.0177228
0.0177228
0.0177228
0.0177228
0.0177228
0.0177228
0.0177228
0.0177228
0.0177228
0.0177228
0.0177228
0.0177228
0.0177228
0.0177228
0.0177228
0.0177228
0.0177228
0.0177228
0.0177228
0.0177228
0.0177228
0.0177228
0.0177228
0.0177228
0.0177228
0.0177228
0.0177228
0.0177228
0.0177228
0.0177228
0.0177228
0.0177228
0.0177228
0.0177228
0.0177228
0.0177228
0.0177228
0.0177228
0.0177228
0.0177228
0.0177228
0.0177228
0.0177228
0.0177228
0.0177228
0.0177228
0.0177228
0.0177228
0.0177228
0.0177228
0.0177228
0.0177228
0.0177228
0.0177228
0.0177228
0.0177228
0.0177228
0.0177228
0.0177228
0.0177228
0.0177228
0.0177228
0.0177228
0.0177228
0.0177228
0.0177228
0.0177228
0.0177228
0.0177228
0.0177228
0.0177228
0.0177228
0.0177228
0.0177228
0.0265318
0.0265211
0.0265211
0.0265211
0.0265211
0.0265211
0.0265211
0.0265211
0.0265211
0.0265211
0.0265211
0.0265211
0.0265211
0.0265211
0.0265211
0.0265211
0.0265211
0.0265211
0.0265211
0.0265211
0.0265211
0.0265211
0.0265211
0.0265211
0.0265211
0.0265211
0.0265211
0.0265211
0.0265211
0.0265211
0.0265211
0.0265211
0.0265211
0.0265211
0.0265211
0.0265211
0.0265211
0.0265211
0.0265211
0.0265211
0.0265211
0.0265211
0.0265211
0.0265211
0.0265211
0.0265211
0.0265211
0.0265211
0.0265211
0.0265211
0.0265211
0.0265211
0.0265211
0.0265211
0.0265211
0.0265211
0.0265211
0.0265211
0.0265211
0.0265211
0.0265211
0.0265211
0.0265211
0.0265211
0.0265211
0.0265211
0.0265211
0.0265211
0.0265211
0.0265211
0.0265211
0.0265211
0.0265211
0.0265211
0.0265211
0.0265211
0.0265211
0.0265211
0.0265211
0.0265211
0.0265211
0.0265211
0.0265211
0.0265211
0.0265211
0.0265211
0.0265211
0.0265211
0.0265211
0.0265211
0.0265211
0.0265211
0.0265211
0.0265211
0.0265211
0.0265211
0.0265211
0.0265211
0.0265211
0.0265211
0.0265211
0.0265211
0.0265211
0.0265211
0.0265211
0.0265211
0.0265211
0.0265211
0.0265211
0.0265211
0.0265211
0.0265211
0.0265211
0.0265211
0.0265211
0.0265211
0.0265211
0.0265211
0.0265211
0.0265211
0.0265211
0.0265211
0.0265211
0.0265211
0.0265211
0.0265211
0.0265211
0.0265211
0.0265211
0.0265211
0.0265211
0.0265211
0.0265211
0.0265211
0.0265211
0.0265211
0.0265211
0.0265211
0.0265211
0.0265211
0.0265211
0.0265211
0.0265211
0.0265211
0.0265211
0.0265211
0.0265211
0.0265211
0.0265211
0.0265211
0.0265211
0.0265211
0.0265211
0.0265211
0.0265211
0.0265211
0.0265211
0.0265211
0.0265211
0.0265211
0.0265211
0.0265211
0.0265211
0.0265211
0.0265211
0.0265211
0.0265211
0.0265211
0.0265211
0.0265211
0.0265211
0.0265211
0.0265211
0.0265211
0.0265211
0.0265211
0.0265211
0.0265211
0.0265211
0.0265211
0.0265211
0.0265211
0.0265211
0.0265211
0.0265211
0.0265211
0.0265211
0.0265211
0.0265211
0.0265211
0.0265211
0.0265211
0.0265211
0.0265211
0.0265211
0.0265211
0.0265211
0.0265211
0.0265211
0.0265211
0.0287324
0.0287197
0.0287197
0.0287197
0.0287197
0.0287197
0.0287197
0.0287197
0.0287197
0.0287197
0.0287197
0.0287197
0.0287197
0.0287197
0.0287197
0.0287197
0.0287197
0.0287197
0.0287197
0.0287197
0.0287197
0.0287197
0.0287197
0.0287197
0.0287197
0.0287197
0.0287197
0.0287197
0.0287197
0.0287197
0.0287197
0.0287197
0.0287197
0.0287197
0.0287197
0.0287197
0.0287197
0.0287197
0.0287197
0.0287197
0.0287197
0.0287197
0.0287197
0.0287197
0.0287197
0.0287197
0.0287197
0.0287197
0.0287197
0.0287197
0.0287197
0.0287197
0.0287197
0.0287197
0.0287197
0.0287197
0.0287197
0.0287197
0.0287197
0.0287197
0.0287197
0.0287197
0.0287197
0.0287197
0.0287197
0.0287197
0.0287197
0.0287197
0.0287197
0.0287197
0.0287197
0.0287197
0.0287197
0.0287197
0.0287197
0.0287197
0.0287197
0.0287197
0.0287197
0.0287197
0.0287197
0.0287197
0.0287197
0.0287197
0.0287197
0.0287197
0.0287197
0.0287197
0.0287197
0.0287197
0.0287197
0.0287197
0.0287197
0.0287197
0.0287197
0.0287197
0.0287197
0.0287197
0.0287197
0.0287197
0.0287197
0.0287197
0.0287197
0.0287197
0.0287197
0.0287197
0.0287197
0.0287197
0.0287197
0.0287197
0.0287197
0.0287197
0.0287197
0.0287197
0.0287197
0.0287197
0.0287197
0.0287197
0.0287197
0.0287197
0.0287197
0.0287197
0.0287197
0.0287197
0.0287197
0.0287197
0.0287197
0.0287197
0.0287197
0.0287197
0.0287197
0.0287197
0.0287197
0.0287197
0.0287197
0.0287197
0.0287197
0.0287197
0.0287197
0.0287197
0.0287197
0.0287197
0.0287197
0.0287197
0.0287197
0.0287197
0.0287197
0.0287197
0.0287197
0.0287197
0.0287197
0.0287197
0.0287197
0.0287197
0.0287197
0.0287197
0.0287197
0.0287197
0.0287197
0.0287197
0.0287197
0.0287197
0.0287197
0.0287197
0.0287197
0.0287197
0.0287197
0.0287197
0.0287197
0.0287197
0.0287197
0.0287197
0.0287197
0.0287197
0.0287197
0.0287197
0.0287197
0.0287197
0.0287197
0.0287197
0.0287197
0.0287197
0.0287197
0.0287197
0.0287197
0.0287197
0.0287197
0.0287197
0.0287197
0.0287197
0.0287197
0.0287197
0.0287197
0.0287197
0.0287197
0.0287197
0.0287197
0.0287197
0.0287197
0.0287197
0.0295588
0.0295411
0.0295411
0.0295411
0.0295411
0.0295411
0.0295411
0.0295411
0.0295411
0.0295411
0.0295411
0.0295411
0.0295411
0.0295411
0.0295411
0.0295411
0.0295411
0.0295411
0.0295411
0.0295411
0.0295411
0.0295411
0.0295411
0.0295411
0.0295411
0.0295411
0.0295411
0.0295411
0.0295411
0.0295411
0.0295411
0.0295411
0.0295411
0.0295411
0.0295411
0.0295411
0.0295411
0.0295411
0.0295411
0.0295411
0.0295411
0.0295411
0.0295411
0.0295411
0.0295411
0.0295411
0.0295411
0.0295411
0.0295411
0.0295411
0.0295411
0.0295411
0.0295411
0.0295411
0.0295411
0.0295411
0.0295411
0.0295411
0.0295411
0.0295411
0.0295411
0.0295411
0.0295411
0.0295411
0.0295411
0.0295411
0.0295411
0.0295411
0.0295411
0.0295411
0.0295411
0.0295411
0.0295411
0.0295411
0.0295411
0.0295411
0.0295411
0.0295411
0.0295411
0.0295411
0.0295411
0.0295411
0.0295411
0.0295411
0.0295411
0.0295411
0.0295411
0.0295411
0.0295411
0.0295411
0.0295411
0.0295411
0.0295411
0.0295411
0.0295411
0.0295411
0.0295411
0.0295411
0.0295411
0.0295411
0.0295411
0.0295411
0.0295411
0.0295411
0.0295411
0.0295411
0.0295411
0.0295411
0.0295411
0.0295411
0.0295411
0.0295411
0.0295411
0.0295411
0.0295411
0.0295411
0.0295411
0.0295411
0.0295411
0.0295411
0.0295411
0.0295411
0.0295411
0.0295411
0.0295411
0.0295411
0.0295411
0.0295411
0.0295411
0.0295411
0.0295411
0.0295411
0.0295411
0.0295411
0.0295411
0.0295411
0.0295411
0.0295411
0.0295411
0.0295411
0.0295411
0.0295411
0.0295411
0.0295411
0.0295411
0.0295411
0.0295411
0.0295411
0.0295411
0.0295411
0.0295411
0.0295411
0.0295411
0.0295411
0.0295411
0.0295411
0.0295411
0.0295411
0.0295411
0.0295411
0.0295411
0.0295411
0.0295411
0.0295411
0.0295411
0.0295411
0.0295411
0.0295411
0.0295411
0.0295411
0.0295411
0.0295411
0.0295411
0.0295411
0.0295411
0.0295411
0.0295411
0.0295411
0.0295411
0.0295411
0.0295411
0.0295411
0.0295411
0.0295411
0.0295411
0.0295411
0.0295411
0.0295411
0.0295411
0.0295411
0.0295411
0.0295411
0.0295411
0.0295411
0.0295411
0.0295411
0.0295411
0.0295411
0.0295411
0.0295411
0.0298722
0.0298456
0.0298456
0.0298456
0.0298456
0.0298456
0.0298456
0.0298456
0.0298456
0.0298456
0.0298456
0.0298456
0.0298456
0.0298456
0.0298456
0.0298456
0.0298456
0.0298456
0.0298456
0.0298456
0.0298456
0.0298456
0.0298456
0.0298456
0.0298456
0.0298456
0.0298456
0.0298456
0.0298456
0.0298456
0.0298456
0.0298456
0.0298456
0.0298456
0.0298456
0.0298456
0.0298456
0.0298456
0.0298456
0.0298456
0.0298456
0.0298456
0.0298456
0.0298456
0.0298456
0.0298456
0.0298456
0.0298456
0.0298456
0.0298456
0.0298456
0.0298456
0.0298456
0.0298456
0.0298456
0.0298456
0.0298456
0.0298456
0.0298456
0.0298456
0.0298456
0.0298456
0.0298456
0.0298456
0.0298456
0.0298456
0.0298456
0.0298456
0.0298456
0.0298456
0.0298456
0.0298456
0.0298456
0.0298456
0.0298456
0.0298456
0.0298456
0.0298456
0.0298456
0.0298456
0.0298456
0.0298456
0.0298456
0.0298456
0.0298456
0.0298456
0.0298456
0.0298456
0.0298456
0.0298456
0.0298456
0.0298456
0.0298456
0.0298456
0.0298456
0.0298456
0.0298456
0.0298456
0.0298456
0.0298456
0.0298456
0.0298456
0.0298456
0.0298456
0.0298456
0.0298456
0.0298456
0.0298456
0.0298456
0.0298456
0.0298456
0.0298456
0.0298456
0.0298456
0.0298456
0.0298456
0.0298456
0.0298456
0.0298456
0.0298456
0.0298456
0.0298456
0.0298456
0.0298456
0.0298456
0.0298456
0.0298456
0.0298456
0.0298456
0.0298456
0.0298456
0.0298456
0.0298456
0.0298456
0.0298456
0.0298456
0.0298456
0.0298456
0.0298456
0.0298456
0.0298456
0.0298456
0.0298456
0.0298456
0.0298456
0.0298456
0.0298456
0.0298456
0.0298456
0.0298456
0.0298456
0.0298456
0.0298456
0.0298456
0.0298456
0.0298456
0.0298456
0.0298456
0.0298456
0.0298456
0.0298456
0.0298456
0.0298456
0.0298456
0.0298456
0.0298456
0.0298456
0.0298456
0.0298456
0.0298456
0.0298456
0.0298456
0.0298456
0.0298456
0.0298456
0.0298456
0.0298456
0.0298456
0.0298456
0.0298456
0.0298456
0.0298456
0.0298456
0.0298456
0.0298456
0.0298456
0.0298456
0.0298456
0.0298456
0.0298456
0.0298456
0.0298456
0.0298456
0.0298456
0.0298456
0.0298456
0.0298456
0.0298456
0.0298456
0.0298456
0.0299855
0.0299445
0.0299444
0.0299444
0.0299444
0.0299444
0.0299444
0.0299444
0.0299444
0.0299444
0.0299444
0.0299444
0.0299444
0.0299444
0.0299444
0.0299444
0.0299444
0.0299444
0.0299444
0.0299444
0.0299444
0.0299444
0.0299444
0.0299444
0.0299444
0.0299444
0.0299444
0.0299444
0.0299444
0.0299444
0.0299444
0.0299444
0.0299444
0.0299444
0.0299444
0.0299444
0.0299444
0.0299444
0.0299444
0.0299444
0.0299444
0.0299444
0.0299444
0.0299444
0.0299444
0.0299444
0.0299444
0.0299444
0.0299444
0.0299444
0.0299444
0.0299444
0.0299444
0.0299444
0.0299444
0.0299444
0.0299444
0.0299444
0.0299444
0.0299444
0.0299444
0.0299444
0.0299444
0.0299444
0.0299444
0.0299444
0.0299444
0.0299444
0.0299444
0.0299444
0.0299444
0.0299444
0.0299444
0.0299444
0.0299444
0.0299444
0.0299444
0.0299444
0.0299444
0.0299444
0.0299444
0.0299444
0.0299444
0.0299444
0.0299444
0.0299444
0.0299444
0.0299444
0.0299444
0.0299444
0.0299444
0.0299444
0.0299444
0.0299444
0.0299444
0.0299444
0.0299444
0.0299444
0.0299444
0.0299444
0.0299444
0.0299444
0.0299444
0.0299444
0.0299444
0.0299444
0.0299444
0.0299444
0.0299444
0.0299444
0.0299444
0.0299444
0.0299444
0.0299444
0.0299444
0.0299444
0.0299445
0.0299444
0.0299445
0.0299444
0.0299445
0.0299444
0.0299445
0.0299444
0.0299445
0.0299444
0.0299444
0.0299444
0.0299444
0.0299444
0.0299444
0.0299444
0.0299444
0.0299444
0.0299444
0.0299444
0.0299444
0.0299444
0.0299444
0.0299444
0.0299444
0.0299444
0.0299444
0.0299444
0.0299444
0.0299444
0.0299444
0.0299444
0.0299444
0.0299444
0.0299445
0.0299444
0.0299444
0.0299444
0.0299444
0.0299444
0.0299444
0.0299444
0.0299444
0.0299444
0.0299444
0.0299444
0.0299444
0.0299444
0.0299444
0.0299444
0.0299444
0.0299444
0.0299444
0.0299444
0.0299444
0.0299444
0.0299444
0.0299444
0.0299444
0.0299444
0.0299444
0.0299444
0.0299444
0.0299444
0.0299444
0.0299444
0.0299444
0.0299444
0.0299444
0.0299444
0.0299444
0.0299444
0.0299444
0.0299444
0.0299444
0.0299444
0.0299444
0.0299444
0.0299444
0.0299444
0.0299444
0.0299444
0.0299444
0.0299444
0.030042
0.0299784
0.0299784
0.0299784
0.0299784
0.0299784
0.0299784
0.0299784
0.0299784
0.0299784
0.0299784
0.0299784
0.0299784
0.0299784
0.0299784
0.0299784
0.0299784
0.0299784
0.0299784
0.0299784
0.0299784
0.0299784
0.0299784
0.0299784
0.0299784
0.0299784
0.0299784
0.0299784
0.0299784
0.0299784
0.0299784
0.0299784
0.0299784
0.0299784
0.0299784
0.0299784
0.0299784
0.0299784
0.0299784
0.0299784
0.0299784
0.0299784
0.0299784
0.0299784
0.0299784
0.0299784
0.0299784
0.0299784
0.0299784
0.0299784
0.0299784
0.0299784
0.0299784
0.0299784
0.0299784
0.0299784
0.0299784
0.0299784
0.0299784
0.0299784
0.0299784
0.0299784
0.0299784
0.0299784
0.0299784
0.0299784
0.0299784
0.0299784
0.0299784
0.0299784
0.0299784
0.0299784
0.0299784
0.0299784
0.0299784
0.0299784
0.0299784
0.0299784
0.0299784
0.0299784
0.0299784
0.0299784
0.0299784
0.0299784
0.0299784
0.0299784
0.0299784
0.0299784
0.0299784
0.0299784
0.0299784
0.0299784
0.0299784
0.0299784
0.0299784
0.0299784
0.0299784
0.0299784
0.0299784
0.0299784
0.0299784
0.0299784
0.0299784
0.0299784
0.0299784
0.0299784
0.0299784
0.0299784
0.0299784
0.0299784
0.0299784
0.0299784
0.0299784
0.0299784
0.0299784
0.0299784
0.0299784
0.0299784
0.0299784
0.0299784
0.0299784
0.0299784
0.0299784
0.0299784
0.0299784
0.0299784
0.0299784
0.0299784
0.0299784
0.0299784
0.0299784
0.0299784
0.0299784
0.0299784
0.0299784
0.0299784
0.0299784
0.0299784
0.0299784
0.0299784
0.0299784
0.0299784
0.0299784
0.0299784
0.0299784
0.0299784
0.0299784
0.0299784
0.0299784
0.0299784
0.0299784
0.0299784
0.0299784
0.0299784
0.0299784
0.0299784
0.0299784
0.0299784
0.0299784
0.0299784
0.0299784
0.0299784
0.0299784
0.0299784
0.0299784
0.0299784
0.0299784
0.0299784
0.0299784
0.0299784
0.0299784
0.0299784
0.0299784
0.0299784
0.0299784
0.0299784
0.0299784
0.0299784
0.0299784
0.0299784
0.0299784
0.0299784
0.0299784
0.0299784
0.0299784
0.0299784
0.0299784
0.0299784
0.0299784
0.0299784
0.0299784
0.0299784
0.0299784
0.0299784
0.0299784
0.0299784
0.0299784
0.0299784
0.0299784
0.0299784
0.0300793
0.029981
0.029981
0.0299809
0.0299809
0.0299809
0.0299809
0.0299809
0.0299809
0.0299809
0.0299809
0.0299809
0.0299809
0.0299809
0.0299809
0.0299809
0.0299809
0.0299809
0.029981
0.0299809
0.0299809
0.0299809
0.029981
0.0299809
0.029981
0.029981
0.029981
0.029981
0.029981
0.029981
0.029981
0.029981
0.029981
0.029981
0.029981
0.029981
0.029981
0.029981
0.029981
0.029981
0.029981
0.029981
0.029981
0.029981
0.029981
0.029981
0.029981
0.0299809
0.0299809
0.0299809
0.0299809
0.0299809
0.029981
0.029981
0.029981
0.029981
0.029981
0.029981
0.029981
0.029981
0.029981
0.029981
0.029981
0.029981
0.029981
0.029981
0.029981
0.029981
0.029981
0.029981
0.029981
0.029981
0.029981
0.029981
0.029981
0.029981
0.029981
0.029981
0.029981
0.029981
0.029981
0.029981
0.029981
0.029981
0.029981
0.029981
0.029981
0.029981
0.029981
0.029981
0.029981
0.029981
0.029981
0.029981
0.029981
0.029981
0.029981
0.029981
0.029981
0.029981
0.029981
0.029981
0.029981
0.029981
0.029981
0.029981
0.029981
0.029981
0.029981
0.029981
0.029981
0.029981
0.029981
0.029981
0.029981
0.029981
0.029981
0.029981
0.029981
0.029981
0.029981
0.029981
0.029981
0.029981
0.029981
0.029981
0.029981
0.029981
0.029981
0.029981
0.029981
0.029981
0.029981
0.029981
0.029981
0.029981
0.029981
0.029981
0.029981
0.029981
0.029981
0.029981
0.029981
0.029981
0.029981
0.029981
0.029981
0.029981
0.029981
0.029981
0.029981
0.029981
0.029981
0.029981
0.029981
0.029981
0.029981
0.029981
0.029981
0.029981
0.029981
0.029981
0.029981
0.029981
0.029981
0.029981
0.029981
0.029981
0.029981
0.029981
0.029981
0.029981
0.029981
0.029981
0.029981
0.029981
0.029981
0.029981
0.029981
0.029981
0.029981
0.029981
0.029981
0.029981
0.029981
0.0299809
0.029981
0.0299809
0.029981
0.0299809
0.029981
0.029981
0.029981
0.029981
0.029981
0.0299809
0.029981
0.0299809
0.0299809
0.0299809
0.0301258
0.0299746
0.0299744
0.0299744
0.0299744
0.0299744
0.0299744
0.0299744
0.0299744
0.0299744
0.0299744
0.0299744
0.0299744
0.0299744
0.0299744
0.0299744
0.0299744
0.0299744
0.0299744
0.0299744
0.0299744
0.0299744
0.0299744
0.0299744
0.0299744
0.0299744
0.0299744
0.0299744
0.0299744
0.0299744
0.0299744
0.0299744
0.0299744
0.0299744
0.0299744
0.0299744
0.0299744
0.0299744
0.0299744
0.0299744
0.0299744
0.0299744
0.0299744
0.0299744
0.0299744
0.0299744
0.0299744
0.0299744
0.0299744
0.0299744
0.0299744
0.0299744
0.0299744
0.0299744
0.0299744
0.0299744
0.0299744
0.0299744
0.0299744
0.0299744
0.0299744
0.0299745
0.0299744
0.0299745
0.0299744
0.0299745
0.0299744
0.0299744
0.0299744
0.0299744
0.0299744
0.0299744
0.0299744
0.0299744
0.0299744
0.0299745
0.0299744
0.0299745
0.0299744
0.0299745
0.0299744
0.0299745
0.0299744
0.0299745
0.0299744
0.0299745
0.0299744
0.0299745
0.0299744
0.0299745
0.0299744
0.0299745
0.0299744
0.0299745
0.0299744
0.0299745
0.0299744
0.0299745
0.0299744
0.0299745
0.0299744
0.0299745
0.0299744
0.0299745
0.0299744
0.0299745
0.0299744
0.0299745
0.0299744
0.0299745
0.0299744
0.0299745
0.0299745
0.0299745
0.0299745
0.0299745
0.0299745
0.0299745
0.0299745
0.0299745
0.0299745
0.0299745
0.0299745
0.0299745
0.0299745
0.0299745
0.0299745
0.0299745
0.0299745
0.0299745
0.0299744
0.0299745
0.0299744
0.0299745
0.0299744
0.0299745
0.0299744
0.0299745
0.0299744
0.0299745
0.0299744
0.0299745
0.0299744
0.0299745
0.0299744
0.0299745
0.0299745
0.0299745
0.0299745
0.0299745
0.0299745
0.0299745
0.0299745
0.0299745
0.0299744
0.0299745
0.0299744
0.0299745
0.0299744
0.0299745
0.0299744
0.0299745
0.0299744
0.0299745
0.0299744
0.0299745
0.0299744
0.0299745
0.0299744
0.0299745
0.0299744
0.0299745
0.0299744
0.0299745
0.0299744
0.0299745
0.0299744
0.0299745
0.0299744
0.0299744
0.0299744
0.0299744
0.0299744
0.0299744
0.0299744
0.0299744
0.0299744
0.0299744
0.0299744
0.0299744
0.0299744
0.0299744
0.0299744
0.0299744
0.0299744
0.0299744
0.0299744
0.0299744
0.0299744
0.0299744
0.0301931
0.0299619
0.0299614
0.0299613
0.0299613
0.0299613
0.0299613
0.0299613
0.0299613
0.0299613
0.0299613
0.0299613
0.0299613
0.0299613
0.0299613
0.0299613
0.0299613
0.0299613
0.0299613
0.0299613
0.0299613
0.0299613
0.0299613
0.0299613
0.0299613
0.0299613
0.0299613
0.0299613
0.0299613
0.0299613
0.0299613
0.0299613
0.0299613
0.0299613
0.0299613
0.0299613
0.0299613
0.0299613
0.0299613
0.0299613
0.0299613
0.0299613
0.0299613
0.0299613
0.0299613
0.0299613
0.0299613
0.0299613
0.0299613
0.0299613
0.0299613
0.0299613
0.0299613
0.0299613
0.0299613
0.0299613
0.0299613
0.0299613
0.0299613
0.0299613
0.0299614
0.0299613
0.0299614
0.0299613
0.0299614
0.0299613
0.0299614
0.0299613
0.0299613
0.0299613
0.0299613
0.0299613
0.0299613
0.0299613
0.0299613
0.0299613
0.0299614
0.0299613
0.0299614
0.0299613
0.0299614
0.0299613
0.0299614
0.0299613
0.0299614
0.0299613
0.0299614
0.0299613
0.0299614
0.0299613
0.0299614
0.0299613
0.0299614
0.0299613
0.0299614
0.0299613
0.0299614
0.0299613
0.0299614
0.0299613
0.0299614
0.0299613
0.0299614
0.0299613
0.0299614
0.0299613
0.0299614
0.0299613
0.0299614
0.0299613
0.0299614
0.0299614
0.0299614
0.0299614
0.0299614
0.0299614
0.0299614
0.0299614
0.0299614
0.0299614
0.0299614
0.0299614
0.0299614
0.0299614
0.0299614
0.0299614
0.0299614
0.0299614
0.0299614
0.0299613
0.0299614
0.0299613
0.0299614
0.0299613
0.0299614
0.0299613
0.0299614
0.0299613
0.0299614
0.0299613
0.0299614
0.0299613
0.0299614
0.0299613
0.0299614
0.0299613
0.0299614
0.0299614
0.0299614
0.0299614
0.0299614
0.0299614
0.0299614
0.0299613
0.0299614
0.0299613
0.0299614
0.0299613
0.0299614
0.0299613
0.0299614
0.0299613
0.0299614
0.0299613
0.0299614
0.0299613
0.0299614
0.0299613
0.0299614
0.0299613
0.0299614
0.0299613
0.0299614
0.0299613
0.0299614
0.0299613
0.0299614
0.0299613
0.0299613
0.0299613
0.0299613
0.0299613
0.0299613
0.0299613
0.0299613
0.0299613
0.0299613
0.0299613
0.0299613
0.0299613
0.0299613
0.0299613
0.0299613
0.0299613
0.0299613
0.0299613
0.0299613
0.0299613
0.0299613
0.0299613
0.0302929
0.0299418
0.0299405
0.0299404
0.0299404
0.0299404
0.0299404
0.0299404
0.0299404
0.0299404
0.0299404
0.0299404
0.0299404
0.0299404
0.0299404
0.0299404
0.0299404
0.0299404
0.0299404
0.0299404
0.0299404
0.0299404
0.0299404
0.0299404
0.0299404
0.0299404
0.0299404
0.0299404
0.0299404
0.0299404
0.0299404
0.0299404
0.0299404
0.0299404
0.0299404
0.0299404
0.0299404
0.0299404
0.0299404
0.0299404
0.0299404
0.0299404
0.0299404
0.0299404
0.0299404
0.0299404
0.0299404
0.0299404
0.0299404
0.0299404
0.0299404
0.0299404
0.0299404
0.0299404
0.0299404
0.0299404
0.0299404
0.0299404
0.0299404
0.0299404
0.0299404
0.0299404
0.0299404
0.0299404
0.0299404
0.0299404
0.0299404
0.0299404
0.0299404
0.0299404
0.0299404
0.0299404
0.0299404
0.0299404
0.0299404
0.0299404
0.0299404
0.0299404
0.0299404
0.0299404
0.0299404
0.0299404
0.0299404
0.0299404
0.0299404
0.0299405
0.0299404
0.0299404
0.0299404
0.0299404
0.0299404
0.0299404
0.0299404
0.0299404
0.0299404
0.0299404
0.0299404
0.0299404
0.0299404
0.0299404
0.0299404
0.0299404
0.0299404
0.0299404
0.0299404
0.0299404
0.0299404
0.0299405
0.0299404
0.0299405
0.0299404
0.0299405
0.0299404
0.0299405
0.0299404
0.0299405
0.0299404
0.0299405
0.0299404
0.0299405
0.0299404
0.0299405
0.0299404
0.0299405
0.0299404
0.0299405
0.0299404
0.0299405
0.0299404
0.0299405
0.0299404
0.0299405
0.0299404
0.0299404
0.0299404
0.0299404
0.0299404
0.0299404
0.0299404
0.0299404
0.0299404
0.0299404
0.0299404
0.0299405
0.0299404
0.0299405
0.0299404
0.0299405
0.0299404
0.0299405
0.0299404
0.0299405
0.0299404
0.0299405
0.0299404
0.0299405
0.0299404
0.0299404
0.0299404
0.0299404
0.0299404
0.0299404
0.0299404
0.0299404
0.0299404
0.0299404
0.0299404
0.0299404
0.0299404
0.0299404
0.0299404
0.0299404
0.0299404
0.0299404
0.0299404
0.0299404
0.0299404
0.0299404
0.0299404
0.0299404
0.0299404
0.0299404
0.0299404
0.0299404
0.0299404
0.0299404
0.0299404
0.0299404
0.0299404
0.0299404
0.0299404
0.0299404
0.0299404
0.0299404
0.0299404
0.0299404
0.0299404
0.0299404
0.0299404
0.0299403
0.0304399
0.0299118
0.0299083
0.0299081
0.0299081
0.0299081
0.0299081
0.0299081
0.0299081
0.0299081
0.0299081
0.0299081
0.0299081
0.0299081
0.0299081
0.0299081
0.0299081
0.0299081
0.0299081
0.0299081
0.0299081
0.0299081
0.0299081
0.0299081
0.0299081
0.0299081
0.0299081
0.0299081
0.0299081
0.0299081
0.0299081
0.0299081
0.0299081
0.0299081
0.0299081
0.0299081
0.0299081
0.0299081
0.0299081
0.0299081
0.0299081
0.0299081
0.0299081
0.0299081
0.0299081
0.0299081
0.0299081
0.0299081
0.0299081
0.0299081
0.0299081
0.0299081
0.0299081
0.0299081
0.0299081
0.0299081
0.0299081
0.0299081
0.0299082
0.0299081
0.0299082
0.0299081
0.0299082
0.0299081
0.0299082
0.0299081
0.0299082
0.0299081
0.0299082
0.0299081
0.0299082
0.0299081
0.0299082
0.0299081
0.0299082
0.0299081
0.0299082
0.0299081
0.0299082
0.0299081
0.0299082
0.0299081
0.0299082
0.0299082
0.0299082
0.0299082
0.0299082
0.0299081
0.0299082
0.0299081
0.0299082
0.0299081
0.0299082
0.0299081
0.0299082
0.0299081
0.0299082
0.0299081
0.0299082
0.0299081
0.0299082
0.0299081
0.0299082
0.0299081
0.0299082
0.0299081
0.0299082
0.0299082
0.0299082
0.0299082
0.0299082
0.0299082
0.0299082
0.0299082
0.0299082
0.0299082
0.0299082
0.0299082
0.0299082
0.0299082
0.0299082
0.0299082
0.0299082
0.0299082
0.0299082
0.0299082
0.0299082
0.0299082
0.0299082
0.0299082
0.0299082
0.0299081
0.0299082
0.0299081
0.0299082
0.0299081
0.0299082
0.0299081
0.0299082
0.0299081
0.0299082
0.0299081
0.0299082
0.0299081
0.0299082
0.0299082
0.0299082
0.0299082
0.0299082
0.0299082
0.0299082
0.0299082
0.0299082
0.0299082
0.0299082
0.0299081
0.0299082
0.0299081
0.0299082
0.0299081
0.0299082
0.0299081
0.0299082
0.0299081
0.0299082
0.0299081
0.0299082
0.0299081
0.0299082
0.0299081
0.0299082
0.0299081
0.0299082
0.0299081
0.0299082
0.0299081
0.0299082
0.0299081
0.0299081
0.0299081
0.0299081
0.0299081
0.0299081
0.0299081
0.0299081
0.0299081
0.0299081
0.0299081
0.0299081
0.0299081
0.0299081
0.0299081
0.0299081
0.0299081
0.0299081
0.0299081
0.0299081
0.0299081
0.0299081
0.029908
0.0306534
0.0298687
0.0298596
0.029859
0.029859
0.029859
0.029859
0.029859
0.029859
0.029859
0.029859
0.029859
0.029859
0.029859
0.029859
0.029859
0.029859
0.029859
0.029859
0.029859
0.029859
0.029859
0.029859
0.029859
0.029859
0.029859
0.029859
0.029859
0.029859
0.029859
0.029859
0.029859
0.029859
0.029859
0.029859
0.029859
0.029859
0.029859
0.029859
0.029859
0.029859
0.029859
0.029859
0.029859
0.029859
0.029859
0.029859
0.029859
0.029859
0.029859
0.029859
0.029859
0.029859
0.029859
0.029859
0.029859
0.029859
0.0298591
0.029859
0.0298591
0.029859
0.0298591
0.029859
0.0298591
0.029859
0.0298591
0.029859
0.0298591
0.029859
0.0298591
0.029859
0.0298591
0.029859
0.0298591
0.029859
0.0298591
0.029859
0.0298591
0.029859
0.0298591
0.029859
0.0298591
0.029859
0.0298591
0.029859
0.0298591
0.029859
0.0298591
0.029859
0.0298591
0.029859
0.0298591
0.029859
0.0298591
0.029859
0.0298591
0.029859
0.0298591
0.029859
0.0298591
0.029859
0.0298591
0.029859
0.0298591
0.029859
0.0298591
0.029859
0.0298591
0.0298591
0.0298591
0.0298591
0.0298592
0.0298591
0.0298592
0.0298591
0.0298592
0.0298591
0.0298592
0.0298591
0.0298592
0.0298591
0.0298592
0.0298591
0.0298592
0.0298591
0.0298592
0.0298591
0.0298592
0.0298591
0.0298591
0.029859
0.0298591
0.029859
0.0298591
0.029859
0.0298591
0.029859
0.0298591
0.029859
0.0298591
0.029859
0.0298591
0.029859
0.0298591
0.029859
0.0298591
0.029859
0.0298591
0.029859
0.0298592
0.029859
0.0298591
0.029859
0.0298591
0.029859
0.0298591
0.029859
0.0298591
0.029859
0.0298591
0.029859
0.0298591
0.029859
0.0298591
0.029859
0.0298591
0.029859
0.0298591
0.029859
0.0298591
0.029859
0.0298591
0.029859
0.0298591
0.029859
0.0298591
0.029859
0.029859
0.029859
0.029859
0.029859
0.029859
0.0298589
0.029859
0.0298589
0.0298589
0.0298589
0.0298589
0.0298589
0.0298589
0.0298589
0.0298589
0.0298589
0.029859
0.0298589
0.0298589
0.0298589
0.0298589
0.0298589
0.0298587
0.0309582
0.0298112
0.029787
0.0297855
0.0297854
0.0297853
0.0297853
0.0297853
0.0297853
0.0297853
0.0297853
0.0297853
0.0297853
0.0297853
0.0297853
0.0297853
0.0297853
0.0297853
0.0297854
0.0297853
0.0297854
0.0297853
0.0297854
0.0297854
0.0297854
0.0297854
0.0297854
0.0297854
0.0297854
0.0297854
0.0297854
0.0297854
0.0297854
0.0297854
0.0297854
0.0297854
0.0297854
0.0297854
0.0297854
0.0297854
0.0297854
0.0297854
0.0297854
0.0297854
0.0297854
0.0297854
0.0297854
0.0297853
0.0297853
0.0297853
0.0297853
0.0297853
0.0297854
0.0297854
0.0297854
0.0297854
0.0297854
0.0297854
0.0297855
0.0297854
0.0297855
0.0297854
0.0297855
0.0297854
0.0297855
0.0297854
0.0297855
0.0297854
0.0297855
0.0297854
0.0297855
0.0297854
0.0297855
0.0297854
0.0297855
0.0297854
0.0297855
0.0297854
0.0297855
0.0297854
0.0297855
0.0297854
0.0297855
0.0297854
0.0297855
0.0297854
0.0297855
0.0297854
0.0297855
0.0297854
0.0297855
0.0297854
0.0297855
0.0297854
0.0297855
0.0297854
0.0297855
0.0297854
0.0297855
0.0297854
0.0297855
0.0297854
0.0297855
0.0297854
0.0297855
0.0297854
0.0297855
0.0297854
0.0297856
0.0297854
0.0297856
0.0297854
0.0297856
0.0297855
0.0297856
0.0297855
0.0297856
0.0297855
0.0297856
0.0297855
0.0297856
0.0297855
0.0297856
0.0297855
0.0297856
0.0297854
0.0297856
0.0297854
0.0297856
0.0297854
0.0297855
0.0297854
0.0297855
0.0297854
0.0297855
0.0297854
0.0297855
0.0297854
0.0297855
0.0297854
0.0297855
0.0297854
0.0297855
0.0297854
0.0297855
0.0297854
0.0297856
0.0297854
0.0297856
0.0297854
0.0297856
0.0297854
0.0297856
0.0297854
0.0297855
0.0297854
0.0297855
0.0297854
0.0297854
0.0297853
0.0297854
0.0297853
0.0297854
0.0297853
0.0297854
0.0297853
0.0297854
0.0297853
0.0297854
0.0297853
0.0297855
0.0297853
0.0297855
0.0297853
0.0297854
0.0297853
0.0297854
0.0297853
0.0297854
0.0297853
0.0297853
0.0297853
0.0297853
0.0297852
0.0297853
0.0297852
0.0297852
0.0297852
0.0297852
0.0297852
0.0297852
0.0297852
0.0297852
0.0297852
0.0297852
0.0297852
0.0297852
0.0297852
0.0297851
0.0297847
0.0313843
0.029744
0.0296825
0.0296782
0.0296777
0.0296776
0.0296776
0.0296776
0.0296776
0.0296776
0.0296776
0.0296776
0.0296776
0.0296776
0.0296776
0.0296776
0.0296776
0.0296776
0.0296776
0.0296776
0.0296776
0.0296776
0.0296776
0.0296777
0.0296777
0.0296777
0.0296777
0.0296777
0.0296777
0.0296777
0.0296777
0.0296777
0.0296777
0.0296778
0.0296777
0.0296778
0.0296777
0.0296778
0.0296777
0.0296778
0.0296777
0.0296777
0.0296777
0.0296777
0.0296776
0.0296777
0.0296776
0.0296776
0.0296776
0.0296776
0.0296776
0.0296776
0.0296776
0.0296777
0.0296777
0.0296777
0.0296777
0.0296778
0.0296777
0.0296778
0.0296777
0.0296779
0.0296777
0.0296779
0.0296777
0.0296778
0.0296777
0.0296778
0.0296777
0.0296778
0.0296777
0.0296778
0.0296777
0.0296778
0.0296777
0.0296778
0.0296777
0.0296779
0.0296777
0.0296779
0.0296777
0.0296779
0.0296777
0.0296779
0.0296777
0.0296779
0.0296777
0.0296779
0.0296777
0.0296779
0.0296777
0.0296779
0.0296777
0.0296778
0.0296777
0.0296778
0.0296777
0.0296778
0.0296777
0.0296778
0.0296777
0.0296778
0.0296777
0.0296779
0.0296777
0.0296779
0.0296777
0.0296779
0.0296777
0.0296779
0.0296777
0.029678
0.0296777
0.029678
0.0296777
0.029678
0.0296778
0.029678
0.0296777
0.029678
0.0296777
0.029678
0.0296777
0.029678
0.0296777
0.029678
0.0296777
0.0296779
0.0296777
0.0296779
0.0296776
0.0296778
0.0296776
0.0296778
0.0296776
0.0296778
0.0296776
0.0296777
0.0296776
0.0296777
0.0296776
0.0296778
0.0296776
0.0296778
0.0296776
0.0296778
0.0296776
0.0296779
0.0296776
0.0296779
0.0296776
0.0296779
0.0296776
0.0296778
0.0296776
0.0296778
0.0296775
0.0296777
0.0296775
0.0296777
0.0296775
0.0296776
0.0296775
0.0296776
0.0296775
0.0296776
0.0296775
0.0296776
0.0296775
0.0296777
0.0296775
0.0296777
0.0296775
0.0296777
0.0296775
0.0296776
0.0296774
0.0296776
0.0296774
0.0296775
0.0296774
0.0296774
0.0296773
0.0296774
0.0296773
0.0296773
0.0296773
0.0296773
0.0296773
0.0296773
0.0296773
0.0296773
0.0296773
0.0296773
0.0296773
0.0296773
0.0296773
0.0296773
0.029677
0.0296762
0.0319651
0.0296878
0.0295411
0.0295283
0.0295268
0.0295265
0.0295265
0.0295265
0.0295265
0.0295265
0.0295265
0.0295265
0.0295265
0.0295265
0.0295265
0.0295265
0.0295265
0.0295265
0.0295265
0.0295265
0.0295265
0.0295265
0.0295265
0.0295265
0.0295266
0.0295265
0.0295266
0.0295265
0.0295266
0.0295266
0.0295266
0.0295266
0.0295267
0.0295266
0.0295267
0.0295266
0.0295267
0.0295266
0.0295267
0.0295266
0.0295267
0.0295266
0.0295266
0.0295265
0.0295266
0.0295265
0.0295265
0.0295265
0.0295265
0.0295265
0.0295265
0.0295265
0.0295265
0.0295265
0.0295266
0.0295265
0.0295267
0.0295266
0.0295268
0.0295266
0.0295268
0.0295266
0.0295268
0.0295266
0.0295268
0.0295266
0.0295268
0.0295266
0.0295267
0.0295266
0.0295267
0.0295266
0.0295267
0.0295266
0.0295267
0.0295266
0.0295268
0.0295266
0.0295268
0.0295266
0.0295269
0.0295266
0.0295269
0.0295266
0.0295269
0.0295266
0.0295269
0.0295266
0.0295268
0.0295266
0.0295268
0.0295265
0.0295268
0.0295265
0.0295267
0.0295265
0.0295267
0.0295265
0.0295267
0.0295265
0.0295267
0.0295265
0.0295267
0.0295265
0.0295268
0.0295265
0.0295268
0.0295265
0.0295268
0.0295265
0.0295269
0.0295265
0.0295269
0.0295265
0.0295269
0.0295265
0.0295269
0.0295265
0.0295269
0.0295265
0.0295269
0.0295265
0.0295269
0.0295265
0.0295269
0.0295264
0.0295268
0.0295264
0.0295267
0.0295264
0.0295267
0.0295263
0.0295266
0.0295263
0.0295265
0.0295262
0.0295265
0.0295262
0.0295265
0.0295262
0.0295265
0.0295262
0.0295265
0.0295262
0.0295266
0.0295262
0.0295266
0.0295263
0.0295266
0.0295263
0.0295266
0.0295262
0.0295266
0.0295262
0.0295265
0.0295261
0.0295264
0.0295261
0.0295263
0.029526
0.0295262
0.029526
0.0295262
0.029526
0.0295262
0.029526
0.0295262
0.029526
0.0295263
0.029526
0.0295263
0.029526
0.0295263
0.029526
0.0295262
0.0295259
0.0295261
0.0295259
0.029526
0.0295258
0.0295259
0.0295258
0.0295258
0.0295257
0.0295258
0.0295257
0.0295257
0.0295257
0.0295257
0.0295257
0.0295257
0.0295257
0.0295257
0.0295257
0.0295257
0.0295257
0.0295257
0.0295256
0.0295251
0.0295232
0.032732
0.0296917
0.0293721
0.0293357
0.0293303
0.0293295
0.0293294
0.0293293
0.0293293
0.0293293
0.0293293
0.0293293
0.0293293
0.0293293
0.0293293
0.0293293
0.0293293
0.0293293
0.0293293
0.0293294
0.0293294
0.0293294
0.0293294
0.0293294
0.0293294
0.0293294
0.0293294
0.0293295
0.0293294
0.0293295
0.0293294
0.0293296
0.0293294
0.0293296
0.0293295
0.0293296
0.0293295
0.0293297
0.0293294
0.0293296
0.0293294
0.0293295
0.0293294
0.0293295
0.0293293
0.0293293
0.0293293
0.0293293
0.0293292
0.0293292
0.0293293
0.0293293
0.0293293
0.0293294
0.0293293
0.0293295
0.0293294
0.0293296
0.0293294
0.0293297
0.0293295
0.0293298
0.0293295
0.0293298
0.0293295
0.0293297
0.0293294
0.0293297
0.0293294
0.0293296
0.0293293
0.0293296
0.0293293
0.0293296
0.0293293
0.0293296
0.0293293
0.0293297
0.0293294
0.0293297
0.0293294
0.0293298
0.0293294
0.0293298
0.0293294
0.0293298
0.0293293
0.0293297
0.0293293
0.0293296
0.0293292
0.0293296
0.0293292
0.0293295
0.0293291
0.0293294
0.0293291
0.0293294
0.0293291
0.0293294
0.0293291
0.0293294
0.0293291
0.0293295
0.0293291
0.0293295
0.0293291
0.0293296
0.0293291
0.0293296
0.0293291
0.0293296
0.0293291
0.0293297
0.0293291
0.0293297
0.0293291
0.0293297
0.029329
0.0293297
0.029329
0.0293296
0.0293289
0.0293295
0.0293289
0.0293295
0.0293288
0.0293293
0.0293287
0.0293292
0.0293286
0.0293291
0.0293286
0.029329
0.0293285
0.0293289
0.0293284
0.0293288
0.0293284
0.0293288
0.0293284
0.0293288
0.0293284
0.0293289
0.0293284
0.029329
0.0293284
0.029329
0.0293284
0.029329
0.0293284
0.0293289
0.0293283
0.0293288
0.0293282
0.0293287
0.0293281
0.0293285
0.029328
0.0293284
0.0293279
0.0293283
0.0293279
0.0293282
0.0293279
0.0293282
0.0293279
0.0293283
0.0293279
0.0293283
0.0293279
0.0293283
0.0293279
0.0293283
0.0293278
0.0293281
0.0293277
0.029328
0.0293276
0.0293278
0.0293275
0.0293276
0.0293274
0.0293275
0.0293274
0.0293274
0.0293273
0.0293274
0.0293273
0.0293274
0.0293273
0.0293274
0.0293273
0.0293274
0.0293273
0.0293274
0.0293273
0.0293272
0.029326
0.0293221
0.0337085
0.0298346
0.0292213
0.0291259
0.0291081
0.0291047
0.0291042
0.029104
0.029104
0.029104
0.029104
0.029104
0.029104
0.029104
0.029104
0.029104
0.029104
0.029104
0.029104
0.029104
0.029104
0.029104
0.0291041
0.029104
0.0291041
0.0291041
0.0291042
0.0291041
0.0291042
0.0291041
0.0291043
0.0291041
0.0291043
0.0291041
0.0291044
0.0291041
0.0291044
0.0291041
0.0291043
0.0291041
0.0291043
0.029104
0.0291041
0.0291039
0.029104
0.0291038
0.0291039
0.0291038
0.0291038
0.0291038
0.0291038
0.0291038
0.0291039
0.0291039
0.0291041
0.0291039
0.0291042
0.029104
0.0291044
0.0291041
0.0291045
0.0291041
0.0291046
0.029104
0.0291045
0.029104
0.0291044
0.0291039
0.0291043
0.0291038
0.0291042
0.0291038
0.0291041
0.0291037
0.0291041
0.0291037
0.0291042
0.0291038
0.0291043
0.0291038
0.0291043
0.0291037
0.0291044
0.0291037
0.0291043
0.0291036
0.0291042
0.0291036
0.0291041
0.0291035
0.029104
0.0291034
0.0291039
0.0291033
0.0291038
0.0291032
0.0291037
0.0291032
0.0291037
0.0291031
0.0291037
0.0291031
0.0291037
0.0291031
0.0291037
0.0291031
0.0291038
0.029103
0.0291038
0.029103
0.0291038
0.029103
0.0291038
0.0291029
0.0291038
0.0291029
0.0291038
0.0291028
0.0291037
0.0291027
0.0291037
0.0291026
0.0291036
0.0291025
0.0291034
0.0291024
0.0291032
0.0291022
0.029103
0.0291021
0.0291028
0.0291019
0.0291026
0.0291018
0.0291024
0.0291017
0.0291022
0.0291016
0.0291022
0.0291015
0.0291022
0.0291015
0.0291022
0.0291015
0.0291023
0.0291015
0.0291023
0.0291014
0.0291023
0.0291014
0.0291022
0.0291013
0.0291021
0.0291011
0.0291018
0.029101
0.0291016
0.0291008
0.0291013
0.0291006
0.0291011
0.0291005
0.029101
0.0291005
0.029101
0.0291004
0.029101
0.0291004
0.029101
0.0291004
0.029101
0.0291003
0.029101
0.0291003
0.0291008
0.0291001
0.0291006
0.0291
0.0291003
0.0290998
0.0291001
0.0290997
0.0290998
0.0290996
0.0290997
0.0290995
0.0290996
0.0290994
0.0290995
0.0290994
0.0290995
0.0290994
0.0290996
0.0290994
0.0290995
0.0290994
0.0290994
0.0290992
0.0290969
0.0290893
0.0349116
0.030197
0.0291951
0.0289752
0.0289228
0.0289099
0.0289074
0.0289068
0.0289067
0.0289067
0.0289067
0.0289067
0.0289067
0.0289067
0.0289067
0.0289067
0.0289067
0.0289067
0.0289067
0.0289067
0.0289067
0.0289068
0.0289067
0.0289068
0.0289067
0.0289069
0.0289068
0.028907
0.0289068
0.028907
0.0289068
0.0289071
0.0289068
0.0289071
0.0289068
0.0289072
0.0289068
0.0289071
0.0289067
0.028907
0.0289066
0.0289069
0.0289065
0.0289067
0.0289064
0.0289065
0.0289063
0.0289063
0.0289063
0.0289063
0.0289063
0.0289064
0.0289063
0.0289065
0.0289064
0.0289067
0.0289065
0.028907
0.0289065
0.0289071
0.0289065
0.0289072
0.0289065
0.0289072
0.0289064
0.028907
0.0289063
0.0289068
0.0289061
0.0289067
0.028906
0.0289065
0.0289059
0.0289065
0.0289059
0.0289065
0.0289059
0.0289066
0.0289058
0.0289066
0.0289058
0.0289067
0.0289057
0.0289066
0.0289056
0.0289065
0.0289055
0.0289063
0.0289053
0.0289061
0.0289051
0.0289059
0.028905
0.0289057
0.0289048
0.0289055
0.0289047
0.0289054
0.0289046
0.0289053
0.0289045
0.0289053
0.0289044
0.0289053
0.0289044
0.0289053
0.0289043
0.0289053
0.0289042
0.0289053
0.0289041
0.0289053
0.028904
0.0289053
0.0289039
0.0289052
0.0289037
0.0289051
0.0289035
0.0289049
0.0289034
0.0289047
0.0289031
0.0289044
0.0289029
0.0289041
0.0289026
0.0289038
0.0289024
0.0289034
0.0289021
0.0289031
0.0289018
0.0289027
0.0289016
0.0289024
0.0289014
0.0289023
0.0289013
0.0289021
0.0289012
0.0289021
0.0289011
0.0289022
0.028901
0.0289022
0.0289009
0.0289022
0.0289008
0.0289021
0.0289006
0.0289018
0.0289004
0.0289015
0.0289001
0.0289011
0.0288998
0.0289007
0.0288996
0.0289003
0.0288994
0.0289001
0.0288992
0.0288999
0.0288991
0.0288999
0.028899
0.0288999
0.0288989
0.0288999
0.0288989
0.0288998
0.0288987
0.0288996
0.0288985
0.0288993
0.0288983
0.0288989
0.028898
0.0288985
0.0288978
0.0288981
0.0288976
0.0288978
0.0288975
0.0288976
0.0288974
0.0288975
0.0288973
0.0288975
0.0288973
0.0288975
0.0288973
0.0288975
0.0288973
0.0288974
0.0288973
0.0288972
0.0288926
0.0288799
0.0363676
0.0308095
0.0294358
0.0290121
0.0288818
0.0288404
0.0288294
0.0288272
0.0288267
0.0288266
0.0288266
0.0288266
0.0288266
0.0288266
0.0288266
0.0288266
0.0288266
0.0288266
0.0288266
0.0288266
0.0288266
0.0288266
0.0288267
0.0288266
0.0288267
0.0288266
0.0288268
0.0288266
0.0288269
0.0288266
0.028827
0.0288266
0.028827
0.0288266
0.028827
0.0288265
0.028827
0.0288265
0.0288269
0.0288264
0.0288267
0.0288262
0.0288265
0.0288261
0.0288262
0.0288259
0.028826
0.0288258
0.0288259
0.0288258
0.0288259
0.0288259
0.028826
0.0288259
0.0288262
0.0288259
0.0288265
0.028826
0.0288267
0.028826
0.0288268
0.0288259
0.0288268
0.0288258
0.0288266
0.0288256
0.0288264
0.0288254
0.0288261
0.0288252
0.0288259
0.0288251
0.0288257
0.0288249
0.0288257
0.0288248
0.0288257
0.0288247
0.0288257
0.0288246
0.0288257
0.0288245
0.0288256
0.0288243
0.0288254
0.0288241
0.0288252
0.0288238
0.0288249
0.0288236
0.0288245
0.0288233
0.0288242
0.028823
0.0288239
0.0288228
0.0288237
0.0288226
0.0288235
0.0288224
0.0288234
0.0288223
0.0288233
0.0288221
0.0288233
0.0288219
0.0288232
0.0288218
0.0288231
0.0288216
0.0288231
0.0288213
0.0288229
0.0288211
0.0288227
0.0288208
0.0288225
0.0288205
0.0288222
0.0288202
0.0288219
0.0288198
0.0288215
0.0288194
0.0288211
0.028819
0.0288206
0.0288186
0.02882
0.0288182
0.0288195
0.0288178
0.028819
0.0288174
0.0288185
0.028817
0.0288181
0.0288168
0.0288179
0.0288165
0.0288177
0.0288163
0.0288177
0.0288162
0.0288176
0.028816
0.0288176
0.0288158
0.0288174
0.0288155
0.0288171
0.0288151
0.0288166
0.0288147
0.0288161
0.0288143
0.0288155
0.0288139
0.0288149
0.0288135
0.0288144
0.0288132
0.0288141
0.028813
0.0288139
0.0288128
0.0288139
0.0288127
0.0288138
0.0288125
0.0288137
0.0288123
0.0288134
0.028812
0.0288131
0.0288117
0.0288126
0.0288113
0.028812
0.028811
0.0288115
0.0288107
0.028811
0.0288105
0.0288107
0.0288103
0.0288105
0.0288102
0.0288104
0.0288102
0.0288104
0.0288101
0.0288103
0.0288101
0.0288103
0.0288101
0.0288105
0.0288105
0.0288028
0.0287851
0.0381523
0.031655
0.0299899
0.0293182
0.0290477
0.0289459
0.028908
0.0288989
0.0288971
0.0288966
0.0288965
0.0288965
0.0288964
0.0288965
0.0288965
0.0288965
0.0288965
0.0288965
0.0288965
0.0288965
0.0288965
0.0288965
0.0288965
0.0288966
0.0288965
0.0288967
0.0288965
0.0288967
0.0288965
0.0288968
0.0288964
0.0288968
0.0288964
0.0288969
0.0288963
0.0288968
0.0288962
0.0288966
0.0288961
0.0288966
0.0288959
0.0288963
0.0288958
0.0288959
0.0288956
0.0288957
0.0288955
0.0288955
0.0288955
0.0288956
0.0288955
0.0288956
0.0288955
0.0288957
0.0288954
0.0288959
0.0288955
0.0288961
0.0288954
0.0288962
0.0288953
0.0288962
0.0288952
0.0288961
0.028895
0.0288958
0.0288947
0.0288955
0.0288945
0.0288951
0.0288942
0.028895
0.028894
0.0288948
0.0288938
0.0288947
0.0288937
0.0288947
0.0288935
0.0288946
0.0288933
0.0288945
0.028893
0.0288942
0.0288927
0.0288939
0.0288924
0.0288936
0.0288921
0.0288932
0.0288917
0.0288927
0.0288914
0.0288924
0.0288911
0.028892
0.0288908
0.0288917
0.0288905
0.0288915
0.0288902
0.0288913
0.02889
0.0288912
0.0288897
0.0288911
0.0288895
0.0288909
0.0288892
0.0288907
0.0288888
0.0288905
0.0288885
0.0288902
0.0288881
0.0288899
0.0288876
0.0288895
0.0288872
0.028889
0.0288867
0.0288885
0.0288862
0.028888
0.0288856
0.0288874
0.0288851
0.0288867
0.0288846
0.028886
0.028884
0.0288854
0.0288835
0.0288848
0.0288831
0.0288842
0.0288827
0.0288838
0.0288823
0.0288835
0.028882
0.0288833
0.0288817
0.0288832
0.0288814
0.028883
0.0288811
0.0288828
0.0288807
0.0288824
0.0288803
0.0288819
0.0288798
0.0288813
0.0288792
0.0288806
0.0288787
0.0288799
0.0288782
0.0288793
0.0288778
0.0288788
0.0288775
0.0288785
0.0288772
0.0288783
0.0288769
0.0288781
0.0288767
0.0288779
0.0288764
0.0288777
0.0288761
0.0288772
0.0288757
0.0288767
0.0288753
0.0288761
0.0288749
0.0288755
0.0288745
0.0288749
0.0288742
0.0288745
0.028874
0.0288742
0.0288739
0.028874
0.0288738
0.028874
0.0288737
0.0288739
0.0288736
0.0288739
0.0288736
0.028874
0.0288744
0.0288758
0.0288648
0.0288457
0.0404359
0.0327603
0.0307213
0.0297544
0.029271
0.029067
0.0289781
0.0289465
0.0289412
0.0289398
0.0289395
0.0289394
0.0289394
0.0289394
0.0289394
0.0289394
0.0289394
0.0289394
0.0289395
0.0289394
0.0289395
0.0289394
0.0289395
0.0289394
0.0289395
0.0289394
0.0289395
0.0289393
0.0289396
0.0289393
0.0289396
0.0289392
0.0289396
0.0289392
0.0289396
0.0289391
0.0289395
0.028939
0.0289394
0.0289388
0.0289391
0.0289387
0.0289389
0.0289385
0.0289387
0.0289384
0.0289385
0.0289384
0.0289385
0.0289384
0.0289385
0.0289384
0.0289386
0.0289383
0.0289386
0.0289383
0.0289388
0.0289382
0.0289388
0.0289381
0.0289389
0.028938
0.0289387
0.0289378
0.0289385
0.0289375
0.0289382
0.0289373
0.0289379
0.0289371
0.0289377
0.0289368
0.0289375
0.0289366
0.0289373
0.0289364
0.0289372
0.0289362
0.0289371
0.028936
0.028937
0.0289357
0.0289368
0.0289355
0.0289365
0.0289351
0.0289362
0.0289348
0.0289358
0.0289345
0.0289354
0.0289341
0.028935
0.0289338
0.0289346
0.0289335
0.0289343
0.0289332
0.0289341
0.028933
0.0289339
0.0289327
0.0289337
0.0289324
0.0289335
0.0289321
0.0289333
0.0289318
0.0289331
0.0289314
0.0289328
0.0289311
0.0289325
0.0289307
0.0289322
0.0289302
0.0289318
0.0289297
0.0289313
0.0289293
0.0289309
0.0289287
0.0289303
0.0289282
0.0289297
0.0289277
0.0289291
0.0289272
0.0289285
0.0289266
0.0289279
0.0289262
0.0289273
0.0289257
0.0289267
0.0289253
0.0289263
0.0289249
0.0289259
0.0289246
0.0289257
0.0289243
0.0289255
0.0289239
0.0289252
0.0289236
0.028925
0.0289232
0.0289246
0.0289227
0.0289242
0.0289223
0.0289236
0.0289218
0.028923
0.0289213
0.0289224
0.0289208
0.0289218
0.0289204
0.0289213
0.02892
0.0289209
0.0289197
0.0289206
0.0289194
0.0289204
0.0289191
0.0289202
0.0289188
0.0289199
0.0289185
0.0289196
0.0289181
0.0289191
0.0289178
0.0289186
0.0289174
0.028918
0.0289171
0.0289175
0.0289168
0.0289171
0.0289166
0.0289168
0.0289164
0.0289166
0.0289163
0.0289165
0.0289162
0.0289164
0.0289162
0.0289164
0.0289161
0.0289163
0.0289165
0.028918
0.0289214
0.0289105
0.0288929
0.0434601
0.0342823
0.0315098
0.0300742
0.0292597
0.0288822
0.028726
0.0286504
0.0286392
0.0286366
0.0286359
0.0286357
0.0286357
0.0286357
0.0286356
0.0286356
0.0286356
0.0286357
0.0286356
0.0286357
0.0286357
0.0286357
0.0286356
0.0286357
0.0286356
0.0286358
0.0286356
0.0286358
0.0286356
0.0286358
0.0286355
0.0286358
0.0286355
0.0286358
0.0286354
0.0286357
0.0286353
0.0286357
0.0286353
0.0286355
0.0286351
0.0286353
0.028635
0.0286352
0.028635
0.028635
0.0286349
0.028635
0.0286349
0.028635
0.028635
0.028635
0.0286349
0.028635
0.0286348
0.0286351
0.0286348
0.0286352
0.0286347
0.0286352
0.0286346
0.0286351
0.0286344
0.028635
0.0286343
0.0286348
0.0286341
0.0286346
0.0286339
0.0286344
0.0286338
0.0286342
0.0286336
0.0286341
0.0286335
0.028634
0.0286333
0.0286339
0.0286331
0.0286339
0.0286329
0.0286337
0.0286327
0.0286335
0.0286325
0.0286333
0.0286323
0.028633
0.028632
0.0286327
0.0286318
0.0286325
0.0286315
0.0286322
0.0286313
0.0286319
0.0286311
0.0286317
0.0286309
0.0286315
0.0286306
0.0286314
0.0286304
0.0286312
0.0286302
0.0286311
0.02863
0.0286309
0.0286297
0.0286307
0.0286294
0.0286305
0.0286291
0.0286303
0.0286288
0.02863
0.0286285
0.0286297
0.0286281
0.0286293
0.0286277
0.0286289
0.0286273
0.0286285
0.0286269
0.0286281
0.0286266
0.0286276
0.0286262
0.0286272
0.0286258
0.0286267
0.0286255
0.0286263
0.0286252
0.0286259
0.0286249
0.0286256
0.0286246
0.0286254
0.0286243
0.0286252
0.0286241
0.028625
0.0286238
0.0286249
0.0286235
0.0286246
0.0286232
0.0286243
0.0286228
0.0286239
0.0286225
0.0286235
0.0286221
0.028623
0.0286218
0.0286226
0.0286215
0.0286222
0.0286212
0.0286218
0.0286209
0.0286216
0.0286207
0.0286214
0.0286205
0.0286212
0.0286202
0.0286211
0.02862
0.0286208
0.0286197
0.0286205
0.0286195
0.0286202
0.0286192
0.0286198
0.028619
0.0286194
0.0286188
0.028619
0.0286186
0.0286188
0.0286185
0.0286186
0.0286184
0.0286185
0.0286183
0.0286184
0.0286182
0.0286184
0.0286182
0.0286183
0.0286182
0.0286189
0.0286209
0.0286276
0.0286222
0.0286024
0.047432
0.0364922
0.0324115
0.0302238
0.0289216
0.0282617
0.0280216
0.0278918
0.0278755
0.0278721
0.0278712
0.0278709
0.0278709
0.0278709
0.0278709
0.0278709
0.0278709
0.0278709
0.0278709
0.0278709
0.0278709
0.0278709
0.0278709
0.0278709
0.0278709
0.0278709
0.027871
0.0278709
0.027871
0.0278708
0.027871
0.0278708
0.027871
0.0278708
0.027871
0.0278708
0.027871
0.0278707
0.0278709
0.0278706
0.0278708
0.0278706
0.0278707
0.0278705
0.0278706
0.0278704
0.0278705
0.0278704
0.0278705
0.0278704
0.0278705
0.0278704
0.0278705
0.0278704
0.0278706
0.0278704
0.0278706
0.0278703
0.0278707
0.0278703
0.0278707
0.0278702
0.0278707
0.0278702
0.0278706
0.0278701
0.0278704
0.02787
0.0278703
0.0278698
0.0278702
0.0278697
0.0278701
0.0278696
0.02787
0.0278695
0.02787
0.0278695
0.0278699
0.0278694
0.0278699
0.0278692
0.0278698
0.0278691
0.0278697
0.027869
0.0278695
0.0278688
0.0278694
0.0278687
0.0278692
0.0278685
0.027869
0.0278684
0.0278688
0.0278682
0.0278687
0.0278681
0.0278685
0.0278679
0.0278684
0.0278678
0.0278684
0.0278677
0.0278683
0.0278676
0.0278682
0.0278674
0.0278681
0.0278673
0.027868
0.0278671
0.0278679
0.0278669
0.0278677
0.0278667
0.0278676
0.0278665
0.0278674
0.0278663
0.0278671
0.027866
0.0278669
0.0278658
0.0278666
0.0278655
0.0278663
0.0278653
0.027866
0.0278651
0.0278657
0.0278648
0.0278654
0.0278646
0.0278652
0.0278644
0.0278649
0.0278642
0.0278648
0.0278641
0.0278647
0.0278639
0.0278646
0.0278637
0.0278645
0.0278636
0.0278644
0.0278634
0.0278642
0.0278632
0.027864
0.027863
0.0278637
0.0278628
0.0278634
0.0278625
0.0278631
0.0278623
0.0278628
0.0278621
0.0278626
0.0278619
0.0278624
0.0278618
0.0278623
0.0278616
0.0278622
0.0278615
0.0278621
0.0278614
0.0278619
0.0278612
0.0278618
0.027861
0.0278616
0.0278609
0.0278613
0.0278607
0.027861
0.0278605
0.0278608
0.0278604
0.0278606
0.0278603
0.0278604
0.0278602
0.0278603
0.0278601
0.0278602
0.0278601
0.0278602
0.02786
0.0278602
0.02786
0.0278602
0.0278607
0.0278632
0.0278714
0.0278712
0.0278379
0.0519268
0.039453
0.0334548
0.030324
0.0284876
0.0274736
0.0271343
0.0269668
0.0269534
0.0269516
0.0269512
0.0269511
0.026951
0.026951
0.026951
0.026951
0.026951
0.026951
0.026951
0.026951
0.026951
0.0269511
0.026951
0.0269511
0.026951
0.0269511
0.026951
0.0269511
0.026951
0.0269512
0.026951
0.0269512
0.026951
0.0269512
0.026951
0.0269512
0.026951
0.0269512
0.026951
0.0269511
0.0269509
0.026951
0.0269509
0.0269509
0.0269508
0.0269508
0.0269508
0.0269508
0.0269507
0.0269508
0.0269507
0.0269508
0.0269507
0.0269508
0.0269507
0.0269509
0.0269508
0.026951
0.0269508
0.0269511
0.0269508
0.0269511
0.0269507
0.026951
0.0269507
0.026951
0.0269506
0.0269509
0.0269505
0.0269508
0.0269505
0.0269507
0.0269504
0.0269507
0.0269503
0.0269506
0.0269503
0.0269506
0.0269502
0.0269506
0.0269502
0.0269506
0.0269501
0.0269506
0.0269501
0.0269505
0.02695
0.0269504
0.0269499
0.0269503
0.0269498
0.0269501
0.0269497
0.02695
0.0269496
0.0269499
0.0269495
0.0269498
0.0269494
0.0269498
0.0269493
0.0269497
0.0269493
0.0269497
0.0269492
0.0269497
0.0269491
0.0269496
0.026949
0.0269496
0.026949
0.0269496
0.0269489
0.0269495
0.0269488
0.0269494
0.0269487
0.0269493
0.0269485
0.0269492
0.0269484
0.026949
0.0269482
0.0269489
0.0269481
0.0269487
0.0269479
0.0269485
0.0269478
0.0269483
0.0269476
0.0269481
0.0269475
0.0269479
0.0269473
0.0269477
0.0269472
0.0269476
0.0269471
0.0269475
0.026947
0.0269475
0.0269469
0.0269474
0.0269468
0.0269474
0.0269467
0.0269473
0.0269466
0.0269473
0.0269465
0.0269471
0.0269464
0.0269469
0.0269462
0.0269467
0.0269461
0.0269465
0.0269459
0.0269463
0.0269458
0.0269461
0.0269457
0.026946
0.0269456
0.0269459
0.0269455
0.0269459
0.0269454
0.0269459
0.0269453
0.0269458
0.0269453
0.0269457
0.0269451
0.0269455
0.026945
0.0269453
0.0269449
0.0269451
0.0269448
0.0269449
0.0269447
0.0269448
0.0269446
0.0269446
0.0269445
0.0269446
0.0269445
0.0269446
0.0269445
0.0269445
0.0269444
0.0269445
0.0269445
0.0269449
0.026946
0.0269504
0.0269391
0.0268808
0.0519268
0.039453
0.0334548
0.030324
0.0284876
0.0274736
0.0271344
0.0269668
0.0269534
0.0269516
0.0269512
0.0269511
0.026951
0.026951
0.026951
0.026951
0.026951
0.026951
0.026951
0.026951
0.026951
0.026951
0.0269511
0.026951
0.0269511
0.026951
0.0269511
0.026951
0.0269511
0.026951
0.0269512
0.026951
0.0269512
0.026951
0.0269512
0.026951
0.0269512
0.026951
0.0269511
0.0269509
0.0269511
0.0269509
0.026951
0.0269508
0.0269509
0.0269508
0.0269508
0.0269507
0.0269508
0.0269507
0.0269508
0.0269507
0.0269508
0.0269507
0.0269509
0.0269507
0.026951
0.0269508
0.026951
0.0269508
0.0269511
0.0269507
0.0269511
0.0269507
0.026951
0.0269506
0.0269509
0.0269506
0.0269508
0.0269505
0.0269507
0.0269504
0.0269507
0.0269504
0.0269507
0.0269503
0.0269506
0.0269503
0.0269506
0.0269502
0.0269506
0.0269502
0.0269506
0.0269501
0.0269505
0.02695
0.0269504
0.0269499
0.0269503
0.0269498
0.0269502
0.0269497
0.0269501
0.0269496
0.02695
0.0269495
0.0269499
0.0269494
0.0269498
0.0269494
0.0269497
0.0269493
0.0269497
0.0269492
0.0269497
0.0269492
0.0269496
0.0269491
0.0269496
0.026949
0.0269496
0.0269489
0.0269495
0.0269488
0.0269495
0.0269487
0.0269494
0.0269486
0.0269493
0.0269485
0.0269491
0.0269483
0.026949
0.0269482
0.0269488
0.026948
0.0269486
0.0269479
0.0269484
0.0269477
0.0269482
0.0269475
0.026948
0.0269474
0.0269478
0.0269472
0.0269477
0.0269471
0.0269475
0.026947
0.0269475
0.0269469
0.0269474
0.0269469
0.0269474
0.0269468
0.0269474
0.0269467
0.0269473
0.0269466
0.0269472
0.0269464
0.026947
0.0269463
0.0269468
0.0269461
0.0269466
0.026946
0.0269464
0.0269458
0.0269462
0.0269457
0.0269461
0.0269456
0.026946
0.0269455
0.0269459
0.0269455
0.0269459
0.0269454
0.0269458
0.0269453
0.0269457
0.0269452
0.0269456
0.0269451
0.0269454
0.026945
0.0269452
0.0269448
0.026945
0.0269447
0.0269448
0.0269446
0.0269447
0.0269446
0.0269446
0.0269445
0.0269446
0.0269445
0.0269445
0.0269445
0.0269445
0.0269444
0.0269446
0.0269448
0.026946
0.0269504
0.0269391
0.0268808
0.047432
0.0364921
0.0324115
0.0302238
0.0289216
0.0282617
0.0280216
0.0278918
0.0278755
0.027872
0.0278712
0.0278709
0.0278709
0.0278709
0.0278709
0.0278709
0.0278709
0.0278709
0.0278709
0.0278709
0.0278709
0.0278709
0.0278709
0.0278709
0.0278709
0.027871
0.0278709
0.027871
0.0278708
0.027871
0.0278708
0.027871
0.0278708
0.027871
0.0278708
0.027871
0.0278707
0.0278709
0.0278707
0.0278709
0.0278706
0.0278708
0.0278705
0.0278706
0.0278705
0.0278705
0.0278704
0.0278705
0.0278704
0.0278705
0.0278705
0.0278705
0.0278704
0.0278705
0.0278704
0.0278706
0.0278704
0.0278707
0.0278703
0.0278707
0.0278703
0.0278707
0.0278702
0.0278706
0.0278701
0.0278705
0.02787
0.0278704
0.0278699
0.0278702
0.0278698
0.0278701
0.0278697
0.02787
0.0278696
0.02787
0.0278695
0.02787
0.0278694
0.0278699
0.0278693
0.0278699
0.0278692
0.0278698
0.027869
0.0278696
0.0278689
0.0278694
0.0278687
0.0278693
0.0278686
0.0278691
0.0278684
0.0278689
0.0278683
0.0278687
0.0278681
0.0278686
0.027868
0.0278685
0.0278679
0.0278684
0.0278677
0.0278683
0.0278676
0.0278682
0.0278675
0.0278682
0.0278673
0.0278681
0.0278672
0.0278679
0.027867
0.0278678
0.0278668
0.0278677
0.0278666
0.0278675
0.0278664
0.0278673
0.0278662
0.027867
0.0278659
0.0278668
0.0278657
0.0278665
0.0278654
0.0278662
0.0278652
0.0278659
0.0278649
0.0278656
0.0278647
0.0278653
0.0278645
0.0278651
0.0278643
0.0278649
0.0278641
0.0278647
0.027864
0.0278646
0.0278638
0.0278645
0.0278637
0.0278644
0.0278635
0.0278643
0.0278633
0.0278641
0.0278631
0.0278639
0.0278629
0.0278636
0.0278626
0.0278633
0.0278624
0.027863
0.0278622
0.0278627
0.027862
0.0278625
0.0278618
0.0278623
0.0278617
0.0278622
0.0278616
0.0278621
0.0278614
0.027862
0.0278613
0.0278619
0.0278611
0.0278617
0.027861
0.0278615
0.0278608
0.0278612
0.0278606
0.0278609
0.0278605
0.0278607
0.0278603
0.0278605
0.0278602
0.0278603
0.0278602
0.0278602
0.0278601
0.0278602
0.0278601
0.0278602
0.02786
0.0278601
0.0278601
0.0278608
0.0278631
0.0278715
0.0278712
0.0278379
0.0434602
0.0342822
0.0315098
0.0300742
0.0292597
0.0288822
0.028726
0.0286504
0.0286392
0.0286366
0.0286359
0.0286357
0.0286357
0.0286356
0.0286357
0.0286356
0.0286356
0.0286356
0.0286357
0.0286357
0.0286357
0.0286356
0.0286357
0.0286356
0.0286358
0.0286356
0.0286358
0.0286356
0.0286358
0.0286356
0.0286358
0.0286355
0.0286358
0.0286355
0.0286357
0.0286354
0.0286357
0.0286353
0.0286356
0.0286352
0.0286354
0.0286351
0.0286353
0.028635
0.0286351
0.0286349
0.028635
0.0286349
0.028635
0.028635
0.028635
0.0286349
0.0286351
0.0286349
0.0286351
0.0286348
0.0286352
0.0286347
0.0286352
0.0286346
0.0286352
0.0286345
0.0286351
0.0286344
0.0286349
0.0286342
0.0286347
0.028634
0.0286345
0.0286339
0.0286343
0.0286337
0.0286342
0.0286335
0.0286341
0.0286334
0.028634
0.0286332
0.0286339
0.028633
0.0286338
0.0286328
0.0286336
0.0286326
0.0286334
0.0286324
0.0286332
0.0286321
0.0286329
0.0286319
0.0286326
0.0286316
0.0286323
0.0286314
0.028632
0.0286312
0.0286318
0.028631
0.0286316
0.0286308
0.0286314
0.0286305
0.0286313
0.0286303
0.0286311
0.0286301
0.028631
0.0286298
0.0286308
0.0286296
0.0286306
0.0286293
0.0286304
0.028629
0.0286301
0.0286286
0.0286298
0.0286283
0.0286295
0.0286279
0.0286291
0.0286275
0.0286287
0.0286271
0.0286283
0.0286268
0.0286279
0.0286264
0.0286274
0.028626
0.0286269
0.0286256
0.0286265
0.0286253
0.0286261
0.028625
0.0286258
0.0286247
0.0286255
0.0286245
0.0286253
0.0286242
0.0286251
0.0286239
0.0286249
0.0286237
0.0286247
0.0286233
0.0286245
0.028623
0.0286241
0.0286227
0.0286237
0.0286223
0.0286233
0.028622
0.0286228
0.0286216
0.0286224
0.0286213
0.028622
0.0286211
0.0286217
0.0286208
0.0286215
0.0286206
0.0286213
0.0286204
0.0286212
0.0286201
0.0286209
0.0286199
0.0286207
0.0286196
0.0286204
0.0286193
0.02862
0.0286191
0.0286196
0.0286189
0.0286192
0.0286187
0.0286189
0.0286185
0.0286187
0.0286184
0.0286185
0.0286183
0.0286184
0.0286183
0.0286184
0.0286182
0.0286183
0.0286181
0.0286183
0.0286188
0.028621
0.0286275
0.0286222
0.0286023
0.0404359
0.0327603
0.0307213
0.0297544
0.029271
0.029067
0.0289781
0.0289465
0.0289412
0.0289398
0.0289395
0.0289394
0.0289394
0.0289394
0.0289394
0.0289394
0.0289394
0.0289394
0.0289394
0.0289395
0.0289394
0.0289395
0.0289394
0.0289395
0.0289394
0.0289395
0.0289394
0.0289396
0.0289393
0.0289396
0.0289393
0.0289396
0.0289392
0.0289396
0.0289391
0.0289395
0.028939
0.0289395
0.0289389
0.0289392
0.0289387
0.028939
0.0289386
0.0289388
0.0289385
0.0289386
0.0289384
0.0289385
0.0289384
0.0289385
0.0289384
0.0289385
0.0289384
0.0289386
0.0289383
0.0289387
0.0289383
0.0289388
0.0289382
0.0289389
0.028938
0.0289388
0.0289379
0.0289386
0.0289376
0.0289384
0.0289374
0.0289381
0.0289372
0.0289378
0.028937
0.0289376
0.0289367
0.0289374
0.0289365
0.0289373
0.0289363
0.0289372
0.0289361
0.0289371
0.0289359
0.0289369
0.0289356
0.0289367
0.0289353
0.0289363
0.028935
0.028936
0.0289346
0.0289356
0.0289343
0.0289352
0.028934
0.0289348
0.0289337
0.0289345
0.0289334
0.0289342
0.0289331
0.028934
0.0289328
0.0289338
0.0289325
0.0289336
0.0289322
0.0289334
0.0289319
0.0289332
0.0289316
0.0289329
0.0289313
0.0289327
0.0289309
0.0289323
0.0289304
0.028932
0.02893
0.0289316
0.0289295
0.0289311
0.028929
0.0289306
0.0289285
0.02893
0.028928
0.0289294
0.0289274
0.0289288
0.0289269
0.0289282
0.0289264
0.0289276
0.0289259
0.028927
0.0289255
0.0289265
0.0289251
0.0289261
0.0289248
0.0289258
0.0289244
0.0289256
0.0289241
0.0289254
0.0289237
0.0289251
0.0289234
0.0289248
0.0289229
0.0289244
0.0289225
0.0289239
0.028922
0.0289233
0.0289215
0.0289227
0.028921
0.0289221
0.0289206
0.0289215
0.0289202
0.0289211
0.0289199
0.0289207
0.0289196
0.0289205
0.0289193
0.0289203
0.028919
0.0289201
0.0289187
0.0289198
0.0289183
0.0289194
0.028918
0.0289189
0.0289176
0.0289183
0.0289172
0.0289178
0.0289169
0.0289173
0.0289167
0.0289169
0.0289165
0.0289167
0.0289164
0.0289165
0.0289163
0.0289164
0.0289162
0.0289164
0.0289161
0.0289163
0.0289161
0.0289167
0.0289179
0.0289215
0.0289104
0.0288929
0.0381523
0.031655
0.0299899
0.0293181
0.0290477
0.0289459
0.0289079
0.0288989
0.0288971
0.0288966
0.0288965
0.0288965
0.0288965
0.0288965
0.0288965
0.0288964
0.0288965
0.0288965
0.0288965
0.0288965
0.0288965
0.0288965
0.0288966
0.0288965
0.0288966
0.0288965
0.0288967
0.0288965
0.0288968
0.0288964
0.0288968
0.0288964
0.0288968
0.0288963
0.0288969
0.0288963
0.0288967
0.0288961
0.0288966
0.028896
0.0288964
0.0288959
0.0288961
0.0288957
0.0288958
0.0288955
0.0288956
0.0288955
0.0288955
0.0288955
0.0288956
0.0288955
0.0288957
0.0288955
0.0288958
0.0288955
0.028896
0.0288954
0.0288962
0.0288954
0.0288962
0.0288953
0.0288962
0.0288951
0.0288959
0.0288948
0.0288956
0.0288946
0.0288953
0.0288943
0.028895
0.0288941
0.0288948
0.0288939
0.0288947
0.0288937
0.0288947
0.0288936
0.0288946
0.0288934
0.0288945
0.0288932
0.0288944
0.0288929
0.0288941
0.0288926
0.0288937
0.0288922
0.0288934
0.0288919
0.028893
0.0288915
0.0288925
0.0288912
0.0288922
0.0288909
0.0288919
0.0288906
0.0288916
0.0288904
0.0288914
0.0288901
0.0288912
0.0288899
0.0288911
0.0288896
0.028891
0.0288893
0.0288908
0.028889
0.0288906
0.0288887
0.0288903
0.0288883
0.02889
0.0288879
0.0288897
0.0288874
0.0288893
0.0288869
0.0288888
0.0288864
0.0288882
0.0288859
0.0288877
0.0288854
0.028887
0.0288848
0.0288864
0.0288843
0.0288857
0.0288838
0.0288851
0.0288833
0.0288845
0.0288829
0.028884
0.0288825
0.0288837
0.0288822
0.0288834
0.0288819
0.0288833
0.0288816
0.0288831
0.0288813
0.0288829
0.0288809
0.0288826
0.0288805
0.0288822
0.02888
0.0288816
0.0288795
0.0288809
0.028879
0.0288802
0.0288785
0.0288796
0.028878
0.028879
0.0288777
0.0288786
0.0288773
0.0288784
0.0288771
0.0288782
0.0288768
0.028878
0.0288765
0.0288778
0.0288762
0.0288775
0.0288759
0.028877
0.0288755
0.0288764
0.0288751
0.0288758
0.0288747
0.0288752
0.0288744
0.0288747
0.0288741
0.0288743
0.0288739
0.0288741
0.0288738
0.028874
0.0288737
0.0288739
0.0288737
0.0288739
0.0288736
0.0288738
0.0288737
0.0288746
0.0288757
0.0288648
0.0288457
0.0363676
0.0308095
0.0294358
0.0290121
0.0288818
0.0288404
0.0288294
0.0288272
0.0288267
0.0288266
0.0288266
0.0288266
0.0288266
0.0288266
0.0288266
0.0288266
0.0288266
0.0288266
0.0288266
0.0288266
0.0288266
0.0288266
0.0288266
0.0288267
0.0288266
0.0288268
0.0288266
0.0288269
0.0288266
0.028827
0.0288266
0.028827
0.0288266
0.028827
0.0288266
0.028827
0.0288265
0.028827
0.0288264
0.0288268
0.0288263
0.0288266
0.0288261
0.0288264
0.028826
0.0288261
0.0288259
0.0288259
0.0288258
0.0288259
0.0288259
0.028826
0.0288259
0.0288261
0.0288259
0.0288264
0.028826
0.0288266
0.028826
0.0288268
0.028826
0.0288268
0.0288259
0.0288267
0.0288257
0.0288265
0.0288255
0.0288262
0.0288253
0.028826
0.0288251
0.0288258
0.028825
0.0288257
0.0288249
0.0288257
0.0288248
0.0288257
0.0288247
0.0288257
0.0288246
0.0288257
0.0288244
0.0288255
0.0288242
0.0288253
0.028824
0.028825
0.0288237
0.0288247
0.0288234
0.0288244
0.0288232
0.0288241
0.0288229
0.0288238
0.0288227
0.0288236
0.0288225
0.0288235
0.0288223
0.0288234
0.0288222
0.0288233
0.028822
0.0288232
0.0288218
0.0288232
0.0288217
0.0288231
0.0288215
0.028823
0.0288212
0.0288228
0.028821
0.0288226
0.0288207
0.0288224
0.0288203
0.0288221
0.02882
0.0288217
0.0288196
0.0288213
0.0288192
0.0288208
0.0288188
0.0288203
0.0288184
0.0288198
0.028818
0.0288192
0.0288176
0.0288187
0.0288172
0.0288183
0.0288169
0.028818
0.0288166
0.0288178
0.0288164
0.0288177
0.0288163
0.0288176
0.0288161
0.0288176
0.0288159
0.0288175
0.0288156
0.0288172
0.0288153
0.0288169
0.0288149
0.0288163
0.0288145
0.0288158
0.0288141
0.0288152
0.0288137
0.0288147
0.0288134
0.0288143
0.0288131
0.028814
0.0288129
0.0288139
0.0288127
0.0288138
0.0288126
0.0288137
0.0288124
0.0288136
0.0288121
0.0288133
0.0288118
0.0288128
0.0288115
0.0288123
0.0288112
0.0288117
0.0288108
0.0288112
0.0288106
0.0288108
0.0288104
0.0288106
0.0288103
0.0288104
0.0288102
0.0288104
0.0288101
0.0288104
0.0288101
0.0288103
0.0288101
0.0288103
0.0288103
0.0288106
0.0288028
0.0287851
0.0349116
0.030197
0.0291951
0.0289752
0.0289228
0.0289099
0.0289074
0.0289068
0.0289067
0.0289067
0.0289067
0.0289067
0.0289067
0.0289067
0.0289067
0.0289067
0.0289067
0.0289067
0.0289067
0.0289067
0.0289067
0.0289067
0.0289068
0.0289067
0.0289068
0.0289068
0.0289069
0.0289068
0.028907
0.0289068
0.0289071
0.0289068
0.0289071
0.0289068
0.0289072
0.0289068
0.0289071
0.0289067
0.0289071
0.0289067
0.028907
0.0289066
0.0289068
0.0289065
0.0289066
0.0289064
0.0289064
0.0289063
0.0289063
0.0289063
0.0289063
0.0289063
0.0289064
0.0289064
0.0289066
0.0289064
0.0289069
0.0289065
0.0289071
0.0289065
0.0289072
0.0289065
0.0289072
0.0289065
0.0289071
0.0289063
0.0289069
0.0289062
0.0289067
0.0289061
0.0289066
0.028906
0.0289065
0.0289059
0.0289065
0.0289059
0.0289066
0.0289059
0.0289066
0.0289058
0.0289067
0.0289058
0.0289067
0.0289057
0.0289066
0.0289055
0.0289064
0.0289054
0.0289062
0.0289052
0.028906
0.028905
0.0289058
0.0289049
0.0289056
0.0289048
0.0289055
0.0289046
0.0289054
0.0289045
0.0289053
0.0289045
0.0289053
0.0289044
0.0289053
0.0289043
0.0289053
0.0289043
0.0289053
0.0289042
0.0289053
0.0289041
0.0289053
0.0289039
0.0289052
0.0289038
0.0289051
0.0289036
0.028905
0.0289035
0.0289048
0.0289032
0.0289046
0.028903
0.0289043
0.0289028
0.028904
0.0289025
0.0289036
0.0289022
0.0289033
0.028902
0.0289029
0.0289017
0.0289026
0.0289015
0.0289023
0.0289013
0.0289022
0.0289012
0.0289021
0.0289011
0.0289021
0.0289011
0.0289022
0.028901
0.0289022
0.0289009
0.0289021
0.0289007
0.028902
0.0289005
0.0289017
0.0289003
0.0289013
0.0289
0.0289009
0.0288997
0.0289005
0.0288995
0.0289002
0.0288993
0.0289
0.0288991
0.0288999
0.028899
0.0288999
0.028899
0.0288999
0.0288989
0.0288998
0.0288988
0.0288997
0.0288986
0.0288994
0.0288984
0.0288991
0.0288982
0.0288987
0.0288979
0.0288983
0.0288977
0.0288979
0.0288975
0.0288977
0.0288974
0.0288975
0.0288974
0.0288975
0.0288973
0.0288975
0.0288973
0.0288975
0.0288973
0.0288974
0.0288973
0.0288974
0.0288971
0.0288927
0.0288799
0.0337085
0.0298346
0.0292213
0.0291259
0.029108
0.0291047
0.0291042
0.029104
0.029104
0.029104
0.029104
0.029104
0.029104
0.029104
0.029104
0.029104
0.029104
0.029104
0.029104
0.029104
0.029104
0.0291041
0.029104
0.0291041
0.029104
0.0291041
0.0291041
0.0291042
0.0291041
0.0291042
0.0291041
0.0291043
0.0291041
0.0291043
0.0291041
0.0291044
0.0291041
0.0291043
0.0291041
0.0291043
0.029104
0.0291042
0.029104
0.0291041
0.0291039
0.029104
0.0291038
0.0291038
0.0291038
0.0291038
0.0291038
0.0291039
0.0291038
0.029104
0.0291039
0.0291041
0.029104
0.0291043
0.029104
0.0291044
0.0291041
0.0291045
0.0291041
0.0291045
0.029104
0.0291044
0.0291039
0.0291043
0.0291039
0.0291042
0.0291038
0.0291042
0.0291038
0.0291041
0.0291037
0.0291042
0.0291037
0.0291043
0.0291038
0.0291043
0.0291038
0.0291044
0.0291037
0.0291043
0.0291037
0.0291043
0.0291036
0.0291042
0.0291035
0.0291041
0.0291034
0.0291039
0.0291033
0.0291038
0.0291032
0.0291037
0.0291032
0.0291037
0.0291031
0.0291037
0.0291031
0.0291037
0.0291031
0.0291037
0.0291031
0.0291037
0.0291031
0.0291038
0.029103
0.0291038
0.029103
0.0291038
0.029103
0.0291038
0.0291029
0.0291038
0.0291029
0.0291038
0.0291028
0.0291037
0.0291027
0.0291036
0.0291026
0.0291035
0.0291025
0.0291033
0.0291023
0.0291031
0.0291022
0.0291029
0.029102
0.0291027
0.0291019
0.0291025
0.0291017
0.0291023
0.0291016
0.0291022
0.0291015
0.0291022
0.0291015
0.0291022
0.0291015
0.0291022
0.0291015
0.0291023
0.0291015
0.0291023
0.0291014
0.0291023
0.0291013
0.0291022
0.0291012
0.029102
0.029101
0.0291017
0.0291009
0.0291014
0.0291007
0.0291012
0.0291006
0.0291011
0.0291005
0.029101
0.0291004
0.029101
0.0291004
0.029101
0.0291004
0.029101
0.0291004
0.029101
0.0291003
0.0291009
0.0291002
0.0291007
0.0291001
0.0291005
0.0290999
0.0291002
0.0290997
0.0290999
0.0290996
0.0290997
0.0290995
0.0290996
0.0290995
0.0290995
0.0290994
0.0290995
0.0290994
0.0290996
0.0290994
0.0290995
0.0290994
0.0290995
0.0290994
0.0290992
0.0290968
0.0290893
0.032732
0.0296916
0.0293721
0.0293357
0.0293303
0.0293295
0.0293294
0.0293293
0.0293293
0.0293293
0.0293293
0.0293293
0.0293293
0.0293293
0.0293293
0.0293293
0.0293293
0.0293293
0.0293294
0.0293293
0.0293294
0.0293294
0.0293294
0.0293294
0.0293294
0.0293294
0.0293294
0.0293294
0.0293295
0.0293294
0.0293295
0.0293294
0.0293296
0.0293295
0.0293296
0.0293295
0.0293297
0.0293294
0.0293296
0.0293294
0.0293295
0.0293294
0.0293295
0.0293293
0.0293294
0.0293293
0.0293293
0.0293293
0.0293293
0.0293293
0.0293293
0.0293293
0.0293293
0.0293293
0.0293294
0.0293294
0.0293296
0.0293294
0.0293297
0.0293295
0.0293298
0.0293295
0.0293298
0.0293295
0.0293298
0.0293294
0.0293297
0.0293294
0.0293296
0.0293294
0.0293296
0.0293293
0.0293296
0.0293293
0.0293296
0.0293293
0.0293296
0.0293294
0.0293297
0.0293294
0.0293298
0.0293294
0.0293298
0.0293294
0.0293298
0.0293293
0.0293297
0.0293293
0.0293297
0.0293292
0.0293296
0.0293292
0.0293295
0.0293292
0.0293295
0.0293291
0.0293294
0.0293291
0.0293294
0.0293291
0.0293294
0.0293291
0.0293295
0.0293291
0.0293295
0.0293291
0.0293295
0.0293291
0.0293296
0.0293291
0.0293296
0.0293291
0.0293297
0.0293291
0.0293297
0.0293291
0.0293297
0.029329
0.0293297
0.029329
0.0293296
0.029329
0.0293296
0.0293289
0.0293295
0.0293288
0.0293294
0.0293288
0.0293293
0.0293287
0.0293292
0.0293286
0.029329
0.0293285
0.0293289
0.0293285
0.0293288
0.0293284
0.0293288
0.0293284
0.0293288
0.0293284
0.0293289
0.0293284
0.0293289
0.0293284
0.029329
0.0293284
0.029329
0.0293284
0.029329
0.0293283
0.0293289
0.0293283
0.0293287
0.0293282
0.0293286
0.0293281
0.0293284
0.029328
0.0293283
0.0293279
0.0293282
0.0293279
0.0293282
0.0293279
0.0293283
0.0293279
0.0293283
0.0293279
0.0293283
0.0293279
0.0293283
0.0293278
0.0293282
0.0293278
0.0293281
0.0293277
0.0293279
0.0293276
0.0293277
0.0293275
0.0293276
0.0293274
0.0293275
0.0293274
0.0293274
0.0293273
0.0293274
0.0293273
0.0293274
0.0293273
0.0293274
0.0293273
0.0293274
0.0293273
0.0293273
0.0293271
0.029326
0.0293221
0.0319651
0.0296878
0.0295411
0.0295283
0.0295268
0.0295266
0.0295265
0.0295265
0.0295265
0.0295265
0.0295265
0.0295265
0.0295265
0.0295265
0.0295265
0.0295265
0.0295265
0.0295265
0.0295265
0.0295265
0.0295265
0.0295265
0.0295265
0.0295265
0.0295265
0.0295266
0.0295265
0.0295266
0.0295266
0.0295266
0.0295266
0.0295267
0.0295266
0.0295267
0.0295266
0.0295267
0.0295266
0.0295267
0.0295266
0.0295267
0.0295266
0.0295266
0.0295265
0.0295266
0.0295265
0.0295265
0.0295265
0.0295265
0.0295265
0.0295265
0.0295265
0.0295265
0.0295265
0.0295265
0.0295265
0.0295266
0.0295266
0.0295267
0.0295266
0.0295268
0.0295266
0.0295268
0.0295266
0.0295268
0.0295266
0.0295268
0.0295266
0.0295268
0.0295266
0.0295267
0.0295266
0.0295267
0.0295266
0.0295267
0.0295266
0.0295268
0.0295266
0.0295268
0.0295266
0.0295268
0.0295266
0.0295269
0.0295266
0.0295269
0.0295266
0.0295269
0.0295266
0.0295268
0.0295266
0.0295268
0.0295265
0.0295268
0.0295265
0.0295267
0.0295265
0.0295267
0.0295265
0.0295267
0.0295265
0.0295267
0.0295265
0.0295267
0.0295265
0.0295268
0.0295265
0.0295268
0.0295265
0.0295268
0.0295265
0.0295269
0.0295265
0.0295269
0.0295265
0.0295269
0.0295265
0.0295269
0.0295265
0.0295269
0.0295265
0.0295269
0.0295265
0.0295269
0.0295265
0.0295269
0.0295265
0.0295268
0.0295264
0.0295268
0.0295264
0.0295267
0.0295263
0.0295266
0.0295263
0.0295266
0.0295262
0.0295265
0.0295262
0.0295265
0.0295262
0.0295265
0.0295262
0.0295265
0.0295262
0.0295265
0.0295262
0.0295266
0.0295263
0.0295266
0.0295263
0.0295266
0.0295262
0.0295266
0.0295262
0.0295265
0.0295262
0.0295264
0.0295261
0.0295264
0.029526
0.0295263
0.029526
0.0295262
0.029526
0.0295262
0.029526
0.0295262
0.029526
0.0295262
0.029526
0.0295263
0.029526
0.0295263
0.029526
0.0295262
0.029526
0.0295262
0.0295259
0.0295261
0.0295258
0.029526
0.0295258
0.0295259
0.0295257
0.0295258
0.0295257
0.0295257
0.0295257
0.0295257
0.0295257
0.0295257
0.0295257
0.0295257
0.0295257
0.0295257
0.0295257
0.0295257
0.0295256
0.0295256
0.0295251
0.0295232
0.0313843
0.029744
0.0296825
0.0296782
0.0296777
0.0296776
0.0296776
0.0296776
0.0296776
0.0296776
0.0296776
0.0296776
0.0296776
0.0296776
0.0296776
0.0296776
0.0296776
0.0296776
0.0296776
0.0296776
0.0296776
0.0296776
0.0296777
0.0296776
0.0296777
0.0296777
0.0296777
0.0296777
0.0296777
0.0296777
0.0296777
0.0296777
0.0296777
0.0296777
0.0296778
0.0296777
0.0296778
0.0296777
0.0296778
0.0296777
0.0296778
0.0296777
0.0296777
0.0296777
0.0296777
0.0296776
0.0296776
0.0296776
0.0296776
0.0296776
0.0296776
0.0296776
0.0296776
0.0296776
0.0296777
0.0296777
0.0296777
0.0296777
0.0296778
0.0296777
0.0296778
0.0296777
0.0296779
0.0296777
0.0296779
0.0296777
0.0296778
0.0296777
0.0296778
0.0296777
0.0296778
0.0296777
0.0296778
0.0296777
0.0296778
0.0296777
0.0296778
0.0296777
0.0296779
0.0296777
0.0296779
0.0296777
0.0296779
0.0296777
0.0296779
0.0296777
0.0296779
0.0296777
0.0296779
0.0296777
0.0296779
0.0296777
0.0296778
0.0296777
0.0296778
0.0296777
0.0296778
0.0296777
0.0296778
0.0296777
0.0296778
0.0296777
0.0296778
0.0296777
0.0296779
0.0296777
0.0296779
0.0296777
0.0296779
0.0296777
0.029678
0.0296777
0.029678
0.0296777
0.029678
0.0296777
0.029678
0.0296778
0.029678
0.0296777
0.029678
0.0296777
0.029678
0.0296777
0.029678
0.0296777
0.0296779
0.0296777
0.0296779
0.0296777
0.0296779
0.0296776
0.0296778
0.0296776
0.0296778
0.0296776
0.0296777
0.0296776
0.0296777
0.0296776
0.0296778
0.0296776
0.0296778
0.0296776
0.0296778
0.0296776
0.0296779
0.0296776
0.0296779
0.0296776
0.0296779
0.0296776
0.0296778
0.0296776
0.0296778
0.0296776
0.0296777
0.0296775
0.0296777
0.0296775
0.0296776
0.0296775
0.0296776
0.0296775
0.0296776
0.0296775
0.0296776
0.0296775
0.0296777
0.0296775
0.0296777
0.0296775
0.0296777
0.0296775
0.0296776
0.0296775
0.0296776
0.0296774
0.0296775
0.0296774
0.0296775
0.0296774
0.0296774
0.0296773
0.0296774
0.0296773
0.0296773
0.0296773
0.0296773
0.0296773
0.0296773
0.0296773
0.0296773
0.0296773
0.0296773
0.0296773
0.0296773
0.0296772
0.029677
0.0296762
0.0309582
0.0298112
0.029787
0.0297855
0.0297854
0.0297853
0.0297853
0.0297853
0.0297853
0.0297853
0.0297853
0.0297853
0.0297853
0.0297853
0.0297853
0.0297853
0.0297853
0.0297853
0.0297853
0.0297854
0.0297853
0.0297854
0.0297854
0.0297854
0.0297854
0.0297854
0.0297854
0.0297854
0.0297854
0.0297854
0.0297854
0.0297854
0.0297854
0.0297854
0.0297854
0.0297854
0.0297854
0.0297854
0.0297854
0.0297854
0.0297854
0.0297854
0.0297854
0.0297854
0.0297854
0.0297854
0.0297853
0.0297854
0.0297853
0.0297853
0.0297853
0.0297853
0.0297853
0.0297854
0.0297854
0.0297854
0.0297854
0.0297854
0.0297854
0.0297855
0.0297854
0.0297855
0.0297854
0.0297855
0.0297854
0.0297855
0.0297854
0.0297855
0.0297854
0.0297855
0.0297854
0.0297855
0.0297854
0.0297855
0.0297854
0.0297855
0.0297854
0.0297855
0.0297854
0.0297855
0.0297854
0.0297855
0.0297854
0.0297855
0.0297854
0.0297855
0.0297854
0.0297855
0.0297854
0.0297855
0.0297854
0.0297855
0.0297854
0.0297855
0.0297854
0.0297855
0.0297854
0.0297855
0.0297854
0.0297855
0.0297854
0.0297855
0.0297854
0.0297855
0.0297854
0.0297855
0.0297854
0.0297856
0.0297854
0.0297856
0.0297854
0.0297856
0.0297855
0.0297856
0.0297855
0.0297856
0.0297855
0.0297856
0.0297855
0.0297856
0.0297855
0.0297856
0.0297855
0.0297856
0.0297854
0.0297856
0.0297854
0.0297856
0.0297854
0.0297856
0.0297854
0.0297855
0.0297854
0.0297855
0.0297854
0.0297855
0.0297854
0.0297855
0.0297854
0.0297855
0.0297854
0.0297855
0.0297854
0.0297855
0.0297854
0.0297855
0.0297854
0.0297856
0.0297854
0.0297856
0.0297854
0.0297856
0.0297854
0.0297855
0.0297854
0.0297855
0.0297854
0.0297855
0.0297853
0.0297854
0.0297853
0.0297854
0.0297853
0.0297854
0.0297853
0.0297854
0.0297853
0.0297854
0.0297853
0.0297854
0.0297853
0.0297855
0.0297853
0.0297854
0.0297853
0.0297854
0.0297853
0.0297854
0.0297853
0.0297853
0.0297853
0.0297853
0.0297852
0.0297853
0.0297852
0.0297852
0.0297852
0.0297852
0.0297852
0.0297852
0.0297852
0.0297852
0.0297852
0.0297852
0.0297852
0.0297852
0.0297852
0.0297852
0.0297851
0.0297847
0.0306534
0.0298688
0.0298596
0.029859
0.029859
0.029859
0.029859
0.029859
0.029859
0.029859
0.029859
0.029859
0.029859
0.029859
0.029859
0.029859
0.029859
0.029859
0.029859
0.029859
0.029859
0.029859
0.029859
0.029859
0.029859
0.029859
0.029859
0.029859
0.029859
0.029859
0.029859
0.029859
0.029859
0.029859
0.029859
0.029859
0.029859
0.029859
0.029859
0.029859
0.029859
0.029859
0.029859
0.029859
0.029859
0.029859
0.029859
0.029859
0.029859
0.029859
0.029859
0.029859
0.029859
0.029859
0.029859
0.029859
0.029859
0.029859
0.0298591
0.029859
0.0298591
0.029859
0.0298591
0.029859
0.0298591
0.029859
0.0298591
0.029859
0.0298591
0.029859
0.0298591
0.029859
0.0298591
0.029859
0.0298591
0.029859
0.0298591
0.029859
0.0298591
0.029859
0.0298591
0.029859
0.0298591
0.029859
0.0298591
0.029859
0.0298591
0.029859
0.0298591
0.029859
0.0298591
0.029859
0.0298591
0.029859
0.0298591
0.029859
0.0298591
0.029859
0.0298591
0.029859
0.0298591
0.029859
0.0298591
0.029859
0.0298591
0.029859
0.0298591
0.029859
0.0298591
0.0298591
0.0298591
0.0298591
0.0298592
0.0298591
0.0298592
0.0298591
0.0298592
0.0298591
0.0298592
0.0298591
0.0298592
0.0298591
0.0298592
0.0298591
0.0298592
0.0298591
0.0298592
0.0298591
0.0298591
0.029859
0.0298591
0.029859
0.0298591
0.029859
0.0298591
0.029859
0.0298591
0.029859
0.0298591
0.029859
0.0298591
0.029859
0.0298591
0.029859
0.0298591
0.029859
0.0298591
0.029859
0.0298592
0.029859
0.0298592
0.029859
0.0298591
0.029859
0.0298591
0.029859
0.0298591
0.029859
0.0298591
0.029859
0.0298591
0.029859
0.0298591
0.029859
0.0298591
0.029859
0.0298591
0.029859
0.0298591
0.029859
0.0298591
0.029859
0.0298591
0.029859
0.0298591
0.029859
0.0298591
0.029859
0.029859
0.029859
0.029859
0.029859
0.029859
0.0298589
0.029859
0.0298589
0.0298589
0.0298589
0.0298589
0.0298589
0.0298589
0.0298589
0.029859
0.0298589
0.029859
0.0298589
0.0298589
0.0298589
0.0298589
0.0298587
0.0304399
0.0299118
0.0299083
0.0299081
0.0299081
0.0299081
0.0299081
0.0299081
0.0299081
0.0299081
0.0299081
0.0299081
0.0299081
0.0299081
0.0299081
0.0299081
0.0299081
0.0299081
0.0299081
0.0299081
0.0299081
0.0299081
0.0299081
0.0299081
0.0299081
0.0299081
0.0299081
0.0299081
0.0299081
0.0299081
0.0299081
0.0299081
0.0299081
0.0299081
0.0299081
0.0299081
0.0299081
0.0299081
0.0299081
0.0299081
0.0299081
0.0299081
0.0299081
0.0299081
0.0299081
0.0299081
0.0299081
0.0299081
0.0299081
0.0299081
0.0299081
0.0299081
0.0299081
0.0299081
0.0299081
0.0299081
0.0299081
0.0299082
0.0299081
0.0299082
0.0299081
0.0299082
0.0299081
0.0299082
0.0299081
0.0299082
0.0299081
0.0299082
0.0299081
0.0299082
0.0299081
0.0299082
0.0299081
0.0299082
0.0299081
0.0299082
0.0299081
0.0299082
0.0299081
0.0299082
0.0299081
0.0299082
0.0299081
0.0299082
0.0299082
0.0299082
0.0299081
0.0299082
0.0299081
0.0299082
0.0299081
0.0299082
0.0299081
0.0299082
0.0299081
0.0299082
0.0299081
0.0299082
0.0299081
0.0299082
0.0299081
0.0299082
0.0299081
0.0299082
0.0299081
0.0299082
0.0299082
0.0299082
0.0299082
0.0299082
0.0299082
0.0299082
0.0299082
0.0299082
0.0299082
0.0299082
0.0299082
0.0299082
0.0299082
0.0299082
0.0299082
0.0299082
0.0299082
0.0299082
0.0299082
0.0299082
0.0299082
0.0299082
0.0299082
0.0299082
0.0299082
0.0299082
0.0299081
0.0299082
0.0299081
0.0299082
0.0299081
0.0299082
0.0299081
0.0299082
0.0299081
0.0299082
0.0299081
0.0299082
0.0299081
0.0299082
0.0299082
0.0299082
0.0299082
0.0299082
0.0299082
0.0299082
0.0299082
0.0299082
0.0299081
0.0299082
0.0299081
0.0299082
0.0299081
0.0299082
0.0299081
0.0299082
0.0299081
0.0299082
0.0299081
0.0299082
0.0299081
0.0299082
0.0299081
0.0299082
0.0299081
0.0299082
0.0299081
0.0299082
0.0299081
0.0299082
0.0299081
0.0299082
0.0299081
0.0299081
0.0299081
0.0299081
0.0299081
0.0299081
0.0299081
0.0299081
0.0299081
0.0299081
0.0299081
0.0299081
0.0299081
0.0299081
0.0299081
0.0299081
0.0299081
0.0299081
0.0299081
0.0299081
0.0299081
0.029908
0.0302929
0.0299418
0.0299405
0.0299404
0.0299404
0.0299404
0.0299404
0.0299404
0.0299404
0.0299404
0.0299404
0.0299404
0.0299404
0.0299404
0.0299404
0.0299404
0.0299404
0.0299404
0.0299404
0.0299404
0.0299404
0.0299404
0.0299404
0.0299404
0.0299404
0.0299404
0.0299404
0.0299404
0.0299404
0.0299404
0.0299404
0.0299404
0.0299404
0.0299404
0.0299404
0.0299404
0.0299404
0.0299404
0.0299404
0.0299404
0.0299404
0.0299404
0.0299404
0.0299404
0.0299404
0.0299404
0.0299404
0.0299404
0.0299404
0.0299404
0.0299404
0.0299404
0.0299404
0.0299404
0.0299404
0.0299404
0.0299404
0.0299404
0.0299404
0.0299404
0.0299404
0.0299404
0.0299404
0.0299404
0.0299404
0.0299404
0.0299404
0.0299404
0.0299404
0.0299404
0.0299404
0.0299404
0.0299404
0.0299404
0.0299404
0.0299404
0.0299404
0.0299404
0.0299404
0.0299404
0.0299404
0.0299404
0.0299404
0.0299404
0.0299405
0.0299404
0.0299405
0.0299404
0.0299404
0.0299404
0.0299404
0.0299404
0.0299404
0.0299404
0.0299404
0.0299404
0.0299404
0.0299404
0.0299404
0.0299404
0.0299404
0.0299404
0.0299404
0.0299404
0.0299404
0.0299404
0.0299405
0.0299404
0.0299405
0.0299404
0.0299405
0.0299404
0.0299405
0.0299404
0.0299405
0.0299404
0.0299405
0.0299404
0.0299405
0.0299404
0.0299405
0.0299404
0.0299405
0.0299404
0.0299405
0.0299404
0.0299405
0.0299404
0.0299405
0.0299404
0.0299405
0.0299404
0.0299405
0.0299404
0.0299404
0.0299404
0.0299404
0.0299404
0.0299404
0.0299404
0.0299404
0.0299404
0.0299405
0.0299404
0.0299405
0.0299404
0.0299405
0.0299404
0.0299405
0.0299404
0.0299405
0.0299404
0.0299405
0.0299404
0.0299405
0.0299404
0.0299405
0.0299404
0.0299404
0.0299404
0.0299404
0.0299404
0.0299404
0.0299404
0.0299404
0.0299404
0.0299404
0.0299404
0.0299404
0.0299404
0.0299404
0.0299404
0.0299404
0.0299404
0.0299404
0.0299404
0.0299404
0.0299404
0.0299404
0.0299404
0.0299404
0.0299404
0.0299404
0.0299404
0.0299404
0.0299404
0.0299404
0.0299404
0.0299404
0.0299404
0.0299404
0.0299404
0.0299404
0.0299404
0.0299404
0.0299404
0.0299404
0.0299404
0.0299404
0.0299403
0.0301931
0.0299619
0.0299614
0.0299613
0.0299613
0.0299613
0.0299613
0.0299613
0.0299613
0.0299613
0.0299613
0.0299613
0.0299613
0.0299613
0.0299613
0.0299613
0.0299613
0.0299613
0.0299613
0.0299613
0.0299613
0.0299613
0.0299613
0.0299613
0.0299613
0.0299613
0.0299613
0.0299613
0.0299613
0.0299613
0.0299613
0.0299613
0.0299613
0.0299613
0.0299613
0.0299613
0.0299613
0.0299613
0.0299613
0.0299613
0.0299613
0.0299613
0.0299613
0.0299613
0.0299613
0.0299613
0.0299613
0.0299613
0.0299613
0.0299613
0.0299613
0.0299613
0.0299613
0.0299613
0.0299613
0.0299613
0.0299613
0.0299613
0.0299613
0.0299613
0.0299613
0.0299614
0.0299613
0.0299614
0.0299613
0.0299614
0.0299613
0.0299614
0.0299613
0.0299613
0.0299613
0.0299613
0.0299613
0.0299613
0.0299613
0.0299614
0.0299613
0.0299614
0.0299613
0.0299614
0.0299613
0.0299614
0.0299613
0.0299614
0.0299613
0.0299614
0.0299613
0.0299614
0.0299613
0.0299614
0.0299613
0.0299614
0.0299613
0.0299614
0.0299613
0.0299614
0.0299613
0.0299614
0.0299613
0.0299614
0.0299613
0.0299614
0.0299613
0.0299614
0.0299613
0.0299614
0.0299613
0.0299614
0.0299613
0.0299614
0.0299613
0.0299614
0.0299614
0.0299614
0.0299614
0.0299614
0.0299614
0.0299614
0.0299614
0.0299614
0.0299614
0.0299614
0.0299614
0.0299614
0.0299614
0.0299614
0.0299614
0.0299614
0.0299614
0.0299614
0.0299613
0.0299614
0.0299613
0.0299614
0.0299613
0.0299614
0.0299613
0.0299614
0.0299613
0.0299614
0.0299613
0.0299614
0.0299613
0.0299614
0.0299613
0.0299614
0.0299613
0.0299614
0.0299614
0.0299614
0.0299614
0.0299614
0.0299614
0.0299614
0.0299613
0.0299614
0.0299613
0.0299614
0.0299613
0.0299614
0.0299613
0.0299614
0.0299613
0.0299614
0.0299613
0.0299614
0.0299613
0.0299614
0.0299613
0.0299614
0.0299613
0.0299614
0.0299613
0.0299614
0.0299613
0.0299614
0.0299613
0.0299614
0.0299613
0.0299613
0.0299613
0.0299613
0.0299613
0.0299613
0.0299613
0.0299613
0.0299613
0.0299613
0.0299613
0.0299613
0.0299613
0.0299613
0.0299613
0.0299613
0.0299613
0.0299613
0.0299613
0.0299613
0.0299613
0.0299613
0.0301258
0.0299746
0.0299744
0.0299744
0.0299744
0.0299744
0.0299744
0.0299744
0.0299744
0.0299744
0.0299744
0.0299744
0.0299744
0.0299744
0.0299744
0.0299744
0.0299744
0.0299744
0.0299744
0.0299744
0.0299744
0.0299744
0.0299744
0.0299744
0.0299744
0.0299744
0.0299744
0.0299744
0.0299744
0.0299744
0.0299744
0.0299744
0.0299744
0.0299744
0.0299744
0.0299744
0.0299744
0.0299744
0.0299744
0.0299744
0.0299744
0.0299744
0.0299744
0.0299744
0.0299744
0.0299744
0.0299744
0.0299744
0.0299744
0.0299744
0.0299744
0.0299744
0.0299744
0.0299744
0.0299744
0.0299744
0.0299744
0.0299744
0.0299744
0.0299744
0.0299745
0.0299744
0.0299745
0.0299744
0.0299745
0.0299744
0.0299745
0.0299744
0.0299744
0.0299744
0.0299744
0.0299744
0.0299744
0.0299744
0.0299744
0.0299744
0.0299745
0.0299744
0.0299745
0.0299744
0.0299745
0.0299744
0.0299745
0.0299744
0.0299745
0.0299744
0.0299745
0.0299744
0.0299745
0.0299744
0.0299745
0.0299744
0.0299745
0.0299744
0.0299745
0.0299744
0.0299745
0.0299744
0.0299745
0.0299744
0.0299745
0.0299744
0.0299745
0.0299744
0.0299745
0.0299744
0.0299745
0.0299744
0.0299745
0.0299744
0.0299745
0.0299745
0.0299745
0.0299745
0.0299745
0.0299745
0.0299745
0.0299745
0.0299745
0.0299745
0.0299745
0.0299745
0.0299745
0.0299745
0.0299745
0.0299745
0.0299745
0.0299745
0.0299745
0.0299744
0.0299745
0.0299744
0.0299745
0.0299744
0.0299745
0.0299744
0.0299745
0.0299744
0.0299745
0.0299744
0.0299745
0.0299744
0.0299745
0.0299744
0.0299745
0.0299744
0.0299745
0.0299745
0.0299745
0.0299745
0.0299745
0.0299745
0.0299745
0.0299744
0.0299745
0.0299744
0.0299745
0.0299744
0.0299745
0.0299744
0.0299745
0.0299744
0.0299745
0.0299744
0.0299745
0.0299744
0.0299745
0.0299744
0.0299745
0.0299744
0.0299745
0.0299744
0.0299745
0.0299744
0.0299745
0.0299744
0.0299745
0.0299744
0.0299744
0.0299744
0.0299744
0.0299744
0.0299744
0.0299744
0.0299744
0.0299744
0.0299744
0.0299744
0.0299744
0.0299744
0.0299744
0.0299744
0.0299744
0.0299744
0.0299744
0.0299744
0.0299744
0.0299744
0.0299744
0.0299744
0.0300793
0.029981
0.029981
0.0299809
0.0299809
0.0299809
0.0299809
0.0299809
0.0299809
0.0299809
0.0299809
0.0299809
0.0299809
0.0299809
0.0299809
0.0299809
0.0299809
0.0299809
0.0299809
0.029981
0.0299809
0.029981
0.0299809
0.029981
0.0299809
0.029981
0.029981
0.029981
0.029981
0.029981
0.029981
0.029981
0.029981
0.029981
0.029981
0.029981
0.029981
0.029981
0.029981
0.029981
0.029981
0.029981
0.029981
0.029981
0.029981
0.029981
0.0299809
0.029981
0.0299809
0.0299809
0.0299809
0.0299809
0.0299809
0.029981
0.029981
0.029981
0.029981
0.029981
0.029981
0.029981
0.029981
0.029981
0.029981
0.029981
0.029981
0.029981
0.029981
0.029981
0.029981
0.029981
0.029981
0.029981
0.029981
0.029981
0.029981
0.029981
0.029981
0.029981
0.029981
0.029981
0.029981
0.029981
0.029981
0.029981
0.029981
0.029981
0.029981
0.029981
0.029981
0.029981
0.029981
0.029981
0.029981
0.029981
0.029981
0.029981
0.029981
0.029981
0.029981
0.029981
0.029981
0.029981
0.029981
0.029981
0.029981
0.029981
0.029981
0.029981
0.029981
0.029981
0.029981
0.029981
0.029981
0.029981
0.029981
0.029981
0.029981
0.029981
0.029981
0.029981
0.029981
0.029981
0.029981
0.029981
0.029981
0.029981
0.029981
0.029981
0.029981
0.029981
0.029981
0.029981
0.029981
0.029981
0.029981
0.029981
0.029981
0.029981
0.029981
0.029981
0.029981
0.029981
0.029981
0.029981
0.029981
0.029981
0.029981
0.029981
0.029981
0.029981
0.029981
0.029981
0.029981
0.029981
0.029981
0.029981
0.029981
0.029981
0.029981
0.029981
0.029981
0.029981
0.029981
0.029981
0.029981
0.029981
0.029981
0.029981
0.029981
0.029981
0.029981
0.029981
0.029981
0.029981
0.029981
0.029981
0.029981
0.029981
0.029981
0.029981
0.029981
0.029981
0.029981
0.029981
0.029981
0.029981
0.0299809
0.029981
0.0299809
0.029981
0.0299809
0.029981
0.029981
0.029981
0.029981
0.029981
0.0299809
0.029981
0.0299809
0.0299809
0.030042
0.0299784
0.0299784
0.0299784
0.0299784
0.0299784
0.0299784
0.0299784
0.0299784
0.0299784
0.0299784
0.0299784
0.0299784
0.0299784
0.0299784
0.0299784
0.0299784
0.0299784
0.0299784
0.0299784
0.0299784
0.0299784
0.0299784
0.0299784
0.0299784
0.0299784
0.0299784
0.0299784
0.0299784
0.0299784
0.0299784
0.0299784
0.0299784
0.0299784
0.0299784
0.0299784
0.0299784
0.0299784
0.0299784
0.0299784
0.0299784
0.0299784
0.0299784
0.0299784
0.0299784
0.0299784
0.0299784
0.0299784
0.0299784
0.0299784
0.0299784
0.0299784
0.0299784
0.0299784
0.0299784
0.0299784
0.0299784
0.0299784
0.0299784
0.0299784
0.0299784
0.0299784
0.0299784
0.0299784
0.0299784
0.0299784
0.0299784
0.0299784
0.0299784
0.0299784
0.0299784
0.0299784
0.0299784
0.0299784
0.0299784
0.0299784
0.0299784
0.0299784
0.0299784
0.0299784
0.0299784
0.0299784
0.0299784
0.0299784
0.0299784
0.0299784
0.0299784
0.0299784
0.0299784
0.0299784
0.0299784
0.0299784
0.0299784
0.0299784
0.0299784
0.0299784
0.0299784
0.0299784
0.0299784
0.0299784
0.0299784
0.0299784
0.0299784
0.0299784
0.0299784
0.0299784
0.0299784
0.0299784
0.0299784
0.0299784
0.0299784
0.0299784
0.0299784
0.0299784
0.0299784
0.0299784
0.0299784
0.0299784
0.0299784
0.0299784
0.0299784
0.0299784
0.0299784
0.0299784
0.0299784
0.0299784
0.0299784
0.0299784
0.0299784
0.0299784
0.0299784
0.0299784
0.0299784
0.0299784
0.0299784
0.0299784
0.0299784
0.0299784
0.0299784
0.0299784
0.0299784
0.0299784
0.0299784
0.0299784
0.0299784
0.0299784
0.0299784
0.0299784
0.0299784
0.0299784
0.0299784
0.0299784
0.0299784
0.0299784
0.0299784
0.0299784
0.0299784
0.0299784
0.0299784
0.0299784
0.0299784
0.0299784
0.0299784
0.0299784
0.0299784
0.0299784
0.0299784
0.0299784
0.0299784
0.0299784
0.0299784
0.0299784
0.0299784
0.0299784
0.0299784
0.0299784
0.0299784
0.0299784
0.0299784
0.0299784
0.0299784
0.0299784
0.0299784
0.0299784
0.0299784
0.0299784
0.0299784
0.0299784
0.0299784
0.0299784
0.0299784
0.0299784
0.0299784
0.0299784
0.0299784
0.0299784
0.0299784
0.0299784
0.0299784
0.0299784
0.0299855
0.0299445
0.0299444
0.0299444
0.0299444
0.0299444
0.0299444
0.0299444
0.0299444
0.0299444
0.0299444
0.0299444
0.0299444
0.0299444
0.0299444
0.0299444
0.0299444
0.0299444
0.0299444
0.0299444
0.0299444
0.0299444
0.0299444
0.0299444
0.0299444
0.0299444
0.0299444
0.0299444
0.0299444
0.0299444
0.0299444
0.0299444
0.0299444
0.0299444
0.0299444
0.0299444
0.0299444
0.0299444
0.0299444
0.0299444
0.0299444
0.0299444
0.0299444
0.0299444
0.0299444
0.0299444
0.0299444
0.0299444
0.0299444
0.0299444
0.0299444
0.0299444
0.0299444
0.0299444
0.0299444
0.0299444
0.0299444
0.0299444
0.0299444
0.0299444
0.0299444
0.0299444
0.0299444
0.0299444
0.0299444
0.0299444
0.0299444
0.0299444
0.0299444
0.0299444
0.0299444
0.0299444
0.0299444
0.0299444
0.0299444
0.0299444
0.0299444
0.0299444
0.0299444
0.0299444
0.0299444
0.0299444
0.0299444
0.0299444
0.0299444
0.0299444
0.0299444
0.0299444
0.0299444
0.0299444
0.0299444
0.0299444
0.0299444
0.0299444
0.0299444
0.0299444
0.0299444
0.0299444
0.0299444
0.0299444
0.0299444
0.0299444
0.0299444
0.0299444
0.0299444
0.0299444
0.0299444
0.0299444
0.0299444
0.0299444
0.0299444
0.0299444
0.0299444
0.0299444
0.0299444
0.0299445
0.0299444
0.0299445
0.0299444
0.0299445
0.0299444
0.0299445
0.0299444
0.0299445
0.0299444
0.0299445
0.0299444
0.0299444
0.0299444
0.0299444
0.0299444
0.0299444
0.0299444
0.0299444
0.0299444
0.0299444
0.0299444
0.0299444
0.0299444
0.0299444
0.0299444
0.0299444
0.0299444
0.0299444
0.0299444
0.0299444
0.0299444
0.0299444
0.0299444
0.0299445
0.0299444
0.0299444
0.0299444
0.0299444
0.0299444
0.0299444
0.0299444
0.0299444
0.0299444
0.0299444
0.0299444
0.0299444
0.0299444
0.0299444
0.0299444
0.0299444
0.0299444
0.0299444
0.0299444
0.0299444
0.0299444
0.0299444
0.0299444
0.0299444
0.0299444
0.0299444
0.0299444
0.0299444
0.0299444
0.0299444
0.0299444
0.0299444
0.0299444
0.0299444
0.0299444
0.0299444
0.0299444
0.0299444
0.0299444
0.0299444
0.0299444
0.0299444
0.0299444
0.0299444
0.0299444
0.0299444
0.0299444
0.0299444
0.0299444
0.0299444
0.0298722
0.0298456
0.0298456
0.0298456
0.0298456
0.0298456
0.0298456
0.0298456
0.0298456
0.0298456
0.0298456
0.0298456
0.0298456
0.0298456
0.0298456
0.0298456
0.0298456
0.0298456
0.0298456
0.0298456
0.0298456
0.0298456
0.0298456
0.0298456
0.0298456
0.0298456
0.0298456
0.0298456
0.0298456
0.0298456
0.0298456
0.0298456
0.0298456
0.0298456
0.0298456
0.0298456
0.0298456
0.0298456
0.0298456
0.0298456
0.0298456
0.0298456
0.0298456
0.0298456
0.0298456
0.0298456
0.0298456
0.0298456
0.0298456
0.0298456
0.0298456
0.0298456
0.0298456
0.0298456
0.0298456
0.0298456
0.0298456
0.0298456
0.0298456
0.0298456
0.0298456
0.0298456
0.0298456
0.0298456
0.0298456
0.0298456
0.0298456
0.0298456
0.0298456
0.0298456
0.0298456
0.0298456
0.0298456
0.0298456
0.0298456
0.0298456
0.0298456
0.0298456
0.0298456
0.0298456
0.0298456
0.0298456
0.0298456
0.0298456
0.0298456
0.0298456
0.0298456
0.0298456
0.0298456
0.0298456
0.0298456
0.0298456
0.0298456
0.0298456
0.0298456
0.0298456
0.0298456
0.0298456
0.0298456
0.0298456
0.0298456
0.0298456
0.0298456
0.0298456
0.0298456
0.0298456
0.0298456
0.0298456
0.0298456
0.0298456
0.0298456
0.0298456
0.0298456
0.0298456
0.0298456
0.0298456
0.0298456
0.0298456
0.0298456
0.0298456
0.0298456
0.0298456
0.0298456
0.0298456
0.0298456
0.0298456
0.0298456
0.0298456
0.0298456
0.0298456
0.0298456
0.0298456
0.0298456
0.0298456
0.0298456
0.0298456
0.0298456
0.0298456
0.0298456
0.0298456
0.0298456
0.0298456
0.0298456
0.0298456
0.0298456
0.0298456
0.0298456
0.0298456
0.0298456
0.0298456
0.0298456
0.0298456
0.0298456
0.0298456
0.0298456
0.0298456
0.0298456
0.0298456
0.0298456
0.0298456
0.0298456
0.0298456
0.0298456
0.0298456
0.0298456
0.0298456
0.0298456
0.0298456
0.0298456
0.0298456
0.0298456
0.0298456
0.0298456
0.0298456
0.0298456
0.0298456
0.0298456
0.0298456
0.0298456
0.0298456
0.0298456
0.0298456
0.0298456
0.0298456
0.0298456
0.0298456
0.0298456
0.0298456
0.0298456
0.0298456
0.0298456
0.0298456
0.0298456
0.0298456
0.0298456
0.0298456
0.0298456
0.0298456
0.0298456
0.0298456
0.0295588
0.0295411
0.0295411
0.0295411
0.0295411
0.0295411
0.0295411
0.0295411
0.0295411
0.0295411
0.0295411
0.0295411
0.0295411
0.0295411
0.0295411
0.0295411
0.0295411
0.0295411
0.0295411
0.0295411
0.0295411
0.0295411
0.0295411
0.0295411
0.0295411
0.0295411
0.0295411
0.0295411
0.0295411
0.0295411
0.0295411
0.0295411
0.0295411
0.0295411
0.0295411
0.0295411
0.0295411
0.0295411
0.0295411
0.0295411
0.0295411
0.0295411
0.0295411
0.0295411
0.0295411
0.0295411
0.0295411
0.0295411
0.0295411
0.0295411
0.0295411
0.0295411
0.0295411
0.0295411
0.0295411
0.0295411
0.0295411
0.0295411
0.0295411
0.0295411
0.0295411
0.0295411
0.0295411
0.0295411
0.0295411
0.0295411
0.0295411
0.0295411
0.0295411
0.0295411
0.0295411
0.0295411
0.0295411
0.0295411
0.0295411
0.0295411
0.0295411
0.0295411
0.0295411
0.0295411
0.0295411
0.0295411
0.0295411
0.0295411
0.0295411
0.0295411
0.0295411
0.0295411
0.0295411
0.0295411
0.0295411
0.0295411
0.0295411
0.0295411
0.0295411
0.0295411
0.0295411
0.0295411
0.0295411
0.0295411
0.0295411
0.0295411
0.0295411
0.0295411
0.0295411
0.0295411
0.0295411
0.0295411
0.0295411
0.0295411
0.0295411
0.0295411
0.0295411
0.0295411
0.0295411
0.0295411
0.0295411
0.0295411
0.0295411
0.0295411
0.0295411
0.0295411
0.0295411
0.0295411
0.0295411
0.0295411
0.0295411
0.0295411
0.0295411
0.0295411
0.0295411
0.0295411
0.0295411
0.0295411
0.0295411
0.0295411
0.0295411
0.0295411
0.0295411
0.0295411
0.0295411
0.0295411
0.0295411
0.0295411
0.0295411
0.0295411
0.0295411
0.0295411
0.0295411
0.0295411
0.0295411
0.0295411
0.0295411
0.0295411
0.0295411
0.0295411
0.0295411
0.0295411
0.0295411
0.0295411
0.0295411
0.0295411
0.0295411
0.0295411
0.0295411
0.0295411
0.0295411
0.0295411
0.0295411
0.0295411
0.0295411
0.0295411
0.0295411
0.0295411
0.0295411
0.0295411
0.0295411
0.0295411
0.0295411
0.0295411
0.0295411
0.0295411
0.0295411
0.0295411
0.0295411
0.0295411
0.0295411
0.0295411
0.0295411
0.0295411
0.0295411
0.0295411
0.0295411
0.0295411
0.0295411
0.0295411
0.0295411
0.0295411
0.0295411
0.0295411
0.0287324
0.0287197
0.0287197
0.0287197
0.0287197
0.0287197
0.0287197
0.0287197
0.0287197
0.0287197
0.0287197
0.0287197
0.0287197
0.0287197
0.0287197
0.0287197
0.0287197
0.0287197
0.0287197
0.0287197
0.0287197
0.0287197
0.0287197
0.0287197
0.0287197
0.0287197
0.0287197
0.0287197
0.0287197
0.0287197
0.0287197
0.0287197
0.0287197
0.0287197
0.0287197
0.0287197
0.0287197
0.0287197
0.0287197
0.0287197
0.0287197
0.0287197
0.0287197
0.0287197
0.0287197
0.0287197
0.0287197
0.0287197
0.0287197
0.0287197
0.0287197
0.0287197
0.0287197
0.0287197
0.0287197
0.0287197
0.0287197
0.0287197
0.0287197
0.0287197
0.0287197
0.0287197
0.0287197
0.0287197
0.0287197
0.0287197
0.0287197
0.0287197
0.0287197
0.0287197
0.0287197
0.0287197
0.0287197
0.0287197
0.0287197
0.0287197
0.0287197
0.0287197
0.0287197
0.0287197
0.0287197
0.0287197
0.0287197
0.0287197
0.0287197
0.0287197
0.0287197
0.0287197
0.0287197
0.0287197
0.0287197
0.0287197
0.0287197
0.0287197
0.0287197
0.0287197
0.0287197
0.0287197
0.0287197
0.0287197
0.0287197
0.0287197
0.0287197
0.0287197
0.0287197
0.0287197
0.0287197
0.0287197
0.0287197
0.0287197
0.0287197
0.0287197
0.0287197
0.0287197
0.0287197
0.0287197
0.0287197
0.0287197
0.0287197
0.0287197
0.0287197
0.0287197
0.0287197
0.0287197
0.0287197
0.0287197
0.0287197
0.0287197
0.0287197
0.0287197
0.0287197
0.0287197
0.0287197
0.0287197
0.0287197
0.0287197
0.0287197
0.0287197
0.0287197
0.0287197
0.0287197
0.0287197
0.0287197
0.0287197
0.0287197
0.0287197
0.0287197
0.0287197
0.0287197
0.0287197
0.0287197
0.0287197
0.0287197
0.0287197
0.0287197
0.0287197
0.0287197
0.0287197
0.0287197
0.0287197
0.0287197
0.0287197
0.0287197
0.0287197
0.0287197
0.0287197
0.0287197
0.0287197
0.0287197
0.0287197
0.0287197
0.0287197
0.0287197
0.0287197
0.0287197
0.0287197
0.0287197
0.0287197
0.0287197
0.0287197
0.0287197
0.0287197
0.0287197
0.0287197
0.0287197
0.0287197
0.0287197
0.0287197
0.0287197
0.0287197
0.0287197
0.0287197
0.0287197
0.0287197
0.0287197
0.0287197
0.0287197
0.0287197
0.0287197
0.0287197
0.0265318
0.0265211
0.0265211
0.0265211
0.0265211
0.0265211
0.0265211
0.0265211
0.0265211
0.0265211
0.0265211
0.0265211
0.0265211
0.0265211
0.0265211
0.0265211
0.0265211
0.0265211
0.0265211
0.0265211
0.0265211
0.0265211
0.0265211
0.0265211
0.0265211
0.0265211
0.0265211
0.0265211
0.0265211
0.0265211
0.0265211
0.0265211
0.0265211
0.0265211
0.0265211
0.0265211
0.0265211
0.0265211
0.0265211
0.0265211
0.0265211
0.0265211
0.0265211
0.0265211
0.0265211
0.0265211
0.0265211
0.0265211
0.0265211
0.0265211
0.0265211
0.0265211
0.0265211
0.0265211
0.0265211
0.0265211
0.0265211
0.0265211
0.0265211
0.0265211
0.0265211
0.0265211
0.0265211
0.0265211
0.0265211
0.0265211
0.0265211
0.0265211
0.0265211
0.0265211
0.0265211
0.0265211
0.0265211
0.0265211
0.0265211
0.0265211
0.0265211
0.0265211
0.0265211
0.0265211
0.0265211
0.0265211
0.0265211
0.0265211
0.0265211
0.0265211
0.0265211
0.0265211
0.0265211
0.0265211
0.0265211
0.0265211
0.0265211
0.0265211
0.0265211
0.0265211
0.0265211
0.0265211
0.0265211
0.0265211
0.0265211
0.0265211
0.0265211
0.0265211
0.0265211
0.0265211
0.0265211
0.0265211
0.0265211
0.0265211
0.0265211
0.0265211
0.0265211
0.0265211
0.0265211
0.0265211
0.0265211
0.0265211
0.0265211
0.0265211
0.0265211
0.0265211
0.0265211
0.0265211
0.0265211
0.0265211
0.0265211
0.0265211
0.0265211
0.0265211
0.0265211
0.0265211
0.0265211
0.0265211
0.0265211
0.0265211
0.0265211
0.0265211
0.0265211
0.0265211
0.0265211
0.0265211
0.0265211
0.0265211
0.0265211
0.0265211
0.0265211
0.0265211
0.0265211
0.0265211
0.0265211
0.0265211
0.0265211
0.0265211
0.0265211
0.0265211
0.0265211
0.0265211
0.0265211
0.0265211
0.0265211
0.0265211
0.0265211
0.0265211
0.0265211
0.0265211
0.0265211
0.0265211
0.0265211
0.0265211
0.0265211
0.0265211
0.0265211
0.0265211
0.0265211
0.0265211
0.0265211
0.0265211
0.0265211
0.0265211
0.0265211
0.0265211
0.0265211
0.0265211
0.0265211
0.0265211
0.0265211
0.0265211
0.0265211
0.0265211
0.0265211
0.0265211
0.0265211
0.0265211
0.0265211
0.0265211
0.0265211
0.0265211
0.0265211
0.0265211
0.017736
0.0177228
0.0177228
0.0177228
0.0177228
0.0177228
0.0177228
0.0177228
0.0177228
0.0177228
0.0177228
0.0177228
0.0177228
0.0177228
0.0177228
0.0177228
0.0177228
0.0177228
0.0177228
0.0177228
0.0177228
0.0177228
0.0177228
0.0177228
0.0177228
0.0177228
0.0177228
0.0177228
0.0177228
0.0177228
0.0177228
0.0177228
0.0177228
0.0177228
0.0177228
0.0177228
0.0177228
0.0177228
0.0177228
0.0177228
0.0177228
0.0177228
0.0177228
0.0177228
0.0177228
0.0177228
0.0177228
0.0177228
0.0177228
0.0177228
0.0177228
0.0177228
0.0177228
0.0177228
0.0177228
0.0177228
0.0177228
0.0177228
0.0177228
0.0177228
0.0177228
0.0177228
0.0177228
0.0177228
0.0177228
0.0177228
0.0177228
0.0177228
0.0177228
0.0177228
0.0177228
0.0177228
0.0177228
0.0177228
0.0177228
0.0177228
0.0177228
0.0177228
0.0177228
0.0177228
0.0177228
0.0177228
0.0177228
0.0177228
0.0177228
0.0177228
0.0177228
0.0177228
0.0177228
0.0177228
0.0177228
0.0177228
0.0177228
0.0177228
0.0177228
0.0177228
0.0177228
0.0177228
0.0177228
0.0177228
0.0177228
0.0177228
0.0177228
0.0177228
0.0177228
0.0177228
0.0177228
0.0177228
0.0177228
0.0177228
0.0177228
0.0177228
0.0177228
0.0177228
0.0177228
0.0177228
0.0177228
0.0177228
0.0177228
0.0177228
0.0177228
0.0177228
0.0177228
0.0177228
0.0177228
0.0177228
0.0177228
0.0177228
0.0177228
0.0177228
0.0177228
0.0177228
0.0177228
0.0177228
0.0177228
0.0177228
0.0177228
0.0177228
0.0177228
0.0177228
0.0177228
0.0177228
0.0177228
0.0177228
0.0177228
0.0177228
0.0177228
0.0177228
0.0177228
0.0177228
0.0177228
0.0177228
0.0177228
0.0177228
0.0177228
0.0177228
0.0177228
0.0177228
0.0177228
0.0177228
0.0177228
0.0177228
0.0177228
0.0177228
0.0177228
0.0177228
0.0177228
0.0177228
0.0177228
0.0177228
0.0177228
0.0177228
0.0177228
0.0177228
0.0177228
0.0177228
0.0177228
0.0177228
0.0177228
0.0177228
0.0177228
0.0177228
0.0177228
0.0177228
0.0177228
0.0177228
0.0177228
0.0177228
0.0177228
0.0177228
0.0177228
0.0177228
0.0177228
0.0177228
0.0177228
0.0177228
0.0177228
0.0177228
0.0177228
0.0177228
0.0129234
0.0128985
0.0128984
0.0128984
0.0128984
0.0128984
0.0128984
0.0128984
0.0128984
0.0128984
0.0128984
0.0128984
0.0128984
0.0128984
0.0128984
0.0128984
0.0128984
0.0128984
0.0128984
0.0128984
0.0128984
0.0128984
0.0128984
0.0128984
0.0128984
0.0128984
0.0128984
0.0128984
0.0128984
0.0128984
0.0128984
0.0128984
0.0128984
0.0128984
0.0128984
0.0128984
0.0128984
0.0128984
0.0128984
0.0128984
0.0128984
0.0128984
0.0128984
0.0128984
0.0128984
0.0128984
0.0128984
0.0128984
0.0128984
0.0128984
0.0128984
0.0128984
0.0128984
0.0128984
0.0128984
0.0128984
0.0128984
0.0128984
0.0128985
0.0128984
0.0128985
0.0128984
0.0128985
0.0128984
0.0128985
0.0128984
0.0128984
0.0128984
0.0128984
0.0128984
0.0128984
0.0128984
0.0128984
0.0128984
0.0128984
0.0128984
0.0128984
0.0128984
0.0128985
0.0128984
0.0128985
0.0128984
0.0128985
0.0128984
0.0128985
0.0128984
0.0128985
0.0128984
0.0128985
0.0128984
0.0128985
0.0128984
0.0128984
0.0128984
0.0128984
0.0128984
0.0128984
0.0128984
0.0128984
0.0128984
0.0128985
0.0128984
0.0128985
0.0128984
0.0128985
0.0128984
0.0128985
0.0128984
0.0128985
0.0128984
0.0128985
0.0128984
0.0128985
0.0128984
0.0128985
0.0128984
0.0128985
0.0128984
0.0128985
0.0128984
0.0128985
0.0128984
0.0128985
0.0128984
0.0128985
0.0128984
0.0128985
0.0128984
0.0128985
0.0128984
0.0128985
0.0128984
0.0128985
0.0128984
0.0128985
0.0128984
0.0128984
0.0128984
0.0128984
0.0128984
0.0128984
0.0128984
0.0128985
0.0128984
0.0128985
0.0128984
0.0128985
0.0128984
0.0128985
0.0128984
0.0128985
0.0128984
0.0128985
0.0128984
0.0128985
0.0128984
0.0128985
0.0128984
0.0128984
0.0128984
0.0128984
0.0128984
0.0128984
0.0128984
0.0128984
0.0128984
0.0128985
0.0128984
0.0128985
0.0128984
0.0128985
0.0128984
0.0128985
0.0128984
0.0128985
0.0128984
0.0128985
0.0128984
0.0128984
0.0128984
0.0128984
0.0128984
0.0128984
0.0128984
0.0128984
0.0128984
0.0128984
0.0128984
0.0128984
0.0128984
0.0128984
0.0128984
0.0128984
0.0128984
0.0128984
0.0128984
0.0128984
0.0128984
0.0128984
0.0128984
0.0168836
0.0168134
0.0168132
0.0168132
0.0168132
0.0168132
0.0168132
0.0168132
0.0168132
0.0168132
0.0168132
0.0168132
0.0168132
0.0168132
0.0168132
0.0168132
0.0168132
0.0168132
0.0168132
0.0168132
0.0168132
0.0168132
0.0168132
0.0168132
0.0168132
0.0168132
0.0168132
0.0168132
0.0168132
0.0168132
0.0168132
0.0168132
0.0168132
0.0168132
0.0168132
0.0168132
0.0168132
0.0168132
0.0168132
0.0168132
0.0168132
0.0168132
0.0168132
0.0168132
0.0168132
0.0168132
0.0168132
0.0168132
0.0168132
0.0168131
0.0168132
0.0168131
0.0168132
0.0168132
0.0168132
0.0168132
0.0168132
0.0168132
0.0168132
0.0168132
0.0168132
0.0168132
0.0168132
0.0168132
0.0168132
0.0168132
0.0168132
0.0168132
0.0168132
0.0168132
0.0168132
0.0168132
0.0168132
0.0168132
0.0168132
0.0168132
0.0168132
0.0168132
0.0168132
0.0168132
0.0168132
0.0168132
0.0168132
0.0168132
0.0168132
0.0168132
0.0168132
0.0168132
0.0168132
0.0168132
0.0168132
0.0168132
0.0168132
0.0168132
0.0168132
0.0168132
0.0168132
0.0168132
0.0168132
0.0168132
0.0168132
0.0168132
0.0168132
0.0168132
0.0168132
0.0168132
0.0168132
0.0168132
0.0168132
0.0168132
0.0168132
0.0168133
0.0168132
0.0168133
0.0168132
0.0168133
0.0168132
0.0168133
0.0168132
0.0168133
0.0168132
0.0168133
0.0168132
0.0168133
0.0168132
0.0168133
0.0168132
0.0168133
0.0168132
0.0168133
0.0168132
0.0168132
0.0168132
0.0168132
0.0168132
0.0168132
0.0168132
0.0168132
0.0168132
0.0168132
0.0168132
0.0168132
0.0168132
0.0168132
0.0168132
0.0168133
0.0168132
0.0168133
0.0168132
0.0168133
0.0168132
0.0168133
0.0168132
0.0168133
0.0168132
0.0168132
0.0168132
0.0168132
0.0168132
0.0168132
0.0168132
0.0168132
0.0168132
0.0168132
0.0168132
0.0168132
0.0168132
0.0168132
0.0168132
0.0168132
0.0168132
0.0168133
0.0168132
0.0168133
0.0168132
0.0168132
0.0168132
0.0168132
0.0168132
0.0168132
0.0168132
0.0168132
0.0168132
0.0168132
0.0168132
0.0168132
0.0168132
0.0168132
0.0168132
0.0168132
0.0168132
0.0168132
0.0168132
0.0168132
0.0168132
0.0168132
0.0168132
0.0168132
0.0168132
0.0168131
0.0200997
0.0199617
0.0199609
0.0199609
0.0199609
0.0199609
0.0199609
0.0199609
0.0199609
0.0199609
0.0199609
0.0199609
0.0199609
0.0199609
0.0199609
0.0199609
0.0199609
0.0199609
0.0199609
0.0199609
0.0199609
0.0199609
0.0199609
0.0199609
0.0199609
0.0199609
0.0199609
0.0199609
0.0199609
0.0199609
0.0199609
0.0199609
0.0199609
0.0199609
0.019961
0.0199609
0.019961
0.0199609
0.019961
0.0199609
0.019961
0.0199609
0.019961
0.0199609
0.0199609
0.0199609
0.0199609
0.0199609
0.0199609
0.0199609
0.0199608
0.0199609
0.0199609
0.0199609
0.0199609
0.0199609
0.019961
0.0199609
0.0199611
0.019961
0.0199612
0.019961
0.0199612
0.019961
0.0199612
0.019961
0.0199611
0.0199609
0.019961
0.0199609
0.0199609
0.0199609
0.0199609
0.0199609
0.019961
0.0199609
0.0199611
0.019961
0.0199611
0.019961
0.0199612
0.019961
0.0199612
0.019961
0.0199612
0.019961
0.0199612
0.019961
0.0199611
0.019961
0.0199611
0.019961
0.0199611
0.019961
0.0199611
0.019961
0.0199611
0.019961
0.0199611
0.019961
0.0199611
0.019961
0.0199611
0.019961
0.0199611
0.019961
0.0199612
0.019961
0.0199612
0.019961
0.0199612
0.019961
0.0199613
0.019961
0.0199613
0.0199611
0.0199613
0.0199611
0.0199613
0.0199611
0.0199613
0.0199611
0.0199613
0.0199611
0.0199613
0.0199611
0.0199613
0.0199611
0.0199613
0.019961
0.0199613
0.019961
0.0199612
0.019961
0.0199611
0.019961
0.0199611
0.019961
0.0199611
0.019961
0.0199611
0.019961
0.0199611
0.019961
0.0199612
0.019961
0.0199613
0.0199611
0.0199614
0.0199611
0.0199614
0.0199611
0.0199614
0.0199611
0.0199613
0.019961
0.0199612
0.019961
0.0199611
0.0199609
0.019961
0.0199609
0.019961
0.0199609
0.019961
0.019961
0.0199611
0.019961
0.0199612
0.019961
0.0199613
0.019961
0.0199613
0.019961
0.0199613
0.019961
0.0199612
0.019961
0.0199611
0.0199609
0.019961
0.0199609
0.0199609
0.0199609
0.0199609
0.0199609
0.0199609
0.0199609
0.0199609
0.0199609
0.0199609
0.0199609
0.019961
0.0199609
0.019961
0.0199609
0.019961
0.0199609
0.0199609
0.0199608
0.0228018
0.0225838
0.0225812
0.0225811
0.022581
0.022581
0.022581
0.022581
0.022581
0.0225811
0.0225811
0.0225811
0.0225811
0.0225811
0.022581
0.022581
0.022581
0.022581
0.022581
0.022581
0.022581
0.0225811
0.0225811
0.0225811
0.0225811
0.0225811
0.0225811
0.0225811
0.0225811
0.0225812
0.0225811
0.0225812
0.0225811
0.0225812
0.0225812
0.0225813
0.0225812
0.0225813
0.0225812
0.0225813
0.0225812
0.0225813
0.0225812
0.0225812
0.0225811
0.0225811
0.022581
0.022581
0.022581
0.022581
0.022581
0.022581
0.022581
0.022581
0.0225811
0.0225812
0.0225812
0.0225814
0.0225813
0.0225815
0.0225814
0.0225816
0.0225814
0.0225816
0.0225814
0.0225815
0.0225813
0.0225813
0.0225812
0.0225813
0.0225811
0.0225812
0.0225811
0.0225812
0.0225812
0.0225813
0.0225813
0.0225814
0.0225814
0.0225816
0.0225814
0.0225816
0.0225815
0.0225816
0.0225814
0.0225816
0.0225814
0.0225816
0.0225814
0.0225815
0.0225813
0.0225815
0.0225813
0.0225814
0.0225813
0.0225814
0.0225813
0.0225814
0.0225813
0.0225814
0.0225813
0.0225815
0.0225813
0.0225815
0.0225814
0.0225816
0.0225814
0.0225816
0.0225814
0.0225817
0.0225815
0.0225817
0.0225815
0.0225818
0.0225815
0.0225818
0.0225816
0.0225818
0.0225816
0.0225818
0.0225816
0.0225819
0.0225816
0.0225819
0.0225816
0.0225818
0.0225816
0.0225818
0.0225815
0.0225817
0.0225815
0.0225817
0.0225814
0.0225816
0.0225813
0.0225815
0.0225813
0.0225814
0.0225813
0.0225814
0.0225813
0.0225815
0.0225813
0.0225816
0.0225814
0.0225817
0.0225815
0.0225819
0.0225816
0.0225819
0.0225816
0.0225819
0.0225816
0.0225818
0.0225815
0.0225817
0.0225814
0.0225815
0.0225813
0.0225814
0.0225812
0.0225813
0.0225812
0.0225813
0.0225812
0.0225814
0.0225813
0.0225815
0.0225814
0.0225816
0.0225815
0.0225817
0.0225815
0.0225817
0.0225815
0.0225816
0.0225814
0.0225815
0.0225813
0.0225813
0.0225811
0.0225811
0.022581
0.022581
0.022581
0.022581
0.022581
0.022581
0.022581
0.0225811
0.0225811
0.0225812
0.0225812
0.0225812
0.0225812
0.0225812
0.0225812
0.0225812
0.0225811
0.022581
0.0254515
0.0251204
0.0251133
0.025113
0.0251129
0.0251129
0.0251129
0.0251129
0.0251129
0.0251129
0.0251129
0.0251129
0.0251129
0.0251129
0.0251129
0.0251129
0.0251129
0.0251129
0.0251129
0.0251129
0.0251129
0.0251129
0.0251129
0.0251129
0.025113
0.025113
0.025113
0.025113
0.0251131
0.025113
0.0251131
0.025113
0.0251131
0.0251131
0.0251132
0.0251131
0.0251133
0.0251131
0.0251134
0.0251132
0.0251134
0.0251131
0.0251133
0.0251131
0.0251131
0.0251129
0.0251129
0.0251129
0.0251128
0.0251129
0.0251128
0.0251129
0.0251128
0.0251129
0.0251129
0.025113
0.0251133
0.0251132
0.0251136
0.0251133
0.0251138
0.0251134
0.0251138
0.0251134
0.0251137
0.0251133
0.0251135
0.0251132
0.0251133
0.0251131
0.0251131
0.0251131
0.0251131
0.0251131
0.0251133
0.0251132
0.0251134
0.0251133
0.0251137
0.0251134
0.0251138
0.0251134
0.0251139
0.0251134
0.0251138
0.0251134
0.0251138
0.0251134
0.0251137
0.0251133
0.0251136
0.0251133
0.0251135
0.0251132
0.0251135
0.0251132
0.0251135
0.0251132
0.0251135
0.0251133
0.0251135
0.0251133
0.0251136
0.0251133
0.0251137
0.0251134
0.0251137
0.0251134
0.0251139
0.0251135
0.0251139
0.0251135
0.025114
0.0251135
0.0251141
0.0251136
0.0251141
0.0251136
0.0251141
0.0251136
0.0251141
0.0251136
0.0251141
0.0251136
0.0251141
0.0251136
0.0251141
0.0251136
0.0251141
0.0251135
0.0251139
0.0251134
0.0251138
0.0251134
0.0251136
0.0251133
0.0251135
0.0251132
0.0251134
0.0251132
0.0251135
0.0251133
0.0251136
0.0251134
0.0251138
0.0251135
0.0251141
0.0251136
0.0251143
0.0251137
0.0251143
0.0251137
0.0251142
0.0251136
0.025114
0.0251135
0.0251138
0.0251133
0.0251135
0.0251132
0.0251133
0.0251131
0.0251132
0.0251131
0.0251133
0.0251132
0.0251135
0.0251133
0.0251137
0.0251134
0.025114
0.0251135
0.025114
0.0251135
0.025114
0.0251134
0.0251138
0.0251133
0.0251135
0.0251131
0.0251131
0.025113
0.0251129
0.0251129
0.0251128
0.0251129
0.0251128
0.0251129
0.0251129
0.0251129
0.0251131
0.025113
0.0251132
0.0251131
0.0251133
0.0251131
0.0251132
0.025113
0.025113
0.0251128
0.0282483
0.0276762
0.0276588
0.0276581
0.027658
0.027658
0.027658
0.027658
0.027658
0.027658
0.027658
0.027658
0.027658
0.027658
0.027658
0.027658
0.027658
0.027658
0.027658
0.027658
0.027658
0.027658
0.027658
0.027658
0.027658
0.027658
0.027658
0.0276581
0.027658
0.0276581
0.0276581
0.0276581
0.0276581
0.0276582
0.0276581
0.0276582
0.0276582
0.0276583
0.0276582
0.0276583
0.0276582
0.0276583
0.0276582
0.0276582
0.0276581
0.027658
0.027658
0.0276579
0.0276579
0.0276579
0.0276579
0.0276579
0.0276579
0.0276579
0.027658
0.0276581
0.0276582
0.0276584
0.0276583
0.0276585
0.0276584
0.0276586
0.0276584
0.0276586
0.0276584
0.0276585
0.0276583
0.0276583
0.0276581
0.0276582
0.0276581
0.0276582
0.0276581
0.0276582
0.0276581
0.0276583
0.0276583
0.0276585
0.0276584
0.0276586
0.0276584
0.0276587
0.0276585
0.0276587
0.0276585
0.0276587
0.0276584
0.0276586
0.0276584
0.0276585
0.0276583
0.0276585
0.0276583
0.0276584
0.0276583
0.0276584
0.0276583
0.0276584
0.0276583
0.0276584
0.0276583
0.0276585
0.0276583
0.0276585
0.0276584
0.0276586
0.0276584
0.0276587
0.0276585
0.0276587
0.0276585
0.0276588
0.0276585
0.0276589
0.0276586
0.0276589
0.0276586
0.0276589
0.0276586
0.0276589
0.0276586
0.0276589
0.0276586
0.0276589
0.0276586
0.0276589
0.0276586
0.0276589
0.0276586
0.0276588
0.0276585
0.0276587
0.0276584
0.0276586
0.0276583
0.0276585
0.0276583
0.0276584
0.0276582
0.0276584
0.0276582
0.0276585
0.0276583
0.0276586
0.0276584
0.0276588
0.0276586
0.0276589
0.0276587
0.027659
0.0276587
0.027659
0.0276587
0.0276589
0.0276585
0.0276587
0.0276584
0.0276585
0.0276582
0.0276583
0.0276581
0.0276582
0.0276581
0.0276582
0.0276581
0.0276584
0.0276582
0.0276585
0.0276584
0.0276587
0.0276585
0.0276588
0.0276585
0.0276588
0.0276585
0.0276587
0.0276584
0.0276585
0.0276582
0.0276582
0.027658
0.027658
0.0276579
0.0276579
0.0276579
0.0276579
0.0276579
0.0276579
0.0276579
0.027658
0.027658
0.0276581
0.0276581
0.0276582
0.0276581
0.0276581
0.0276581
0.0276581
0.0276579
0.0276577
0.0309598
0.0296689
0.0296241
0.0296223
0.0296221
0.0296221
0.0296221
0.0296221
0.0296221
0.0296221
0.0296221
0.0296221
0.0296221
0.0296221
0.0296221
0.0296221
0.0296221
0.0296221
0.0296221
0.0296221
0.0296221
0.0296221
0.0296221
0.0296221
0.0296221
0.0296221
0.0296221
0.0296221
0.0296221
0.0296221
0.0296221
0.0296221
0.0296221
0.0296221
0.0296221
0.0296221
0.0296221
0.0296221
0.0296222
0.0296221
0.0296222
0.0296221
0.0296221
0.0296221
0.0296221
0.0296221
0.0296221
0.0296221
0.029622
0.029622
0.029622
0.029622
0.029622
0.0296221
0.0296221
0.0296221
0.0296221
0.0296221
0.0296222
0.0296221
0.0296222
0.0296222
0.0296222
0.0296221
0.0296222
0.0296221
0.0296222
0.0296221
0.0296221
0.0296221
0.0296221
0.0296221
0.0296221
0.0296221
0.0296221
0.0296221
0.0296221
0.0296221
0.0296222
0.0296221
0.0296222
0.0296221
0.0296222
0.0296221
0.0296222
0.0296221
0.0296222
0.0296221
0.0296222
0.0296221
0.0296222
0.0296221
0.0296221
0.0296221
0.0296221
0.0296221
0.0296221
0.0296221
0.0296221
0.0296221
0.0296221
0.0296221
0.0296222
0.0296221
0.0296222
0.0296221
0.0296222
0.0296221
0.0296222
0.0296221
0.0296222
0.0296221
0.0296222
0.0296221
0.0296222
0.0296221
0.0296222
0.0296221
0.0296222
0.0296221
0.0296222
0.0296221
0.0296222
0.0296221
0.0296222
0.0296221
0.0296222
0.0296221
0.0296222
0.0296221
0.0296222
0.0296221
0.0296221
0.0296221
0.0296221
0.0296221
0.0296221
0.029622
0.0296221
0.029622
0.0296221
0.0296221
0.0296221
0.0296221
0.0296221
0.0296221
0.0296222
0.0296221
0.0296222
0.0296221
0.0296222
0.0296221
0.0296222
0.0296221
0.0296222
0.0296221
0.0296221
0.029622
0.0296221
0.029622
0.029622
0.029622
0.029622
0.029622
0.029622
0.029622
0.0296221
0.029622
0.0296221
0.029622
0.0296221
0.0296221
0.0296222
0.0296221
0.0296221
0.029622
0.0296221
0.029622
0.029622
0.029622
0.029622
0.029622
0.0296219
0.0296219
0.0296219
0.0296219
0.0296219
0.0296219
0.0296219
0.0296219
0.029622
0.029622
0.029622
0.029622
0.029622
0.029622
0.029622
0.0296219
0.0296218
0.0296216
0.032391
0.0299164
0.029892
0.029891
0.0298908
0.0298908
0.0298908
0.0298908
0.0298908
0.0298908
0.0298908
0.0298908
0.0298908
0.0298908
0.0298908
0.0298908
0.0298908
0.0298908
0.0298908
0.0298908
0.0298908
0.0298908
0.0298908
0.0298908
0.0298908
0.0298908
0.0298908
0.0298908
0.0298908
0.0298908
0.0298908
0.0298908
0.0298908
0.0298908
0.0298908
0.0298908
0.0298908
0.0298908
0.0298908
0.0298908
0.0298908
0.0298908
0.0298908
0.0298908
0.0298908
0.0298908
0.0298908
0.0298908
0.0298908
0.0298908
0.0298908
0.0298908
0.0298908
0.0298908
0.0298908
0.0298908
0.0298908
0.0298908
0.0298908
0.0298909
0.0298909
0.0298909
0.0298909
0.0298909
0.0298909
0.0298908
0.0298908
0.0298908
0.0298908
0.0298908
0.0298908
0.0298908
0.0298908
0.0298908
0.0298908
0.0298908
0.0298908
0.0298908
0.0298908
0.0298909
0.0298909
0.0298909
0.0298909
0.0298909
0.0298908
0.0298909
0.0298908
0.0298908
0.0298908
0.0298908
0.0298908
0.0298908
0.0298908
0.0298908
0.0298908
0.0298908
0.0298908
0.0298908
0.0298908
0.0298908
0.0298908
0.0298908
0.0298908
0.0298908
0.0298908
0.0298908
0.0298908
0.0298908
0.0298908
0.0298908
0.0298908
0.0298908
0.0298908
0.0298908
0.0298908
0.0298909
0.0298908
0.0298909
0.0298908
0.0298908
0.0298908
0.0298908
0.0298908
0.0298908
0.0298908
0.0298908
0.0298908
0.0298908
0.0298908
0.0298908
0.0298908
0.0298908
0.0298908
0.0298908
0.0298908
0.0298908
0.0298908
0.0298908
0.0298908
0.0298908
0.0298908
0.0298908
0.0298908
0.0298908
0.0298908
0.0298908
0.0298908
0.0298908
0.0298908
0.0298908
0.0298908
0.0298908
0.0298908
0.0298908
0.0298908
0.0298908
0.0298908
0.0298908
0.0298908
0.0298908
0.0298908
0.0298908
0.0298908
0.0298908
0.0298908
0.0298908
0.0298908
0.0298908
0.0298908
0.0298908
0.0298908
0.0298908
0.0298908
0.0298908
0.0298908
0.0298908
0.0298908
0.0298908
0.0298908
0.0298908
0.0298908
0.0298908
0.0298907
0.0298907
0.0298907
0.0298907
0.0298907
0.0298907
0.0298907
0.0298907
0.0298908
0.0298908
0.0298908
0.0298908
0.0298908
0.0298908
0.0298908
0.0298907
0.0298907
0.0298906
0.0336137
0.0299713
0.0299545
0.0299533
0.0299531
0.0299531
0.0299531
0.0299531
0.0299531
0.0299531
0.0299531
0.0299531
0.0299531
0.0299531
0.0299531
0.0299531
0.0299531
0.0299531
0.0299531
0.0299531
0.0299531
0.0299531
0.0299531
0.0299531
0.0299531
0.0299531
0.0299531
0.0299531
0.0299531
0.0299531
0.0299531
0.0299531
0.0299531
0.0299531
0.0299531
0.0299531
0.0299531
0.0299531
0.0299531
0.0299531
0.0299531
0.0299531
0.0299531
0.0299531
0.0299531
0.0299531
0.0299531
0.0299531
0.0299531
0.0299531
0.0299531
0.0299531
0.0299531
0.0299531
0.0299531
0.0299531
0.0299531
0.0299531
0.0299531
0.0299531
0.0299531
0.0299531
0.0299531
0.0299531
0.0299531
0.0299531
0.0299531
0.0299531
0.0299531
0.0299531
0.0299531
0.0299531
0.0299531
0.0299531
0.0299531
0.0299531
0.0299531
0.0299531
0.0299531
0.0299531
0.0299531
0.0299531
0.0299531
0.0299531
0.0299531
0.0299531
0.0299531
0.0299531
0.0299531
0.0299531
0.0299531
0.0299531
0.0299531
0.0299531
0.0299531
0.0299531
0.0299531
0.0299531
0.0299531
0.0299531
0.0299531
0.0299531
0.0299531
0.0299531
0.0299531
0.0299531
0.0299531
0.0299531
0.0299531
0.0299531
0.0299531
0.0299531
0.0299531
0.0299531
0.0299531
0.0299531
0.0299531
0.0299531
0.0299531
0.0299531
0.0299531
0.0299531
0.0299531
0.0299531
0.0299531
0.0299531
0.0299531
0.0299531
0.0299531
0.0299531
0.0299531
0.029953
0.0299531
0.029953
0.029953
0.029953
0.029953
0.029953
0.029953
0.029953
0.029953
0.029953
0.029953
0.029953
0.029953
0.029953
0.0299531
0.029953
0.0299531
0.029953
0.0299531
0.029953
0.0299531
0.029953
0.029953
0.029953
0.029953
0.029953
0.029953
0.029953
0.029953
0.029953
0.029953
0.029953
0.029953
0.029953
0.029953
0.029953
0.029953
0.029953
0.029953
0.029953
0.029953
0.029953
0.029953
0.029953
0.029953
0.029953
0.029953
0.029953
0.029953
0.029953
0.029953
0.029953
0.029953
0.029953
0.029953
0.029953
0.029953
0.029953
0.029953
0.029953
0.029953
0.029953
0.029953
0.029953
0.029953
0.029953
0.0299529
0.0299528
0.0353239
0.0300125
0.029979
0.0299758
0.0299754
0.0299754
0.0299753
0.0299753
0.0299753
0.0299753
0.0299753
0.0299753
0.0299753
0.0299753
0.0299753
0.0299753
0.0299753
0.0299753
0.0299753
0.0299753
0.0299753
0.0299753
0.0299753
0.0299753
0.0299753
0.0299753
0.0299753
0.0299753
0.0299753
0.0299753
0.0299753
0.0299753
0.0299753
0.0299753
0.0299753
0.0299753
0.0299753
0.0299753
0.0299753
0.0299753
0.0299753
0.0299753
0.0299753
0.0299753
0.0299753
0.0299753
0.0299753
0.0299753
0.0299753
0.0299753
0.0299753
0.0299753
0.0299753
0.0299753
0.0299753
0.0299753
0.0299753
0.0299753
0.0299753
0.0299753
0.0299753
0.0299753
0.0299753
0.0299753
0.0299753
0.0299753
0.0299753
0.0299753
0.0299753
0.0299753
0.0299753
0.0299753
0.0299753
0.0299753
0.0299753
0.0299753
0.0299753
0.0299753
0.0299753
0.0299753
0.0299753
0.0299753
0.0299753
0.0299753
0.0299753
0.0299753
0.0299753
0.0299753
0.0299753
0.0299753
0.0299753
0.0299753
0.0299753
0.0299753
0.0299753
0.0299753
0.0299753
0.0299753
0.0299753
0.0299753
0.0299753
0.0299753
0.0299753
0.0299753
0.0299753
0.0299753
0.0299753
0.0299753
0.0299753
0.0299753
0.0299753
0.0299753
0.0299753
0.0299753
0.0299752
0.0299753
0.0299752
0.0299753
0.0299752
0.0299752
0.0299752
0.0299752
0.0299752
0.0299752
0.0299752
0.0299752
0.0299752
0.0299752
0.0299752
0.0299752
0.0299752
0.0299752
0.0299752
0.0299752
0.0299752
0.0299752
0.0299752
0.0299752
0.0299752
0.0299752
0.0299752
0.0299752
0.0299752
0.0299752
0.0299752
0.0299752
0.0299752
0.0299752
0.0299752
0.0299752
0.0299752
0.0299752
0.0299751
0.0299752
0.0299751
0.0299751
0.0299751
0.0299751
0.0299751
0.0299751
0.0299751
0.0299751
0.0299751
0.0299751
0.0299751
0.0299751
0.0299751
0.0299751
0.0299751
0.0299751
0.0299751
0.0299751
0.0299751
0.0299751
0.0299751
0.0299751
0.0299751
0.0299751
0.0299751
0.0299751
0.0299751
0.0299751
0.0299751
0.0299751
0.0299751
0.0299751
0.0299751
0.0299751
0.0299751
0.0299751
0.0299751
0.0299751
0.0299751
0.0299751
0.0299751
0.0299751
0.0299751
0.029975
0.0299748
0.0299745
0.0376301
0.0300591
0.029992
0.0299845
0.0299835
0.0299834
0.0299833
0.0299833
0.0299833
0.0299833
0.0299833
0.0299833
0.0299833
0.0299833
0.0299833
0.0299833
0.0299833
0.0299833
0.0299833
0.0299833
0.0299833
0.0299833
0.0299833
0.0299833
0.0299833
0.0299833
0.0299833
0.0299833
0.0299833
0.0299833
0.0299833
0.0299833
0.0299833
0.0299833
0.0299833
0.0299833
0.0299833
0.0299833
0.0299833
0.0299833
0.0299833
0.0299833
0.0299833
0.0299833
0.0299833
0.0299833
0.0299833
0.0299833
0.0299833
0.0299833
0.0299833
0.0299833
0.0299833
0.0299833
0.0299833
0.0299833
0.0299833
0.0299833
0.0299833
0.0299833
0.0299833
0.0299833
0.0299833
0.0299833
0.0299833
0.0299833
0.0299833
0.0299833
0.0299833
0.0299833
0.0299833
0.0299833
0.0299833
0.0299832
0.0299833
0.0299832
0.0299833
0.0299832
0.0299833
0.0299832
0.0299832
0.0299832
0.0299832
0.0299832
0.0299832
0.0299832
0.0299832
0.0299832
0.0299832
0.0299832
0.0299832
0.0299832
0.0299832
0.0299832
0.0299832
0.0299832
0.0299832
0.0299832
0.0299832
0.0299831
0.0299832
0.0299831
0.0299831
0.0299831
0.0299831
0.0299831
0.0299831
0.0299831
0.0299831
0.0299831
0.0299831
0.0299831
0.0299831
0.0299831
0.0299831
0.0299831
0.0299831
0.0299831
0.0299831
0.029983
0.0299831
0.029983
0.029983
0.029983
0.029983
0.029983
0.029983
0.029983
0.029983
0.029983
0.029983
0.0299829
0.029983
0.0299829
0.0299829
0.0299829
0.0299829
0.0299829
0.0299829
0.0299829
0.0299829
0.0299829
0.0299829
0.0299829
0.0299829
0.0299829
0.0299829
0.0299829
0.0299829
0.0299829
0.0299829
0.0299828
0.0299829
0.0299828
0.0299828
0.0299828
0.0299828
0.0299828
0.0299828
0.0299828
0.0299828
0.0299828
0.0299828
0.0299828
0.0299828
0.0299828
0.0299828
0.0299828
0.0299828
0.0299827
0.0299828
0.0299827
0.0299828
0.0299827
0.0299827
0.0299827
0.0299827
0.0299827
0.0299827
0.0299827
0.0299827
0.0299827
0.0299827
0.0299827
0.0299827
0.0299827
0.0299827
0.0299827
0.0299827
0.0299827
0.0299827
0.0299827
0.0299827
0.0299827
0.0299827
0.0299827
0.0299826
0.0299825
0.029982
0.0299813
0.0412117
0.0301508
0.0300175
0.0300002
0.0299979
0.0299974
0.0299974
0.0299973
0.0299973
0.0299973
0.0299973
0.0299973
0.0299973
0.0299973
0.0299973
0.0299973
0.0299973
0.0299973
0.0299973
0.0299973
0.0299973
0.0299973
0.0299973
0.0299973
0.0299973
0.0299973
0.0299973
0.0299973
0.0299973
0.0299973
0.0299973
0.0299973
0.0299973
0.0299973
0.0299973
0.0299973
0.0299973
0.0299973
0.0299973
0.0299973
0.0299973
0.0299973
0.0299973
0.0299973
0.0299973
0.0299973
0.0299973
0.0299973
0.0299973
0.0299973
0.0299973
0.0299973
0.0299973
0.0299973
0.0299973
0.0299973
0.0299973
0.0299973
0.0299973
0.0299973
0.0299972
0.0299973
0.0299972
0.0299972
0.0299972
0.0299972
0.0299972
0.0299972
0.0299972
0.0299972
0.0299972
0.0299972
0.0299971
0.0299972
0.0299971
0.0299971
0.0299971
0.0299971
0.0299971
0.0299971
0.0299971
0.0299971
0.0299971
0.0299971
0.029997
0.0299971
0.029997
0.029997
0.029997
0.029997
0.029997
0.029997
0.0299969
0.029997
0.0299969
0.0299969
0.0299969
0.0299969
0.0299969
0.0299969
0.0299969
0.0299969
0.0299969
0.0299969
0.0299968
0.0299968
0.0299968
0.0299968
0.0299968
0.0299968
0.0299968
0.0299968
0.0299967
0.0299967
0.0299967
0.0299967
0.0299967
0.0299967
0.0299966
0.0299967
0.0299966
0.0299966
0.0299966
0.0299966
0.0299965
0.0299965
0.0299965
0.0299965
0.0299965
0.0299965
0.0299964
0.0299964
0.0299964
0.0299964
0.0299964
0.0299964
0.0299963
0.0299963
0.0299963
0.0299963
0.0299963
0.0299963
0.0299963
0.0299963
0.0299962
0.0299963
0.0299962
0.0299962
0.0299962
0.0299962
0.0299962
0.0299962
0.0299961
0.0299961
0.0299961
0.0299961
0.0299961
0.0299961
0.029996
0.029996
0.029996
0.029996
0.029996
0.029996
0.029996
0.029996
0.0299959
0.029996
0.0299959
0.0299959
0.0299959
0.0299959
0.0299959
0.0299959
0.0299959
0.0299959
0.0299958
0.0299958
0.0299958
0.0299958
0.0299958
0.0299958
0.0299958
0.0299958
0.0299958
0.0299958
0.0299958
0.0299958
0.0299958
0.0299958
0.0299957
0.0299958
0.0299957
0.0299958
0.0299957
0.0299957
0.0299957
0.0299955
0.0299942
0.0299925
0.0462539
0.0303489
0.0300885
0.0300496
0.0300441
0.0300432
0.030043
0.0300429
0.0300429
0.0300429
0.0300429
0.0300429
0.0300429
0.0300429
0.0300429
0.0300429
0.0300429
0.0300429
0.0300429
0.0300429
0.0300429
0.0300429
0.0300429
0.0300429
0.0300429
0.0300429
0.0300429
0.0300429
0.0300429
0.0300429
0.0300429
0.0300429
0.0300429
0.0300429
0.0300429
0.0300428
0.0300428
0.0300428
0.0300428
0.0300428
0.0300428
0.0300428
0.0300428
0.0300427
0.0300427
0.0300427
0.0300427
0.0300427
0.0300427
0.0300427
0.0300427
0.0300427
0.0300427
0.0300427
0.0300427
0.0300427
0.0300427
0.0300427
0.0300427
0.0300427
0.0300427
0.0300426
0.0300427
0.0300426
0.0300426
0.0300426
0.0300426
0.0300425
0.0300425
0.0300425
0.0300425
0.0300424
0.0300424
0.0300424
0.0300424
0.0300424
0.0300424
0.0300423
0.0300424
0.0300423
0.0300423
0.0300422
0.0300423
0.0300422
0.0300422
0.0300421
0.0300421
0.0300421
0.0300421
0.030042
0.030042
0.030042
0.030042
0.0300419
0.0300419
0.0300419
0.0300419
0.0300418
0.0300418
0.0300418
0.0300418
0.0300417
0.0300417
0.0300417
0.0300417
0.0300416
0.0300416
0.0300416
0.0300416
0.0300415
0.0300415
0.0300414
0.0300415
0.0300414
0.0300414
0.0300413
0.0300413
0.0300412
0.0300412
0.0300411
0.0300411
0.030041
0.0300411
0.030041
0.030041
0.0300409
0.0300409
0.0300408
0.0300408
0.0300407
0.0300407
0.0300406
0.0300406
0.0300406
0.0300406
0.0300405
0.0300405
0.0300404
0.0300405
0.0300404
0.0300404
0.0300403
0.0300404
0.0300403
0.0300403
0.0300402
0.0300402
0.0300402
0.0300402
0.0300401
0.0300401
0.03004
0.03004
0.0300399
0.0300399
0.0300398
0.0300398
0.0300398
0.0300398
0.0300397
0.0300397
0.0300397
0.0300397
0.0300396
0.0300396
0.0300396
0.0300396
0.0300395
0.0300395
0.0300395
0.0300395
0.0300394
0.0300394
0.0300394
0.0300394
0.0300393
0.0300393
0.0300392
0.0300392
0.0300392
0.0300392
0.0300392
0.0300391
0.0300391
0.0300391
0.0300391
0.0300391
0.0300391
0.0300391
0.0300391
0.0300391
0.0300391
0.0300391
0.0300391
0.0300391
0.030039
0.030039
0.0300384
0.0300354
0.0300314
0.0529648
0.0307698
0.0302749
0.0301903
0.0301777
0.0301754
0.030175
0.0301749
0.0301749
0.0301749
0.0301749
0.0301749
0.0301749
0.0301749
0.0301749
0.0301749
0.0301749
0.0301749
0.0301748
0.0301749
0.0301748
0.0301748
0.0301748
0.0301748
0.0301748
0.0301748
0.0301748
0.0301748
0.0301748
0.0301748
0.0301748
0.0301748
0.0301747
0.0301747
0.0301747
0.0301747
0.0301746
0.0301746
0.0301746
0.0301746
0.0301745
0.0301745
0.0301745
0.0301745
0.0301744
0.0301744
0.0301744
0.0301744
0.0301744
0.0301744
0.0301744
0.0301744
0.0301744
0.0301744
0.0301744
0.0301744
0.0301744
0.0301744
0.0301743
0.0301743
0.0301742
0.0301742
0.0301741
0.0301741
0.030174
0.030174
0.0301739
0.0301739
0.0301738
0.0301738
0.0301738
0.0301738
0.0301737
0.0301737
0.0301736
0.0301736
0.0301735
0.0301735
0.0301734
0.0301734
0.0301733
0.0301733
0.0301732
0.0301732
0.0301731
0.0301731
0.0301729
0.0301729
0.0301728
0.0301728
0.0301727
0.0301727
0.0301725
0.0301725
0.0301724
0.0301724
0.0301723
0.0301723
0.0301722
0.0301722
0.0301721
0.0301721
0.030172
0.030172
0.0301719
0.0301719
0.0301717
0.0301717
0.0301716
0.0301716
0.0301714
0.0301714
0.0301713
0.0301713
0.0301711
0.0301711
0.0301709
0.0301709
0.0301707
0.0301707
0.0301705
0.0301705
0.0301703
0.0301703
0.0301701
0.0301701
0.0301699
0.0301699
0.0301697
0.0301697
0.0301695
0.0301695
0.0301694
0.0301693
0.0301692
0.0301692
0.0301691
0.0301691
0.0301689
0.0301689
0.0301688
0.0301688
0.0301687
0.0301687
0.0301685
0.0301685
0.0301684
0.0301684
0.0301682
0.0301682
0.030168
0.030168
0.0301678
0.0301678
0.0301676
0.0301676
0.0301675
0.0301674
0.0301673
0.0301673
0.0301672
0.0301672
0.0301671
0.0301671
0.030167
0.030167
0.0301669
0.0301669
0.0301667
0.0301667
0.0301666
0.0301666
0.0301665
0.0301665
0.0301663
0.0301663
0.0301662
0.0301662
0.0301661
0.0301661
0.030166
0.030166
0.0301659
0.0301659
0.0301659
0.0301659
0.0301659
0.0301659
0.0301658
0.0301658
0.0301658
0.0301658
0.0301658
0.0301658
0.0301658
0.0301657
0.0301655
0.0301642
0.0301572
0.0301481
0.0614396
0.0316255
0.0307278
0.0305534
0.0305254
0.0305203
0.0305192
0.030519
0.030519
0.0305189
0.0305189
0.0305189
0.0305189
0.0305189
0.0305189
0.0305189
0.0305189
0.0305189
0.0305189
0.0305189
0.0305189
0.0305189
0.0305189
0.0305189
0.0305189
0.0305189
0.0305189
0.0305188
0.0305188
0.0305188
0.0305187
0.0305187
0.0305187
0.0305186
0.0305186
0.0305185
0.0305184
0.0305184
0.0305183
0.0305182
0.0305182
0.0305181
0.0305181
0.030518
0.030518
0.0305179
0.0305179
0.0305179
0.0305179
0.0305179
0.0305178
0.0305179
0.0305179
0.0305179
0.0305179
0.0305178
0.0305178
0.0305177
0.0305177
0.0305175
0.0305175
0.0305173
0.0305173
0.0305171
0.0305171
0.0305169
0.0305168
0.0305167
0.0305166
0.0305165
0.0305164
0.0305163
0.0305162
0.0305161
0.030516
0.0305159
0.0305159
0.0305157
0.0305156
0.0305154
0.0305154
0.0305152
0.0305151
0.0305149
0.0305148
0.0305146
0.0305145
0.0305142
0.0305142
0.0305139
0.0305139
0.0305136
0.0305136
0.0305134
0.0305133
0.0305131
0.0305131
0.0305129
0.0305128
0.0305126
0.0305126
0.0305123
0.0305123
0.0305121
0.030512
0.0305118
0.0305117
0.0305114
0.0305114
0.0305111
0.030511
0.0305107
0.0305106
0.0305103
0.0305102
0.0305098
0.0305098
0.0305094
0.0305093
0.0305089
0.0305088
0.0305084
0.0305083
0.030508
0.0305079
0.0305075
0.0305074
0.030507
0.030507
0.0305066
0.0305065
0.0305062
0.0305061
0.0305059
0.0305058
0.0305055
0.0305055
0.0305052
0.0305052
0.0305049
0.0305049
0.0305046
0.0305046
0.0305043
0.0305042
0.0305039
0.0305039
0.0305035
0.0305035
0.0305031
0.030503
0.0305027
0.0305026
0.0305022
0.0305021
0.0305018
0.0305017
0.0305015
0.0305014
0.0305012
0.0305011
0.0305009
0.0305008
0.0305006
0.0305006
0.0305004
0.0305003
0.0305001
0.0305001
0.0304998
0.0304998
0.0304995
0.0304995
0.0304992
0.0304991
0.0304989
0.0304988
0.0304986
0.0304985
0.0304984
0.0304983
0.0304982
0.0304981
0.0304981
0.030498
0.030498
0.030498
0.0304979
0.0304979
0.0304979
0.0304979
0.0304978
0.0304978
0.0304978
0.0304978
0.0304976
0.0304971
0.0304943
0.0304778
0.0304582
0.071632
0.03326
0.0317573
0.0314256
0.0313668
0.0313556
0.0313533
0.0313528
0.0313527
0.0313527
0.0313527
0.0313527
0.0313526
0.0313527
0.0313526
0.0313526
0.0313526
0.0313526
0.0313526
0.0313526
0.0313526
0.0313526
0.0313526
0.0313526
0.0313525
0.0313525
0.0313524
0.0313524
0.0313523
0.0313523
0.0313521
0.0313521
0.0313519
0.0313519
0.0313517
0.0313516
0.0313514
0.0313513
0.0313511
0.031351
0.0313509
0.0313508
0.0313506
0.0313506
0.0313504
0.0313504
0.0313503
0.0313503
0.0313502
0.0313502
0.0313502
0.0313502
0.0313502
0.0313502
0.0313501
0.0313501
0.0313499
0.0313498
0.0313496
0.0313495
0.0313492
0.031349
0.0313487
0.0313485
0.0313482
0.031348
0.0313476
0.0313475
0.0313472
0.031347
0.0313467
0.0313466
0.0313463
0.0313462
0.0313459
0.0313458
0.0313454
0.0313453
0.0313449
0.0313447
0.0313443
0.0313441
0.0313436
0.0313434
0.0313429
0.0313427
0.0313422
0.031342
0.0313415
0.0313413
0.0313408
0.0313406
0.0313402
0.03134
0.0313396
0.0313394
0.031339
0.0313389
0.0313385
0.0313383
0.0313379
0.0313377
0.0313372
0.0313371
0.0313366
0.0313364
0.0313358
0.0313356
0.0313351
0.0313348
0.0313342
0.0313339
0.0313333
0.031333
0.0313323
0.031332
0.0313313
0.031331
0.0313302
0.0313299
0.0313291
0.0313288
0.0313281
0.0313277
0.031327
0.0313267
0.0313259
0.0313256
0.031325
0.0313247
0.031324
0.0313238
0.0313232
0.0313229
0.0313224
0.0313222
0.0313217
0.0313215
0.031321
0.0313208
0.0313203
0.0313201
0.0313196
0.0313194
0.0313188
0.0313185
0.0313179
0.0313176
0.031317
0.0313167
0.031316
0.0313157
0.031315
0.0313147
0.031314
0.0313138
0.0313132
0.0313129
0.0313124
0.0313122
0.0313117
0.0313116
0.0313112
0.031311
0.0313106
0.0313104
0.03131
0.0313098
0.0313094
0.0313092
0.0313087
0.0313084
0.0313079
0.0313077
0.0313072
0.031307
0.0313065
0.0313063
0.031306
0.0313058
0.0313055
0.0313054
0.0313052
0.0313051
0.031305
0.0313049
0.0313048
0.0313048
0.0313047
0.0313047
0.0313046
0.0313046
0.0313045
0.0313045
0.0313043
0.0313041
0.0313029
0.0312969
0.0312589
0.0312194
0.083448
0.0361344
0.0339378
0.0333851
0.0332738
0.033251
0.0332461
0.033245
0.0332448
0.0332447
0.0332447
0.0332447
0.0332447
0.0332447
0.0332447
0.0332447
0.0332447
0.0332447
0.0332446
0.0332446
0.0332446
0.0332446
0.0332445
0.0332444
0.0332444
0.0332443
0.0332442
0.033244
0.0332439
0.0332437
0.0332436
0.0332433
0.0332431
0.0332428
0.0332426
0.0332422
0.033242
0.0332416
0.0332414
0.033241
0.0332408
0.0332404
0.0332402
0.03324
0.0332398
0.0332397
0.0332396
0.0332395
0.0332393
0.0332393
0.0332392
0.0332393
0.0332392
0.0332392
0.0332392
0.0332389
0.0332387
0.0332383
0.033238
0.0332374
0.0332371
0.0332364
0.033236
0.0332353
0.0332349
0.0332342
0.0332338
0.0332331
0.0332327
0.0332321
0.0332318
0.0332312
0.0332308
0.0332302
0.0332299
0.0332293
0.0332289
0.0332281
0.0332277
0.0332269
0.0332264
0.0332255
0.0332249
0.033224
0.0332234
0.0332224
0.0332218
0.0332208
0.0332203
0.0332193
0.0332188
0.0332179
0.0332174
0.0332166
0.0332161
0.0332153
0.0332148
0.033214
0.0332136
0.0332127
0.0332123
0.0332114
0.0332109
0.03321
0.0332094
0.0332084
0.0332079
0.0332068
0.0332061
0.0332049
0.0332042
0.033203
0.0332022
0.0332009
0.0332001
0.0331987
0.0331978
0.0331964
0.0331955
0.033194
0.0331932
0.0331916
0.0331908
0.0331893
0.0331884
0.0331869
0.0331861
0.0331847
0.033184
0.0331826
0.0331819
0.0331807
0.03318
0.0331789
0.0331783
0.0331773
0.0331768
0.0331758
0.0331753
0.0331743
0.0331737
0.0331727
0.0331721
0.033171
0.0331704
0.0331692
0.0331685
0.0331671
0.0331664
0.033165
0.0331642
0.0331628
0.033162
0.0331606
0.0331599
0.0331587
0.033158
0.0331569
0.0331564
0.0331554
0.0331549
0.0331541
0.0331536
0.0331528
0.0331523
0.0331515
0.033151
0.0331501
0.0331496
0.0331486
0.0331481
0.0331471
0.0331465
0.0331455
0.0331449
0.0331439
0.0331434
0.0331426
0.0331422
0.0331415
0.0331412
0.0331407
0.0331405
0.0331401
0.03314
0.0331398
0.0331396
0.0331395
0.0331394
0.0331393
0.0331392
0.033139
0.0331389
0.0331387
0.0331385
0.0331379
0.0331357
0.0331232
0.0330388
0.0329669
0.0969117
0.0406992
0.0381674
0.0374565
0.0372848
0.0372452
0.0372358
0.0372336
0.0372331
0.037233
0.0372329
0.0372329
0.0372329
0.0372329
0.0372329
0.0372329
0.0372328
0.0372328
0.0372328
0.0372328
0.0372327
0.0372326
0.0372325
0.0372324
0.0372322
0.037232
0.0372318
0.0372315
0.0372312
0.0372309
0.0372304
0.03723
0.0372294
0.037229
0.0372283
0.0372278
0.037227
0.0372265
0.0372257
0.0372252
0.0372245
0.037224
0.0372234
0.0372231
0.0372227
0.0372225
0.0372223
0.037222
0.0372217
0.0372216
0.0372214
0.0372216
0.0372215
0.0372216
0.0372212
0.0372208
0.0372201
0.0372196
0.0372186
0.0372178
0.0372165
0.0372157
0.0372143
0.0372134
0.0372119
0.037211
0.0372096
0.0372088
0.0372076
0.0372068
0.0372056
0.0372048
0.0372037
0.0372029
0.0372017
0.0372008
0.0371995
0.0371985
0.0371969
0.0371958
0.0371941
0.0371929
0.037191
0.0371898
0.0371878
0.0371865
0.0371846
0.0371833
0.0371814
0.0371802
0.0371784
0.0371773
0.0371756
0.0371745
0.0371728
0.0371718
0.0371702
0.0371691
0.0371675
0.0371665
0.0371648
0.0371637
0.0371619
0.0371607
0.0371588
0.0371575
0.0371554
0.037154
0.0371517
0.0371502
0.0371478
0.0371461
0.0371435
0.0371418
0.037139
0.0371372
0.0371343
0.0371324
0.0371295
0.0371275
0.0371245
0.0371226
0.0371196
0.0371176
0.0371147
0.0371128
0.03711
0.0371082
0.0371055
0.0371038
0.0371014
0.0370998
0.0370975
0.0370961
0.0370941
0.0370928
0.0370908
0.0370896
0.0370877
0.0370865
0.0370845
0.0370832
0.0370811
0.0370797
0.0370774
0.0370758
0.0370732
0.0370715
0.0370688
0.037067
0.0370642
0.0370625
0.0370597
0.0370581
0.0370555
0.037054
0.0370517
0.0370504
0.0370484
0.0370472
0.0370455
0.0370444
0.0370428
0.0370417
0.0370401
0.037039
0.0370373
0.0370362
0.0370343
0.037033
0.0370311
0.0370297
0.0370277
0.0370264
0.0370244
0.0370233
0.0370215
0.0370205
0.037019
0.0370182
0.0370171
0.0370165
0.0370158
0.0370154
0.0370149
0.0370146
0.0370142
0.037014
0.0370137
0.0370135
0.0370132
0.037013
0.0370126
0.0370123
0.0370118
0.0370109
0.0370067
0.0369831
0.0368047
0.0366951
0.112356
0.0471831
0.0454467
0.0450737
0.0449228
0.0448802
0.0448666
0.0448627
0.0448617
0.0448615
0.0448614
0.0448614
0.0448613
0.0448613
0.0448613
0.0448613
0.0448612
0.0448612
0.0448611
0.0448611
0.044861
0.0448608
0.0448606
0.0448603
0.04486
0.0448595
0.0448591
0.0448585
0.044858
0.0448572
0.0448565
0.0448555
0.0448546
0.0448534
0.0448524
0.044851
0.04485
0.0448485
0.0448474
0.044846
0.0448451
0.0448439
0.0448431
0.0448423
0.0448417
0.0448413
0.044841
0.0448405
0.0448399
0.0448398
0.0448394
0.0448396
0.0448395
0.0448394
0.0448389
0.0448378
0.0448368
0.0448351
0.0448336
0.0448315
0.0448297
0.0448273
0.0448254
0.0448229
0.0448209
0.0448185
0.0448166
0.0448144
0.0448127
0.0448105
0.044809
0.0448069
0.0448053
0.0448031
0.0448014
0.044799
0.0447971
0.0447943
0.0447922
0.0447891
0.0447867
0.0447834
0.0447808
0.0447773
0.0447746
0.0447711
0.0447685
0.044765
0.0447624
0.0447591
0.0447567
0.0447536
0.0447512
0.0447482
0.044746
0.0447431
0.0447409
0.044738
0.0447358
0.0447329
0.0447306
0.0447275
0.044725
0.0447217
0.044719
0.0447154
0.0447125
0.0447085
0.0447054
0.0447011
0.0446978
0.0446932
0.0446896
0.0446847
0.0446809
0.0446758
0.0446719
0.0446666
0.0446626
0.0446572
0.0446531
0.0446477
0.0446436
0.0446383
0.0446343
0.0446291
0.0446252
0.0446203
0.0446167
0.0446121
0.0446087
0.0446045
0.0446015
0.0445976
0.0445948
0.0445913
0.0445887
0.0445852
0.0445827
0.0445792
0.0445765
0.0445728
0.0445699
0.0445658
0.0445626
0.0445581
0.0445546
0.0445498
0.0445461
0.0445411
0.0445373
0.0445324
0.0445287
0.0445241
0.0445207
0.0445165
0.0445135
0.0445098
0.0445072
0.0445039
0.0445016
0.0444986
0.0444964
0.0444935
0.0444913
0.0444882
0.0444859
0.0444825
0.04448
0.0444764
0.0444737
0.04447
0.0444672
0.0444636
0.044461
0.0444577
0.0444554
0.0444526
0.0444507
0.0444486
0.0444472
0.0444456
0.0444447
0.0444436
0.044443
0.0444422
0.0444417
0.0444411
0.0444407
0.04444
0.0444396
0.0444389
0.0444383
0.0444376
0.0444369
0.0444353
0.0444289
0.0443896
0.0440397
0.0439297
0.13063
0.0555398
0.0560934
0.0573555
0.0575515
0.0575942
0.0575951
0.0575914
0.05759
0.0575896
0.0575894
0.0575894
0.0575893
0.0575893
0.0575893
0.0575893
0.0575892
0.0575891
0.057589
0.0575888
0.0575886
0.0575883
0.0575879
0.0575874
0.0575868
0.0575862
0.0575852
0.0575844
0.0575832
0.057582
0.0575805
0.0575791
0.0575772
0.0575755
0.0575733
0.0575714
0.057569
0.0575671
0.0575647
0.0575629
0.0575607
0.0575592
0.0575576
0.0575566
0.0575555
0.057555
0.0575545
0.0575539
0.0575529
0.0575526
0.057552
0.0575522
0.057552
0.0575518
0.0575505
0.0575488
0.0575464
0.057544
0.0575407
0.0575378
0.0575338
0.0575305
0.0575262
0.0575229
0.0575187
0.0575156
0.0575116
0.0575087
0.0575051
0.0575022
0.0574988
0.057496
0.0574926
0.0574895
0.0574857
0.0574823
0.0574781
0.0574742
0.0574694
0.0574652
0.0574598
0.0574553
0.0574496
0.0574449
0.0574391
0.0574344
0.0574286
0.057424
0.0574185
0.057414
0.0574088
0.0574046
0.0573995
0.0573955
0.0573907
0.0573867
0.057382
0.057378
0.0573732
0.0573692
0.0573641
0.0573599
0.0573545
0.0573499
0.057344
0.057339
0.0573327
0.0573273
0.0573204
0.0573145
0.0573071
0.0573008
0.0572929
0.0572863
0.057278
0.0572711
0.0572625
0.0572554
0.0572465
0.0572392
0.0572303
0.057223
0.0572141
0.0572069
0.0571982
0.0571912
0.0571828
0.0571762
0.0571683
0.0571622
0.0571549
0.0571493
0.0571427
0.0571376
0.0571316
0.0571269
0.0571212
0.0571166
0.057111
0.0571062
0.0571003
0.0570952
0.0570888
0.0570831
0.057076
0.0570698
0.057062
0.0570554
0.0570472
0.0570404
0.0570321
0.0570256
0.0570175
0.0570114
0.0570041
0.0569986
0.0569922
0.0569874
0.0569817
0.0569774
0.0569724
0.0569684
0.0569637
0.0569596
0.0569548
0.0569505
0.0569453
0.0569406
0.0569349
0.05693
0.0569239
0.0569189
0.0569128
0.056908
0.0569023
0.056898
0.056893
0.0568895
0.0568855
0.0568828
0.0568799
0.0568779
0.056876
0.0568746
0.0568732
0.0568722
0.0568712
0.0568703
0.0568693
0.0568684
0.0568673
0.0568663
0.0568651
0.0568641
0.0568628
0.056861
0.0568532
0.0568007
0.0561835
0.0562258
0.15324
0.0657918
0.0688534
0.0734828
0.0746969
0.0750494
0.0751469
0.0751608
0.075161
0.0751606
0.0751603
0.0751603
0.0751602
0.0751602
0.0751601
0.0751601
0.07516
0.0751599
0.0751597
0.0751594
0.0751591
0.0751586
0.075158
0.0751572
0.0751563
0.0751552
0.0751539
0.0751525
0.0751508
0.075149
0.0751469
0.0751445
0.075142
0.0751391
0.0751362
0.075133
0.0751298
0.0751265
0.0751233
0.0751203
0.0751175
0.0751151
0.075113
0.0751114
0.0751102
0.0751094
0.0751089
0.0751082
0.0751069
0.0751063
0.0751055
0.0751057
0.0751054
0.0751046
0.0751027
0.0750998
0.0750964
0.0750923
0.0750876
0.0750827
0.0750772
0.0750718
0.0750661
0.0750606
0.0750551
0.0750499
0.0750448
0.0750399
0.0750352
0.0750306
0.0750261
0.0750214
0.0750168
0.0750117
0.0750067
0.075001
0.0749951
0.0749888
0.0749821
0.0749751
0.0749679
0.0749604
0.0749527
0.074945
0.0749372
0.0749294
0.0749218
0.0749142
0.0749069
0.0748997
0.0748927
0.0748858
0.0748792
0.0748725
0.0748661
0.0748596
0.0748532
0.0748467
0.0748403
0.0748336
0.0748268
0.0748197
0.0748124
0.0748048
0.0747969
0.0747886
0.0747801
0.074771
0.0747617
0.074752
0.074742
0.0747316
0.074721
0.07471
0.0746989
0.0746874
0.0746759
0.074664
0.0746522
0.0746402
0.0746283
0.0746162
0.0746044
0.0745924
0.0745808
0.0745693
0.0745582
0.0745473
0.0745369
0.0745269
0.0745173
0.0745081
0.0744994
0.0744911
0.0744831
0.0744753
0.0744678
0.0744602
0.0744527
0.0744448
0.0744369
0.0744283
0.0744197
0.0744102
0.0744005
0.0743902
0.0743797
0.0743687
0.0743576
0.0743464
0.0743353
0.0743244
0.0743139
0.0743038
0.0742942
0.0742852
0.0742768
0.0742689
0.0742617
0.0742546
0.0742481
0.0742414
0.0742351
0.0742284
0.0742219
0.0742148
0.0742076
0.0741999
0.0741921
0.0741839
0.0741757
0.0741674
0.0741592
0.0741514
0.0741438
0.0741368
0.0741303
0.0741246
0.0741195
0.0741151
0.0741115
0.0741084
0.0741059
0.0741037
0.0741021
0.0741004
0.074099
0.0740975
0.0740962
0.0740946
0.074093
0.0740914
0.0740897
0.0740882
0.0740866
0.0740853
0.0740793
0.0740345
0.0730867
0.0736255
0.181501
0.0784029
0.0815547
0.0900021
0.0928422
0.0937624
0.0941221
0.0942213
0.0942357
0.094237
0.0942369
0.0942368
0.0942367
0.0942367
0.0942366
0.0942366
0.0942365
0.0942363
0.0942361
0.0942357
0.0942353
0.0942346
0.0942339
0.0942328
0.0942317
0.0942302
0.0942286
0.0942267
0.0942247
0.0942222
0.0942196
0.0942164
0.0942133
0.0942095
0.0942059
0.0942018
0.0941979
0.0941935
0.0941897
0.0941857
0.0941823
0.0941792
0.0941766
0.0941746
0.0941731
0.0941721
0.0941715
0.0941708
0.0941696
0.0941688
0.0941681
0.0941679
0.0941676
0.0941659
0.0941634
0.0941596
0.0941554
0.0941499
0.0941441
0.0941376
0.0941309
0.0941236
0.0941167
0.0941094
0.0941027
0.0940958
0.0940897
0.0940832
0.0940776
0.0940714
0.094066
0.0940598
0.0940542
0.0940475
0.0940412
0.0940338
0.0940265
0.0940181
0.09401
0.0940007
0.0939918
0.0939819
0.0939724
0.0939622
0.0939527
0.0939425
0.0939332
0.0939232
0.0939143
0.0939048
0.0938962
0.0938872
0.0938791
0.0938704
0.0938625
0.093854
0.0938462
0.0938376
0.0938296
0.0938208
0.0938124
0.0938031
0.0937941
0.093784
0.0937743
0.0937634
0.0937529
0.093741
0.0937295
0.0937167
0.0937044
0.0936906
0.0936776
0.0936631
0.0936494
0.0936343
0.0936201
0.0936046
0.0935901
0.0935742
0.0935596
0.0935438
0.0935292
0.0935136
0.0934993
0.0934842
0.0934706
0.0934563
0.0934436
0.0934304
0.0934187
0.0934066
0.093396
0.093385
0.0933753
0.0933651
0.0933559
0.0933458
0.0933366
0.0933262
0.0933164
0.0933052
0.0932944
0.093282
0.09327
0.0932564
0.0932434
0.0932289
0.0932153
0.0932006
0.0931869
0.0931727
0.0931597
0.0931465
0.0931348
0.093123
0.0931128
0.0931024
0.0930935
0.0930843
0.0930763
0.0930676
0.0930598
0.0930511
0.0930429
0.0930336
0.0930247
0.0930146
0.0930049
0.0929942
0.092984
0.0929731
0.0929631
0.0929527
0.0929434
0.0929343
0.0929264
0.0929189
0.0929128
0.0929071
0.0929027
0.0928987
0.0928957
0.0928929
0.0928908
0.0928887
0.092887
0.0928851
0.0928833
0.0928813
0.0928794
0.0928772
0.0928752
0.0928732
0.0928718
0.0928722
0.092874
0.0928788
0.0916234
0.0931992
0.212397
0.0935413
0.0930767
0.103011
0.107132
0.108509
0.109183
0.109493
0.109563
0.109572
0.109573
0.109573
0.109573
0.109573
0.109573
0.109573
0.109573
0.109572
0.109572
0.109572
0.109571
0.109571
0.10957
0.109569
0.109567
0.109566
0.109564
0.109562
0.109559
0.109557
0.109553
0.10955
0.109546
0.109543
0.109538
0.109534
0.109529
0.109525
0.10952
0.109516
0.109511
0.109508
0.109505
0.109503
0.109501
0.1095
0.109499
0.109499
0.109497
0.109497
0.109496
0.109496
0.109495
0.109493
0.10949
0.109486
0.109481
0.109475
0.109468
0.109462
0.109453
0.109446
0.109437
0.10943
0.109421
0.109414
0.109406
0.1094
0.109392
0.109387
0.109379
0.109374
0.109366
0.10936
0.109351
0.109344
0.109335
0.109327
0.109316
0.109307
0.109295
0.109286
0.109274
0.109264
0.109251
0.109241
0.109229
0.10922
0.109208
0.109199
0.109187
0.109179
0.109168
0.10916
0.109149
0.109141
0.109131
0.109123
0.109112
0.109104
0.109093
0.109084
0.109072
0.109062
0.10905
0.109039
0.109025
0.109014
0.108999
0.108986
0.10897
0.108957
0.10894
0.108926
0.108908
0.108894
0.108875
0.10886
0.108841
0.108826
0.108807
0.108791
0.108772
0.108757
0.108738
0.108724
0.108706
0.108692
0.108676
0.108663
0.108647
0.108636
0.108622
0.108611
0.108598
0.108589
0.108576
0.108567
0.108555
0.108545
0.108532
0.108521
0.108507
0.108495
0.108479
0.108466
0.108449
0.108435
0.108417
0.108403
0.108385
0.108372
0.108355
0.108342
0.108326
0.108315
0.108302
0.108292
0.10828
0.108271
0.10826
0.108252
0.108242
0.108233
0.108223
0.108214
0.108202
0.108192
0.10818
0.108169
0.108156
0.108146
0.108133
0.108123
0.10811
0.108102
0.108091
0.108084
0.108076
0.10807
0.108064
0.108061
0.108057
0.108054
0.108051
0.108049
0.108047
0.108045
0.108043
0.108041
0.108038
0.108036
0.108034
0.108032
0.108031
0.108034
0.108049
0.108148
0.10669
0.109964
0.235057
0.108407
0.098861
0.103794
0.10673
0.107479
0.107916
0.108432
0.108588
0.108615
0.108619
0.10862
0.10862
0.10862
0.10862
0.10862
0.10862
0.10862
0.10862
0.108619
0.108619
0.108618
0.108618
0.108616
0.108615
0.108614
0.108612
0.10861
0.108608
0.108605
0.108603
0.108599
0.108596
0.108592
0.108589
0.108584
0.10858
0.108575
0.108572
0.108567
0.108564
0.10856
0.108558
0.108555
0.108553
0.108552
0.108551
0.108551
0.10855
0.108549
0.108549
0.108548
0.108548
0.108545
0.108543
0.108539
0.108535
0.108529
0.108524
0.108516
0.10851
0.108501
0.108495
0.108486
0.10848
0.108472
0.108466
0.108458
0.108453
0.108445
0.108441
0.108433
0.108428
0.10842
0.108415
0.108406
0.108399
0.108389
0.108382
0.108371
0.108363
0.108351
0.108343
0.10833
0.108322
0.108309
0.108301
0.108289
0.108281
0.108269
0.108262
0.108251
0.108243
0.108233
0.108226
0.108215
0.108208
0.108198
0.108191
0.10818
0.108173
0.108162
0.108154
0.108141
0.108133
0.10812
0.10811
0.108096
0.108086
0.10807
0.108059
0.108043
0.108031
0.108014
0.108001
0.107983
0.10797
0.107952
0.107939
0.107919
0.107906
0.107887
0.107874
0.107855
0.107842
0.107824
0.107812
0.107795
0.107783
0.107767
0.107756
0.107742
0.107732
0.107718
0.10771
0.107697
0.107689
0.107677
0.107668
0.107656
0.107647
0.107634
0.107624
0.107609
0.107599
0.107582
0.107571
0.107553
0.107541
0.107523
0.107511
0.107494
0.107482
0.107466
0.107455
0.107441
0.107431
0.107419
0.107411
0.107399
0.107392
0.107381
0.107374
0.107364
0.107357
0.107346
0.107338
0.107326
0.107317
0.107304
0.107295
0.107282
0.107273
0.10726
0.107252
0.107241
0.107233
0.107224
0.107218
0.107211
0.107207
0.107202
0.107199
0.107196
0.107194
0.107191
0.10719
0.107188
0.107186
0.107184
0.107182
0.10718
0.107178
0.107176
0.107175
0.107179
0.107207
0.10739
0.106058
0.110875
0.22925
0.114466
0.0846078
0.0729947
0.0687954
0.0662219
0.0648217
0.0648229
0.0649088
0.0649471
0.0649558
0.0649578
0.0649583
0.0649584
0.0649584
0.0649584
0.0649583
0.0649583
0.0649582
0.0649581
0.0649579
0.0649576
0.0649573
0.064957
0.0649565
0.0649559
0.0649553
0.0649545
0.0649536
0.0649525
0.0649514
0.0649501
0.0649487
0.0649472
0.0649455
0.0649437
0.0649419
0.0649401
0.0649382
0.0649364
0.0649347
0.0649331
0.0649318
0.0649306
0.0649296
0.0649288
0.0649283
0.0649279
0.0649276
0.0649274
0.0649272
0.0649269
0.0649265
0.0649258
0.0649249
0.0649236
0.064922
0.0649199
0.0649176
0.0649149
0.064912
0.0649088
0.0649056
0.0649022
0.0648989
0.0648957
0.0648925
0.0648894
0.0648865
0.0648836
0.0648808
0.064878
0.0648753
0.0648724
0.0648695
0.0648663
0.0648631
0.0648596
0.0648559
0.0648519
0.0648478
0.0648435
0.0648391
0.0648345
0.0648299
0.0648253
0.0648207
0.0648162
0.0648117
0.0648073
0.0648031
0.0647988
0.0647948
0.0647908
0.0647869
0.064783
0.0647792
0.0647754
0.0647716
0.0647676
0.0647637
0.0647595
0.0647554
0.0647509
0.0647464
0.0647416
0.0647367
0.0647315
0.0647262
0.0647206
0.0647149
0.0647088
0.0647027
0.0646963
0.0646898
0.0646831
0.0646764
0.0646694
0.0646625
0.0646553
0.0646483
0.0646411
0.0646341
0.064627
0.0646201
0.0646131
0.0646065
0.0645998
0.0645935
0.0645873
0.0645814
0.0645757
0.0645703
0.0645651
0.0645601
0.0645553
0.0645507
0.0645461
0.0645416
0.0645369
0.0645323
0.0645274
0.0645224
0.0645171
0.0645116
0.0645057
0.0644998
0.0644934
0.0644871
0.0644805
0.064474
0.0644674
0.064461
0.0644548
0.0644488
0.0644431
0.0644378
0.0644327
0.064428
0.0644236
0.0644194
0.0644153
0.0644115
0.0644075
0.0644037
0.0643996
0.0643956
0.0643912
0.0643868
0.0643821
0.0643775
0.0643726
0.0643678
0.064363
0.0643584
0.0643539
0.0643498
0.064346
0.0643426
0.0643396
0.064337
0.0643348
0.064333
0.0643314
0.0643302
0.0643291
0.0643282
0.0643273
0.0643265
0.0643257
0.0643249
0.064324
0.0643232
0.0643226
0.0643227
0.0643257
0.0643446
0.0644467
0.0640022
0.0661674
0.22925
0.114466
0.0846078
0.0729946
0.0687954
0.0662219
0.0648217
0.0648229
0.0649088
0.0649471
0.0649558
0.0649578
0.0649583
0.0649584
0.0649584
0.0649584
0.0649583
0.0649583
0.0649582
0.064958
0.0649579
0.0649576
0.0649573
0.064957
0.0649565
0.0649559
0.0649553
0.0649545
0.0649536
0.0649525
0.0649514
0.0649501
0.0649487
0.0649472
0.0649455
0.0649438
0.0649419
0.0649401
0.0649382
0.0649364
0.0649347
0.0649332
0.0649317
0.0649305
0.0649296
0.0649288
0.0649283
0.0649279
0.0649276
0.0649274
0.0649272
0.0649269
0.0649265
0.0649259
0.0649249
0.0649236
0.064922
0.0649199
0.0649176
0.0649149
0.064912
0.0649088
0.0649056
0.0649023
0.0648989
0.0648957
0.0648925
0.0648894
0.0648864
0.0648836
0.0648808
0.064878
0.0648752
0.0648724
0.0648694
0.0648664
0.064863
0.0648596
0.0648558
0.0648519
0.0648478
0.0648435
0.0648391
0.0648345
0.0648299
0.0648253
0.0648207
0.0648162
0.0648117
0.0648073
0.064803
0.0647989
0.0647948
0.0647908
0.0647869
0.0647831
0.0647792
0.0647754
0.0647715
0.0647677
0.0647636
0.0647596
0.0647553
0.064751
0.0647464
0.0647417
0.0647367
0.0647316
0.0647262
0.0647206
0.0647148
0.0647089
0.0647026
0.0646963
0.0646898
0.0646831
0.0646763
0.0646694
0.0646624
0.0646554
0.0646482
0.0646412
0.064634
0.0646271
0.06462
0.0646132
0.0646064
0.0645999
0.0645934
0.0645873
0.0645814
0.0645757
0.0645703
0.0645651
0.0645601
0.0645553
0.0645506
0.0645461
0.0645415
0.064537
0.0645322
0.0645274
0.0645224
0.0645171
0.0645115
0.0645058
0.0644997
0.0644935
0.064487
0.0644805
0.0644739
0.0644675
0.064461
0.0644548
0.0644488
0.0644432
0.0644378
0.0644328
0.064428
0.0644236
0.0644194
0.0644154
0.0644114
0.0644076
0.0644036
0.0643997
0.0643955
0.0643913
0.0643868
0.0643822
0.0643774
0.0643726
0.0643678
0.064363
0.0643584
0.064354
0.0643498
0.064346
0.0643426
0.0643396
0.064337
0.0643348
0.064333
0.0643314
0.0643302
0.0643291
0.0643282
0.0643273
0.0643265
0.0643257
0.0643249
0.0643241
0.0643232
0.0643226
0.0643226
0.0643257
0.0643445
0.0644467
0.0640022
0.0661674
0.235057
0.108407
0.098861
0.103794
0.10673
0.107479
0.107916
0.108432
0.108588
0.108615
0.10862
0.10862
0.10862
0.10862
0.10862
0.10862
0.10862
0.10862
0.10862
0.108619
0.108619
0.108618
0.108617
0.108617
0.108615
0.108614
0.108612
0.10861
0.108608
0.108606
0.108602
0.1086
0.108596
0.108593
0.108588
0.108584
0.108579
0.108576
0.108571
0.108568
0.108563
0.10856
0.108557
0.108555
0.108553
0.108552
0.108551
0.108551
0.10855
0.108549
0.108549
0.108548
0.108547
0.108546
0.108543
0.10854
0.108534
0.10853
0.108523
0.108517
0.108509
0.108503
0.108494
0.108488
0.108479
0.108473
0.108465
0.108459
0.108452
0.108447
0.108439
0.108434
0.108427
0.108421
0.108413
0.108407
0.108398
0.108391
0.108381
0.108373
0.108361
0.108353
0.108341
0.108332
0.10832
0.108311
0.108299
0.108291
0.108279
0.108271
0.10826
0.108252
0.108242
0.108234
0.108224
0.108217
0.108207
0.1082
0.108189
0.108182
0.108171
0.108163
0.108152
0.108143
0.108131
0.108122
0.108108
0.108098
0.108083
0.108073
0.108057
0.108045
0.108028
0.108016
0.107998
0.107986
0.107967
0.107955
0.107936
0.107923
0.107903
0.10789
0.107871
0.107858
0.10784
0.107827
0.107809
0.107797
0.10778
0.107769
0.107754
0.107744
0.10773
0.107721
0.107708
0.107699
0.107687
0.107679
0.107666
0.107658
0.107645
0.107636
0.107622
0.107612
0.107596
0.107585
0.107568
0.107556
0.107539
0.107526
0.107509
0.107497
0.10748
0.107468
0.107453
0.107443
0.107429
0.107421
0.107409
0.107401
0.10739
0.107383
0.107373
0.107366
0.107355
0.107347
0.107336
0.107328
0.107315
0.107306
0.107293
0.107284
0.107271
0.107262
0.10725
0.107242
0.107232
0.107225
0.107217
0.107212
0.107206
0.107203
0.107199
0.107196
0.107193
0.107192
0.107189
0.107188
0.107186
0.107184
0.107182
0.10718
0.107177
0.107176
0.107175
0.107179
0.107207
0.10739
0.106058
0.110875
0.212397
0.0935412
0.0930766
0.103011
0.107132
0.108509
0.109184
0.109493
0.109563
0.109572
0.109573
0.109573
0.109573
0.109573
0.109573
0.109573
0.109573
0.109572
0.109572
0.109572
0.109571
0.10957
0.10957
0.109568
0.109567
0.109565
0.109564
0.109561
0.109559
0.109556
0.109554
0.10955
0.109547
0.109542
0.109538
0.109533
0.109529
0.109524
0.10952
0.109515
0.109512
0.109508
0.109505
0.109503
0.109501
0.1095
0.109499
0.109498
0.109498
0.109497
0.109496
0.109496
0.109495
0.109493
0.10949
0.109486
0.109481
0.109475
0.109469
0.109461
0.109454
0.109445
0.109438
0.109429
0.109422
0.109413
0.109407
0.109399
0.109393
0.109386
0.10938
0.109373
0.109367
0.109359
0.109352
0.109343
0.109336
0.109326
0.109317
0.109306
0.109297
0.109285
0.109275
0.109262
0.109253
0.10924
0.10923
0.109218
0.109209
0.109197
0.109189
0.109178
0.109169
0.109159
0.10915
0.10914
0.109132
0.109122
0.109113
0.109103
0.109094
0.109083
0.109073
0.109061
0.109051
0.109038
0.109027
0.109012
0.109
0.108985
0.108972
0.108955
0.108942
0.108924
0.10891
0.108892
0.108877
0.108858
0.108843
0.108824
0.108809
0.108789
0.108774
0.108755
0.10874
0.108722
0.108708
0.108691
0.108677
0.108661
0.108649
0.108634
0.108623
0.10861
0.1086
0.108587
0.108578
0.108566
0.108556
0.108543
0.108533
0.10852
0.108508
0.108493
0.108481
0.108465
0.108451
0.108433
0.108419
0.108401
0.108387
0.10837
0.108357
0.10834
0.108328
0.108314
0.108303
0.10829
0.108281
0.10827
0.108261
0.108251
0.108243
0.108232
0.108224
0.108213
0.108203
0.108191
0.108181
0.108168
0.108158
0.108144
0.108134
0.108121
0.108112
0.1081
0.108092
0.108083
0.108077
0.10807
0.108065
0.10806
0.108057
0.108054
0.108051
0.108049
0.108047
0.108045
0.108043
0.108041
0.108039
0.108036
0.108034
0.108032
0.108031
0.108034
0.108049
0.108148
0.10669
0.109963
0.181501
0.0784029
0.0815546
0.0900021
0.0928422
0.0937623
0.0941222
0.0942213
0.0942357
0.0942369
0.0942369
0.0942368
0.0942367
0.0942367
0.0942366
0.0942366
0.0942365
0.0942363
0.0942361
0.0942358
0.0942352
0.0942347
0.0942338
0.0942329
0.0942316
0.0942303
0.0942286
0.0942268
0.0942246
0.0942223
0.0942194
0.0942166
0.0942131
0.0942097
0.0942058
0.094202
0.0941977
0.0941937
0.0941895
0.0941858
0.0941823
0.0941792
0.0941766
0.0941746
0.0941731
0.0941721
0.0941715
0.0941708
0.0941697
0.0941686
0.0941682
0.0941678
0.0941675
0.0941661
0.0941632
0.0941598
0.0941551
0.0941501
0.094144
0.0941377
0.0941307
0.0941238
0.0941165
0.0941096
0.0941025
0.0940961
0.0940894
0.0940835
0.0940772
0.0940718
0.0940656
0.0940602
0.0940538
0.0940479
0.0940409
0.0940341
0.0940262
0.0940185
0.0940096
0.094001
0.0939914
0.0939822
0.0939721
0.0939626
0.0939523
0.0939429
0.0939328
0.0939237
0.0939139
0.0939052
0.0938959
0.0938876
0.0938787
0.0938708
0.0938621
0.0938543
0.0938458
0.0938379
0.0938293
0.0938212
0.0938121
0.0938034
0.0937937
0.0937845
0.0937739
0.0937638
0.0937524
0.0937414
0.093729
0.0937172
0.0937038
0.0936912
0.093677
0.0936636
0.0936488
0.0936349
0.0936195
0.0936052
0.0935895
0.0935749
0.093559
0.0935444
0.0935286
0.0935142
0.0934988
0.0934848
0.0934701
0.0934569
0.0934431
0.0934309
0.0934182
0.0934071
0.0933956
0.0933855
0.0933749
0.0933655
0.0933554
0.0933463
0.0933361
0.0933267
0.093316
0.0933057
0.0932939
0.0932825
0.0932695
0.093257
0.0932429
0.0932295
0.0932148
0.0932011
0.0931865
0.0931731
0.0931593
0.0931469
0.0931344
0.0931234
0.0931124
0.0931028
0.0930931
0.0930847
0.0930758
0.093068
0.0930594
0.0930515
0.0930425
0.093034
0.0930243
0.093015
0.0930045
0.0929946
0.0929837
0.0929735
0.0929628
0.092953
0.0929432
0.0929345
0.0929261
0.0929191
0.0929125
0.0929073
0.0929025
0.0928989
0.0928955
0.0928931
0.0928907
0.0928888
0.0928869
0.0928852
0.0928832
0.0928814
0.0928793
0.0928773
0.0928752
0.0928732
0.0928718
0.0928722
0.0928737
0.092879
0.0916234
0.0931992
0.15324
0.0657917
0.0688534
0.0734827
0.0746969
0.0750494
0.075147
0.0751608
0.075161
0.0751606
0.0751604
0.0751602
0.0751602
0.0751602
0.0751601
0.0751601
0.07516
0.0751599
0.0751597
0.0751595
0.0751591
0.0751586
0.075158
0.0751572
0.0751563
0.0751552
0.075154
0.0751525
0.0751508
0.075149
0.0751469
0.0751445
0.0751419
0.0751392
0.0751361
0.075133
0.0751297
0.0751265
0.0751233
0.0751203
0.0751176
0.0751151
0.0751131
0.0751114
0.0751102
0.0751093
0.0751089
0.075108
0.0751071
0.075106
0.0751058
0.0751054
0.0751056
0.0751048
0.0751026
0.0750999
0.0750963
0.0750923
0.0750877
0.0750826
0.0750773
0.0750717
0.0750662
0.0750605
0.0750551
0.0750498
0.0750448
0.0750399
0.0750352
0.0750307
0.075026
0.0750215
0.0750167
0.0750119
0.0750065
0.0750011
0.0749951
0.0749888
0.0749821
0.0749751
0.0749679
0.0749604
0.0749527
0.0749449
0.0749372
0.0749294
0.0749218
0.0749143
0.0749069
0.0748997
0.0748926
0.0748859
0.0748791
0.0748726
0.074866
0.0748597
0.0748532
0.0748468
0.0748402
0.0748336
0.0748267
0.0748197
0.0748124
0.0748048
0.0747968
0.0747887
0.07478
0.0747711
0.0747617
0.0747521
0.0747419
0.0747316
0.0747209
0.07471
0.0746988
0.0746875
0.0746758
0.0746641
0.0746521
0.0746403
0.0746282
0.0746163
0.0746043
0.0745925
0.0745808
0.0745694
0.0745582
0.0745474
0.0745369
0.0745269
0.0745173
0.0745081
0.0744994
0.0744911
0.0744831
0.0744754
0.0744677
0.0744603
0.0744526
0.0744449
0.0744368
0.0744285
0.0744195
0.0744103
0.0744004
0.0743903
0.0743796
0.0743687
0.0743576
0.0743464
0.0743353
0.0743244
0.0743139
0.0743038
0.0742942
0.0742852
0.0742768
0.074269
0.0742616
0.0742547
0.0742479
0.0742416
0.074235
0.0742286
0.0742217
0.0742149
0.0742075
0.0742
0.074192
0.074184
0.0741757
0.0741674
0.0741593
0.0741513
0.0741438
0.0741367
0.0741303
0.0741245
0.0741195
0.0741152
0.0741115
0.0741085
0.0741059
0.0741039
0.0741019
0.0741005
0.0740989
0.0740976
0.0740961
0.0740946
0.074093
0.0740914
0.0740898
0.0740881
0.0740867
0.0740852
0.0740791
0.0740346
0.0730867
0.0736255
0.13063
0.0555397
0.0560934
0.0573554
0.0575515
0.0575942
0.0575951
0.0575914
0.05759
0.0575896
0.0575894
0.0575893
0.0575893
0.0575893
0.0575893
0.0575892
0.0575892
0.0575891
0.057589
0.0575888
0.0575886
0.0575883
0.0575879
0.0575874
0.0575869
0.0575861
0.0575853
0.0575843
0.0575833
0.0575819
0.0575807
0.0575789
0.0575774
0.0575753
0.0575735
0.0575712
0.0575692
0.0575668
0.0575649
0.0575626
0.0575609
0.057559
0.0575578
0.0575564
0.0575557
0.0575549
0.0575546
0.0575537
0.0575531
0.0575523
0.0575523
0.0575519
0.0575523
0.0575518
0.0575506
0.0575487
0.0575466
0.0575438
0.057541
0.0575374
0.0575342
0.05753
0.0575267
0.0575225
0.0575192
0.0575151
0.057512
0.0575083
0.0575054
0.0575019
0.0574991
0.0574957
0.0574928
0.0574892
0.057486
0.057482
0.0574784
0.0574738
0.0574698
0.0574647
0.0574603
0.0574548
0.0574502
0.0574443
0.0574396
0.0574338
0.0574292
0.0574235
0.057419
0.0574136
0.0574092
0.0574041
0.0574
0.0573951
0.0573911
0.0573863
0.0573824
0.0573776
0.0573736
0.0573687
0.0573646
0.0573594
0.057355
0.0573494
0.0573446
0.0573385
0.0573333
0.0573267
0.057321
0.0573139
0.0573078
0.0573001
0.0572937
0.0572856
0.0572788
0.0572703
0.0572633
0.0572545
0.0572473
0.0572384
0.0572311
0.0572222
0.0572149
0.0572061
0.057199
0.0571904
0.0571836
0.0571754
0.0571691
0.0571615
0.0571556
0.0571487
0.0571434
0.057137
0.0571322
0.0571263
0.0571217
0.0571161
0.0571114
0.0571057
0.0571008
0.0570947
0.0570893
0.0570825
0.0570766
0.0570691
0.0570627
0.0570547
0.057048
0.0570396
0.0570329
0.0570247
0.0570184
0.0570107
0.0570049
0.0569979
0.0569928
0.0569868
0.0569823
0.056977
0.0569729
0.056968
0.056964
0.0569593
0.0569551
0.0569501
0.0569457
0.0569402
0.0569354
0.0569294
0.0569245
0.0569183
0.0569134
0.0569074
0.0569029
0.0568974
0.0568935
0.056889
0.0568859
0.0568825
0.0568802
0.0568777
0.0568761
0.0568745
0.0568733
0.0568721
0.0568712
0.0568703
0.0568693
0.0568683
0.0568674
0.0568662
0.0568652
0.056864
0.0568629
0.0568608
0.0568531
0.0568008
0.0561835
0.0562258
0.112356
0.047183
0.0454467
0.0450737
0.0449228
0.0448802
0.0448666
0.0448627
0.0448617
0.0448615
0.0448614
0.0448614
0.0448614
0.0448613
0.0448613
0.0448613
0.0448613
0.0448612
0.0448611
0.0448611
0.0448609
0.0448608
0.0448605
0.0448603
0.0448599
0.0448596
0.0448591
0.0448586
0.0448579
0.0448573
0.0448564
0.0448556
0.0448545
0.0448536
0.0448522
0.0448512
0.0448498
0.0448487
0.0448472
0.0448462
0.0448449
0.044844
0.044843
0.0448423
0.0448417
0.0448413
0.044841
0.0448404
0.0448401
0.0448396
0.0448396
0.0448394
0.0448396
0.0448395
0.0448387
0.044838
0.0448365
0.0448353
0.0448334
0.0448318
0.0448295
0.0448276
0.0448251
0.0448231
0.0448206
0.0448187
0.0448164
0.0448146
0.0448124
0.0448108
0.0448087
0.0448071
0.044805
0.0448034
0.0448011
0.0447993
0.0447967
0.0447947
0.0447918
0.0447895
0.0447863
0.0447838
0.0447804
0.0447777
0.0447742
0.0447715
0.044768
0.0447654
0.0447621
0.0447595
0.0447563
0.0447539
0.0447509
0.0447486
0.0447457
0.0447435
0.0447406
0.0447384
0.0447355
0.0447332
0.0447302
0.0447278
0.0447246
0.0447221
0.0447186
0.0447158
0.044712
0.044709
0.0447049
0.0447017
0.0446972
0.0446937
0.044689
0.0446853
0.0446803
0.0446764
0.0446713
0.0446673
0.0446619
0.0446579
0.0446525
0.0446484
0.044643
0.0446389
0.0446336
0.0446297
0.0446246
0.0446209
0.0446161
0.0446126
0.0446082
0.044605
0.044601
0.0445981
0.0445944
0.0445917
0.0445882
0.0445857
0.0445822
0.0445796
0.0445761
0.0445733
0.0445694
0.0445664
0.0445621
0.0445587
0.044554
0.0445504
0.0445455
0.0445417
0.0445367
0.0445329
0.0445281
0.0445246
0.0445202
0.044517
0.044513
0.0445102
0.0445068
0.0445043
0.0445012
0.044499
0.044496
0.0444939
0.0444909
0.0444886
0.0444854
0.044483
0.0444795
0.0444769
0.0444732
0.0444704
0.0444668
0.044464
0.0444606
0.0444581
0.044455
0.0444529
0.0444505
0.0444488
0.044447
0.0444458
0.0444445
0.0444437
0.0444428
0.0444422
0.0444416
0.0444412
0.0444406
0.0444401
0.0444395
0.044439
0.0444383
0.0444377
0.0444368
0.0444353
0.0444288
0.0443897
0.0440396
0.0439297
0.0969114
0.0406992
0.0381674
0.0374564
0.0372849
0.0372452
0.0372358
0.0372336
0.0372331
0.037233
0.0372329
0.0372329
0.0372329
0.0372329
0.0372329
0.0372329
0.0372328
0.0372328
0.0372328
0.0372327
0.0372327
0.0372326
0.0372325
0.0372324
0.0372322
0.037232
0.0372318
0.0372315
0.0372312
0.0372308
0.0372305
0.0372299
0.0372295
0.0372289
0.0372284
0.0372277
0.0372271
0.0372263
0.0372258
0.037225
0.0372246
0.0372239
0.0372235
0.037223
0.0372228
0.0372224
0.0372223
0.0372219
0.0372218
0.0372215
0.0372216
0.0372214
0.0372216
0.0372215
0.0372213
0.0372207
0.0372202
0.0372194
0.0372187
0.0372176
0.0372168
0.0372154
0.0372145
0.0372131
0.0372122
0.0372108
0.0372099
0.0372086
0.0372078
0.0372066
0.0372058
0.0372046
0.0372039
0.0372027
0.0372019
0.0372006
0.0371997
0.0371982
0.0371972
0.0371955
0.0371944
0.0371926
0.0371914
0.0371894
0.0371882
0.0371862
0.0371849
0.037183
0.0371818
0.0371799
0.0371787
0.037177
0.0371758
0.0371742
0.0371731
0.0371715
0.0371705
0.0371689
0.0371678
0.0371662
0.0371651
0.0371634
0.0371622
0.0371604
0.0371591
0.0371571
0.0371558
0.0371536
0.0371521
0.0371498
0.0371482
0.0371457
0.037144
0.0371413
0.0371395
0.0371367
0.0371348
0.0371319
0.03713
0.037127
0.037125
0.037122
0.0371201
0.0371171
0.0371152
0.0371123
0.0371105
0.0371077
0.037106
0.0371034
0.0371018
0.0370994
0.0370979
0.0370958
0.0370944
0.0370924
0.0370912
0.0370893
0.0370881
0.0370862
0.0370849
0.0370829
0.0370815
0.0370793
0.0370778
0.0370753
0.0370737
0.037071
0.0370693
0.0370665
0.0370647
0.037062
0.0370602
0.0370576
0.037056
0.0370536
0.0370521
0.03705
0.0370487
0.0370469
0.0370458
0.0370441
0.037043
0.0370415
0.0370404
0.0370388
0.0370376
0.0370359
0.0370346
0.0370327
0.0370314
0.0370294
0.0370281
0.037026
0.0370248
0.0370229
0.0370218
0.0370202
0.0370193
0.037018
0.0370173
0.0370164
0.0370159
0.0370153
0.037015
0.0370145
0.0370143
0.037014
0.0370138
0.0370135
0.0370132
0.0370129
0.0370126
0.0370122
0.0370119
0.0370108
0.0370067
0.0369831
0.0368047
0.0366951
0.0834477
0.0361344
0.0339378
0.0333851
0.0332738
0.033251
0.0332461
0.033245
0.0332448
0.0332447
0.0332447
0.0332447
0.0332447
0.0332447
0.0332447
0.0332447
0.0332447
0.0332446
0.0332446
0.0332446
0.0332446
0.0332446
0.0332445
0.0332445
0.0332444
0.0332443
0.0332442
0.0332441
0.0332439
0.0332438
0.0332435
0.0332434
0.0332431
0.0332429
0.0332425
0.0332423
0.0332419
0.0332417
0.0332413
0.0332411
0.0332407
0.0332405
0.0332402
0.03324
0.0332398
0.0332397
0.0332396
0.0332394
0.0332394
0.0332392
0.0332393
0.0332392
0.0332393
0.0332392
0.0332391
0.033239
0.0332386
0.0332384
0.0332379
0.0332376
0.033237
0.0332366
0.0332359
0.0332355
0.0332347
0.0332343
0.0332336
0.0332332
0.0332326
0.0332322
0.0332316
0.0332313
0.0332307
0.0332304
0.0332298
0.0332294
0.0332287
0.0332283
0.0332275
0.0332271
0.0332262
0.0332257
0.0332247
0.0332242
0.0332232
0.0332226
0.0332216
0.0332211
0.0332201
0.0332195
0.0332186
0.0332181
0.0332172
0.0332168
0.0332159
0.0332155
0.0332147
0.0332142
0.0332134
0.0332129
0.0332121
0.0332116
0.0332107
0.0332102
0.0332092
0.0332087
0.0332076
0.033207
0.0332059
0.0332052
0.033204
0.0332033
0.0332019
0.0332012
0.0331998
0.033199
0.0331975
0.0331967
0.0331952
0.0331944
0.0331928
0.033192
0.0331904
0.0331896
0.0331881
0.0331873
0.0331858
0.033185
0.0331837
0.0331829
0.0331816
0.033181
0.0331798
0.0331792
0.0331781
0.0331775
0.0331766
0.033176
0.033175
0.0331745
0.0331735
0.033173
0.0331719
0.0331713
0.0331701
0.0331695
0.0331682
0.0331674
0.033166
0.0331653
0.0331639
0.0331631
0.0331617
0.0331609
0.0331596
0.0331589
0.0331578
0.0331572
0.0331562
0.0331556
0.0331547
0.0331542
0.0331534
0.033153
0.0331522
0.0331517
0.0331508
0.0331504
0.0331494
0.0331489
0.0331479
0.0331473
0.0331463
0.0331457
0.0331447
0.0331441
0.0331432
0.0331428
0.033142
0.0331416
0.0331411
0.0331408
0.0331404
0.0331402
0.0331399
0.0331398
0.0331396
0.0331395
0.0331394
0.0331393
0.0331391
0.0331391
0.0331389
0.0331387
0.0331385
0.033138
0.0331357
0.0331232
0.0330388
0.0329669
0.0716319
0.0332599
0.0317573
0.0314256
0.0313668
0.0313556
0.0313533
0.0313528
0.0313527
0.0313527
0.0313527
0.0313527
0.0313526
0.0313526
0.0313526
0.0313526
0.0313526
0.0313526
0.0313526
0.0313526
0.0313526
0.0313526
0.0313526
0.0313525
0.0313525
0.0313525
0.0313524
0.0313524
0.0313523
0.0313522
0.0313522
0.031352
0.031352
0.0313518
0.0313517
0.0313516
0.0313515
0.0313513
0.0313512
0.031351
0.0313509
0.0313507
0.0313507
0.0313505
0.0313505
0.0313504
0.0313503
0.0313503
0.0313502
0.0313502
0.0313502
0.0313502
0.0313502
0.0313502
0.0313501
0.03135
0.03135
0.0313498
0.0313497
0.0313494
0.0313493
0.0313489
0.0313488
0.0313484
0.0313483
0.0313479
0.0313478
0.0313474
0.0313473
0.031347
0.0313468
0.0313465
0.0313464
0.0313461
0.031346
0.0313457
0.0313455
0.0313452
0.031345
0.0313446
0.0313444
0.031344
0.0313438
0.0313433
0.0313431
0.0313426
0.0313424
0.0313419
0.0313416
0.0313412
0.031341
0.0313405
0.0313403
0.0313399
0.0313397
0.0313393
0.0313391
0.0313387
0.0313386
0.0313382
0.031338
0.0313376
0.0313374
0.0313369
0.0313367
0.0313362
0.031336
0.0313355
0.0313352
0.0313346
0.0313344
0.0313337
0.0313335
0.0313328
0.0313325
0.0313318
0.0313315
0.0313308
0.0313304
0.0313297
0.0313294
0.0313286
0.0313283
0.0313275
0.0313272
0.0313265
0.0313262
0.0313254
0.0313251
0.0313245
0.0313242
0.0313236
0.0313233
0.0313228
0.0313226
0.031322
0.0313218
0.0313213
0.0313211
0.0313207
0.0313205
0.03132
0.0313197
0.0313192
0.031319
0.0313184
0.0313181
0.0313174
0.0313172
0.0313165
0.0313162
0.0313155
0.0313152
0.0313145
0.0313142
0.0313136
0.0313133
0.0313128
0.0313125
0.0313121
0.0313119
0.0313114
0.0313113
0.0313109
0.0313107
0.0313103
0.0313101
0.0313097
0.0313095
0.031309
0.0313088
0.0313083
0.0313081
0.0313076
0.0313073
0.0313069
0.0313067
0.0313062
0.0313061
0.0313057
0.0313056
0.0313053
0.0313052
0.0313051
0.031305
0.0313049
0.0313049
0.0313048
0.0313048
0.0313047
0.0313047
0.0313046
0.0313045
0.0313044
0.0313044
0.0313041
0.031303
0.0312968
0.0312589
0.0312194
0.0614396
0.0316255
0.0307278
0.0305534
0.0305254
0.0305203
0.0305192
0.030519
0.030519
0.0305189
0.0305189
0.0305189
0.0305189
0.0305189
0.0305189
0.0305189
0.0305189
0.0305189
0.0305189
0.0305189
0.0305189
0.0305189
0.0305189
0.0305189
0.0305189
0.0305189
0.0305188
0.0305188
0.0305188
0.0305188
0.0305187
0.0305187
0.0305186
0.0305186
0.0305185
0.0305185
0.0305184
0.0305184
0.0305183
0.0305183
0.0305182
0.0305181
0.0305181
0.030518
0.030518
0.030518
0.0305179
0.0305179
0.0305179
0.0305179
0.0305179
0.0305178
0.0305179
0.0305179
0.0305178
0.0305178
0.0305178
0.0305177
0.0305176
0.0305176
0.0305174
0.0305174
0.0305172
0.0305172
0.030517
0.0305169
0.0305168
0.0305167
0.0305166
0.0305165
0.0305164
0.0305163
0.0305162
0.0305161
0.030516
0.030516
0.0305158
0.0305158
0.0305156
0.0305155
0.0305153
0.0305153
0.030515
0.030515
0.0305147
0.0305146
0.0305144
0.0305143
0.0305141
0.030514
0.0305138
0.0305137
0.0305135
0.0305134
0.0305132
0.0305132
0.030513
0.0305129
0.0305127
0.0305127
0.0305125
0.0305124
0.0305122
0.0305122
0.0305119
0.0305119
0.0305116
0.0305115
0.0305113
0.0305112
0.0305109
0.0305108
0.0305105
0.0305104
0.0305101
0.03051
0.0305096
0.0305095
0.0305091
0.0305091
0.0305087
0.0305086
0.0305082
0.0305081
0.0305077
0.0305076
0.0305073
0.0305072
0.0305068
0.0305067
0.0305064
0.0305063
0.030506
0.030506
0.0305057
0.0305056
0.0305054
0.0305053
0.0305051
0.030505
0.0305048
0.0305047
0.0305045
0.0305044
0.0305041
0.0305041
0.0305037
0.0305037
0.0305033
0.0305032
0.0305029
0.0305028
0.0305024
0.0305024
0.030502
0.0305019
0.0305016
0.0305016
0.0305013
0.0305012
0.030501
0.0305009
0.0305008
0.0305007
0.0305005
0.0305005
0.0305002
0.0305002
0.0305
0.0304999
0.0304997
0.0304996
0.0304993
0.0304993
0.030499
0.030499
0.0304987
0.0304987
0.0304985
0.0304984
0.0304983
0.0304982
0.0304981
0.0304981
0.030498
0.030498
0.030498
0.0304979
0.0304979
0.0304979
0.0304979
0.0304979
0.0304978
0.0304978
0.0304977
0.0304976
0.0304971
0.0304943
0.0304778
0.0304582
0.0529646
0.0307698
0.0302749
0.0301903
0.0301777
0.0301754
0.030175
0.0301749
0.0301749
0.0301749
0.0301749
0.0301749
0.0301749
0.0301749
0.0301749
0.0301749
0.0301749
0.0301749
0.0301749
0.0301748
0.0301749
0.0301748
0.0301748
0.0301748
0.0301748
0.0301748
0.0301748
0.0301748
0.0301748
0.0301748
0.0301748
0.0301748
0.0301748
0.0301747
0.0301747
0.0301747
0.0301747
0.0301746
0.0301746
0.0301746
0.0301746
0.0301745
0.0301745
0.0301745
0.0301745
0.0301744
0.0301744
0.0301744
0.0301744
0.0301744
0.0301744
0.0301744
0.0301744
0.0301744
0.0301744
0.0301744
0.0301744
0.0301743
0.0301743
0.0301743
0.0301743
0.0301742
0.0301742
0.0301741
0.0301741
0.030174
0.030174
0.0301739
0.0301739
0.0301738
0.0301738
0.0301737
0.0301737
0.0301736
0.0301736
0.0301736
0.0301736
0.0301735
0.0301735
0.0301734
0.0301734
0.0301733
0.0301733
0.0301731
0.0301731
0.030173
0.030173
0.0301729
0.0301729
0.0301727
0.0301727
0.0301726
0.0301726
0.0301725
0.0301725
0.0301724
0.0301724
0.0301723
0.0301723
0.0301722
0.0301722
0.030172
0.030172
0.0301719
0.0301719
0.0301718
0.0301718
0.0301717
0.0301717
0.0301715
0.0301715
0.0301713
0.0301713
0.0301712
0.0301712
0.030171
0.030171
0.0301708
0.0301708
0.0301706
0.0301706
0.0301704
0.0301704
0.0301702
0.0301702
0.03017
0.03017
0.0301698
0.0301698
0.0301696
0.0301696
0.0301694
0.0301694
0.0301693
0.0301693
0.0301691
0.0301691
0.030169
0.030169
0.0301689
0.0301689
0.0301687
0.0301687
0.0301686
0.0301686
0.0301685
0.0301685
0.0301683
0.0301683
0.0301681
0.0301681
0.0301679
0.0301679
0.0301677
0.0301677
0.0301675
0.0301675
0.0301674
0.0301674
0.0301672
0.0301672
0.0301671
0.0301671
0.030167
0.030167
0.0301669
0.0301669
0.0301668
0.0301668
0.0301667
0.0301667
0.0301666
0.0301665
0.0301664
0.0301664
0.0301663
0.0301663
0.0301661
0.0301661
0.030166
0.030166
0.030166
0.0301659
0.0301659
0.0301659
0.0301659
0.0301659
0.0301659
0.0301659
0.0301658
0.0301658
0.0301658
0.0301658
0.0301658
0.0301658
0.0301657
0.0301655
0.0301642
0.0301572
0.0301481
0.0462537
0.0303489
0.0300885
0.0300496
0.0300441
0.0300432
0.030043
0.0300429
0.0300429
0.0300429
0.0300429
0.0300429
0.0300429
0.0300429
0.0300429
0.0300429
0.0300429
0.0300429
0.0300429
0.0300429
0.0300429
0.0300429
0.0300429
0.0300429
0.0300429
0.0300429
0.0300429
0.0300429
0.0300429
0.0300429
0.0300429
0.0300429
0.0300429
0.0300429
0.0300428
0.0300428
0.0300428
0.0300428
0.0300428
0.0300428
0.0300428
0.0300428
0.0300428
0.0300428
0.0300427
0.0300427
0.0300427
0.0300427
0.0300427
0.0300427
0.0300427
0.0300427
0.0300427
0.0300427
0.0300427
0.0300427
0.0300427
0.0300427
0.0300427
0.0300427
0.0300427
0.0300427
0.0300426
0.0300426
0.0300426
0.0300426
0.0300425
0.0300425
0.0300425
0.0300425
0.0300425
0.0300425
0.0300424
0.0300424
0.0300424
0.0300424
0.0300424
0.0300424
0.0300423
0.0300423
0.0300423
0.0300423
0.0300422
0.0300422
0.0300422
0.0300422
0.0300421
0.0300421
0.0300421
0.0300421
0.030042
0.030042
0.0300419
0.0300419
0.0300419
0.0300419
0.0300418
0.0300419
0.0300418
0.0300418
0.0300418
0.0300418
0.0300417
0.0300417
0.0300417
0.0300417
0.0300416
0.0300416
0.0300415
0.0300416
0.0300415
0.0300415
0.0300414
0.0300414
0.0300413
0.0300414
0.0300413
0.0300413
0.0300412
0.0300412
0.0300411
0.0300411
0.030041
0.030041
0.0300409
0.0300409
0.0300408
0.0300408
0.0300407
0.0300408
0.0300407
0.0300407
0.0300406
0.0300406
0.0300405
0.0300405
0.0300405
0.0300405
0.0300404
0.0300404
0.0300404
0.0300404
0.0300403
0.0300403
0.0300403
0.0300403
0.0300402
0.0300402
0.0300401
0.0300401
0.03004
0.0300401
0.03004
0.03004
0.0300399
0.0300399
0.0300398
0.0300398
0.0300397
0.0300397
0.0300397
0.0300397
0.0300396
0.0300396
0.0300396
0.0300396
0.0300395
0.0300396
0.0300395
0.0300395
0.0300394
0.0300395
0.0300394
0.0300394
0.0300393
0.0300393
0.0300393
0.0300393
0.0300392
0.0300392
0.0300392
0.0300392
0.0300391
0.0300391
0.0300391
0.0300391
0.0300391
0.0300391
0.0300391
0.0300391
0.0300391
0.0300391
0.0300391
0.0300391
0.0300391
0.0300391
0.0300389
0.0300384
0.0300354
0.0300314
0.0412118
0.0301508
0.0300175
0.0300002
0.0299979
0.0299974
0.0299974
0.0299973
0.0299973
0.0299973
0.0299973
0.0299973
0.0299973
0.0299973
0.0299973
0.0299973
0.0299973
0.0299973
0.0299973
0.0299973
0.0299973
0.0299973
0.0299973
0.0299973
0.0299973
0.0299973
0.0299973
0.0299973
0.0299973
0.0299973
0.0299973
0.0299973
0.0299973
0.0299973
0.0299973
0.0299973
0.0299973
0.0299973
0.0299973
0.0299973
0.0299973
0.0299973
0.0299973
0.0299973
0.0299973
0.0299973
0.0299973
0.0299973
0.0299973
0.0299973
0.0299973
0.0299973
0.0299973
0.0299973
0.0299973
0.0299973
0.0299973
0.0299973
0.0299973
0.0299973
0.0299973
0.0299972
0.0299973
0.0299972
0.0299972
0.0299972
0.0299972
0.0299972
0.0299972
0.0299972
0.0299972
0.0299972
0.0299972
0.0299971
0.0299971
0.0299971
0.0299971
0.0299971
0.0299971
0.0299971
0.0299971
0.0299971
0.0299971
0.0299971
0.0299971
0.029997
0.029997
0.029997
0.029997
0.029997
0.029997
0.029997
0.029997
0.0299969
0.0299969
0.0299969
0.0299969
0.0299969
0.0299969
0.0299969
0.0299969
0.0299969
0.0299969
0.0299968
0.0299969
0.0299968
0.0299968
0.0299968
0.0299968
0.0299968
0.0299968
0.0299967
0.0299968
0.0299967
0.0299967
0.0299967
0.0299967
0.0299966
0.0299967
0.0299966
0.0299966
0.0299966
0.0299966
0.0299965
0.0299966
0.0299965
0.0299965
0.0299965
0.0299965
0.0299964
0.0299964
0.0299964
0.0299964
0.0299964
0.0299964
0.0299963
0.0299964
0.0299963
0.0299963
0.0299963
0.0299963
0.0299963
0.0299963
0.0299963
0.0299963
0.0299962
0.0299963
0.0299962
0.0299962
0.0299962
0.0299962
0.0299961
0.0299962
0.0299961
0.0299961
0.0299961
0.0299961
0.029996
0.029996
0.029996
0.029996
0.029996
0.029996
0.029996
0.029996
0.029996
0.029996
0.0299959
0.029996
0.0299959
0.0299959
0.0299959
0.0299959
0.0299959
0.0299959
0.0299958
0.0299959
0.0299958
0.0299958
0.0299958
0.0299958
0.0299958
0.0299958
0.0299958
0.0299958
0.0299958
0.0299958
0.0299958
0.0299958
0.0299958
0.0299958
0.0299957
0.0299958
0.0299957
0.0299957
0.0299957
0.0299957
0.0299955
0.0299942
0.0299925
0.0376302
0.0300591
0.029992
0.0299845
0.0299835
0.0299834
0.0299833
0.0299833
0.0299833
0.0299833
0.0299833
0.0299833
0.0299833
0.0299833
0.0299833
0.0299833
0.0299833
0.0299833
0.0299833
0.0299833
0.0299833
0.0299833
0.0299833
0.0299833
0.0299833
0.0299833
0.0299833
0.0299833
0.0299833
0.0299833
0.0299833
0.0299833
0.0299833
0.0299833
0.0299833
0.0299833
0.0299833
0.0299833
0.0299833
0.0299833
0.0299833
0.0299833
0.0299833
0.0299833
0.0299833
0.0299833
0.0299833
0.0299833
0.0299833
0.0299833
0.0299833
0.0299833
0.0299833
0.0299833
0.0299833
0.0299833
0.0299833
0.0299833
0.0299833
0.0299833
0.0299833
0.0299833
0.0299833
0.0299833
0.0299833
0.0299833
0.0299833
0.0299833
0.0299833
0.0299833
0.0299833
0.0299833
0.0299833
0.0299833
0.0299832
0.0299833
0.0299832
0.0299833
0.0299832
0.0299833
0.0299832
0.0299832
0.0299832
0.0299832
0.0299832
0.0299832
0.0299832
0.0299832
0.0299832
0.0299832
0.0299832
0.0299832
0.0299832
0.0299832
0.0299832
0.0299832
0.0299832
0.0299832
0.0299831
0.0299832
0.0299831
0.0299831
0.0299831
0.0299831
0.0299831
0.0299831
0.0299831
0.0299831
0.0299831
0.0299831
0.0299831
0.0299831
0.0299831
0.0299831
0.0299831
0.0299831
0.0299831
0.0299831
0.029983
0.0299831
0.029983
0.029983
0.029983
0.029983
0.029983
0.029983
0.029983
0.029983
0.029983
0.029983
0.029983
0.029983
0.0299829
0.0299829
0.0299829
0.0299829
0.0299829
0.0299829
0.0299829
0.0299829
0.0299829
0.0299829
0.0299829
0.0299829
0.0299829
0.0299829
0.0299829
0.0299829
0.0299829
0.0299829
0.0299828
0.0299829
0.0299828
0.0299828
0.0299828
0.0299828
0.0299828
0.0299828
0.0299828
0.0299828
0.0299828
0.0299828
0.0299828
0.0299828
0.0299828
0.0299828
0.0299828
0.0299828
0.0299827
0.0299828
0.0299827
0.0299828
0.0299827
0.0299827
0.0299827
0.0299827
0.0299827
0.0299827
0.0299827
0.0299827
0.0299827
0.0299827
0.0299827
0.0299827
0.0299827
0.0299827
0.0299827
0.0299827
0.0299827
0.0299827
0.0299827
0.0299827
0.0299827
0.0299827
0.0299827
0.0299827
0.0299826
0.0299825
0.029982
0.0299813
0.0353239
0.0300125
0.029979
0.0299758
0.0299754
0.0299754
0.0299753
0.0299753
0.0299753
0.0299753
0.0299753
0.0299753
0.0299753
0.0299753
0.0299753
0.0299753
0.0299753
0.0299753
0.0299753
0.0299753
0.0299753
0.0299753
0.0299753
0.0299753
0.0299753
0.0299753
0.0299753
0.0299753
0.0299753
0.0299753
0.0299753
0.0299753
0.0299753
0.0299753
0.0299753
0.0299753
0.0299753
0.0299753
0.0299753
0.0299753
0.0299753
0.0299753
0.0299753
0.0299753
0.0299753
0.0299753
0.0299753
0.0299753
0.0299753
0.0299753
0.0299753
0.0299753
0.0299753
0.0299753
0.0299753
0.0299753
0.0299753
0.0299753
0.0299753
0.0299753
0.0299753
0.0299753
0.0299753
0.0299753
0.0299753
0.0299753
0.0299753
0.0299753
0.0299753
0.0299753
0.0299753
0.0299753
0.0299753
0.0299753
0.0299753
0.0299753
0.0299753
0.0299753
0.0299753
0.0299753
0.0299753
0.0299753
0.0299753
0.0299753
0.0299753
0.0299753
0.0299753
0.0299753
0.0299753
0.0299753
0.0299753
0.0299753
0.0299753
0.0299753
0.0299753
0.0299753
0.0299753
0.0299753
0.0299753
0.0299753
0.0299753
0.0299753
0.0299753
0.0299753
0.0299753
0.0299753
0.0299753
0.0299753
0.0299753
0.0299753
0.0299753
0.0299753
0.0299753
0.0299752
0.0299753
0.0299752
0.0299753
0.0299752
0.0299753
0.0299752
0.0299752
0.0299752
0.0299752
0.0299752
0.0299752
0.0299752
0.0299752
0.0299752
0.0299752
0.0299752
0.0299752
0.0299752
0.0299752
0.0299752
0.0299752
0.0299752
0.0299752
0.0299752
0.0299752
0.0299752
0.0299752
0.0299752
0.0299752
0.0299752
0.0299752
0.0299752
0.0299752
0.0299752
0.0299752
0.0299752
0.0299752
0.0299752
0.0299752
0.0299751
0.0299752
0.0299751
0.0299751
0.0299751
0.0299751
0.0299751
0.0299751
0.0299751
0.0299751
0.0299751
0.0299751
0.0299751
0.0299751
0.0299751
0.0299751
0.0299751
0.0299751
0.0299751
0.0299751
0.0299751
0.0299751
0.0299751
0.0299751
0.0299751
0.0299751
0.0299751
0.0299751
0.0299751
0.0299751
0.0299751
0.0299751
0.0299751
0.0299751
0.0299751
0.0299751
0.0299751
0.0299751
0.0299751
0.0299751
0.0299751
0.0299751
0.0299751
0.0299751
0.029975
0.0299748
0.0299745
0.0336136
0.0299713
0.0299545
0.0299533
0.0299531
0.0299531
0.0299531
0.0299531
0.0299531
0.0299531
0.0299531
0.0299531
0.0299531
0.0299531
0.0299531
0.0299531
0.0299531
0.0299531
0.0299531
0.0299531
0.0299531
0.0299531
0.0299531
0.0299531
0.0299531
0.0299531
0.0299531
0.0299531
0.0299531
0.0299531
0.0299531
0.0299531
0.0299531
0.0299531
0.0299531
0.0299531
0.0299531
0.0299531
0.0299531
0.0299531
0.0299531
0.0299531
0.0299531
0.0299531
0.0299531
0.0299531
0.0299531
0.0299531
0.0299531
0.0299531
0.0299531
0.0299531
0.0299531
0.0299531
0.0299531
0.0299531
0.0299531
0.0299531
0.0299531
0.0299531
0.0299531
0.0299531
0.0299531
0.0299531
0.0299531
0.0299531
0.0299531
0.0299531
0.0299531
0.0299531
0.0299531
0.0299531
0.0299531
0.0299531
0.0299531
0.0299531
0.0299531
0.0299531
0.0299531
0.0299531
0.0299531
0.0299531
0.0299531
0.0299531
0.0299531
0.0299531
0.0299531
0.0299531
0.0299531
0.0299531
0.0299531
0.0299531
0.0299531
0.0299531
0.0299531
0.0299531
0.0299531
0.0299531
0.0299531
0.0299531
0.0299531
0.0299531
0.0299531
0.0299531
0.0299531
0.0299531
0.0299531
0.0299531
0.0299531
0.0299531
0.0299531
0.0299531
0.0299531
0.0299531
0.0299531
0.0299531
0.0299531
0.0299531
0.0299531
0.0299531
0.0299531
0.0299531
0.0299531
0.0299531
0.0299531
0.0299531
0.0299531
0.0299531
0.0299531
0.0299531
0.0299531
0.0299531
0.029953
0.0299531
0.029953
0.029953
0.029953
0.029953
0.029953
0.029953
0.029953
0.029953
0.029953
0.029953
0.029953
0.0299531
0.029953
0.0299531
0.029953
0.0299531
0.029953
0.0299531
0.029953
0.029953
0.029953
0.029953
0.029953
0.029953
0.029953
0.029953
0.029953
0.029953
0.029953
0.029953
0.029953
0.029953
0.029953
0.029953
0.029953
0.029953
0.029953
0.029953
0.029953
0.029953
0.029953
0.029953
0.029953
0.029953
0.029953
0.029953
0.029953
0.029953
0.029953
0.029953
0.029953
0.029953
0.029953
0.029953
0.029953
0.029953
0.029953
0.029953
0.029953
0.029953
0.029953
0.029953
0.029953
0.029953
0.0299529
0.0299528
0.032391
0.0299164
0.029892
0.029891
0.0298908
0.0298908
0.0298908
0.0298908
0.0298908
0.0298908
0.0298908
0.0298908
0.0298908
0.0298908
0.0298908
0.0298908
0.0298908
0.0298908
0.0298908
0.0298908
0.0298908
0.0298908
0.0298908
0.0298908
0.0298908
0.0298908
0.0298908
0.0298908
0.0298908
0.0298908
0.0298908
0.0298908
0.0298908
0.0298908
0.0298908
0.0298908
0.0298908
0.0298908
0.0298908
0.0298908
0.0298908
0.0298908
0.0298908
0.0298908
0.0298908
0.0298908
0.0298908
0.0298908
0.0298908
0.0298908
0.0298908
0.0298908
0.0298908
0.0298908
0.0298908
0.0298908
0.0298908
0.0298908
0.0298908
0.0298909
0.0298909
0.0298909
0.0298909
0.0298909
0.0298909
0.0298908
0.0298908
0.0298908
0.0298908
0.0298908
0.0298908
0.0298908
0.0298908
0.0298908
0.0298908
0.0298908
0.0298908
0.0298908
0.0298908
0.0298908
0.0298909
0.0298909
0.0298909
0.0298909
0.0298909
0.0298908
0.0298908
0.0298908
0.0298908
0.0298908
0.0298908
0.0298908
0.0298908
0.0298908
0.0298908
0.0298908
0.0298908
0.0298908
0.0298908
0.0298908
0.0298908
0.0298908
0.0298908
0.0298908
0.0298908
0.0298908
0.0298908
0.0298908
0.0298908
0.0298908
0.0298908
0.0298908
0.0298908
0.0298908
0.0298909
0.0298908
0.0298909
0.0298908
0.0298909
0.0298908
0.0298908
0.0298908
0.0298908
0.0298908
0.0298908
0.0298908
0.0298908
0.0298908
0.0298908
0.0298908
0.0298908
0.0298908
0.0298908
0.0298908
0.0298908
0.0298908
0.0298908
0.0298908
0.0298908
0.0298908
0.0298908
0.0298908
0.0298908
0.0298908
0.0298908
0.0298908
0.0298908
0.0298908
0.0298908
0.0298908
0.0298908
0.0298908
0.0298908
0.0298908
0.0298908
0.0298908
0.0298908
0.0298908
0.0298908
0.0298908
0.0298908
0.0298908
0.0298908
0.0298908
0.0298908
0.0298908
0.0298908
0.0298908
0.0298908
0.0298908
0.0298908
0.0298908
0.0298908
0.0298908
0.0298908
0.0298908
0.0298908
0.0298908
0.0298908
0.0298908
0.0298908
0.0298907
0.0298907
0.0298907
0.0298907
0.0298907
0.0298907
0.0298907
0.0298907
0.0298907
0.0298908
0.0298908
0.0298908
0.0298908
0.0298908
0.0298908
0.0298908
0.0298907
0.0298907
0.0298906
0.0309598
0.0296689
0.0296241
0.0296223
0.0296221
0.0296221
0.0296221
0.0296221
0.0296221
0.0296221
0.0296221
0.0296221
0.0296221
0.0296221
0.0296221
0.0296221
0.0296221
0.0296221
0.0296221
0.0296221
0.0296221
0.0296221
0.0296221
0.0296221
0.0296221
0.0296221
0.0296221
0.0296221
0.0296221
0.0296221
0.0296221
0.0296221
0.0296221
0.0296221
0.0296221
0.0296221
0.0296221
0.0296221
0.0296221
0.0296222
0.0296221
0.0296222
0.0296221
0.0296221
0.0296221
0.0296221
0.0296221
0.029622
0.029622
0.029622
0.029622
0.029622
0.0296221
0.029622
0.0296221
0.0296221
0.0296221
0.0296222
0.0296221
0.0296222
0.0296221
0.0296222
0.0296221
0.0296222
0.0296221
0.0296222
0.0296221
0.0296221
0.0296221
0.0296221
0.0296221
0.0296221
0.0296221
0.0296221
0.0296221
0.0296221
0.0296221
0.0296222
0.0296221
0.0296222
0.0296221
0.0296222
0.0296221
0.0296222
0.0296221
0.0296222
0.0296221
0.0296222
0.0296221
0.0296222
0.0296221
0.0296222
0.0296221
0.0296221
0.0296221
0.0296221
0.0296221
0.0296221
0.0296221
0.0296221
0.0296221
0.0296222
0.0296221
0.0296222
0.0296221
0.0296222
0.0296221
0.0296222
0.0296221
0.0296222
0.0296221
0.0296222
0.0296221
0.0296222
0.0296221
0.0296222
0.0296221
0.0296222
0.0296221
0.0296222
0.0296221
0.0296222
0.0296221
0.0296222
0.0296221
0.0296222
0.0296221
0.0296222
0.0296221
0.0296222
0.0296221
0.0296222
0.0296221
0.0296221
0.0296221
0.0296221
0.029622
0.0296221
0.029622
0.0296221
0.029622
0.0296221
0.0296221
0.0296221
0.0296221
0.0296222
0.0296221
0.0296222
0.0296221
0.0296222
0.0296221
0.0296222
0.0296221
0.0296222
0.0296221
0.0296221
0.029622
0.0296221
0.029622
0.029622
0.029622
0.029622
0.029622
0.029622
0.029622
0.029622
0.029622
0.0296221
0.029622
0.0296221
0.0296221
0.0296221
0.0296221
0.0296221
0.029622
0.0296221
0.029622
0.0296221
0.029622
0.029622
0.029622
0.029622
0.0296219
0.0296219
0.0296219
0.0296219
0.0296219
0.0296219
0.0296219
0.029622
0.029622
0.029622
0.029622
0.029622
0.029622
0.029622
0.029622
0.0296219
0.0296218
0.0296216
0.0282484
0.0276762
0.0276588
0.0276581
0.027658
0.027658
0.027658
0.027658
0.027658
0.027658
0.027658
0.027658
0.027658
0.027658
0.027658
0.027658
0.027658
0.027658
0.027658
0.027658
0.027658
0.027658
0.027658
0.027658
0.027658
0.027658
0.0276581
0.027658
0.0276581
0.0276581
0.0276581
0.0276581
0.0276582
0.0276581
0.0276582
0.0276581
0.0276583
0.0276582
0.0276583
0.0276582
0.0276583
0.0276582
0.0276582
0.0276581
0.0276581
0.027658
0.0276579
0.0276579
0.0276579
0.0276579
0.0276579
0.0276579
0.0276579
0.0276579
0.027658
0.0276581
0.0276582
0.0276582
0.0276584
0.0276584
0.0276586
0.0276584
0.0276586
0.0276584
0.0276585
0.0276583
0.0276584
0.0276582
0.0276583
0.0276581
0.0276582
0.0276581
0.0276582
0.0276581
0.0276583
0.0276582
0.0276584
0.0276583
0.0276585
0.0276584
0.0276586
0.0276585
0.0276587
0.0276585
0.0276587
0.0276584
0.0276586
0.0276584
0.0276586
0.0276583
0.0276585
0.0276583
0.0276584
0.0276583
0.0276584
0.0276583
0.0276584
0.0276583
0.0276584
0.0276583
0.0276585
0.0276583
0.0276585
0.0276583
0.0276586
0.0276584
0.0276586
0.0276584
0.0276587
0.0276585
0.0276588
0.0276585
0.0276588
0.0276586
0.0276589
0.0276586
0.0276589
0.0276586
0.0276589
0.0276586
0.0276589
0.0276586
0.0276589
0.0276586
0.0276589
0.0276586
0.0276589
0.0276586
0.0276588
0.0276585
0.0276587
0.0276585
0.0276586
0.0276584
0.0276585
0.0276583
0.0276584
0.0276582
0.0276584
0.0276582
0.0276584
0.0276583
0.0276585
0.0276584
0.0276587
0.0276585
0.0276589
0.0276586
0.027659
0.0276587
0.027659
0.0276587
0.027659
0.0276586
0.0276588
0.0276585
0.0276586
0.0276583
0.0276584
0.0276582
0.0276583
0.0276581
0.0276582
0.0276581
0.0276583
0.0276582
0.0276584
0.0276583
0.0276586
0.0276584
0.0276587
0.0276585
0.0276588
0.0276585
0.0276587
0.0276585
0.0276586
0.0276583
0.0276584
0.0276581
0.0276581
0.027658
0.027658
0.0276579
0.0276579
0.0276579
0.0276579
0.0276579
0.0276579
0.027658
0.027658
0.0276581
0.0276581
0.0276581
0.0276582
0.0276581
0.0276581
0.027658
0.0276579
0.0276577
0.0254517
0.0251204
0.0251133
0.0251129
0.0251129
0.0251129
0.0251129
0.0251129
0.0251129
0.0251129
0.0251129
0.0251129
0.0251129
0.0251129
0.0251129
0.0251129
0.0251129
0.0251129
0.0251129
0.0251129
0.0251129
0.0251129
0.0251129
0.025113
0.025113
0.025113
0.025113
0.025113
0.025113
0.0251131
0.025113
0.0251131
0.025113
0.0251131
0.0251131
0.0251133
0.0251131
0.0251134
0.0251132
0.0251134
0.0251132
0.0251134
0.0251131
0.0251132
0.025113
0.025113
0.0251129
0.0251129
0.0251129
0.0251128
0.0251129
0.0251128
0.0251129
0.0251129
0.0251129
0.0251131
0.0251131
0.0251134
0.0251133
0.0251137
0.0251134
0.0251138
0.0251134
0.0251137
0.0251133
0.0251136
0.0251132
0.0251134
0.0251131
0.0251132
0.0251131
0.0251131
0.0251131
0.0251132
0.0251131
0.0251133
0.0251132
0.0251136
0.0251133
0.0251137
0.0251134
0.0251138
0.0251134
0.0251139
0.0251134
0.0251138
0.0251134
0.0251137
0.0251133
0.0251136
0.0251133
0.0251135
0.0251133
0.0251135
0.0251132
0.0251135
0.0251132
0.0251135
0.0251132
0.0251135
0.0251133
0.0251136
0.0251133
0.0251136
0.0251133
0.0251137
0.0251134
0.0251138
0.0251134
0.0251139
0.0251135
0.025114
0.0251135
0.025114
0.0251136
0.0251141
0.0251136
0.0251141
0.0251136
0.0251141
0.0251136
0.0251141
0.0251136
0.0251141
0.0251136
0.0251141
0.0251136
0.0251141
0.0251135
0.025114
0.0251135
0.0251139
0.0251134
0.0251137
0.0251133
0.0251136
0.0251132
0.0251134
0.0251132
0.0251134
0.0251132
0.0251135
0.0251133
0.0251137
0.0251134
0.025114
0.0251136
0.0251142
0.0251136
0.0251143
0.0251137
0.0251143
0.0251136
0.0251142
0.0251135
0.0251139
0.0251134
0.0251136
0.0251132
0.0251134
0.0251131
0.0251132
0.0251131
0.0251132
0.0251132
0.0251134
0.0251132
0.0251136
0.0251134
0.0251139
0.0251135
0.025114
0.0251135
0.025114
0.0251135
0.0251139
0.0251134
0.0251136
0.0251132
0.0251133
0.025113
0.025113
0.0251129
0.0251129
0.0251129
0.0251128
0.0251129
0.0251129
0.0251129
0.025113
0.025113
0.0251131
0.025113
0.0251133
0.0251131
0.0251132
0.025113
0.0251131
0.0251129
0.0251128
0.0228018
0.0225838
0.0225812
0.0225811
0.022581
0.022581
0.022581
0.022581
0.022581
0.0225811
0.0225811
0.0225811
0.0225811
0.0225811
0.0225811
0.022581
0.022581
0.022581
0.022581
0.022581
0.022581
0.0225811
0.0225811
0.0225811
0.0225811
0.0225811
0.0225811
0.0225811
0.0225811
0.0225811
0.0225812
0.0225811
0.0225812
0.0225811
0.0225813
0.0225812
0.0225813
0.0225812
0.0225813
0.0225813
0.0225813
0.0225812
0.0225813
0.0225812
0.0225812
0.0225811
0.022581
0.022581
0.022581
0.022581
0.022581
0.022581
0.022581
0.022581
0.0225811
0.0225811
0.0225813
0.0225813
0.0225814
0.0225814
0.0225815
0.0225814
0.0225816
0.0225814
0.0225815
0.0225813
0.0225814
0.0225812
0.0225813
0.0225812
0.0225812
0.0225811
0.0225812
0.0225812
0.0225813
0.0225812
0.0225814
0.0225813
0.0225815
0.0225814
0.0225816
0.0225814
0.0225816
0.0225815
0.0225816
0.0225814
0.0225816
0.0225814
0.0225815
0.0225813
0.0225815
0.0225813
0.0225814
0.0225813
0.0225814
0.0225813
0.0225814
0.0225813
0.0225814
0.0225813
0.0225815
0.0225813
0.0225815
0.0225813
0.0225815
0.0225814
0.0225816
0.0225814
0.0225817
0.0225815
0.0225817
0.0225815
0.0225818
0.0225815
0.0225818
0.0225815
0.0225818
0.0225816
0.0225818
0.0225816
0.0225818
0.0225816
0.0225819
0.0225816
0.0225818
0.0225816
0.0225818
0.0225815
0.0225818
0.0225815
0.0225817
0.0225815
0.0225816
0.0225814
0.0225815
0.0225813
0.0225814
0.0225813
0.0225814
0.0225813
0.0225814
0.0225813
0.0225815
0.0225814
0.0225817
0.0225815
0.0225818
0.0225816
0.0225819
0.0225816
0.0225819
0.0225816
0.0225819
0.0225816
0.0225818
0.0225815
0.0225816
0.0225813
0.0225814
0.0225812
0.0225813
0.0225812
0.0225813
0.0225812
0.0225813
0.0225813
0.0225815
0.0225814
0.0225816
0.0225815
0.0225817
0.0225815
0.0225817
0.0225815
0.0225817
0.0225815
0.0225816
0.0225813
0.0225814
0.0225812
0.0225812
0.0225811
0.0225811
0.022581
0.022581
0.022581
0.022581
0.022581
0.0225811
0.0225811
0.0225811
0.0225811
0.0225812
0.0225812
0.0225812
0.0225812
0.0225812
0.0225811
0.0225811
0.022581
0.0200995
0.0199617
0.0199609
0.0199609
0.0199609
0.0199609
0.0199609
0.0199609
0.0199609
0.0199609
0.0199609
0.0199609
0.0199609
0.0199609
0.0199609
0.0199609
0.0199609
0.0199609
0.0199609
0.0199609
0.0199609
0.0199609
0.0199609
0.0199609
0.0199609
0.0199609
0.0199609
0.0199609
0.0199609
0.0199609
0.0199609
0.0199609
0.0199609
0.019961
0.0199609
0.019961
0.0199609
0.019961
0.0199609
0.019961
0.0199609
0.019961
0.0199609
0.019961
0.0199609
0.0199609
0.0199609
0.0199609
0.0199609
0.0199609
0.0199609
0.0199609
0.0199609
0.0199609
0.0199609
0.0199609
0.0199609
0.0199611
0.019961
0.0199612
0.019961
0.0199612
0.019961
0.0199612
0.019961
0.0199611
0.019961
0.019961
0.0199609
0.019961
0.0199609
0.0199609
0.0199609
0.019961
0.0199609
0.019961
0.019961
0.0199611
0.019961
0.0199612
0.019961
0.0199612
0.019961
0.0199612
0.019961
0.0199612
0.019961
0.0199612
0.019961
0.0199611
0.019961
0.0199611
0.019961
0.0199611
0.019961
0.0199611
0.019961
0.0199611
0.019961
0.0199611
0.019961
0.0199611
0.019961
0.0199611
0.019961
0.0199612
0.019961
0.0199612
0.019961
0.0199612
0.019961
0.0199613
0.019961
0.0199613
0.019961
0.0199613
0.0199611
0.0199613
0.0199611
0.0199613
0.0199611
0.0199613
0.0199611
0.0199613
0.0199611
0.0199613
0.0199611
0.0199613
0.019961
0.0199613
0.019961
0.0199612
0.019961
0.0199612
0.019961
0.0199611
0.019961
0.0199611
0.019961
0.0199611
0.019961
0.0199611
0.019961
0.0199612
0.019961
0.0199613
0.019961
0.0199613
0.0199611
0.0199614
0.0199611
0.0199614
0.0199611
0.0199613
0.019961
0.0199612
0.019961
0.0199611
0.019961
0.019961
0.0199609
0.019961
0.0199609
0.019961
0.0199609
0.0199611
0.019961
0.0199611
0.019961
0.0199612
0.019961
0.0199613
0.019961
0.0199613
0.019961
0.0199612
0.019961
0.0199611
0.019961
0.019961
0.0199609
0.0199609
0.0199609
0.0199609
0.0199609
0.0199609
0.0199609
0.0199609
0.0199609
0.0199609
0.0199609
0.019961
0.0199609
0.019961
0.0199609
0.019961
0.0199609
0.019961
0.0199609
0.0199608
0.0168836
0.0168134
0.0168132
0.0168132
0.0168132
0.0168132
0.0168132
0.0168132
0.0168132
0.0168132
0.0168132
0.0168132
0.0168132
0.0168132
0.0168132
0.0168132
0.0168132
0.0168132
0.0168132
0.0168132
0.0168132
0.0168132
0.0168132
0.0168132
0.0168132
0.0168132
0.0168132
0.0168132
0.0168132
0.0168132
0.0168132
0.0168132
0.0168132
0.0168132
0.0168132
0.0168132
0.0168132
0.0168132
0.0168132
0.0168132
0.0168132
0.0168132
0.0168132
0.0168132
0.0168132
0.0168132
0.0168132
0.0168132
0.0168132
0.0168132
0.0168131
0.0168132
0.0168132
0.0168132
0.0168132
0.0168132
0.0168132
0.0168132
0.0168132
0.0168132
0.0168132
0.0168132
0.0168132
0.0168132
0.0168132
0.0168132
0.0168132
0.0168132
0.0168132
0.0168132
0.0168132
0.0168132
0.0168132
0.0168132
0.0168132
0.0168132
0.0168132
0.0168132
0.0168132
0.0168132
0.0168132
0.0168132
0.0168132
0.0168132
0.0168132
0.0168132
0.0168132
0.0168132
0.0168132
0.0168132
0.0168132
0.0168132
0.0168132
0.0168132
0.0168132
0.0168132
0.0168132
0.0168132
0.0168132
0.0168132
0.0168132
0.0168132
0.0168132
0.0168132
0.0168132
0.0168132
0.0168132
0.0168132
0.0168132
0.0168132
0.0168132
0.0168132
0.0168133
0.0168132
0.0168133
0.0168132
0.0168133
0.0168132
0.0168133
0.0168132
0.0168133
0.0168132
0.0168133
0.0168132
0.0168133
0.0168132
0.0168133
0.0168132
0.0168133
0.0168132
0.0168132
0.0168132
0.0168132
0.0168132
0.0168132
0.0168132
0.0168132
0.0168132
0.0168132
0.0168132
0.0168132
0.0168132
0.0168132
0.0168132
0.0168132
0.0168132
0.0168133
0.0168132
0.0168133
0.0168132
0.0168133
0.0168132
0.0168133
0.0168132
0.0168133
0.0168132
0.0168132
0.0168132
0.0168132
0.0168132
0.0168132
0.0168132
0.0168132
0.0168132
0.0168132
0.0168132
0.0168132
0.0168132
0.0168132
0.0168132
0.0168132
0.0168132
0.0168133
0.0168132
0.0168132
0.0168132
0.0168132
0.0168132
0.0168132
0.0168132
0.0168132
0.0168132
0.0168132
0.0168132
0.0168132
0.0168132
0.0168132
0.0168132
0.0168132
0.0168132
0.0168132
0.0168132
0.0168132
0.0168132
0.0168132
0.0168132
0.0168132
0.0168132
0.0168132
0.0168131
0.0129234
0.0128985
0.0128984
0.0128984
0.0128984
0.0128984
0.0128984
0.0128984
0.0128984
0.0128984
0.0128984
0.0128984
0.0128984
0.0128984
0.0128984
0.0128984
0.0128984
0.0128984
0.0128984
0.0128984
0.0128984
0.0128984
0.0128984
0.0128984
0.0128984
0.0128984
0.0128984
0.0128984
0.0128984
0.0128984
0.0128984
0.0128984
0.0128984
0.0128984
0.0128984
0.0128984
0.0128984
0.0128984
0.0128984
0.0128984
0.0128984
0.0128984
0.0128984
0.0128984
0.0128984
0.0128984
0.0128984
0.0128984
0.0128984
0.0128984
0.0128984
0.0128984
0.0128984
0.0128984
0.0128984
0.0128984
0.0128984
0.0128984
0.0128984
0.0128985
0.0128984
0.0128985
0.0128984
0.0128985
0.0128984
0.0128985
0.0128984
0.0128984
0.0128984
0.0128984
0.0128984
0.0128984
0.0128984
0.0128984
0.0128984
0.0128984
0.0128984
0.0128985
0.0128984
0.0128985
0.0128984
0.0128985
0.0128984
0.0128985
0.0128984
0.0128985
0.0128984
0.0128985
0.0128984
0.0128985
0.0128984
0.0128985
0.0128984
0.0128984
0.0128984
0.0128984
0.0128984
0.0128984
0.0128984
0.0128985
0.0128984
0.0128985
0.0128984
0.0128985
0.0128984
0.0128985
0.0128984
0.0128985
0.0128984
0.0128985
0.0128984
0.0128985
0.0128984
0.0128985
0.0128984
0.0128985
0.0128984
0.0128985
0.0128984
0.0128985
0.0128984
0.0128985
0.0128984
0.0128985
0.0128984
0.0128985
0.0128984
0.0128985
0.0128984
0.0128985
0.0128984
0.0128985
0.0128984
0.0128985
0.0128984
0.0128985
0.0128984
0.0128984
0.0128984
0.0128984
0.0128984
0.0128985
0.0128984
0.0128985
0.0128984
0.0128985
0.0128984
0.0128985
0.0128984
0.0128985
0.0128984
0.0128985
0.0128984
0.0128985
0.0128984
0.0128985
0.0128984
0.0128985
0.0128984
0.0128984
0.0128984
0.0128984
0.0128984
0.0128984
0.0128984
0.0128984
0.0128984
0.0128985
0.0128984
0.0128985
0.0128984
0.0128985
0.0128984
0.0128985
0.0128984
0.0128985
0.0128984
0.0128985
0.0128984
0.0128984
0.0128984
0.0128984
0.0128984
0.0128984
0.0128984
0.0128984
0.0128984
0.0128984
0.0128984
0.0128984
0.0128984
0.0128984
0.0128984
0.0128984
0.0128984
0.0128984
0.0128984
0.0128984
0.0128984
0.0128984
0.0129234
0.0128985
0.0128984
0.0128984
0.0128984
0.0128984
0.0128984
0.0128984
0.0128984
0.0128984
0.0128984
0.0128984
0.0128984
0.0128984
0.0128984
0.0128984
0.0128984
0.0128984
0.0128984
0.0128984
0.0128984
0.0128984
0.0128984
0.0128984
0.0128984
0.0128984
0.0128984
0.0128984
0.0128984
0.0128984
0.0128984
0.0128984
0.0128984
0.0128984
0.0128984
0.0128984
0.0128984
0.0128984
0.0128984
0.0128984
0.0128984
0.0128984
0.0128984
0.0128984
0.0128984
0.0128984
0.0128984
0.0128984
0.0128984
0.0128984
0.0128984
0.0128984
0.0128984
0.0128984
0.0128984
0.0128984
0.0128984
0.0128984
0.0128984
0.0128985
0.0128984
0.0128985
0.0128984
0.0128985
0.0128984
0.0128985
0.0128984
0.0128984
0.0128984
0.0128984
0.0128984
0.0128984
0.0128984
0.0128984
0.0128984
0.0128984
0.0128984
0.0128985
0.0128984
0.0128985
0.0128984
0.0128985
0.0128984
0.0128985
0.0128984
0.0128985
0.0128984
0.0128985
0.0128984
0.0128985
0.0128984
0.0128985
0.0128984
0.0128984
0.0128984
0.0128984
0.0128984
0.0128984
0.0128984
0.0128985
0.0128984
0.0128985
0.0128984
0.0128985
0.0128984
0.0128985
0.0128984
0.0128985
0.0128984
0.0128985
0.0128984
0.0128985
0.0128984
0.0128985
0.0128984
0.0128985
0.0128984
0.0128985
0.0128984
0.0128985
0.0128984
0.0128985
0.0128984
0.0128985
0.0128984
0.0128985
0.0128984
0.0128985
0.0128984
0.0128985
0.0128984
0.0128985
0.0128984
0.0128985
0.0128984
0.0128985
0.0128984
0.0128984
0.0128984
0.0128984
0.0128984
0.0128985
0.0128984
0.0128985
0.0128984
0.0128985
0.0128984
0.0128985
0.0128984
0.0128985
0.0128984
0.0128985
0.0128984
0.0128985
0.0128984
0.0128985
0.0128984
0.0128985
0.0128984
0.0128984
0.0128984
0.0128984
0.0128984
0.0128984
0.0128984
0.0128984
0.0128984
0.0128985
0.0128984
0.0128985
0.0128984
0.0128985
0.0128984
0.0128985
0.0128984
0.0128985
0.0128984
0.0128985
0.0128984
0.0128984
0.0128984
0.0128984
0.0128984
0.0128984
0.0128984
0.0128984
0.0128984
0.0128984
0.0128984
0.0128984
0.0128984
0.0128984
0.0128984
0.0128984
0.0128984
0.0128984
0.0128984
0.0128984
0.0128984
0.0128984
0.0168836
0.0168134
0.0168132
0.0168132
0.0168132
0.0168132
0.0168132
0.0168132
0.0168132
0.0168132
0.0168132
0.0168132
0.0168132
0.0168132
0.0168132
0.0168132
0.0168132
0.0168132
0.0168132
0.0168132
0.0168132
0.0168132
0.0168132
0.0168132
0.0168132
0.0168132
0.0168132
0.0168132
0.0168132
0.0168132
0.0168132
0.0168132
0.0168132
0.0168132
0.0168132
0.0168132
0.0168132
0.0168132
0.0168132
0.0168132
0.0168132
0.0168132
0.0168132
0.0168132
0.0168132
0.0168132
0.0168132
0.0168132
0.0168132
0.0168132
0.0168131
0.0168132
0.0168132
0.0168132
0.0168132
0.0168132
0.0168132
0.0168132
0.0168132
0.0168132
0.0168132
0.0168132
0.0168132
0.0168132
0.0168132
0.0168132
0.0168132
0.0168132
0.0168132
0.0168132
0.0168132
0.0168132
0.0168132
0.0168132
0.0168132
0.0168132
0.0168132
0.0168132
0.0168132
0.0168132
0.0168132
0.0168132
0.0168132
0.0168132
0.0168132
0.0168132
0.0168132
0.0168132
0.0168132
0.0168132
0.0168132
0.0168132
0.0168132
0.0168132
0.0168132
0.0168132
0.0168132
0.0168132
0.0168132
0.0168132
0.0168132
0.0168132
0.0168132
0.0168132
0.0168132
0.0168132
0.0168132
0.0168132
0.0168132
0.0168132
0.0168132
0.0168132
0.0168133
0.0168132
0.0168133
0.0168132
0.0168133
0.0168132
0.0168133
0.0168132
0.0168133
0.0168132
0.0168133
0.0168132
0.0168133
0.0168132
0.0168133
0.0168132
0.0168133
0.0168132
0.0168132
0.0168132
0.0168132
0.0168132
0.0168132
0.0168132
0.0168132
0.0168132
0.0168132
0.0168132
0.0168132
0.0168132
0.0168132
0.0168132
0.0168132
0.0168132
0.0168133
0.0168132
0.0168133
0.0168132
0.0168133
0.0168132
0.0168133
0.0168132
0.0168133
0.0168132
0.0168132
0.0168132
0.0168132
0.0168132
0.0168132
0.0168132
0.0168132
0.0168132
0.0168132
0.0168132
0.0168132
0.0168132
0.0168132
0.0168132
0.0168132
0.0168132
0.0168133
0.0168132
0.0168132
0.0168132
0.0168132
0.0168132
0.0168132
0.0168132
0.0168132
0.0168132
0.0168132
0.0168132
0.0168132
0.0168132
0.0168132
0.0168132
0.0168132
0.0168132
0.0168132
0.0168132
0.0168132
0.0168132
0.0168132
0.0168132
0.0168132
0.0168132
0.0168132
0.0168131
0.0200995
0.0199617
0.0199609
0.0199609
0.0199609
0.0199609
0.0199609
0.0199609
0.0199609
0.0199609
0.0199609
0.0199609
0.0199609
0.0199609
0.0199609
0.0199609
0.0199609
0.0199609
0.0199609
0.0199609
0.0199609
0.0199609
0.0199609
0.0199609
0.0199609
0.0199609
0.0199609
0.0199609
0.0199609
0.0199609
0.0199609
0.0199609
0.0199609
0.019961
0.0199609
0.019961
0.0199609
0.019961
0.0199609
0.019961
0.0199609
0.019961
0.0199609
0.019961
0.0199609
0.0199609
0.0199609
0.0199609
0.0199609
0.0199609
0.0199609
0.0199609
0.0199609
0.0199609
0.0199609
0.0199609
0.0199609
0.0199611
0.019961
0.0199612
0.019961
0.0199612
0.019961
0.0199612
0.019961
0.0199611
0.019961
0.019961
0.0199609
0.019961
0.0199609
0.0199609
0.0199609
0.019961
0.0199609
0.019961
0.019961
0.0199611
0.019961
0.0199612
0.019961
0.0199612
0.019961
0.0199612
0.019961
0.0199612
0.019961
0.0199612
0.019961
0.0199611
0.019961
0.0199611
0.019961
0.0199611
0.019961
0.0199611
0.019961
0.0199611
0.019961
0.0199611
0.019961
0.0199611
0.019961
0.0199611
0.019961
0.0199612
0.019961
0.0199612
0.019961
0.0199612
0.019961
0.0199613
0.019961
0.0199613
0.019961
0.0199613
0.0199611
0.0199613
0.0199611
0.0199613
0.0199611
0.0199613
0.0199611
0.0199613
0.0199611
0.0199613
0.0199611
0.0199613
0.019961
0.0199613
0.019961
0.0199612
0.019961
0.0199612
0.019961
0.0199611
0.019961
0.0199611
0.019961
0.0199611
0.019961
0.0199611
0.019961
0.0199612
0.019961
0.0199613
0.019961
0.0199613
0.0199611
0.0199614
0.0199611
0.0199614
0.0199611
0.0199613
0.019961
0.0199612
0.019961
0.0199611
0.019961
0.019961
0.0199609
0.019961
0.0199609
0.019961
0.0199609
0.0199611
0.019961
0.0199611
0.019961
0.0199612
0.019961
0.0199613
0.019961
0.0199613
0.019961
0.0199612
0.019961
0.0199611
0.019961
0.019961
0.0199609
0.0199609
0.0199609
0.0199609
0.0199609
0.0199609
0.0199609
0.0199609
0.0199609
0.0199609
0.0199609
0.019961
0.0199609
0.019961
0.0199609
0.019961
0.0199609
0.019961
0.0199609
0.0199608
0.0228018
0.0225838
0.0225812
0.0225811
0.022581
0.022581
0.022581
0.022581
0.022581
0.022581
0.0225811
0.0225811
0.0225811
0.0225811
0.022581
0.022581
0.022581
0.022581
0.022581
0.022581
0.0225811
0.022581
0.0225811
0.0225811
0.0225811
0.0225811
0.0225811
0.0225811
0.0225811
0.0225811
0.0225812
0.0225811
0.0225812
0.0225811
0.0225812
0.0225812
0.0225813
0.0225812
0.0225813
0.0225813
0.0225813
0.0225812
0.0225813
0.0225812
0.0225812
0.0225811
0.022581
0.022581
0.022581
0.022581
0.022581
0.022581
0.022581
0.022581
0.0225811
0.0225811
0.0225813
0.0225813
0.0225814
0.0225814
0.0225815
0.0225814
0.0225816
0.0225814
0.0225815
0.0225813
0.0225814
0.0225812
0.0225813
0.0225812
0.0225812
0.0225811
0.0225812
0.0225812
0.0225813
0.0225812
0.0225814
0.0225813
0.0225815
0.0225814
0.0225816
0.0225814
0.0225816
0.0225814
0.0225816
0.0225814
0.0225816
0.0225814
0.0225815
0.0225813
0.0225815
0.0225813
0.0225814
0.0225813
0.0225814
0.0225813
0.0225814
0.0225813
0.0225814
0.0225813
0.0225815
0.0225813
0.0225815
0.0225813
0.0225815
0.0225814
0.0225816
0.0225814
0.0225817
0.0225815
0.0225817
0.0225815
0.0225818
0.0225815
0.0225818
0.0225815
0.0225818
0.0225816
0.0225818
0.0225816
0.0225818
0.0225816
0.0225819
0.0225816
0.0225818
0.0225816
0.0225818
0.0225815
0.0225818
0.0225815
0.0225817
0.0225815
0.0225816
0.0225814
0.0225815
0.0225813
0.0225814
0.0225813
0.0225814
0.0225813
0.0225814
0.0225813
0.0225815
0.0225814
0.0225817
0.0225815
0.0225818
0.0225816
0.0225819
0.0225816
0.0225819
0.0225816
0.0225819
0.0225816
0.0225818
0.0225815
0.0225816
0.0225813
0.0225814
0.0225812
0.0225813
0.0225812
0.0225813
0.0225812
0.0225813
0.0225813
0.0225815
0.0225814
0.0225816
0.0225815
0.0225817
0.0225815
0.0225817
0.0225815
0.0225817
0.0225815
0.0225816
0.0225813
0.0225814
0.0225812
0.0225812
0.0225811
0.0225811
0.022581
0.022581
0.022581
0.022581
0.022581
0.0225811
0.0225811
0.0225811
0.0225811
0.0225812
0.0225812
0.0225812
0.0225812
0.0225812
0.0225811
0.0225811
0.022581
0.0254517
0.0251204
0.0251133
0.0251129
0.0251129
0.0251129
0.0251129
0.0251129
0.0251129
0.0251129
0.0251129
0.025113
0.0251129
0.0251129
0.0251129
0.0251129
0.0251129
0.0251129
0.0251129
0.0251129
0.0251129
0.0251129
0.0251129
0.025113
0.025113
0.025113
0.025113
0.025113
0.025113
0.0251131
0.025113
0.0251131
0.025113
0.0251131
0.0251131
0.0251132
0.0251131
0.0251133
0.0251132
0.0251134
0.0251132
0.0251134
0.0251131
0.0251132
0.025113
0.025113
0.0251129
0.0251129
0.0251129
0.0251128
0.0251129
0.0251128
0.0251129
0.0251129
0.0251129
0.0251131
0.0251131
0.0251134
0.0251133
0.0251137
0.0251134
0.0251138
0.0251134
0.0251138
0.0251133
0.0251136
0.0251132
0.0251133
0.0251131
0.0251132
0.0251131
0.0251131
0.0251131
0.0251132
0.0251131
0.0251133
0.0251132
0.0251136
0.0251133
0.0251137
0.0251134
0.0251138
0.0251134
0.0251139
0.0251134
0.0251138
0.0251134
0.0251137
0.0251133
0.0251136
0.0251133
0.0251135
0.0251133
0.0251135
0.0251132
0.0251135
0.0251132
0.0251135
0.0251132
0.0251135
0.0251133
0.0251136
0.0251133
0.0251136
0.0251133
0.0251137
0.0251134
0.0251138
0.0251134
0.0251139
0.0251135
0.025114
0.0251135
0.025114
0.0251136
0.0251141
0.0251136
0.0251141
0.0251136
0.0251141
0.0251136
0.0251141
0.0251136
0.0251141
0.0251136
0.0251141
0.0251136
0.0251141
0.0251135
0.025114
0.0251135
0.0251139
0.0251134
0.0251137
0.0251133
0.0251136
0.0251132
0.0251134
0.0251132
0.0251134
0.0251132
0.0251135
0.0251133
0.0251137
0.0251134
0.025114
0.0251136
0.0251142
0.0251136
0.0251143
0.0251137
0.0251143
0.0251136
0.0251142
0.0251135
0.0251139
0.0251134
0.0251136
0.0251132
0.0251134
0.0251131
0.0251132
0.0251131
0.0251132
0.0251132
0.0251134
0.0251133
0.0251136
0.0251134
0.0251139
0.0251135
0.025114
0.0251135
0.025114
0.0251135
0.0251139
0.0251134
0.0251136
0.0251132
0.0251133
0.025113
0.025113
0.0251129
0.0251129
0.0251129
0.0251128
0.0251129
0.0251129
0.0251129
0.025113
0.025113
0.0251131
0.025113
0.0251133
0.0251131
0.0251132
0.025113
0.0251131
0.0251129
0.0251128
0.0282484
0.0276762
0.0276588
0.0276581
0.027658
0.027658
0.027658
0.027658
0.027658
0.027658
0.027658
0.027658
0.027658
0.027658
0.027658
0.027658
0.027658
0.027658
0.027658
0.027658
0.027658
0.027658
0.027658
0.027658
0.027658
0.027658
0.0276581
0.027658
0.0276581
0.0276581
0.0276581
0.0276581
0.0276582
0.0276581
0.0276582
0.0276581
0.0276583
0.0276582
0.0276583
0.0276582
0.0276583
0.0276582
0.0276582
0.0276581
0.0276581
0.027658
0.027658
0.0276579
0.0276579
0.0276579
0.0276579
0.0276579
0.0276579
0.0276579
0.027658
0.0276581
0.0276582
0.0276582
0.0276584
0.0276584
0.0276586
0.0276584
0.0276586
0.0276584
0.0276585
0.0276583
0.0276584
0.0276582
0.0276583
0.0276581
0.0276582
0.0276581
0.0276582
0.0276581
0.0276583
0.0276582
0.0276584
0.0276583
0.0276585
0.0276584
0.0276586
0.0276585
0.0276587
0.0276585
0.0276587
0.0276584
0.0276586
0.0276584
0.0276586
0.0276583
0.0276585
0.0276583
0.0276584
0.0276583
0.0276584
0.0276583
0.0276584
0.0276583
0.0276584
0.0276583
0.0276585
0.0276583
0.0276585
0.0276583
0.0276586
0.0276584
0.0276586
0.0276584
0.0276587
0.0276585
0.0276588
0.0276585
0.0276588
0.0276586
0.0276589
0.0276586
0.0276589
0.0276586
0.0276589
0.0276586
0.0276589
0.0276586
0.0276589
0.0276586
0.0276589
0.0276586
0.0276589
0.0276586
0.0276588
0.0276585
0.0276587
0.0276585
0.0276586
0.0276584
0.0276585
0.0276583
0.0276584
0.0276582
0.0276584
0.0276582
0.0276584
0.0276583
0.0276585
0.0276584
0.0276587
0.0276585
0.0276589
0.0276586
0.027659
0.0276587
0.027659
0.0276587
0.027659
0.0276586
0.0276588
0.0276585
0.0276586
0.0276583
0.0276584
0.0276582
0.0276583
0.0276581
0.0276582
0.0276581
0.0276583
0.0276582
0.0276584
0.0276583
0.0276586
0.0276584
0.0276587
0.0276585
0.0276588
0.0276585
0.0276587
0.0276585
0.0276586
0.0276583
0.0276584
0.0276581
0.0276581
0.027658
0.027658
0.0276579
0.0276579
0.0276579
0.0276579
0.0276579
0.0276579
0.027658
0.027658
0.0276581
0.0276581
0.0276581
0.0276582
0.0276581
0.0276581
0.027658
0.0276579
0.0276577
0.0309598
0.0296689
0.0296241
0.0296223
0.0296221
0.0296221
0.0296221
0.0296221
0.0296221
0.0296221
0.0296221
0.0296221
0.0296221
0.0296221
0.0296221
0.0296221
0.0296221
0.0296221
0.0296221
0.0296221
0.0296221
0.0296221
0.0296221
0.0296221
0.0296221
0.0296221
0.0296221
0.0296221
0.0296221
0.0296221
0.0296221
0.0296221
0.0296221
0.0296221
0.0296221
0.0296221
0.0296221
0.0296222
0.0296221
0.0296222
0.0296221
0.0296221
0.0296221
0.0296221
0.0296221
0.0296221
0.0296221
0.029622
0.029622
0.029622
0.029622
0.029622
0.0296221
0.029622
0.0296221
0.0296221
0.0296221
0.0296222
0.0296221
0.0296222
0.0296221
0.0296222
0.0296221
0.0296222
0.0296221
0.0296222
0.0296221
0.0296221
0.0296221
0.0296221
0.0296221
0.0296221
0.0296221
0.0296221
0.0296221
0.0296221
0.0296221
0.0296222
0.0296221
0.0296222
0.0296221
0.0296222
0.0296221
0.0296222
0.0296221
0.0296222
0.0296221
0.0296222
0.0296221
0.0296222
0.0296221
0.0296222
0.0296221
0.0296221
0.0296221
0.0296221
0.0296221
0.0296221
0.0296221
0.0296221
0.0296221
0.0296222
0.0296221
0.0296222
0.0296221
0.0296222
0.0296221
0.0296222
0.0296221
0.0296222
0.0296221
0.0296222
0.0296221
0.0296222
0.0296221
0.0296222
0.0296221
0.0296222
0.0296221
0.0296222
0.0296221
0.0296222
0.0296221
0.0296222
0.0296221
0.0296222
0.0296221
0.0296222
0.0296221
0.0296222
0.0296221
0.0296222
0.0296221
0.0296221
0.0296221
0.0296221
0.029622
0.0296221
0.029622
0.0296221
0.029622
0.0296221
0.0296221
0.0296221
0.0296221
0.0296222
0.0296221
0.0296222
0.0296221
0.0296222
0.0296221
0.0296222
0.0296221
0.0296222
0.0296221
0.0296221
0.029622
0.0296221
0.029622
0.029622
0.029622
0.029622
0.029622
0.029622
0.029622
0.029622
0.029622
0.0296221
0.029622
0.0296221
0.0296221
0.0296221
0.0296221
0.0296221
0.029622
0.0296221
0.029622
0.0296221
0.029622
0.029622
0.029622
0.029622
0.0296219
0.0296219
0.0296219
0.0296219
0.0296219
0.0296219
0.0296219
0.029622
0.029622
0.029622
0.029622
0.029622
0.029622
0.029622
0.029622
0.0296219
0.0296218
0.0296216
0.032391
0.0299164
0.029892
0.029891
0.0298908
0.0298908
0.0298908
0.0298908
0.0298908
0.0298908
0.0298908
0.0298908
0.0298908
0.0298908
0.0298908
0.0298908
0.0298908
0.0298908
0.0298908
0.0298908
0.0298908
0.0298908
0.0298908
0.0298908
0.0298908
0.0298908
0.0298908
0.0298908
0.0298908
0.0298908
0.0298908
0.0298908
0.0298908
0.0298908
0.0298908
0.0298908
0.0298908
0.0298908
0.0298908
0.0298908
0.0298908
0.0298908
0.0298908
0.0298908
0.0298908
0.0298908
0.0298908
0.0298908
0.0298908
0.0298908
0.0298908
0.0298908
0.0298908
0.0298908
0.0298908
0.0298908
0.0298908
0.0298908
0.0298908
0.0298909
0.0298909
0.0298909
0.0298909
0.0298909
0.0298909
0.0298908
0.0298908
0.0298908
0.0298908
0.0298908
0.0298908
0.0298908
0.0298908
0.0298908
0.0298908
0.0298908
0.0298908
0.0298908
0.0298908
0.0298908
0.0298909
0.0298909
0.0298909
0.0298909
0.0298909
0.0298908
0.0298908
0.0298908
0.0298908
0.0298908
0.0298908
0.0298908
0.0298908
0.0298908
0.0298908
0.0298908
0.0298908
0.0298908
0.0298908
0.0298908
0.0298908
0.0298908
0.0298908
0.0298908
0.0298908
0.0298908
0.0298908
0.0298908
0.0298908
0.0298908
0.0298908
0.0298908
0.0298908
0.0298908
0.0298909
0.0298908
0.0298909
0.0298908
0.0298909
0.0298908
0.0298908
0.0298908
0.0298908
0.0298908
0.0298908
0.0298908
0.0298908
0.0298908
0.0298908
0.0298908
0.0298908
0.0298908
0.0298908
0.0298908
0.0298908
0.0298908
0.0298908
0.0298908
0.0298908
0.0298908
0.0298908
0.0298908
0.0298908
0.0298908
0.0298908
0.0298908
0.0298908
0.0298908
0.0298908
0.0298908
0.0298908
0.0298908
0.0298908
0.0298908
0.0298908
0.0298908
0.0298908
0.0298908
0.0298908
0.0298908
0.0298908
0.0298908
0.0298908
0.0298908
0.0298908
0.0298908
0.0298908
0.0298908
0.0298908
0.0298908
0.0298908
0.0298908
0.0298908
0.0298908
0.0298908
0.0298908
0.0298908
0.0298908
0.0298908
0.0298908
0.0298908
0.0298907
0.0298907
0.0298907
0.0298907
0.0298907
0.0298907
0.0298907
0.0298907
0.0298907
0.0298908
0.0298908
0.0298908
0.0298908
0.0298908
0.0298908
0.0298908
0.0298907
0.0298907
0.0298906
0.0336136
0.0299713
0.0299545
0.0299533
0.0299531
0.0299531
0.0299531
0.0299531
0.0299531
0.0299531
0.0299531
0.0299531
0.0299531
0.0299531
0.0299531
0.0299531
0.0299531
0.0299531
0.0299531
0.0299531
0.0299531
0.0299531
0.0299531
0.0299531
0.0299531
0.0299531
0.0299531
0.0299531
0.0299531
0.0299531
0.0299531
0.0299531
0.0299531
0.0299531
0.0299531
0.0299531
0.0299531
0.0299531
0.0299531
0.0299531
0.0299531
0.0299531
0.0299531
0.0299531
0.0299531
0.0299531
0.0299531
0.0299531
0.0299531
0.0299531
0.0299531
0.0299531
0.0299531
0.0299531
0.0299531
0.0299531
0.0299531
0.0299531
0.0299531
0.0299531
0.0299531
0.0299531
0.0299531
0.0299531
0.0299531
0.0299531
0.0299531
0.0299531
0.0299531
0.0299531
0.0299531
0.0299531
0.0299531
0.0299531
0.0299531
0.0299531
0.0299531
0.0299531
0.0299531
0.0299531
0.0299531
0.0299531
0.0299531
0.0299531
0.0299531
0.0299531
0.0299531
0.0299531
0.0299531
0.0299531
0.0299531
0.0299531
0.0299531
0.0299531
0.0299531
0.0299531
0.0299531
0.0299531
0.0299531
0.0299531
0.0299531
0.0299531
0.0299531
0.0299531
0.0299531
0.0299531
0.0299531
0.0299531
0.0299531
0.0299531
0.0299531
0.0299531
0.0299531
0.0299531
0.0299531
0.0299531
0.0299531
0.0299531
0.0299531
0.0299531
0.0299531
0.0299531
0.0299531
0.0299531
0.0299531
0.0299531
0.0299531
0.0299531
0.0299531
0.0299531
0.0299531
0.0299531
0.029953
0.0299531
0.029953
0.029953
0.029953
0.029953
0.029953
0.029953
0.029953
0.029953
0.029953
0.029953
0.029953
0.0299531
0.029953
0.0299531
0.029953
0.0299531
0.029953
0.0299531
0.029953
0.029953
0.029953
0.029953
0.029953
0.029953
0.029953
0.029953
0.029953
0.029953
0.029953
0.029953
0.029953
0.029953
0.029953
0.029953
0.029953
0.029953
0.029953
0.029953
0.029953
0.029953
0.029953
0.029953
0.029953
0.029953
0.029953
0.029953
0.029953
0.029953
0.029953
0.029953
0.029953
0.029953
0.029953
0.029953
0.029953
0.029953
0.029953
0.029953
0.029953
0.029953
0.029953
0.029953
0.029953
0.029953
0.0299529
0.0299528
0.0353239
0.0300125
0.029979
0.0299758
0.0299754
0.0299754
0.0299753
0.0299753
0.0299753
0.0299753
0.0299753
0.0299753
0.0299753
0.0299753
0.0299753
0.0299753
0.0299753
0.0299753
0.0299753
0.0299753
0.0299753
0.0299753
0.0299753
0.0299753
0.0299753
0.0299753
0.0299753
0.0299753
0.0299753
0.0299753
0.0299753
0.0299753
0.0299753
0.0299753
0.0299753
0.0299753
0.0299753
0.0299753
0.0299753
0.0299753
0.0299753
0.0299753
0.0299753
0.0299753
0.0299753
0.0299753
0.0299753
0.0299753
0.0299753
0.0299753
0.0299753
0.0299753
0.0299753
0.0299753
0.0299753
0.0299753
0.0299753
0.0299753
0.0299753
0.0299753
0.0299753
0.0299753
0.0299753
0.0299753
0.0299753
0.0299753
0.0299753
0.0299753
0.0299753
0.0299753
0.0299753
0.0299753
0.0299753
0.0299753
0.0299753
0.0299753
0.0299753
0.0299753
0.0299753
0.0299753
0.0299753
0.0299753
0.0299753
0.0299753
0.0299753
0.0299753
0.0299753
0.0299753
0.0299753
0.0299753
0.0299753
0.0299753
0.0299753
0.0299753
0.0299753
0.0299753
0.0299753
0.0299753
0.0299753
0.0299753
0.0299753
0.0299753
0.0299753
0.0299753
0.0299753
0.0299753
0.0299753
0.0299753
0.0299753
0.0299753
0.0299753
0.0299753
0.0299753
0.0299752
0.0299753
0.0299752
0.0299753
0.0299752
0.0299753
0.0299752
0.0299752
0.0299752
0.0299752
0.0299752
0.0299752
0.0299752
0.0299752
0.0299752
0.0299752
0.0299752
0.0299752
0.0299752
0.0299752
0.0299752
0.0299752
0.0299752
0.0299752
0.0299752
0.0299752
0.0299752
0.0299752
0.0299752
0.0299752
0.0299752
0.0299752
0.0299752
0.0299752
0.0299752
0.0299752
0.0299752
0.0299752
0.0299752
0.0299752
0.0299751
0.0299752
0.0299751
0.0299751
0.0299751
0.0299751
0.0299751
0.0299751
0.0299751
0.0299751
0.0299751
0.0299751
0.0299751
0.0299751
0.0299751
0.0299751
0.0299751
0.0299751
0.0299751
0.0299751
0.0299751
0.0299751
0.0299751
0.0299751
0.0299751
0.0299751
0.0299751
0.0299751
0.0299751
0.0299751
0.0299751
0.0299751
0.0299751
0.0299751
0.0299751
0.0299751
0.0299751
0.0299751
0.0299751
0.0299751
0.0299751
0.0299751
0.0299751
0.0299751
0.029975
0.0299748
0.0299745
0.0376302
0.0300591
0.029992
0.0299845
0.0299835
0.0299834
0.0299833
0.0299833
0.0299833
0.0299833
0.0299833
0.0299833
0.0299833
0.0299833
0.0299833
0.0299833
0.0299833
0.0299833
0.0299833
0.0299833
0.0299833
0.0299833
0.0299833
0.0299833
0.0299833
0.0299833
0.0299833
0.0299833
0.0299833
0.0299833
0.0299833
0.0299833
0.0299833
0.0299833
0.0299833
0.0299833
0.0299833
0.0299833
0.0299833
0.0299833
0.0299833
0.0299833
0.0299833
0.0299833
0.0299833
0.0299833
0.0299833
0.0299833
0.0299833
0.0299833
0.0299833
0.0299833
0.0299833
0.0299833
0.0299833
0.0299833
0.0299833
0.0299833
0.0299833
0.0299833
0.0299833
0.0299833
0.0299833
0.0299833
0.0299833
0.0299833
0.0299833
0.0299833
0.0299833
0.0299833
0.0299833
0.0299833
0.0299833
0.0299833
0.0299832
0.0299833
0.0299832
0.0299833
0.0299832
0.0299832
0.0299832
0.0299832
0.0299832
0.0299832
0.0299832
0.0299832
0.0299832
0.0299832
0.0299832
0.0299832
0.0299832
0.0299832
0.0299832
0.0299832
0.0299832
0.0299832
0.0299832
0.0299832
0.0299831
0.0299832
0.0299831
0.0299831
0.0299831
0.0299831
0.0299831
0.0299831
0.0299831
0.0299831
0.0299831
0.0299831
0.0299831
0.0299831
0.0299831
0.0299831
0.0299831
0.0299831
0.0299831
0.0299831
0.029983
0.0299831
0.029983
0.029983
0.029983
0.029983
0.029983
0.029983
0.029983
0.029983
0.029983
0.029983
0.029983
0.029983
0.0299829
0.0299829
0.0299829
0.0299829
0.0299829
0.0299829
0.0299829
0.0299829
0.0299829
0.0299829
0.0299829
0.0299829
0.0299829
0.0299829
0.0299829
0.0299829
0.0299829
0.0299829
0.0299828
0.0299829
0.0299828
0.0299828
0.0299828
0.0299828
0.0299828
0.0299828
0.0299828
0.0299828
0.0299828
0.0299828
0.0299828
0.0299828
0.0299828
0.0299828
0.0299828
0.0299828
0.0299827
0.0299828
0.0299827
0.0299828
0.0299827
0.0299827
0.0299827
0.0299827
0.0299827
0.0299827
0.0299827
0.0299827
0.0299827
0.0299827
0.0299827
0.0299827
0.0299827
0.0299827
0.0299827
0.0299827
0.0299827
0.0299827
0.0299827
0.0299827
0.0299827
0.0299827
0.0299827
0.0299827
0.0299826
0.0299825
0.029982
0.0299813
0.0412118
0.0301508
0.0300175
0.0300002
0.0299979
0.0299974
0.0299974
0.0299973
0.0299973
0.0299973
0.0299973
0.0299973
0.0299973
0.0299973
0.0299973
0.0299973
0.0299973
0.0299973
0.0299973
0.0299973
0.0299973
0.0299973
0.0299973
0.0299973
0.0299973
0.0299973
0.0299973
0.0299973
0.0299973
0.0299973
0.0299973
0.0299973
0.0299973
0.0299973
0.0299973
0.0299973
0.0299973
0.0299973
0.0299973
0.0299973
0.0299973
0.0299973
0.0299973
0.0299973
0.0299973
0.0299973
0.0299973
0.0299973
0.0299973
0.0299973
0.0299973
0.0299973
0.0299973
0.0299973
0.0299973
0.0299973
0.0299973
0.0299973
0.0299973
0.0299973
0.0299973
0.0299972
0.0299973
0.0299972
0.0299972
0.0299972
0.0299972
0.0299972
0.0299972
0.0299972
0.0299972
0.0299972
0.0299972
0.0299971
0.0299971
0.0299971
0.0299971
0.0299971
0.0299971
0.0299971
0.0299971
0.0299971
0.0299971
0.0299971
0.0299971
0.029997
0.029997
0.029997
0.029997
0.029997
0.029997
0.029997
0.029997
0.0299969
0.0299969
0.0299969
0.0299969
0.0299969
0.0299969
0.0299969
0.0299969
0.0299969
0.0299969
0.0299968
0.0299969
0.0299968
0.0299968
0.0299968
0.0299968
0.0299968
0.0299968
0.0299967
0.0299968
0.0299967
0.0299967
0.0299967
0.0299967
0.0299966
0.0299967
0.0299966
0.0299966
0.0299966
0.0299966
0.0299965
0.0299966
0.0299965
0.0299965
0.0299965
0.0299965
0.0299964
0.0299964
0.0299964
0.0299964
0.0299964
0.0299964
0.0299963
0.0299964
0.0299963
0.0299963
0.0299963
0.0299963
0.0299963
0.0299963
0.0299963
0.0299963
0.0299962
0.0299963
0.0299962
0.0299962
0.0299962
0.0299962
0.0299961
0.0299962
0.0299961
0.0299961
0.0299961
0.0299961
0.029996
0.029996
0.029996
0.029996
0.029996
0.029996
0.029996
0.029996
0.029996
0.029996
0.0299959
0.029996
0.0299959
0.0299959
0.0299959
0.0299959
0.0299959
0.0299959
0.0299958
0.0299959
0.0299958
0.0299958
0.0299958
0.0299958
0.0299958
0.0299958
0.0299958
0.0299958
0.0299958
0.0299958
0.0299958
0.0299958
0.0299958
0.0299958
0.0299957
0.0299958
0.0299957
0.0299957
0.0299957
0.0299957
0.0299955
0.0299942
0.0299925
0.0462537
0.0303489
0.0300885
0.0300496
0.0300441
0.0300432
0.030043
0.0300429
0.0300429
0.0300429
0.0300429
0.0300429
0.0300429
0.0300429
0.0300429
0.0300429
0.0300429
0.0300429
0.0300429
0.0300429
0.0300429
0.0300429
0.0300429
0.0300429
0.0300429
0.0300429
0.0300429
0.0300429
0.0300429
0.0300429
0.0300429
0.0300429
0.0300429
0.0300429
0.0300428
0.0300428
0.0300428
0.0300428
0.0300428
0.0300428
0.0300428
0.0300428
0.0300428
0.0300428
0.0300427
0.0300427
0.0300427
0.0300427
0.0300427
0.0300427
0.0300427
0.0300427
0.0300427
0.0300427
0.0300427
0.0300427
0.0300427
0.0300427
0.0300427
0.0300427
0.0300427
0.0300427
0.0300426
0.0300426
0.0300426
0.0300426
0.0300425
0.0300425
0.0300425
0.0300425
0.0300425
0.0300425
0.0300424
0.0300424
0.0300424
0.0300424
0.0300424
0.0300424
0.0300423
0.0300423
0.0300423
0.0300423
0.0300422
0.0300422
0.0300422
0.0300422
0.0300421
0.0300421
0.0300421
0.0300421
0.030042
0.030042
0.0300419
0.0300419
0.0300419
0.0300419
0.0300418
0.0300419
0.0300418
0.0300418
0.0300418
0.0300418
0.0300417
0.0300417
0.0300417
0.0300417
0.0300416
0.0300416
0.0300415
0.0300416
0.0300415
0.0300415
0.0300414
0.0300414
0.0300413
0.0300414
0.0300413
0.0300413
0.0300412
0.0300412
0.0300411
0.0300411
0.030041
0.030041
0.0300409
0.0300409
0.0300408
0.0300408
0.0300407
0.0300408
0.0300407
0.0300407
0.0300406
0.0300406
0.0300405
0.0300405
0.0300405
0.0300405
0.0300404
0.0300404
0.0300404
0.0300404
0.0300403
0.0300403
0.0300403
0.0300403
0.0300402
0.0300402
0.0300401
0.0300401
0.03004
0.0300401
0.03004
0.03004
0.0300399
0.0300399
0.0300398
0.0300398
0.0300397
0.0300397
0.0300397
0.0300397
0.0300396
0.0300396
0.0300396
0.0300396
0.0300395
0.0300396
0.0300395
0.0300395
0.0300394
0.0300395
0.0300394
0.0300394
0.0300393
0.0300393
0.0300393
0.0300393
0.0300392
0.0300392
0.0300392
0.0300392
0.0300391
0.0300391
0.0300391
0.0300391
0.0300391
0.0300391
0.0300391
0.0300391
0.0300391
0.0300391
0.0300391
0.0300391
0.0300391
0.0300391
0.0300389
0.0300384
0.0300354
0.0300314
0.0529646
0.0307698
0.0302749
0.0301903
0.0301777
0.0301754
0.030175
0.0301749
0.0301749
0.0301749
0.0301749
0.0301749
0.0301749
0.0301749
0.0301749
0.0301749
0.0301749
0.0301749
0.0301749
0.0301748
0.0301748
0.0301748
0.0301748
0.0301748
0.0301748
0.0301748
0.0301748
0.0301748
0.0301748
0.0301748
0.0301748
0.0301748
0.0301748
0.0301747
0.0301747
0.0301747
0.0301747
0.0301746
0.0301746
0.0301746
0.0301746
0.0301745
0.0301745
0.0301745
0.0301745
0.0301744
0.0301744
0.0301744
0.0301744
0.0301744
0.0301744
0.0301744
0.0301744
0.0301744
0.0301744
0.0301744
0.0301744
0.0301743
0.0301743
0.0301743
0.0301743
0.0301742
0.0301742
0.0301741
0.0301741
0.030174
0.030174
0.0301739
0.0301739
0.0301738
0.0301738
0.0301737
0.0301737
0.0301736
0.0301736
0.0301736
0.0301736
0.0301735
0.0301735
0.0301734
0.0301734
0.0301733
0.0301733
0.0301731
0.0301731
0.030173
0.030173
0.0301729
0.0301729
0.0301727
0.0301727
0.0301726
0.0301726
0.0301725
0.0301725
0.0301724
0.0301724
0.0301723
0.0301723
0.0301722
0.0301722
0.030172
0.030172
0.0301719
0.0301719
0.0301718
0.0301718
0.0301717
0.0301717
0.0301715
0.0301715
0.0301713
0.0301713
0.0301712
0.0301712
0.030171
0.030171
0.0301708
0.0301708
0.0301706
0.0301706
0.0301704
0.0301704
0.0301702
0.0301702
0.03017
0.03017
0.0301698
0.0301698
0.0301696
0.0301696
0.0301694
0.0301694
0.0301693
0.0301693
0.0301691
0.0301691
0.030169
0.030169
0.0301689
0.0301689
0.0301687
0.0301687
0.0301686
0.0301686
0.0301685
0.0301685
0.0301683
0.0301683
0.0301681
0.0301681
0.0301679
0.0301679
0.0301677
0.0301677
0.0301675
0.0301675
0.0301674
0.0301674
0.0301672
0.0301672
0.0301671
0.0301671
0.030167
0.030167
0.0301669
0.0301669
0.0301668
0.0301668
0.0301667
0.0301667
0.0301666
0.0301665
0.0301664
0.0301664
0.0301663
0.0301663
0.0301661
0.0301661
0.030166
0.030166
0.030166
0.0301659
0.0301659
0.0301659
0.0301659
0.0301659
0.0301659
0.0301659
0.0301658
0.0301658
0.0301658
0.0301658
0.0301658
0.0301658
0.0301657
0.0301655
0.0301642
0.0301572
0.0301481
0.0614396
0.0316255
0.0307278
0.0305534
0.0305254
0.0305203
0.0305192
0.030519
0.030519
0.030519
0.0305189
0.0305189
0.0305189
0.0305189
0.0305189
0.0305189
0.0305189
0.0305189
0.0305189
0.0305189
0.0305189
0.0305189
0.0305189
0.0305189
0.0305189
0.0305189
0.0305188
0.0305188
0.0305188
0.0305188
0.0305187
0.0305187
0.0305186
0.0305186
0.0305185
0.0305185
0.0305184
0.0305184
0.0305183
0.0305183
0.0305182
0.0305181
0.0305181
0.030518
0.030518
0.030518
0.0305179
0.0305179
0.0305179
0.0305178
0.0305179
0.0305178
0.0305179
0.0305179
0.0305178
0.0305178
0.0305178
0.0305177
0.0305176
0.0305176
0.0305174
0.0305174
0.0305172
0.0305172
0.030517
0.0305169
0.0305168
0.0305167
0.0305166
0.0305165
0.0305164
0.0305163
0.0305162
0.0305161
0.030516
0.030516
0.0305158
0.0305158
0.0305156
0.0305155
0.0305153
0.0305153
0.030515
0.030515
0.0305147
0.0305146
0.0305144
0.0305143
0.0305141
0.030514
0.0305138
0.0305137
0.0305135
0.0305134
0.0305132
0.0305132
0.030513
0.0305129
0.0305127
0.0305127
0.0305125
0.0305124
0.0305122
0.0305122
0.0305119
0.0305119
0.0305116
0.0305115
0.0305113
0.0305112
0.0305109
0.0305108
0.0305105
0.0305104
0.0305101
0.03051
0.0305096
0.0305095
0.0305091
0.0305091
0.0305087
0.0305086
0.0305082
0.0305081
0.0305077
0.0305076
0.0305073
0.0305072
0.0305068
0.0305067
0.0305064
0.0305063
0.030506
0.030506
0.0305057
0.0305056
0.0305054
0.0305053
0.0305051
0.030505
0.0305048
0.0305047
0.0305045
0.0305044
0.0305041
0.0305041
0.0305037
0.0305037
0.0305033
0.0305032
0.0305029
0.0305028
0.0305024
0.0305024
0.030502
0.0305019
0.0305016
0.0305016
0.0305013
0.0305012
0.030501
0.0305009
0.0305008
0.0305007
0.0305005
0.0305005
0.0305002
0.0305002
0.0305
0.0304999
0.0304997
0.0304996
0.0304993
0.0304993
0.030499
0.030499
0.0304987
0.0304987
0.0304985
0.0304984
0.0304983
0.0304982
0.0304981
0.0304981
0.030498
0.030498
0.030498
0.0304979
0.0304979
0.0304979
0.0304979
0.0304979
0.0304978
0.0304978
0.0304977
0.0304976
0.0304971
0.0304943
0.0304778
0.0304582
0.0716319
0.0332599
0.0317573
0.0314256
0.0313668
0.0313556
0.0313533
0.0313528
0.0313527
0.0313527
0.0313527
0.0313527
0.0313526
0.0313526
0.0313526
0.0313526
0.0313526
0.0313526
0.0313526
0.0313526
0.0313526
0.0313526
0.0313526
0.0313525
0.0313525
0.0313525
0.0313524
0.0313524
0.0313523
0.0313522
0.0313522
0.031352
0.031352
0.0313518
0.0313517
0.0313516
0.0313515
0.0313513
0.0313512
0.031351
0.0313509
0.0313507
0.0313507
0.0313505
0.0313505
0.0313504
0.0313503
0.0313503
0.0313502
0.0313502
0.0313502
0.0313502
0.0313502
0.0313502
0.0313501
0.03135
0.03135
0.0313498
0.0313497
0.0313494
0.0313493
0.0313489
0.0313488
0.0313484
0.0313483
0.0313479
0.0313478
0.0313474
0.0313473
0.0313469
0.0313468
0.0313465
0.0313464
0.0313461
0.031346
0.0313457
0.0313455
0.0313452
0.031345
0.0313446
0.0313444
0.031344
0.0313438
0.0313433
0.0313431
0.0313426
0.0313424
0.0313419
0.0313416
0.0313412
0.031341
0.0313405
0.0313403
0.0313399
0.0313397
0.0313393
0.0313391
0.0313387
0.0313386
0.0313382
0.031338
0.0313376
0.0313374
0.0313369
0.0313367
0.0313362
0.031336
0.0313355
0.0313352
0.0313346
0.0313344
0.0313337
0.0313335
0.0313328
0.0313325
0.0313318
0.0313315
0.0313308
0.0313304
0.0313297
0.0313294
0.0313286
0.0313283
0.0313275
0.0313272
0.0313265
0.0313262
0.0313254
0.0313251
0.0313245
0.0313242
0.0313236
0.0313233
0.0313228
0.0313226
0.031322
0.0313218
0.0313213
0.0313211
0.0313207
0.0313205
0.03132
0.0313197
0.0313192
0.031319
0.0313184
0.0313181
0.0313174
0.0313172
0.0313165
0.0313162
0.0313155
0.0313152
0.0313145
0.0313142
0.0313136
0.0313133
0.0313128
0.0313125
0.0313121
0.0313119
0.0313114
0.0313113
0.0313109
0.0313107
0.0313103
0.0313101
0.0313097
0.0313095
0.031309
0.0313088
0.0313083
0.0313081
0.0313076
0.0313073
0.0313069
0.0313067
0.0313062
0.0313061
0.0313057
0.0313056
0.0313053
0.0313052
0.0313051
0.031305
0.0313049
0.0313049
0.0313048
0.0313048
0.0313047
0.0313047
0.0313046
0.0313045
0.0313044
0.0313044
0.0313041
0.031303
0.0312968
0.0312589
0.0312194
0.0834477
0.0361344
0.0339378
0.0333851
0.0332738
0.033251
0.0332461
0.033245
0.0332448
0.0332447
0.0332447
0.0332447
0.0332447
0.0332447
0.0332447
0.0332447
0.0332447
0.0332446
0.0332446
0.0332446
0.0332446
0.0332446
0.0332445
0.0332445
0.0332444
0.0332443
0.0332442
0.0332441
0.0332439
0.0332438
0.0332435
0.0332434
0.0332431
0.0332429
0.0332425
0.0332423
0.0332419
0.0332417
0.0332413
0.0332411
0.0332407
0.0332405
0.0332402
0.03324
0.0332398
0.0332397
0.0332396
0.0332394
0.0332394
0.0332392
0.0332393
0.0332392
0.0332393
0.0332392
0.0332391
0.033239
0.0332386
0.0332384
0.0332379
0.0332376
0.033237
0.0332366
0.0332359
0.0332355
0.0332347
0.0332343
0.0332336
0.0332332
0.0332326
0.0332322
0.0332316
0.0332313
0.0332307
0.0332304
0.0332298
0.0332294
0.0332287
0.0332283
0.0332275
0.0332271
0.0332262
0.0332257
0.0332247
0.0332242
0.0332232
0.0332226
0.0332216
0.0332211
0.0332201
0.0332195
0.0332186
0.0332181
0.0332172
0.0332168
0.0332159
0.0332155
0.0332147
0.0332142
0.0332134
0.0332129
0.0332121
0.0332116
0.0332107
0.0332102
0.0332092
0.0332087
0.0332076
0.033207
0.0332059
0.0332052
0.033204
0.0332033
0.0332019
0.0332012
0.0331998
0.033199
0.0331975
0.0331967
0.0331952
0.0331944
0.0331928
0.033192
0.0331904
0.0331896
0.0331881
0.0331873
0.0331858
0.033185
0.0331837
0.0331829
0.0331816
0.033181
0.0331798
0.0331792
0.0331781
0.0331775
0.0331766
0.033176
0.033175
0.0331745
0.0331735
0.033173
0.0331719
0.0331713
0.0331701
0.0331695
0.0331682
0.0331674
0.033166
0.0331653
0.0331639
0.0331631
0.0331617
0.0331609
0.0331596
0.0331589
0.0331578
0.0331572
0.0331562
0.0331556
0.0331547
0.0331542
0.0331534
0.033153
0.0331522
0.0331517
0.0331508
0.0331504
0.0331494
0.0331489
0.0331479
0.0331473
0.0331463
0.0331457
0.0331447
0.0331441
0.0331432
0.0331428
0.033142
0.0331416
0.0331411
0.0331408
0.0331404
0.0331402
0.0331399
0.0331398
0.0331396
0.0331395
0.0331394
0.0331393
0.0331391
0.0331391
0.0331389
0.0331387
0.0331385
0.033138
0.0331357
0.0331232
0.0330388
0.0329669
0.0969114
0.0406992
0.0381674
0.0374564
0.0372849
0.0372452
0.0372358
0.0372336
0.0372331
0.037233
0.0372329
0.0372329
0.0372329
0.0372329
0.0372329
0.0372329
0.0372328
0.0372328
0.0372328
0.0372327
0.0372327
0.0372326
0.0372325
0.0372324
0.0372322
0.037232
0.0372318
0.0372315
0.0372312
0.0372308
0.0372305
0.0372299
0.0372295
0.0372289
0.0372284
0.0372276
0.0372271
0.0372263
0.0372258
0.0372251
0.0372246
0.0372239
0.0372235
0.037223
0.0372228
0.0372224
0.0372223
0.0372219
0.0372218
0.0372215
0.0372216
0.0372214
0.0372216
0.0372215
0.0372213
0.0372207
0.0372203
0.0372194
0.0372187
0.0372176
0.0372168
0.0372154
0.0372145
0.0372131
0.0372122
0.0372108
0.0372099
0.0372086
0.0372078
0.0372066
0.0372058
0.0372046
0.0372039
0.0372027
0.0372019
0.0372006
0.0371997
0.0371982
0.0371972
0.0371955
0.0371944
0.0371926
0.0371914
0.0371894
0.0371882
0.0371862
0.0371849
0.037183
0.0371818
0.0371799
0.0371787
0.037177
0.0371758
0.0371742
0.0371731
0.0371715
0.0371705
0.0371689
0.0371678
0.0371662
0.0371651
0.0371634
0.0371622
0.0371604
0.0371591
0.0371571
0.0371558
0.0371536
0.0371521
0.0371498
0.0371482
0.0371457
0.037144
0.0371413
0.0371395
0.0371367
0.0371348
0.0371319
0.03713
0.037127
0.037125
0.037122
0.0371201
0.0371171
0.0371152
0.0371123
0.0371105
0.0371077
0.037106
0.0371034
0.0371018
0.0370994
0.0370979
0.0370958
0.0370944
0.0370924
0.0370912
0.0370893
0.0370881
0.0370862
0.0370849
0.0370829
0.0370815
0.0370793
0.0370778
0.0370753
0.0370737
0.037071
0.0370693
0.0370665
0.0370647
0.037062
0.0370602
0.0370576
0.037056
0.0370536
0.0370521
0.03705
0.0370487
0.0370469
0.0370458
0.0370441
0.037043
0.0370415
0.0370404
0.0370388
0.0370376
0.0370359
0.0370346
0.0370327
0.0370314
0.0370294
0.0370281
0.037026
0.0370248
0.0370229
0.0370218
0.0370202
0.0370193
0.037018
0.0370173
0.0370164
0.0370159
0.0370153
0.037015
0.0370145
0.0370143
0.037014
0.0370138
0.0370135
0.0370132
0.0370129
0.0370126
0.0370122
0.0370119
0.0370108
0.0370067
0.0369831
0.0368047
0.0366951
0.112356
0.047183
0.0454467
0.0450737
0.0449228
0.0448802
0.0448666
0.0448627
0.0448617
0.0448615
0.0448614
0.0448614
0.0448614
0.0448613
0.0448613
0.0448613
0.0448613
0.0448612
0.0448611
0.0448611
0.0448609
0.0448608
0.0448605
0.0448603
0.0448599
0.0448596
0.0448591
0.0448586
0.0448579
0.0448573
0.0448564
0.0448556
0.0448545
0.0448536
0.0448522
0.0448512
0.0448498
0.0448487
0.0448472
0.0448462
0.0448449
0.044844
0.044843
0.0448423
0.0448417
0.0448413
0.044841
0.0448404
0.0448401
0.0448396
0.0448396
0.0448394
0.0448396
0.0448395
0.0448387
0.044838
0.0448365
0.0448353
0.0448334
0.0448318
0.0448295
0.0448276
0.0448251
0.0448231
0.0448206
0.0448187
0.0448164
0.0448146
0.0448124
0.0448108
0.0448087
0.0448071
0.044805
0.0448034
0.0448011
0.0447993
0.0447967
0.0447947
0.0447918
0.0447895
0.0447863
0.0447838
0.0447804
0.0447777
0.0447742
0.0447715
0.044768
0.0447654
0.0447621
0.0447595
0.0447563
0.0447539
0.0447509
0.0447486
0.0447457
0.0447435
0.0447406
0.0447384
0.0447355
0.0447332
0.0447302
0.0447278
0.0447246
0.0447221
0.0447186
0.0447158
0.044712
0.044709
0.0447049
0.0447017
0.0446972
0.0446937
0.044689
0.0446853
0.0446803
0.0446764
0.0446713
0.0446673
0.0446619
0.0446579
0.0446525
0.0446484
0.044643
0.0446389
0.0446336
0.0446297
0.0446246
0.0446209
0.0446161
0.0446126
0.0446082
0.044605
0.044601
0.0445981
0.0445944
0.0445917
0.0445882
0.0445857
0.0445822
0.0445796
0.0445761
0.0445733
0.0445694
0.0445664
0.0445621
0.0445587
0.044554
0.0445504
0.0445455
0.0445417
0.0445367
0.0445329
0.0445281
0.0445246
0.0445202
0.044517
0.044513
0.0445102
0.0445068
0.0445043
0.0445012
0.044499
0.044496
0.0444939
0.0444909
0.0444886
0.0444854
0.044483
0.0444795
0.0444769
0.0444732
0.0444704
0.0444668
0.044464
0.0444606
0.0444581
0.044455
0.0444529
0.0444505
0.0444488
0.044447
0.0444458
0.0444445
0.0444437
0.0444428
0.0444422
0.0444416
0.0444412
0.0444406
0.0444401
0.0444395
0.044439
0.0444383
0.0444377
0.0444368
0.0444353
0.0444288
0.0443897
0.0440396
0.0439297
0.13063
0.0555397
0.0560934
0.0573554
0.0575516
0.0575942
0.0575951
0.0575914
0.05759
0.0575896
0.0575894
0.0575893
0.0575894
0.0575893
0.0575893
0.0575892
0.0575892
0.0575891
0.057589
0.0575888
0.0575886
0.0575883
0.0575879
0.0575874
0.0575869
0.0575861
0.0575853
0.0575843
0.0575833
0.0575819
0.0575806
0.0575789
0.0575774
0.0575754
0.0575735
0.0575712
0.0575692
0.0575668
0.0575649
0.0575626
0.057561
0.057559
0.0575578
0.0575564
0.0575557
0.0575549
0.0575546
0.0575537
0.0575531
0.0575523
0.0575523
0.0575519
0.0575523
0.0575518
0.0575506
0.0575487
0.0575466
0.0575438
0.057541
0.0575374
0.0575342
0.05753
0.0575267
0.0575225
0.0575192
0.0575151
0.057512
0.0575083
0.0575054
0.0575019
0.0574991
0.0574957
0.0574928
0.0574892
0.057486
0.057482
0.0574784
0.0574738
0.0574698
0.0574647
0.0574603
0.0574548
0.0574502
0.0574443
0.0574396
0.0574338
0.0574292
0.0574235
0.057419
0.0574136
0.0574092
0.0574041
0.0574
0.0573951
0.0573911
0.0573863
0.0573824
0.0573776
0.0573737
0.0573687
0.0573646
0.0573594
0.057355
0.0573494
0.0573446
0.0573385
0.0573333
0.0573267
0.057321
0.0573139
0.0573078
0.0573001
0.0572937
0.0572856
0.0572788
0.0572703
0.0572633
0.0572545
0.0572473
0.0572384
0.0572311
0.0572222
0.0572149
0.0572061
0.057199
0.0571904
0.0571836
0.0571754
0.0571691
0.0571615
0.0571556
0.0571487
0.0571434
0.057137
0.0571322
0.0571263
0.0571217
0.0571161
0.0571114
0.0571057
0.0571008
0.0570947
0.0570893
0.0570825
0.0570766
0.0570691
0.0570627
0.0570547
0.057048
0.0570396
0.0570329
0.0570247
0.0570184
0.0570107
0.0570049
0.0569979
0.0569928
0.0569868
0.0569823
0.056977
0.0569729
0.056968
0.056964
0.0569593
0.0569551
0.0569501
0.0569457
0.0569402
0.0569354
0.0569294
0.0569245
0.0569183
0.0569134
0.0569074
0.0569029
0.0568974
0.0568935
0.056889
0.0568859
0.0568825
0.0568802
0.0568777
0.0568761
0.0568745
0.0568733
0.0568721
0.0568712
0.0568703
0.0568693
0.0568683
0.0568674
0.0568662
0.0568652
0.056864
0.0568629
0.0568608
0.0568531
0.0568008
0.0561835
0.0562258
0.15324
0.0657917
0.0688534
0.0734827
0.0746969
0.0750493
0.075147
0.0751608
0.075161
0.0751606
0.0751604
0.0751602
0.0751602
0.0751602
0.0751601
0.0751601
0.07516
0.0751599
0.0751597
0.0751595
0.0751591
0.0751586
0.075158
0.0751572
0.0751563
0.0751552
0.075154
0.0751525
0.0751509
0.075149
0.0751469
0.0751445
0.0751419
0.0751392
0.0751361
0.075133
0.0751297
0.0751265
0.0751234
0.0751203
0.0751176
0.0751151
0.0751131
0.0751114
0.0751102
0.0751093
0.0751089
0.075108
0.0751071
0.075106
0.0751059
0.0751054
0.0751056
0.0751048
0.0751026
0.0750999
0.0750963
0.0750923
0.0750877
0.0750826
0.0750773
0.0750717
0.0750662
0.0750605
0.0750551
0.0750498
0.0750448
0.0750399
0.0750352
0.0750307
0.075026
0.0750215
0.0750167
0.0750119
0.0750065
0.0750011
0.0749951
0.0749888
0.0749821
0.0749751
0.0749679
0.0749604
0.0749527
0.0749449
0.0749372
0.0749294
0.0749218
0.0749143
0.0749069
0.0748997
0.0748926
0.0748858
0.0748791
0.0748726
0.074866
0.0748597
0.0748532
0.0748468
0.0748402
0.0748336
0.0748267
0.0748197
0.0748124
0.0748048
0.0747968
0.0747887
0.07478
0.0747711
0.0747617
0.074752
0.0747419
0.0747316
0.0747209
0.07471
0.0746988
0.0746875
0.0746758
0.0746641
0.0746522
0.0746403
0.0746282
0.0746163
0.0746043
0.0745925
0.0745808
0.0745694
0.0745582
0.0745474
0.0745369
0.0745269
0.0745173
0.0745081
0.0744994
0.0744911
0.0744831
0.0744754
0.0744677
0.0744603
0.0744526
0.0744449
0.0744368
0.0744285
0.0744195
0.0744103
0.0744004
0.0743903
0.0743796
0.0743687
0.0743576
0.0743464
0.0743353
0.0743244
0.0743139
0.0743038
0.0742942
0.0742852
0.0742768
0.074269
0.0742616
0.0742547
0.0742479
0.0742416
0.074235
0.0742286
0.0742217
0.0742149
0.0742075
0.0742
0.074192
0.074184
0.0741757
0.0741674
0.0741593
0.0741513
0.0741438
0.0741367
0.0741303
0.0741245
0.0741195
0.0741152
0.0741115
0.0741085
0.0741059
0.0741039
0.0741019
0.0741005
0.0740989
0.0740976
0.0740961
0.0740946
0.074093
0.0740914
0.0740898
0.0740881
0.0740867
0.0740852
0.0740791
0.0740346
0.0730867
0.0736255
0.181501
0.0784029
0.0815546
0.0900021
0.0928422
0.0937623
0.0941221
0.0942213
0.0942356
0.0942369
0.0942369
0.0942368
0.0942367
0.0942366
0.0942367
0.0942366
0.0942365
0.0942363
0.0942361
0.0942358
0.0942353
0.0942346
0.0942338
0.0942329
0.0942316
0.0942303
0.0942286
0.0942268
0.0942246
0.0942223
0.0942195
0.0942166
0.0942131
0.0942097
0.0942058
0.0942019
0.0941976
0.0941937
0.0941896
0.0941858
0.0941823
0.0941792
0.0941766
0.0941746
0.0941731
0.0941721
0.0941715
0.0941708
0.0941697
0.0941686
0.0941682
0.0941678
0.0941675
0.0941661
0.0941632
0.0941598
0.0941551
0.0941501
0.094144
0.0941377
0.0941307
0.0941238
0.0941165
0.0941096
0.0941025
0.0940961
0.0940894
0.0940835
0.0940773
0.0940718
0.0940656
0.0940602
0.0940538
0.0940479
0.0940409
0.0940341
0.0940262
0.0940185
0.0940096
0.094001
0.0939914
0.0939822
0.0939721
0.0939626
0.0939523
0.0939429
0.0939328
0.0939236
0.0939139
0.0939052
0.0938959
0.0938876
0.0938787
0.0938708
0.0938622
0.0938543
0.0938458
0.0938379
0.0938293
0.0938212
0.0938121
0.0938034
0.0937938
0.0937845
0.0937739
0.0937638
0.0937524
0.0937414
0.093729
0.0937172
0.0937039
0.0936912
0.093677
0.0936637
0.0936488
0.0936349
0.0936195
0.0936052
0.0935895
0.0935749
0.093559
0.0935444
0.0935286
0.0935142
0.0934988
0.0934848
0.0934701
0.0934569
0.0934431
0.0934309
0.0934182
0.0934071
0.0933956
0.0933855
0.0933749
0.0933655
0.0933554
0.0933463
0.0933361
0.0933267
0.093316
0.0933057
0.0932939
0.0932825
0.0932695
0.093257
0.0932429
0.0932295
0.0932148
0.0932011
0.0931865
0.0931731
0.0931593
0.0931469
0.0931344
0.0931234
0.0931124
0.0931028
0.0930931
0.0930847
0.0930758
0.093068
0.0930594
0.0930515
0.0930425
0.093034
0.0930243
0.093015
0.0930045
0.0929946
0.0929837
0.0929735
0.0929628
0.092953
0.0929432
0.0929345
0.0929261
0.0929191
0.0929125
0.0929073
0.0929025
0.0928989
0.0928955
0.0928931
0.0928907
0.0928888
0.0928869
0.0928852
0.0928832
0.0928814
0.0928793
0.0928773
0.0928752
0.0928732
0.0928718
0.0928722
0.0928737
0.092879
0.0916234
0.0931992
0.212397
0.0935412
0.0930766
0.103011
0.107132
0.108509
0.109184
0.109493
0.109563
0.109572
0.109573
0.109573
0.109573
0.109573
0.109573
0.109573
0.109573
0.109572
0.109572
0.109572
0.109571
0.10957
0.10957
0.109568
0.109567
0.109565
0.109564
0.109561
0.109559
0.109556
0.109554
0.10955
0.109547
0.109542
0.109538
0.109533
0.109529
0.109524
0.10952
0.109515
0.109512
0.109508
0.109505
0.109503
0.109501
0.1095
0.109499
0.109498
0.109498
0.109497
0.109496
0.109496
0.109495
0.109493
0.10949
0.109486
0.109481
0.109475
0.109469
0.109461
0.109454
0.109445
0.109438
0.109429
0.109422
0.109413
0.109407
0.109399
0.109393
0.109386
0.10938
0.109373
0.109367
0.109359
0.109352
0.109343
0.109336
0.109326
0.109317
0.109306
0.109297
0.109285
0.109275
0.109262
0.109253
0.10924
0.10923
0.109218
0.109209
0.109197
0.109189
0.109178
0.109169
0.109159
0.10915
0.10914
0.109132
0.109122
0.109113
0.109103
0.109094
0.109083
0.109073
0.109061
0.109051
0.109038
0.109027
0.109012
0.109
0.108985
0.108972
0.108955
0.108942
0.108924
0.10891
0.108892
0.108877
0.108858
0.108843
0.108824
0.108809
0.108789
0.108774
0.108755
0.10874
0.108722
0.108708
0.108691
0.108677
0.108661
0.108649
0.108634
0.108623
0.10861
0.1086
0.108587
0.108578
0.108566
0.108556
0.108543
0.108533
0.10852
0.108508
0.108493
0.108481
0.108465
0.108451
0.108433
0.108419
0.108401
0.108387
0.10837
0.108357
0.10834
0.108328
0.108314
0.108303
0.10829
0.108281
0.10827
0.108261
0.108251
0.108243
0.108232
0.108224
0.108213
0.108203
0.108191
0.108181
0.108168
0.108158
0.108144
0.108134
0.108121
0.108112
0.1081
0.108092
0.108083
0.108077
0.10807
0.108065
0.10806
0.108057
0.108054
0.108051
0.108049
0.108047
0.108045
0.108043
0.108041
0.108039
0.108036
0.108034
0.108032
0.108031
0.108034
0.108049
0.108148
0.10669
0.109963
0.235057
0.108407
0.098861
0.103794
0.10673
0.107479
0.107916
0.108432
0.108588
0.108615
0.108619
0.10862
0.10862
0.10862
0.10862
0.10862
0.10862
0.10862
0.10862
0.108619
0.108619
0.108618
0.108617
0.108617
0.108615
0.108614
0.108612
0.10861
0.108608
0.108606
0.108602
0.1086
0.108596
0.108593
0.108588
0.108585
0.108579
0.108576
0.108571
0.108568
0.108563
0.10856
0.108557
0.108555
0.108553
0.108552
0.108551
0.108551
0.10855
0.10855
0.108549
0.108548
0.108547
0.108546
0.108543
0.10854
0.108534
0.10853
0.108523
0.108517
0.108509
0.108503
0.108494
0.108488
0.108479
0.108473
0.108465
0.108459
0.108452
0.108447
0.108439
0.108434
0.108427
0.108422
0.108413
0.108407
0.108398
0.108391
0.108381
0.108373
0.108361
0.108353
0.108341
0.108332
0.10832
0.108311
0.108299
0.108291
0.108279
0.108271
0.10826
0.108252
0.108242
0.108234
0.108224
0.108217
0.108207
0.1082
0.108189
0.108182
0.108171
0.108163
0.108152
0.108143
0.108131
0.108122
0.108108
0.108098
0.108083
0.108073
0.108057
0.108045
0.108028
0.108016
0.107998
0.107986
0.107967
0.107955
0.107936
0.107923
0.107903
0.10789
0.107871
0.107858
0.10784
0.107827
0.107809
0.107797
0.10778
0.107769
0.107754
0.107744
0.10773
0.107721
0.107708
0.107699
0.107687
0.107679
0.107666
0.107658
0.107645
0.107636
0.107622
0.107612
0.107596
0.107585
0.107568
0.107556
0.107539
0.107526
0.107509
0.107497
0.10748
0.107468
0.107453
0.107443
0.107429
0.107421
0.107409
0.107401
0.10739
0.107383
0.107373
0.107366
0.107355
0.107347
0.107336
0.107328
0.107315
0.107306
0.107293
0.107284
0.107271
0.107262
0.10725
0.107242
0.107232
0.107225
0.107217
0.107212
0.107206
0.107203
0.107199
0.107196
0.107193
0.107192
0.107189
0.107188
0.107186
0.107184
0.107182
0.10718
0.107177
0.107176
0.107175
0.107179
0.107207
0.10739
0.106058
0.110875
0.22925
0.114466
0.0846078
0.0729946
0.0687954
0.0662219
0.0648217
0.0648229
0.0649088
0.064947
0.0649557
0.0649578
0.0649583
0.0649584
0.0649584
0.0649584
0.0649583
0.0649583
0.0649582
0.064958
0.0649579
0.0649577
0.0649573
0.064957
0.0649565
0.0649559
0.0649552
0.0649545
0.0649536
0.0649525
0.0649514
0.0649501
0.0649487
0.0649472
0.0649455
0.0649438
0.0649419
0.0649401
0.0649382
0.0649364
0.0649347
0.0649332
0.0649318
0.0649306
0.0649296
0.0649288
0.0649283
0.0649279
0.0649276
0.0649274
0.0649272
0.0649269
0.0649265
0.0649259
0.0649249
0.0649236
0.0649219
0.0649199
0.0649176
0.0649149
0.064912
0.0649089
0.0649056
0.0649023
0.0648989
0.0648957
0.0648925
0.0648894
0.0648864
0.0648836
0.0648808
0.064878
0.0648752
0.0648724
0.0648694
0.0648664
0.064863
0.0648596
0.0648558
0.0648519
0.0648478
0.0648435
0.064839
0.0648345
0.0648299
0.0648253
0.0648207
0.0648162
0.0648117
0.0648073
0.064803
0.0647989
0.0647948
0.0647908
0.0647869
0.0647831
0.0647792
0.0647754
0.0647715
0.0647677
0.0647636
0.0647596
0.0647553
0.064751
0.0647464
0.0647417
0.0647367
0.0647316
0.0647262
0.0647206
0.0647148
0.0647089
0.0647026
0.0646963
0.0646898
0.0646831
0.0646763
0.0646694
0.0646624
0.0646554
0.0646483
0.0646412
0.064634
0.0646271
0.06462
0.0646132
0.0646064
0.0645999
0.0645934
0.0645873
0.0645814
0.0645757
0.0645703
0.0645651
0.0645601
0.0645553
0.0645506
0.0645461
0.0645415
0.064537
0.0645322
0.0645274
0.0645224
0.0645171
0.0645115
0.0645058
0.0644997
0.0644935
0.064487
0.0644805
0.0644739
0.0644675
0.064461
0.0644548
0.0644488
0.0644432
0.0644378
0.0644328
0.064428
0.0644236
0.0644194
0.0644154
0.0644114
0.0644076
0.0644036
0.0643997
0.0643955
0.0643913
0.0643868
0.0643822
0.0643774
0.0643726
0.0643678
0.064363
0.0643584
0.064354
0.0643498
0.064346
0.0643426
0.0643396
0.064337
0.0643348
0.064333
0.0643314
0.0643302
0.0643291
0.0643282
0.0643273
0.0643265
0.0643257
0.0643249
0.0643241
0.0643232
0.0643226
0.0643226
0.0643257
0.0643445
0.0644467
0.0640022
0.0661674
0.22925
0.114466
0.0846078
0.0729947
0.0687954
0.0662219
0.0648217
0.0648229
0.0649087
0.064947
0.0649557
0.0649578
0.0649583
0.0649584
0.0649584
0.0649584
0.0649583
0.0649583
0.0649582
0.0649581
0.0649579
0.0649576
0.0649574
0.064957
0.0649565
0.0649559
0.0649553
0.0649545
0.0649536
0.0649525
0.0649514
0.0649501
0.0649487
0.0649471
0.0649455
0.0649437
0.0649419
0.0649401
0.0649383
0.0649364
0.0649347
0.0649332
0.0649318
0.0649306
0.0649296
0.0649288
0.0649283
0.0649279
0.0649276
0.0649274
0.0649272
0.0649269
0.0649265
0.0649258
0.0649249
0.0649236
0.064922
0.0649199
0.0649176
0.0649149
0.064912
0.0649088
0.0649056
0.0649022
0.0648989
0.0648957
0.0648925
0.0648894
0.0648865
0.0648836
0.0648808
0.064878
0.0648753
0.0648724
0.0648695
0.0648663
0.0648631
0.0648596
0.0648559
0.0648519
0.0648478
0.0648435
0.0648391
0.0648345
0.0648299
0.0648253
0.0648207
0.0648162
0.0648117
0.0648073
0.0648031
0.0647988
0.0647948
0.0647908
0.0647869
0.064783
0.0647792
0.0647754
0.0647716
0.0647676
0.0647637
0.0647595
0.0647554
0.0647509
0.0647464
0.0647416
0.0647367
0.0647315
0.0647262
0.0647206
0.0647149
0.0647088
0.0647027
0.0646963
0.0646898
0.0646831
0.0646764
0.0646694
0.0646625
0.0646553
0.0646483
0.0646411
0.0646341
0.064627
0.0646201
0.0646131
0.0646064
0.0645998
0.0645935
0.0645873
0.0645814
0.0645757
0.0645703
0.0645651
0.0645601
0.0645553
0.0645507
0.0645461
0.0645416
0.0645369
0.0645323
0.0645274
0.0645224
0.0645171
0.0645116
0.0645057
0.0644998
0.0644934
0.0644871
0.0644805
0.064474
0.0644674
0.064461
0.0644548
0.0644488
0.0644431
0.0644378
0.0644327
0.064428
0.0644236
0.0644194
0.0644153
0.0644115
0.0644075
0.0644037
0.0643996
0.0643956
0.0643912
0.0643868
0.0643821
0.0643775
0.0643726
0.0643678
0.064363
0.0643584
0.0643539
0.0643498
0.064346
0.0643426
0.0643396
0.064337
0.0643348
0.064333
0.0643314
0.0643302
0.0643291
0.0643282
0.0643273
0.0643265
0.0643257
0.0643249
0.064324
0.0643232
0.0643226
0.0643227
0.0643257
0.0643446
0.0644467
0.0640022
0.0661674
0.235057
0.108407
0.098861
0.103794
0.10673
0.107479
0.107916
0.108432
0.108588
0.108615
0.108619
0.10862
0.10862
0.10862
0.10862
0.10862
0.10862
0.10862
0.10862
0.108619
0.108619
0.108618
0.108618
0.108616
0.108615
0.108614
0.108612
0.10861
0.108608
0.108605
0.108603
0.108599
0.108596
0.108592
0.108589
0.108584
0.10858
0.108575
0.108572
0.108567
0.108564
0.10856
0.108558
0.108555
0.108553
0.108552
0.108551
0.108551
0.10855
0.108549
0.108549
0.108548
0.108548
0.108545
0.108543
0.108539
0.108535
0.108529
0.108524
0.108516
0.10851
0.108501
0.108495
0.108486
0.10848
0.108472
0.108466
0.108458
0.108453
0.108445
0.108441
0.108433
0.108428
0.10842
0.108415
0.108406
0.108399
0.108389
0.108382
0.108371
0.108363
0.108351
0.108343
0.10833
0.108322
0.108309
0.108301
0.108289
0.108281
0.108269
0.108262
0.108251
0.108243
0.108233
0.108226
0.108215
0.108208
0.108198
0.108191
0.10818
0.108173
0.108162
0.108154
0.108141
0.108133
0.10812
0.10811
0.108096
0.108086
0.10807
0.108059
0.108043
0.108031
0.108014
0.108001
0.107983
0.10797
0.107952
0.107939
0.107919
0.107906
0.107887
0.107874
0.107855
0.107842
0.107824
0.107812
0.107795
0.107783
0.107767
0.107756
0.107742
0.107732
0.107718
0.10771
0.107697
0.107689
0.107677
0.107668
0.107656
0.107647
0.107634
0.107624
0.107609
0.107599
0.107582
0.107571
0.107553
0.107541
0.107523
0.107511
0.107494
0.107482
0.107466
0.107455
0.107441
0.107431
0.107419
0.107411
0.107399
0.107392
0.107381
0.107374
0.107364
0.107357
0.107346
0.107338
0.107326
0.107317
0.107304
0.107295
0.107282
0.107273
0.10726
0.107252
0.107241
0.107233
0.107224
0.107218
0.107211
0.107207
0.107202
0.107199
0.107196
0.107194
0.107191
0.10719
0.107188
0.107186
0.107184
0.107182
0.10718
0.107178
0.107176
0.107175
0.107179
0.107207
0.10739
0.106058
0.110875
0.212397
0.0935413
0.0930766
0.103011
0.107132
0.108509
0.109183
0.109493
0.109563
0.109572
0.109573
0.109573
0.109573
0.109573
0.109573
0.109573
0.109573
0.109572
0.109572
0.109572
0.109571
0.109571
0.10957
0.109569
0.109567
0.109566
0.109564
0.109562
0.109559
0.109557
0.109553
0.10955
0.109546
0.109543
0.109538
0.109534
0.109529
0.109525
0.10952
0.109516
0.109511
0.109508
0.109505
0.109503
0.109501
0.1095
0.109499
0.109499
0.109497
0.109497
0.109496
0.109496
0.109495
0.109493
0.10949
0.109486
0.109481
0.109475
0.109468
0.109462
0.109453
0.109446
0.109437
0.10943
0.109421
0.109414
0.109406
0.1094
0.109392
0.109387
0.109379
0.109374
0.109366
0.10936
0.109351
0.109344
0.109335
0.109327
0.109316
0.109307
0.109295
0.109286
0.109274
0.109264
0.109251
0.109241
0.109229
0.10922
0.109208
0.109199
0.109187
0.109179
0.109168
0.10916
0.109149
0.109141
0.109131
0.109123
0.109112
0.109104
0.109093
0.109084
0.109072
0.109062
0.10905
0.109039
0.109025
0.109014
0.108999
0.108986
0.10897
0.108957
0.10894
0.108926
0.108908
0.108894
0.108875
0.10886
0.108841
0.108826
0.108807
0.108791
0.108772
0.108757
0.108738
0.108724
0.108706
0.108692
0.108676
0.108663
0.108647
0.108636
0.108622
0.108611
0.108598
0.108589
0.108576
0.108567
0.108555
0.108545
0.108532
0.108521
0.108507
0.108495
0.108479
0.108466
0.108449
0.108435
0.108417
0.108403
0.108385
0.108372
0.108355
0.108342
0.108326
0.108315
0.108302
0.108292
0.10828
0.108271
0.10826
0.108252
0.108242
0.108233
0.108223
0.108214
0.108202
0.108192
0.10818
0.108169
0.108156
0.108146
0.108133
0.108123
0.10811
0.108102
0.108091
0.108084
0.108076
0.10807
0.108064
0.108061
0.108057
0.108054
0.108051
0.108049
0.108047
0.108045
0.108043
0.108041
0.108038
0.108036
0.108034
0.108032
0.108031
0.108034
0.108049
0.108148
0.10669
0.109964
0.181501
0.078403
0.0815547
0.0900021
0.0928422
0.0937624
0.094122
0.0942213
0.0942358
0.094237
0.0942369
0.0942368
0.0942367
0.0942367
0.0942366
0.0942366
0.0942365
0.0942363
0.0942361
0.0942357
0.0942353
0.0942346
0.0942339
0.0942328
0.0942317
0.0942302
0.0942286
0.0942268
0.0942247
0.0942222
0.0942196
0.0942164
0.0942133
0.0942096
0.0942059
0.0942018
0.0941978
0.0941935
0.0941897
0.0941858
0.0941823
0.0941792
0.0941766
0.0941746
0.0941731
0.0941721
0.0941715
0.0941708
0.0941696
0.0941688
0.094168
0.0941679
0.0941676
0.0941659
0.0941634
0.0941596
0.0941554
0.0941499
0.0941441
0.0941376
0.0941309
0.0941237
0.0941167
0.0941094
0.0941027
0.0940958
0.0940896
0.0940832
0.0940776
0.0940714
0.094066
0.0940598
0.0940542
0.0940475
0.0940412
0.0940338
0.0940265
0.0940181
0.09401
0.0940007
0.0939918
0.0939819
0.0939724
0.0939622
0.0939527
0.0939425
0.0939332
0.0939232
0.0939143
0.0939048
0.0938963
0.0938872
0.0938791
0.0938704
0.0938625
0.093854
0.0938462
0.0938376
0.0938296
0.0938208
0.0938124
0.0938031
0.0937941
0.093784
0.0937744
0.0937634
0.0937529
0.0937409
0.0937295
0.0937167
0.0937044
0.0936906
0.0936776
0.0936631
0.0936494
0.0936343
0.0936201
0.0936046
0.0935901
0.0935742
0.0935596
0.0935438
0.0935292
0.0935136
0.0934993
0.0934842
0.0934706
0.0934563
0.0934436
0.0934304
0.0934187
0.0934066
0.093396
0.093385
0.0933753
0.0933651
0.0933559
0.0933458
0.0933366
0.0933262
0.0933164
0.0933052
0.0932944
0.093282
0.09327
0.0932564
0.0932434
0.0932289
0.0932153
0.0932006
0.0931869
0.0931727
0.0931597
0.0931465
0.0931348
0.093123
0.0931128
0.0931024
0.0930935
0.0930843
0.0930763
0.0930676
0.0930598
0.0930511
0.0930429
0.0930336
0.0930247
0.0930146
0.0930049
0.0929942
0.092984
0.0929731
0.0929631
0.0929527
0.0929434
0.0929343
0.0929264
0.0929189
0.0929128
0.0929071
0.0929027
0.0928987
0.0928957
0.0928929
0.0928908
0.0928887
0.092887
0.0928851
0.0928833
0.0928813
0.0928794
0.0928772
0.0928752
0.0928732
0.0928718
0.0928722
0.092874
0.0928788
0.0916234
0.0931992
0.15324
0.0657918
0.0688534
0.0734828
0.0746969
0.0750494
0.0751468
0.0751608
0.075161
0.0751606
0.0751604
0.0751603
0.0751602
0.0751602
0.0751601
0.0751601
0.07516
0.0751599
0.0751597
0.0751595
0.0751591
0.0751586
0.075158
0.0751572
0.0751563
0.0751552
0.0751539
0.0751525
0.0751509
0.075149
0.0751469
0.0751445
0.075142
0.0751391
0.0751362
0.075133
0.0751298
0.0751265
0.0751233
0.0751203
0.0751175
0.0751151
0.075113
0.0751114
0.0751102
0.0751094
0.0751089
0.0751082
0.0751069
0.0751063
0.0751056
0.0751057
0.0751054
0.0751046
0.0751027
0.0750998
0.0750964
0.0750923
0.0750876
0.0750827
0.0750772
0.0750718
0.0750661
0.0750606
0.0750551
0.0750499
0.0750448
0.0750399
0.0750352
0.0750306
0.0750261
0.0750214
0.0750168
0.0750118
0.0750067
0.075001
0.0749951
0.0749888
0.0749821
0.0749751
0.0749679
0.0749604
0.0749527
0.074945
0.0749372
0.0749294
0.0749218
0.0749142
0.0749069
0.0748997
0.0748927
0.0748858
0.0748792
0.0748725
0.0748661
0.0748596
0.0748532
0.0748467
0.0748403
0.0748336
0.0748268
0.0748197
0.0748124
0.0748048
0.0747969
0.0747886
0.0747801
0.074771
0.0747617
0.074752
0.074742
0.0747316
0.074721
0.07471
0.0746989
0.0746874
0.0746759
0.074664
0.0746522
0.0746402
0.0746283
0.0746162
0.0746044
0.0745924
0.0745808
0.0745693
0.0745582
0.0745473
0.0745369
0.0745269
0.0745173
0.0745081
0.0744994
0.0744911
0.0744831
0.0744753
0.0744678
0.0744602
0.0744527
0.0744448
0.0744369
0.0744283
0.0744197
0.0744102
0.0744005
0.0743902
0.0743797
0.0743687
0.0743576
0.0743464
0.0743353
0.0743244
0.0743139
0.0743038
0.0742942
0.0742852
0.0742768
0.0742689
0.0742617
0.0742546
0.0742481
0.0742414
0.0742351
0.0742284
0.0742219
0.0742148
0.0742076
0.0741999
0.0741921
0.0741839
0.0741757
0.0741674
0.0741592
0.0741514
0.0741438
0.0741368
0.0741303
0.0741246
0.0741195
0.0741151
0.0741115
0.0741084
0.0741059
0.0741037
0.0741021
0.0741004
0.074099
0.0740975
0.0740962
0.0740946
0.074093
0.0740914
0.0740897
0.0740882
0.0740866
0.0740853
0.0740793
0.0740345
0.0730867
0.0736255
0.13063
0.0555398
0.0560934
0.0573555
0.0575515
0.0575942
0.0575951
0.0575914
0.05759
0.0575895
0.0575894
0.0575894
0.0575893
0.0575893
0.0575893
0.0575893
0.0575892
0.0575891
0.057589
0.0575888
0.0575886
0.0575883
0.0575879
0.0575874
0.0575868
0.0575862
0.0575852
0.0575844
0.0575832
0.057582
0.0575805
0.0575791
0.0575772
0.0575755
0.0575733
0.0575714
0.0575691
0.0575671
0.0575647
0.0575629
0.0575607
0.0575593
0.0575576
0.0575566
0.0575555
0.057555
0.0575545
0.0575539
0.0575529
0.0575526
0.057552
0.0575522
0.057552
0.0575518
0.0575505
0.0575488
0.0575465
0.057544
0.0575407
0.0575378
0.0575338
0.0575305
0.0575262
0.0575229
0.0575187
0.0575156
0.0575116
0.0575087
0.0575051
0.0575022
0.0574988
0.057496
0.0574926
0.0574895
0.0574857
0.0574823
0.0574781
0.0574743
0.0574694
0.0574652
0.0574598
0.0574553
0.0574496
0.0574449
0.0574391
0.0574344
0.0574286
0.057424
0.0574185
0.057414
0.0574088
0.0574046
0.0573995
0.0573955
0.0573907
0.0573867
0.057382
0.0573781
0.0573732
0.0573692
0.0573641
0.0573599
0.0573545
0.0573499
0.057344
0.057339
0.0573327
0.0573273
0.0573204
0.0573145
0.0573071
0.0573008
0.0572929
0.0572863
0.057278
0.0572711
0.0572625
0.0572554
0.0572465
0.0572392
0.0572303
0.057223
0.0572141
0.0572069
0.0571982
0.0571912
0.0571828
0.0571762
0.0571683
0.0571622
0.0571549
0.0571493
0.0571427
0.0571376
0.0571316
0.0571269
0.0571212
0.0571166
0.057111
0.0571062
0.0571003
0.0570952
0.0570888
0.0570831
0.057076
0.0570698
0.057062
0.0570554
0.0570472
0.0570404
0.0570321
0.0570256
0.0570175
0.0570114
0.0570041
0.0569986
0.0569922
0.0569874
0.0569817
0.0569774
0.0569724
0.0569684
0.0569637
0.0569596
0.0569548
0.0569505
0.0569453
0.0569406
0.0569349
0.05693
0.0569239
0.0569189
0.0569128
0.056908
0.0569023
0.056898
0.056893
0.0568895
0.0568855
0.0568828
0.0568799
0.0568779
0.056876
0.0568746
0.0568732
0.0568722
0.0568712
0.0568703
0.0568693
0.0568684
0.0568673
0.0568663
0.0568651
0.0568641
0.0568628
0.056861
0.0568532
0.0568007
0.0561835
0.0562258
0.112356
0.0471831
0.0454467
0.0450737
0.0449228
0.0448802
0.0448666
0.0448627
0.0448617
0.0448615
0.0448614
0.0448614
0.0448613
0.0448613
0.0448613
0.0448613
0.0448612
0.0448612
0.0448611
0.0448611
0.0448609
0.0448607
0.0448606
0.0448603
0.04486
0.0448595
0.0448591
0.0448585
0.044858
0.0448572
0.0448565
0.0448555
0.0448546
0.0448534
0.0448524
0.044851
0.0448499
0.0448485
0.0448474
0.044846
0.044845
0.0448439
0.0448431
0.0448423
0.0448417
0.0448413
0.044841
0.0448405
0.0448399
0.0448398
0.0448394
0.0448396
0.0448395
0.0448394
0.0448389
0.0448378
0.0448368
0.0448351
0.0448336
0.0448315
0.0448297
0.0448273
0.0448254
0.0448229
0.0448209
0.0448185
0.0448166
0.0448144
0.0448127
0.0448105
0.044809
0.0448069
0.0448053
0.0448031
0.0448014
0.044799
0.0447971
0.0447943
0.0447922
0.0447891
0.0447867
0.0447834
0.0447808
0.0447773
0.0447746
0.0447711
0.0447685
0.044765
0.0447625
0.0447591
0.0447567
0.0447536
0.0447512
0.0447482
0.044746
0.0447431
0.0447409
0.044738
0.0447358
0.0447329
0.0447306
0.0447275
0.044725
0.0447217
0.044719
0.0447154
0.0447125
0.0447085
0.0447054
0.0447011
0.0446978
0.0446932
0.0446896
0.0446847
0.0446809
0.0446758
0.0446719
0.0446666
0.0446626
0.0446572
0.0446531
0.0446477
0.0446436
0.0446383
0.0446343
0.0446291
0.0446252
0.0446203
0.0446167
0.0446121
0.0446087
0.0446045
0.0446015
0.0445976
0.0445948
0.0445913
0.0445887
0.0445852
0.0445827
0.0445792
0.0445765
0.0445728
0.0445699
0.0445658
0.0445626
0.0445581
0.0445546
0.0445498
0.0445461
0.0445411
0.0445373
0.0445324
0.0445287
0.0445241
0.0445207
0.0445165
0.0445135
0.0445098
0.0445072
0.0445039
0.0445016
0.0444986
0.0444964
0.0444935
0.0444913
0.0444882
0.0444859
0.0444825
0.04448
0.0444764
0.0444737
0.04447
0.0444672
0.0444636
0.044461
0.0444577
0.0444554
0.0444526
0.0444507
0.0444486
0.0444472
0.0444456
0.0444447
0.0444436
0.044443
0.0444422
0.0444417
0.0444411
0.0444407
0.04444
0.0444396
0.0444389
0.0444383
0.0444376
0.0444369
0.0444353
0.0444289
0.0443896
0.0440397
0.0439297
0.0969116
0.0406992
0.0381674
0.0374565
0.0372848
0.0372452
0.0372358
0.0372336
0.0372331
0.037233
0.0372329
0.0372329
0.0372329
0.0372329
0.0372329
0.0372329
0.0372328
0.0372328
0.0372328
0.0372328
0.0372327
0.0372326
0.0372325
0.0372324
0.0372322
0.037232
0.0372318
0.0372315
0.0372312
0.0372309
0.0372304
0.03723
0.0372294
0.037229
0.0372283
0.0372278
0.037227
0.0372265
0.0372257
0.0372252
0.0372245
0.037224
0.0372234
0.0372231
0.0372227
0.0372225
0.0372223
0.037222
0.0372217
0.0372216
0.0372214
0.0372216
0.0372215
0.0372216
0.0372212
0.0372208
0.0372201
0.0372196
0.0372186
0.0372178
0.0372165
0.0372157
0.0372143
0.0372134
0.0372119
0.037211
0.0372096
0.0372088
0.0372076
0.0372068
0.0372056
0.0372048
0.0372037
0.0372029
0.0372017
0.0372008
0.0371995
0.0371985
0.0371969
0.0371958
0.0371941
0.0371929
0.037191
0.0371898
0.0371878
0.0371865
0.0371846
0.0371833
0.0371814
0.0371802
0.0371784
0.0371773
0.0371756
0.0371745
0.0371728
0.0371718
0.0371702
0.0371691
0.0371675
0.0371665
0.0371648
0.0371637
0.0371619
0.0371607
0.0371588
0.0371575
0.0371554
0.037154
0.0371517
0.0371502
0.0371478
0.0371461
0.0371435
0.0371418
0.037139
0.0371372
0.0371343
0.0371324
0.0371295
0.0371275
0.0371245
0.0371226
0.0371196
0.0371176
0.0371147
0.0371128
0.03711
0.0371082
0.0371055
0.0371038
0.0371014
0.0370998
0.0370975
0.0370961
0.0370941
0.0370928
0.0370908
0.0370896
0.0370877
0.0370865
0.0370845
0.0370832
0.0370811
0.0370797
0.0370774
0.0370758
0.0370732
0.0370715
0.0370688
0.037067
0.0370642
0.0370625
0.0370597
0.0370581
0.0370555
0.037054
0.0370517
0.0370504
0.0370484
0.0370472
0.0370455
0.0370444
0.0370428
0.0370417
0.0370401
0.037039
0.0370373
0.0370362
0.0370343
0.037033
0.0370311
0.0370297
0.0370277
0.0370264
0.0370244
0.0370233
0.0370215
0.0370205
0.037019
0.0370182
0.0370171
0.0370165
0.0370158
0.0370154
0.0370149
0.0370146
0.0370142
0.037014
0.0370137
0.0370135
0.0370132
0.037013
0.0370126
0.0370123
0.0370118
0.0370109
0.0370067
0.0369831
0.0368047
0.0366951
0.0834478
0.0361344
0.0339378
0.0333851
0.0332738
0.033251
0.0332461
0.033245
0.0332448
0.0332447
0.0332447
0.0332447
0.0332447
0.0332447
0.0332447
0.0332447
0.0332447
0.0332447
0.0332446
0.0332446
0.0332446
0.0332446
0.0332445
0.0332444
0.0332444
0.0332443
0.0332442
0.033244
0.0332439
0.0332437
0.0332436
0.0332433
0.0332431
0.0332428
0.0332426
0.0332422
0.033242
0.0332416
0.0332414
0.033241
0.0332408
0.0332404
0.0332402
0.03324
0.0332398
0.0332397
0.0332396
0.0332395
0.0332393
0.0332393
0.0332392
0.0332392
0.0332392
0.0332392
0.0332392
0.0332389
0.0332387
0.0332383
0.033238
0.0332374
0.0332371
0.0332364
0.033236
0.0332353
0.0332349
0.0332342
0.0332338
0.0332331
0.0332327
0.0332321
0.0332318
0.0332312
0.0332308
0.0332302
0.0332299
0.0332293
0.0332289
0.0332281
0.0332277
0.0332269
0.0332264
0.0332255
0.0332249
0.033224
0.0332234
0.0332224
0.0332218
0.0332208
0.0332203
0.0332193
0.0332188
0.0332179
0.0332174
0.0332166
0.0332161
0.0332153
0.0332148
0.033214
0.0332136
0.0332127
0.0332123
0.0332114
0.0332109
0.03321
0.0332094
0.0332084
0.0332079
0.0332068
0.0332061
0.0332049
0.0332042
0.033203
0.0332022
0.0332009
0.0332001
0.0331987
0.0331978
0.0331964
0.0331955
0.033194
0.0331932
0.0331916
0.0331908
0.0331893
0.0331884
0.0331869
0.0331861
0.0331847
0.033184
0.0331826
0.0331819
0.0331807
0.03318
0.0331789
0.0331783
0.0331773
0.0331768
0.0331758
0.0331753
0.0331743
0.0331737
0.0331727
0.0331721
0.033171
0.0331704
0.0331692
0.0331685
0.0331671
0.0331664
0.033165
0.0331642
0.0331628
0.033162
0.0331606
0.0331599
0.0331587
0.033158
0.0331569
0.0331564
0.0331554
0.0331549
0.0331541
0.0331536
0.0331528
0.0331523
0.0331515
0.033151
0.0331501
0.0331496
0.0331486
0.0331481
0.0331471
0.0331465
0.0331455
0.0331449
0.0331439
0.0331434
0.0331426
0.0331422
0.0331415
0.0331412
0.0331407
0.0331405
0.0331401
0.03314
0.0331398
0.0331396
0.0331395
0.0331394
0.0331393
0.0331392
0.033139
0.0331389
0.0331387
0.0331385
0.0331379
0.0331357
0.0331232
0.0330388
0.0329669
0.0716321
0.0332599
0.0317573
0.0314256
0.0313668
0.0313556
0.0313533
0.0313528
0.0313527
0.0313527
0.0313527
0.0313527
0.0313526
0.0313526
0.0313526
0.0313526
0.0313526
0.0313526
0.0313526
0.0313526
0.0313526
0.0313526
0.0313526
0.0313526
0.0313525
0.0313525
0.0313524
0.0313524
0.0313523
0.0313523
0.0313521
0.0313521
0.0313519
0.0313519
0.0313517
0.0313516
0.0313514
0.0313513
0.0313511
0.031351
0.0313509
0.0313508
0.0313506
0.0313506
0.0313504
0.0313504
0.0313503
0.0313503
0.0313502
0.0313502
0.0313502
0.0313502
0.0313502
0.0313502
0.0313501
0.0313501
0.0313499
0.0313498
0.0313496
0.0313495
0.0313492
0.031349
0.0313487
0.0313485
0.0313482
0.031348
0.0313476
0.0313475
0.0313472
0.031347
0.0313467
0.0313466
0.0313463
0.0313462
0.0313459
0.0313458
0.0313454
0.0313453
0.0313449
0.0313447
0.0313443
0.0313441
0.0313436
0.0313434
0.0313429
0.0313427
0.0313422
0.031342
0.0313415
0.0313413
0.0313408
0.0313406
0.0313402
0.03134
0.0313396
0.0313394
0.031339
0.0313389
0.0313385
0.0313383
0.0313379
0.0313377
0.0313372
0.0313371
0.0313366
0.0313364
0.0313358
0.0313356
0.0313351
0.0313348
0.0313342
0.0313339
0.0313333
0.031333
0.0313323
0.031332
0.0313313
0.031331
0.0313302
0.0313299
0.0313291
0.0313288
0.0313281
0.0313277
0.031327
0.0313267
0.0313259
0.0313256
0.031325
0.0313247
0.031324
0.0313238
0.0313232
0.0313229
0.0313224
0.0313222
0.0313217
0.0313215
0.031321
0.0313208
0.0313203
0.0313201
0.0313196
0.0313194
0.0313188
0.0313185
0.0313179
0.0313176
0.031317
0.0313167
0.031316
0.0313157
0.031315
0.0313147
0.031314
0.0313138
0.0313132
0.0313129
0.0313124
0.0313122
0.0313117
0.0313116
0.0313112
0.031311
0.0313106
0.0313104
0.03131
0.0313098
0.0313094
0.0313092
0.0313087
0.0313084
0.0313079
0.0313077
0.0313072
0.031307
0.0313065
0.0313063
0.031306
0.0313058
0.0313055
0.0313054
0.0313052
0.0313051
0.031305
0.0313049
0.0313048
0.0313048
0.0313047
0.0313047
0.0313046
0.0313046
0.0313045
0.0313045
0.0313043
0.0313041
0.0313029
0.0312969
0.0312589
0.0312194
0.0614399
0.0316255
0.0307278
0.0305534
0.0305254
0.0305203
0.0305192
0.030519
0.030519
0.0305189
0.0305189
0.0305189
0.0305189
0.0305189
0.0305189
0.0305189
0.0305189
0.0305189
0.0305189
0.0305189
0.0305189
0.0305189
0.0305189
0.0305189
0.0305189
0.0305189
0.0305189
0.0305188
0.0305188
0.0305188
0.0305187
0.0305187
0.0305187
0.0305186
0.0305186
0.0305185
0.0305185
0.0305184
0.0305183
0.0305182
0.0305182
0.0305181
0.0305181
0.030518
0.030518
0.0305179
0.0305179
0.0305179
0.0305179
0.0305179
0.0305178
0.0305179
0.0305179
0.0305179
0.0305179
0.0305178
0.0305178
0.0305177
0.0305177
0.0305175
0.0305175
0.0305173
0.0305173
0.0305171
0.0305171
0.0305169
0.0305168
0.0305167
0.0305166
0.0305165
0.0305164
0.0305163
0.0305162
0.0305161
0.0305161
0.0305159
0.0305159
0.0305157
0.0305156
0.0305154
0.0305154
0.0305152
0.0305151
0.0305149
0.0305148
0.0305146
0.0305145
0.0305142
0.0305142
0.0305139
0.0305139
0.0305136
0.0305136
0.0305134
0.0305133
0.0305131
0.0305131
0.0305129
0.0305128
0.0305126
0.0305126
0.0305123
0.0305123
0.0305121
0.030512
0.0305118
0.0305117
0.0305114
0.0305114
0.0305111
0.030511
0.0305107
0.0305106
0.0305103
0.0305102
0.0305098
0.0305098
0.0305094
0.0305093
0.0305089
0.0305088
0.0305084
0.0305083
0.030508
0.0305079
0.0305075
0.0305074
0.030507
0.030507
0.0305066
0.0305065
0.0305062
0.0305061
0.0305059
0.0305058
0.0305055
0.0305055
0.0305052
0.0305052
0.0305049
0.0305049
0.0305046
0.0305046
0.0305043
0.0305042
0.0305039
0.0305039
0.0305035
0.0305035
0.0305031
0.030503
0.0305027
0.0305026
0.0305022
0.0305021
0.0305018
0.0305017
0.0305015
0.0305014
0.0305012
0.0305011
0.0305009
0.0305008
0.0305006
0.0305006
0.0305004
0.0305003
0.0305001
0.0305001
0.0304998
0.0304998
0.0304995
0.0304995
0.0304992
0.0304991
0.0304989
0.0304988
0.0304986
0.0304985
0.0304984
0.0304983
0.0304982
0.0304981
0.0304981
0.030498
0.030498
0.030498
0.0304979
0.0304979
0.0304979
0.0304979
0.0304978
0.0304978
0.0304978
0.0304978
0.0304976
0.0304971
0.0304943
0.0304778
0.0304582
0.0529646
0.0307699
0.0302749
0.0301903
0.0301777
0.0301754
0.030175
0.0301749
0.0301749
0.0301749
0.0301749
0.0301749
0.0301749
0.0301749
0.0301749
0.0301749
0.0301749
0.0301749
0.0301748
0.0301749
0.0301748
0.0301748
0.0301748
0.0301748
0.0301748
0.0301748
0.0301748
0.0301748
0.0301748
0.0301748
0.0301748
0.0301748
0.0301747
0.0301747
0.0301747
0.0301747
0.0301746
0.0301746
0.0301746
0.0301746
0.0301745
0.0301745
0.0301745
0.0301745
0.0301744
0.0301744
0.0301744
0.0301744
0.0301744
0.0301744
0.0301744
0.0301744
0.0301744
0.0301744
0.0301744
0.0301744
0.0301744
0.0301744
0.0301743
0.0301743
0.0301742
0.0301742
0.0301741
0.0301741
0.030174
0.030174
0.0301739
0.0301739
0.0301738
0.0301738
0.0301738
0.0301738
0.0301737
0.0301737
0.0301736
0.0301736
0.0301735
0.0301735
0.0301734
0.0301734
0.0301733
0.0301733
0.0301732
0.0301732
0.0301731
0.0301731
0.0301729
0.0301729
0.0301728
0.0301728
0.0301727
0.0301727
0.0301725
0.0301725
0.0301724
0.0301724
0.0301723
0.0301723
0.0301722
0.0301722
0.0301721
0.0301721
0.030172
0.030172
0.0301719
0.0301719
0.0301717
0.0301717
0.0301716
0.0301716
0.0301714
0.0301714
0.0301713
0.0301713
0.0301711
0.0301711
0.0301709
0.0301709
0.0301707
0.0301707
0.0301705
0.0301705
0.0301703
0.0301703
0.0301701
0.0301701
0.0301699
0.0301699
0.0301697
0.0301697
0.0301695
0.0301695
0.0301694
0.0301693
0.0301692
0.0301692
0.0301691
0.0301691
0.0301689
0.0301689
0.0301688
0.0301688
0.0301687
0.0301687
0.0301685
0.0301685
0.0301684
0.0301684
0.0301682
0.0301682
0.030168
0.030168
0.0301678
0.0301678
0.0301676
0.0301676
0.0301675
0.0301674
0.0301673
0.0301673
0.0301672
0.0301672
0.0301671
0.0301671
0.030167
0.030167
0.0301669
0.0301669
0.0301667
0.0301667
0.0301666
0.0301666
0.0301665
0.0301665
0.0301663
0.0301663
0.0301662
0.0301662
0.0301661
0.0301661
0.030166
0.030166
0.0301659
0.0301659
0.0301659
0.0301659
0.0301659
0.0301659
0.0301658
0.0301658
0.0301658
0.0301658
0.0301658
0.0301658
0.0301658
0.0301657
0.0301655
0.0301642
0.0301572
0.0301481
0.0462536
0.0303489
0.0300885
0.0300496
0.0300441
0.0300432
0.030043
0.0300429
0.0300429
0.0300429
0.0300429
0.0300429
0.0300429
0.0300429
0.0300429
0.0300429
0.0300429
0.0300429
0.0300429
0.0300429
0.0300429
0.0300429
0.0300429
0.0300429
0.0300429
0.0300429
0.0300429
0.0300429
0.0300429
0.0300429
0.0300429
0.0300429
0.0300429
0.0300429
0.0300429
0.0300428
0.0300428
0.0300428
0.0300428
0.0300428
0.0300428
0.0300428
0.0300428
0.0300427
0.0300427
0.0300427
0.0300427
0.0300427
0.0300427
0.0300427
0.0300427
0.0300427
0.0300427
0.0300427
0.0300427
0.0300427
0.0300427
0.0300427
0.0300427
0.0300427
0.0300427
0.0300426
0.0300427
0.0300426
0.0300426
0.0300426
0.0300426
0.0300425
0.0300425
0.0300425
0.0300425
0.0300424
0.0300424
0.0300424
0.0300424
0.0300424
0.0300424
0.0300423
0.0300424
0.0300423
0.0300423
0.0300422
0.0300423
0.0300422
0.0300422
0.0300421
0.0300421
0.0300421
0.0300421
0.030042
0.030042
0.030042
0.030042
0.0300419
0.0300419
0.0300419
0.0300419
0.0300418
0.0300418
0.0300418
0.0300418
0.0300417
0.0300417
0.0300417
0.0300417
0.0300416
0.0300416
0.0300416
0.0300416
0.0300415
0.0300415
0.0300414
0.0300415
0.0300414
0.0300414
0.0300413
0.0300413
0.0300412
0.0300412
0.0300411
0.0300411
0.030041
0.0300411
0.030041
0.030041
0.0300409
0.0300409
0.0300408
0.0300408
0.0300407
0.0300407
0.0300406
0.0300406
0.0300406
0.0300406
0.0300405
0.0300405
0.0300404
0.0300405
0.0300404
0.0300404
0.0300403
0.0300404
0.0300403
0.0300403
0.0300402
0.0300402
0.0300402
0.0300402
0.0300401
0.0300401
0.03004
0.03004
0.0300399
0.0300399
0.0300398
0.0300398
0.0300398
0.0300398
0.0300397
0.0300397
0.0300397
0.0300397
0.0300396
0.0300396
0.0300396
0.0300396
0.0300395
0.0300395
0.0300395
0.0300395
0.0300394
0.0300394
0.0300394
0.0300394
0.0300393
0.0300393
0.0300392
0.0300392
0.0300392
0.0300392
0.0300392
0.0300391
0.0300391
0.0300391
0.0300391
0.0300391
0.0300391
0.0300391
0.0300391
0.0300391
0.0300391
0.0300391
0.0300391
0.0300391
0.030039
0.030039
0.0300384
0.0300354
0.0300314
0.0412118
0.0301508
0.0300175
0.0300002
0.0299979
0.0299974
0.0299974
0.0299973
0.0299973
0.0299973
0.0299973
0.0299973
0.0299973
0.0299973
0.0299973
0.0299973
0.0299973
0.0299973
0.0299973
0.0299973
0.0299973
0.0299973
0.0299973
0.0299973
0.0299973
0.0299973
0.0299973
0.0299973
0.0299973
0.0299973
0.0299973
0.0299973
0.0299973
0.0299973
0.0299973
0.0299973
0.0299973
0.0299973
0.0299973
0.0299973
0.0299973
0.0299973
0.0299973
0.0299973
0.0299973
0.0299973
0.0299973
0.0299973
0.0299973
0.0299973
0.0299973
0.0299973
0.0299973
0.0299973
0.0299973
0.0299973
0.0299973
0.0299973
0.0299973
0.0299973
0.0299972
0.0299973
0.0299972
0.0299972
0.0299972
0.0299972
0.0299972
0.0299972
0.0299972
0.0299972
0.0299972
0.0299972
0.0299971
0.0299972
0.0299971
0.0299971
0.0299971
0.0299971
0.0299971
0.0299971
0.0299971
0.0299971
0.0299971
0.0299971
0.029997
0.0299971
0.029997
0.029997
0.029997
0.029997
0.029997
0.029997
0.0299969
0.029997
0.0299969
0.0299969
0.0299969
0.0299969
0.0299969
0.0299969
0.0299969
0.0299969
0.0299969
0.0299969
0.0299968
0.0299968
0.0299968
0.0299968
0.0299968
0.0299968
0.0299968
0.0299968
0.0299967
0.0299967
0.0299967
0.0299967
0.0299967
0.0299967
0.0299966
0.0299967
0.0299966
0.0299966
0.0299966
0.0299966
0.0299965
0.0299965
0.0299965
0.0299965
0.0299965
0.0299965
0.0299964
0.0299964
0.0299964
0.0299964
0.0299964
0.0299964
0.0299963
0.0299963
0.0299963
0.0299963
0.0299963
0.0299963
0.0299963
0.0299963
0.0299962
0.0299963
0.0299962
0.0299962
0.0299962
0.0299962
0.0299962
0.0299962
0.0299961
0.0299961
0.0299961
0.0299961
0.0299961
0.0299961
0.029996
0.029996
0.029996
0.029996
0.029996
0.029996
0.029996
0.029996
0.0299959
0.029996
0.0299959
0.0299959
0.0299959
0.0299959
0.0299959
0.0299959
0.0299959
0.0299959
0.0299958
0.0299958
0.0299958
0.0299958
0.0299958
0.0299958
0.0299958
0.0299958
0.0299958
0.0299958
0.0299958
0.0299958
0.0299958
0.0299958
0.0299957
0.0299958
0.0299957
0.0299958
0.0299957
0.0299957
0.0299957
0.0299955
0.0299942
0.0299925
0.0376303
0.0300591
0.029992
0.0299845
0.0299835
0.0299834
0.0299833
0.0299833
0.0299833
0.0299833
0.0299833
0.0299833
0.0299833
0.0299833
0.0299833
0.0299833
0.0299833
0.0299833
0.0299833
0.0299833
0.0299833
0.0299833
0.0299833
0.0299833
0.0299833
0.0299833
0.0299833
0.0299833
0.0299833
0.0299833
0.0299833
0.0299833
0.0299833
0.0299833
0.0299833
0.0299833
0.0299833
0.0299833
0.0299833
0.0299833
0.0299833
0.0299833
0.0299833
0.0299833
0.0299833
0.0299833
0.0299833
0.0299833
0.0299833
0.0299833
0.0299833
0.0299833
0.0299833
0.0299833
0.0299833
0.0299833
0.0299833
0.0299833
0.0299833
0.0299833
0.0299833
0.0299833
0.0299833
0.0299833
0.0299833
0.0299833
0.0299833
0.0299833
0.0299833
0.0299833
0.0299833
0.0299833
0.0299833
0.0299832
0.0299833
0.0299832
0.0299833
0.0299832
0.0299833
0.0299832
0.0299832
0.0299832
0.0299832
0.0299832
0.0299832
0.0299832
0.0299832
0.0299832
0.0299832
0.0299832
0.0299832
0.0299832
0.0299832
0.0299832
0.0299832
0.0299832
0.0299832
0.0299832
0.0299832
0.0299831
0.0299832
0.0299831
0.0299831
0.0299831
0.0299831
0.0299831
0.0299831
0.0299831
0.0299831
0.0299831
0.0299831
0.0299831
0.0299831
0.0299831
0.0299831
0.0299831
0.0299831
0.0299831
0.0299831
0.029983
0.0299831
0.029983
0.029983
0.029983
0.029983
0.029983
0.029983
0.029983
0.029983
0.029983
0.029983
0.0299829
0.029983
0.0299829
0.0299829
0.0299829
0.0299829
0.0299829
0.0299829
0.0299829
0.0299829
0.0299829
0.0299829
0.0299829
0.0299829
0.0299829
0.0299829
0.0299829
0.0299829
0.0299829
0.0299829
0.0299828
0.0299829
0.0299828
0.0299828
0.0299828
0.0299828
0.0299828
0.0299828
0.0299828
0.0299828
0.0299828
0.0299828
0.0299828
0.0299828
0.0299828
0.0299828
0.0299828
0.0299828
0.0299827
0.0299828
0.0299827
0.0299828
0.0299827
0.0299827
0.0299827
0.0299827
0.0299827
0.0299827
0.0299827
0.0299827
0.0299827
0.0299827
0.0299827
0.0299827
0.0299827
0.0299827
0.0299827
0.0299827
0.0299827
0.0299827
0.0299827
0.0299827
0.0299827
0.0299827
0.0299827
0.0299826
0.0299825
0.029982
0.0299813
0.0353238
0.0300125
0.029979
0.0299758
0.0299754
0.0299754
0.0299753
0.0299753
0.0299753
0.0299753
0.0299753
0.0299753
0.0299753
0.0299753
0.0299753
0.0299753
0.0299753
0.0299753
0.0299753
0.0299753
0.0299753
0.0299753
0.0299753
0.0299753
0.0299753
0.0299753
0.0299753
0.0299753
0.0299753
0.0299753
0.0299753
0.0299753
0.0299753
0.0299753
0.0299753
0.0299753
0.0299753
0.0299753
0.0299753
0.0299753
0.0299753
0.0299753
0.0299753
0.0299753
0.0299753
0.0299753
0.0299753
0.0299753
0.0299753
0.0299753
0.0299753
0.0299753
0.0299753
0.0299753
0.0299753
0.0299753
0.0299753
0.0299753
0.0299753
0.0299753
0.0299753
0.0299753
0.0299753
0.0299753
0.0299753
0.0299753
0.0299753
0.0299753
0.0299753
0.0299753
0.0299753
0.0299753
0.0299753
0.0299753
0.0299753
0.0299753
0.0299753
0.0299753
0.0299753
0.0299753
0.0299753
0.0299753
0.0299753
0.0299753
0.0299753
0.0299753
0.0299753
0.0299753
0.0299753
0.0299753
0.0299753
0.0299753
0.0299753
0.0299753
0.0299753
0.0299753
0.0299753
0.0299753
0.0299753
0.0299753
0.0299753
0.0299753
0.0299753
0.0299753
0.0299753
0.0299753
0.0299753
0.0299753
0.0299753
0.0299753
0.0299753
0.0299753
0.0299753
0.0299753
0.0299752
0.0299753
0.0299752
0.0299753
0.0299752
0.0299752
0.0299752
0.0299752
0.0299752
0.0299752
0.0299752
0.0299752
0.0299752
0.0299752
0.0299752
0.0299752
0.0299752
0.0299752
0.0299752
0.0299752
0.0299752
0.0299752
0.0299752
0.0299752
0.0299752
0.0299752
0.0299752
0.0299752
0.0299752
0.0299752
0.0299752
0.0299752
0.0299752
0.0299752
0.0299752
0.0299752
0.0299752
0.0299752
0.0299751
0.0299752
0.0299751
0.0299751
0.0299751
0.0299751
0.0299751
0.0299751
0.0299751
0.0299751
0.0299751
0.0299751
0.0299751
0.0299751
0.0299751
0.0299751
0.0299751
0.0299751
0.0299751
0.0299751
0.0299751
0.0299751
0.0299751
0.0299751
0.0299751
0.0299751
0.0299751
0.0299751
0.0299751
0.0299751
0.0299751
0.0299751
0.0299751
0.0299751
0.0299751
0.0299751
0.0299751
0.0299751
0.0299751
0.0299751
0.0299751
0.0299751
0.0299751
0.0299751
0.0299751
0.029975
0.0299748
0.0299745
0.0336135
0.0299713
0.0299545
0.0299533
0.0299531
0.0299531
0.0299531
0.0299531
0.0299531
0.0299531
0.0299531
0.0299531
0.0299531
0.0299531
0.0299531
0.0299531
0.0299531
0.0299531
0.0299531
0.0299531
0.0299531
0.0299531
0.0299531
0.0299531
0.0299531
0.0299531
0.0299531
0.0299531
0.0299531
0.0299531
0.0299531
0.0299531
0.0299531
0.0299531
0.0299531
0.0299531
0.0299531
0.0299531
0.0299531
0.0299531
0.0299531
0.0299531
0.0299531
0.0299531
0.0299531
0.0299531
0.0299531
0.0299531
0.0299531
0.0299531
0.0299531
0.0299531
0.0299531
0.0299531
0.0299531
0.0299531
0.0299531
0.0299531
0.0299531
0.0299531
0.0299531
0.0299531
0.0299531
0.0299531
0.0299531
0.0299531
0.0299531
0.0299531
0.0299531
0.0299531
0.0299531
0.0299531
0.0299531
0.0299531
0.0299531
0.0299531
0.0299531
0.0299531
0.0299531
0.0299531
0.0299531
0.0299531
0.0299531
0.0299531
0.0299531
0.0299531
0.0299531
0.0299531
0.0299531
0.0299531
0.0299531
0.0299531
0.0299531
0.0299531
0.0299531
0.0299531
0.0299531
0.0299531
0.0299531
0.0299531
0.0299531
0.0299531
0.0299531
0.0299531
0.0299531
0.0299531
0.0299531
0.0299531
0.0299531
0.0299531
0.0299531
0.0299531
0.0299531
0.0299531
0.0299531
0.0299531
0.0299531
0.0299531
0.0299531
0.0299531
0.0299531
0.0299531
0.0299531
0.0299531
0.0299531
0.0299531
0.0299531
0.0299531
0.0299531
0.0299531
0.0299531
0.029953
0.0299531
0.029953
0.029953
0.029953
0.029953
0.029953
0.029953
0.029953
0.029953
0.029953
0.029953
0.029953
0.029953
0.029953
0.0299531
0.029953
0.0299531
0.029953
0.0299531
0.029953
0.0299531
0.029953
0.029953
0.029953
0.029953
0.029953
0.029953
0.029953
0.029953
0.029953
0.029953
0.029953
0.029953
0.029953
0.029953
0.029953
0.029953
0.029953
0.029953
0.029953
0.029953
0.029953
0.029953
0.029953
0.029953
0.029953
0.029953
0.029953
0.029953
0.029953
0.029953
0.029953
0.029953
0.029953
0.029953
0.029953
0.029953
0.029953
0.029953
0.029953
0.029953
0.029953
0.029953
0.029953
0.029953
0.029953
0.0299529
0.0299528
0.0323911
0.0299164
0.029892
0.029891
0.0298908
0.0298908
0.0298908
0.0298908
0.0298908
0.0298908
0.0298908
0.0298908
0.0298908
0.0298908
0.0298908
0.0298908
0.0298908
0.0298908
0.0298908
0.0298908
0.0298908
0.0298908
0.0298908
0.0298908
0.0298908
0.0298908
0.0298908
0.0298908
0.0298908
0.0298908
0.0298908
0.0298908
0.0298908
0.0298908
0.0298908
0.0298908
0.0298908
0.0298908
0.0298908
0.0298908
0.0298908
0.0298908
0.0298908
0.0298908
0.0298908
0.0298908
0.0298908
0.0298908
0.0298908
0.0298908
0.0298908
0.0298908
0.0298908
0.0298908
0.0298908
0.0298908
0.0298908
0.0298908
0.0298908
0.0298909
0.0298909
0.0298909
0.0298909
0.0298909
0.0298908
0.0298908
0.0298908
0.0298908
0.0298908
0.0298908
0.0298908
0.0298908
0.0298908
0.0298908
0.0298908
0.0298908
0.0298908
0.0298908
0.0298908
0.0298909
0.0298909
0.0298909
0.0298909
0.0298909
0.0298909
0.0298909
0.0298908
0.0298908
0.0298908
0.0298908
0.0298908
0.0298908
0.0298908
0.0298908
0.0298908
0.0298908
0.0298908
0.0298908
0.0298908
0.0298908
0.0298908
0.0298908
0.0298908
0.0298908
0.0298908
0.0298908
0.0298908
0.0298908
0.0298908
0.0298908
0.0298908
0.0298908
0.0298908
0.0298908
0.0298908
0.0298909
0.0298908
0.0298909
0.0298908
0.0298908
0.0298908
0.0298908
0.0298908
0.0298908
0.0298908
0.0298908
0.0298908
0.0298908
0.0298908
0.0298908
0.0298908
0.0298908
0.0298908
0.0298908
0.0298908
0.0298908
0.0298908
0.0298908
0.0298908
0.0298908
0.0298908
0.0298908
0.0298908
0.0298908
0.0298908
0.0298908
0.0298908
0.0298908
0.0298908
0.0298908
0.0298908
0.0298908
0.0298908
0.0298908
0.0298908
0.0298908
0.0298908
0.0298908
0.0298908
0.0298908
0.0298908
0.0298908
0.0298908
0.0298908
0.0298908
0.0298908
0.0298908
0.0298908
0.0298908
0.0298908
0.0298908
0.0298908
0.0298908
0.0298908
0.0298908
0.0298908
0.0298908
0.0298908
0.0298908
0.0298908
0.0298908
0.0298908
0.0298907
0.0298907
0.0298907
0.0298907
0.0298907
0.0298907
0.0298907
0.0298907
0.0298908
0.0298908
0.0298908
0.0298908
0.0298908
0.0298908
0.0298908
0.0298907
0.0298907
0.0298906
0.0309598
0.0296689
0.0296241
0.0296223
0.0296221
0.0296221
0.0296221
0.0296221
0.0296221
0.0296221
0.0296221
0.0296221
0.0296221
0.0296221
0.0296221
0.0296221
0.0296221
0.0296221
0.0296221
0.0296221
0.0296221
0.0296221
0.0296221
0.0296221
0.0296221
0.0296221
0.0296221
0.0296221
0.0296221
0.0296221
0.0296221
0.0296221
0.0296221
0.0296221
0.0296221
0.0296221
0.0296221
0.0296221
0.0296222
0.0296221
0.0296222
0.0296221
0.0296221
0.0296221
0.0296221
0.0296221
0.0296221
0.0296221
0.029622
0.029622
0.029622
0.029622
0.029622
0.0296221
0.0296221
0.0296221
0.0296221
0.0296221
0.0296222
0.0296221
0.0296222
0.0296222
0.0296222
0.0296221
0.0296222
0.0296221
0.0296222
0.0296221
0.0296221
0.0296221
0.0296221
0.0296221
0.0296221
0.0296221
0.0296221
0.0296221
0.0296221
0.0296221
0.0296222
0.0296221
0.0296222
0.0296221
0.0296222
0.0296221
0.0296222
0.0296221
0.0296222
0.0296221
0.0296222
0.0296221
0.0296222
0.0296221
0.0296221
0.0296221
0.0296221
0.0296221
0.0296221
0.0296221
0.0296221
0.0296221
0.0296221
0.0296221
0.0296222
0.0296221
0.0296222
0.0296221
0.0296222
0.0296221
0.0296222
0.0296221
0.0296222
0.0296221
0.0296222
0.0296221
0.0296222
0.0296221
0.0296222
0.0296221
0.0296222
0.0296221
0.0296222
0.0296221
0.0296222
0.0296221
0.0296222
0.0296221
0.0296222
0.0296221
0.0296222
0.0296221
0.0296222
0.0296221
0.0296222
0.0296221
0.0296221
0.0296221
0.0296221
0.029622
0.0296221
0.029622
0.0296221
0.0296221
0.0296221
0.0296221
0.0296221
0.0296221
0.0296222
0.0296221
0.0296222
0.0296221
0.0296222
0.0296221
0.0296222
0.0296221
0.0296222
0.0296221
0.0296221
0.029622
0.0296221
0.029622
0.029622
0.029622
0.029622
0.029622
0.029622
0.029622
0.0296221
0.029622
0.0296221
0.029622
0.0296221
0.0296221
0.0296222
0.0296221
0.0296221
0.029622
0.0296221
0.029622
0.029622
0.029622
0.029622
0.029622
0.0296219
0.0296219
0.0296219
0.0296219
0.0296219
0.0296219
0.0296219
0.0296219
0.029622
0.029622
0.029622
0.029622
0.029622
0.029622
0.029622
0.0296219
0.0296218
0.0296216
0.0282485
0.0276762
0.0276588
0.0276581
0.027658
0.027658
0.027658
0.027658
0.027658
0.027658
0.027658
0.027658
0.027658
0.027658
0.027658
0.027658
0.027658
0.027658
0.027658
0.027658
0.027658
0.027658
0.027658
0.027658
0.027658
0.027658
0.027658
0.0276581
0.027658
0.0276581
0.0276581
0.0276581
0.0276581
0.0276582
0.0276581
0.0276582
0.0276582
0.0276583
0.0276582
0.0276583
0.0276582
0.0276583
0.0276582
0.0276582
0.0276581
0.027658
0.027658
0.0276579
0.0276579
0.0276579
0.0276579
0.0276579
0.0276579
0.0276579
0.027658
0.0276581
0.0276582
0.0276583
0.0276583
0.0276585
0.0276584
0.0276586
0.0276584
0.0276586
0.0276584
0.0276585
0.0276583
0.0276583
0.0276581
0.0276582
0.0276581
0.0276582
0.0276581
0.0276582
0.0276581
0.0276583
0.0276583
0.0276585
0.0276584
0.0276586
0.0276584
0.0276587
0.0276585
0.0276587
0.0276585
0.0276587
0.0276584
0.0276586
0.0276584
0.0276585
0.0276583
0.0276585
0.0276583
0.0276584
0.0276583
0.0276584
0.0276583
0.0276584
0.0276583
0.0276584
0.0276583
0.0276585
0.0276583
0.0276585
0.0276584
0.0276586
0.0276584
0.0276587
0.0276585
0.0276587
0.0276585
0.0276588
0.0276585
0.0276589
0.0276586
0.0276589
0.0276586
0.0276589
0.0276586
0.0276589
0.0276586
0.0276589
0.0276586
0.0276589
0.0276586
0.0276589
0.0276586
0.0276589
0.0276586
0.0276588
0.0276585
0.0276587
0.0276584
0.0276586
0.0276583
0.0276585
0.0276583
0.0276584
0.0276582
0.0276584
0.0276582
0.0276585
0.0276583
0.0276586
0.0276584
0.0276588
0.0276586
0.0276589
0.0276587
0.027659
0.0276587
0.027659
0.0276587
0.0276589
0.0276585
0.0276587
0.0276584
0.0276585
0.0276582
0.0276583
0.0276581
0.0276582
0.0276581
0.0276582
0.0276581
0.0276584
0.0276582
0.0276585
0.0276584
0.0276587
0.0276585
0.0276588
0.0276585
0.0276588
0.0276585
0.0276587
0.0276584
0.0276585
0.0276582
0.0276582
0.027658
0.027658
0.0276579
0.0276579
0.0276579
0.0276579
0.0276579
0.0276579
0.0276579
0.027658
0.027658
0.0276581
0.0276581
0.0276582
0.0276581
0.0276581
0.0276581
0.0276581
0.0276579
0.0276577
0.0254522
0.0251204
0.0251133
0.025113
0.0251129
0.0251129
0.0251129
0.0251129
0.0251129
0.0251129
0.0251129
0.0251129
0.0251129
0.0251129
0.0251129
0.0251129
0.0251129
0.0251129
0.0251129
0.0251129
0.0251129
0.0251129
0.0251129
0.0251129
0.025113
0.025113
0.025113
0.025113
0.0251131
0.025113
0.0251131
0.025113
0.0251131
0.0251131
0.0251132
0.0251131
0.0251133
0.0251131
0.0251134
0.0251132
0.0251134
0.0251131
0.0251133
0.0251131
0.0251131
0.0251129
0.0251129
0.0251129
0.0251128
0.0251129
0.0251128
0.0251129
0.0251128
0.0251129
0.0251129
0.025113
0.0251133
0.0251132
0.0251136
0.0251133
0.0251138
0.0251134
0.0251138
0.0251134
0.0251137
0.0251133
0.0251135
0.0251132
0.0251133
0.0251131
0.0251131
0.0251131
0.0251131
0.0251131
0.0251133
0.0251132
0.0251135
0.0251133
0.0251136
0.0251134
0.0251138
0.0251134
0.0251139
0.0251134
0.0251138
0.0251134
0.0251138
0.0251134
0.0251137
0.0251133
0.0251136
0.0251133
0.0251135
0.0251132
0.0251135
0.0251132
0.0251135
0.0251132
0.0251135
0.0251133
0.0251135
0.0251133
0.0251136
0.0251133
0.0251137
0.0251134
0.0251138
0.0251134
0.0251138
0.0251135
0.0251139
0.0251135
0.025114
0.0251135
0.0251141
0.0251136
0.0251141
0.0251136
0.0251141
0.0251136
0.0251141
0.0251136
0.0251141
0.0251136
0.0251141
0.0251136
0.0251141
0.0251136
0.0251141
0.0251135
0.0251139
0.0251134
0.0251138
0.0251134
0.0251136
0.0251133
0.0251135
0.0251132
0.0251134
0.0251132
0.0251135
0.0251133
0.0251136
0.0251134
0.0251138
0.0251135
0.0251141
0.0251136
0.0251143
0.0251137
0.0251143
0.0251137
0.0251142
0.0251136
0.025114
0.0251135
0.0251138
0.0251133
0.0251135
0.0251132
0.0251133
0.0251131
0.0251132
0.0251131
0.0251133
0.0251132
0.0251135
0.0251133
0.0251137
0.0251134
0.025114
0.0251135
0.025114
0.0251135
0.025114
0.0251134
0.0251138
0.0251133
0.0251135
0.0251131
0.0251131
0.025113
0.0251129
0.0251129
0.0251128
0.0251129
0.0251128
0.0251129
0.0251129
0.0251129
0.0251131
0.025113
0.0251132
0.0251131
0.0251133
0.0251131
0.0251132
0.025113
0.025113
0.0251128
0.0228019
0.0225838
0.0225812
0.0225811
0.022581
0.022581
0.022581
0.022581
0.022581
0.0225811
0.0225811
0.0225811
0.0225811
0.0225811
0.022581
0.022581
0.022581
0.022581
0.022581
0.022581
0.022581
0.0225811
0.0225811
0.0225811
0.0225811
0.0225811
0.0225811
0.0225811
0.0225811
0.0225812
0.0225811
0.0225812
0.0225811
0.0225812
0.0225812
0.0225813
0.0225812
0.0225813
0.0225812
0.0225813
0.0225813
0.0225813
0.0225812
0.0225812
0.0225811
0.0225811
0.022581
0.022581
0.022581
0.022581
0.022581
0.022581
0.022581
0.022581
0.0225811
0.0225812
0.0225812
0.0225814
0.0225813
0.0225815
0.0225814
0.0225816
0.0225814
0.0225816
0.0225814
0.0225815
0.0225813
0.0225813
0.0225812
0.0225812
0.0225811
0.0225812
0.0225811
0.0225812
0.0225812
0.0225813
0.0225813
0.0225814
0.0225814
0.0225816
0.0225814
0.0225816
0.0225815
0.0225816
0.0225814
0.0225816
0.0225814
0.0225816
0.0225814
0.0225815
0.0225813
0.0225815
0.0225813
0.0225814
0.0225813
0.0225814
0.0225813
0.0225814
0.0225813
0.0225814
0.0225813
0.0225815
0.0225813
0.0225815
0.0225814
0.0225816
0.0225814
0.0225816
0.0225814
0.0225817
0.0225815
0.0225817
0.0225815
0.0225818
0.0225815
0.0225818
0.0225816
0.0225818
0.0225816
0.0225818
0.0225816
0.0225819
0.0225816
0.0225819
0.0225816
0.0225818
0.0225816
0.0225818
0.0225815
0.0225817
0.0225815
0.0225817
0.0225814
0.0225816
0.0225813
0.0225815
0.0225813
0.0225814
0.0225813
0.0225814
0.0225813
0.0225815
0.0225813
0.0225816
0.0225814
0.0225817
0.0225815
0.0225819
0.0225816
0.0225819
0.0225816
0.0225819
0.0225816
0.0225818
0.0225815
0.0225817
0.0225814
0.0225815
0.0225813
0.0225814
0.0225812
0.0225813
0.0225812
0.0225813
0.0225812
0.0225814
0.0225813
0.0225815
0.0225814
0.0225816
0.0225815
0.0225817
0.0225815
0.0225817
0.0225815
0.0225816
0.0225814
0.0225815
0.0225813
0.0225813
0.0225811
0.0225811
0.022581
0.022581
0.022581
0.022581
0.022581
0.022581
0.022581
0.0225811
0.0225811
0.0225812
0.0225812
0.0225812
0.0225812
0.0225812
0.0225812
0.0225812
0.0225811
0.022581
0.0200994
0.0199617
0.0199609
0.0199609
0.0199609
0.0199609
0.0199609
0.0199609
0.0199609
0.0199609
0.0199609
0.0199609
0.0199609
0.0199609
0.0199609
0.0199609
0.0199609
0.0199609
0.0199609
0.0199609
0.0199609
0.0199609
0.0199609
0.0199609
0.0199609
0.0199609
0.0199609
0.0199609
0.0199609
0.0199609
0.0199609
0.0199609
0.0199609
0.0199609
0.019961
0.0199609
0.019961
0.0199609
0.019961
0.0199609
0.019961
0.0199609
0.019961
0.0199609
0.0199609
0.0199609
0.0199609
0.0199609
0.0199609
0.0199609
0.0199608
0.0199609
0.0199609
0.0199609
0.0199609
0.0199609
0.019961
0.0199609
0.0199611
0.019961
0.0199612
0.019961
0.0199612
0.019961
0.0199612
0.019961
0.0199611
0.0199609
0.019961
0.0199609
0.0199609
0.0199609
0.0199609
0.0199609
0.019961
0.0199609
0.0199611
0.019961
0.0199611
0.019961
0.0199612
0.019961
0.0199612
0.019961
0.0199612
0.019961
0.0199612
0.019961
0.0199611
0.019961
0.0199611
0.019961
0.0199611
0.019961
0.0199611
0.019961
0.0199611
0.019961
0.0199611
0.019961
0.0199611
0.019961
0.0199611
0.019961
0.0199611
0.019961
0.0199612
0.019961
0.0199612
0.019961
0.0199612
0.019961
0.0199613
0.019961
0.0199613
0.0199611
0.0199613
0.0199611
0.0199613
0.0199611
0.0199613
0.0199611
0.0199613
0.0199611
0.0199613
0.0199611
0.0199613
0.0199611
0.0199613
0.019961
0.0199613
0.019961
0.0199612
0.019961
0.0199611
0.019961
0.0199611
0.019961
0.0199611
0.019961
0.0199611
0.019961
0.0199611
0.019961
0.0199612
0.019961
0.0199613
0.0199611
0.0199614
0.0199611
0.0199614
0.0199611
0.0199614
0.0199611
0.0199613
0.019961
0.0199612
0.019961
0.0199611
0.0199609
0.019961
0.0199609
0.019961
0.0199609
0.019961
0.019961
0.0199611
0.019961
0.0199612
0.019961
0.0199613
0.019961
0.0199613
0.019961
0.0199613
0.019961
0.0199612
0.019961
0.0199611
0.0199609
0.019961
0.0199609
0.0199609
0.0199609
0.0199609
0.0199609
0.0199609
0.0199609
0.0199609
0.0199609
0.0199609
0.0199609
0.019961
0.0199609
0.019961
0.0199609
0.019961
0.0199609
0.0199609
0.0199608
0.0168836
0.0168134
0.0168132
0.0168132
0.0168132
0.0168132
0.0168132
0.0168132
0.0168132
0.0168132
0.0168132
0.0168132
0.0168132
0.0168132
0.0168132
0.0168132
0.0168132
0.0168132
0.0168132
0.0168132
0.0168132
0.0168132
0.0168132
0.0168132
0.0168132
0.0168132
0.0168132
0.0168132
0.0168132
0.0168132
0.0168132
0.0168132
0.0168132
0.0168132
0.0168132
0.0168132
0.0168132
0.0168132
0.0168132
0.0168132
0.0168132
0.0168132
0.0168132
0.0168132
0.0168132
0.0168132
0.0168132
0.0168132
0.0168132
0.0168131
0.0168132
0.0168131
0.0168132
0.0168132
0.0168132
0.0168132
0.0168132
0.0168132
0.0168132
0.0168132
0.0168132
0.0168132
0.0168132
0.0168132
0.0168132
0.0168132
0.0168132
0.0168132
0.0168132
0.0168132
0.0168132
0.0168132
0.0168132
0.0168132
0.0168132
0.0168132
0.0168132
0.0168132
0.0168132
0.0168132
0.0168132
0.0168132
0.0168132
0.0168132
0.0168132
0.0168132
0.0168132
0.0168132
0.0168132
0.0168132
0.0168132
0.0168132
0.0168132
0.0168132
0.0168132
0.0168132
0.0168132
0.0168132
0.0168132
0.0168132
0.0168132
0.0168132
0.0168132
0.0168132
0.0168132
0.0168132
0.0168132
0.0168132
0.0168132
0.0168132
0.0168132
0.0168133
0.0168132
0.0168133
0.0168132
0.0168133
0.0168132
0.0168133
0.0168132
0.0168133
0.0168132
0.0168133
0.0168132
0.0168133
0.0168132
0.0168133
0.0168132
0.0168133
0.0168132
0.0168133
0.0168132
0.0168132
0.0168132
0.0168132
0.0168132
0.0168132
0.0168132
0.0168132
0.0168132
0.0168132
0.0168132
0.0168132
0.0168132
0.0168132
0.0168132
0.0168133
0.0168132
0.0168133
0.0168132
0.0168133
0.0168132
0.0168133
0.0168132
0.0168133
0.0168132
0.0168132
0.0168132
0.0168132
0.0168132
0.0168132
0.0168132
0.0168132
0.0168132
0.0168132
0.0168132
0.0168132
0.0168132
0.0168132
0.0168132
0.0168132
0.0168132
0.0168133
0.0168132
0.0168133
0.0168132
0.0168132
0.0168132
0.0168132
0.0168132
0.0168132
0.0168132
0.0168132
0.0168132
0.0168132
0.0168132
0.0168132
0.0168132
0.0168132
0.0168132
0.0168132
0.0168132
0.0168132
0.0168132
0.0168132
0.0168132
0.0168132
0.0168132
0.0168132
0.0168132
0.0168131
0.0129234
0.0128985
0.0128984
0.0128984
0.0128984
0.0128984
0.0128984
0.0128984
0.0128984
0.0128984
0.0128984
0.0128984
0.0128984
0.0128984
0.0128984
0.0128984
0.0128984
0.0128984
0.0128984
0.0128984
0.0128984
0.0128984
0.0128984
0.0128984
0.0128984
0.0128984
0.0128984
0.0128984
0.0128984
0.0128984
0.0128984
0.0128984
0.0128984
0.0128984
0.0128984
0.0128984
0.0128984
0.0128984
0.0128984
0.0128984
0.0128984
0.0128984
0.0128984
0.0128984
0.0128984
0.0128984
0.0128984
0.0128984
0.0128984
0.0128984
0.0128984
0.0128984
0.0128984
0.0128984
0.0128984
0.0128984
0.0128984
0.0128984
0.0128985
0.0128984
0.0128985
0.0128984
0.0128985
0.0128984
0.0128985
0.0128984
0.0128984
0.0128984
0.0128984
0.0128984
0.0128984
0.0128984
0.0128984
0.0128984
0.0128984
0.0128984
0.0128984
0.0128984
0.0128985
0.0128984
0.0128985
0.0128984
0.0128985
0.0128984
0.0128985
0.0128984
0.0128985
0.0128984
0.0128985
0.0128984
0.0128985
0.0128984
0.0128984
0.0128984
0.0128984
0.0128984
0.0128984
0.0128984
0.0128984
0.0128984
0.0128985
0.0128984
0.0128985
0.0128984
0.0128985
0.0128984
0.0128985
0.0128984
0.0128985
0.0128984
0.0128985
0.0128984
0.0128985
0.0128984
0.0128985
0.0128984
0.0128985
0.0128984
0.0128985
0.0128984
0.0128985
0.0128984
0.0128985
0.0128984
0.0128985
0.0128984
0.0128985
0.0128984
0.0128985
0.0128984
0.0128985
0.0128984
0.0128985
0.0128984
0.0128985
0.0128984
0.0128984
0.0128984
0.0128984
0.0128984
0.0128984
0.0128984
0.0128985
0.0128984
0.0128985
0.0128984
0.0128985
0.0128984
0.0128985
0.0128984
0.0128985
0.0128984
0.0128985
0.0128984
0.0128985
0.0128984
0.0128985
0.0128984
0.0128984
0.0128984
0.0128984
0.0128984
0.0128984
0.0128984
0.0128984
0.0128984
0.0128985
0.0128984
0.0128985
0.0128984
0.0128985
0.0128984
0.0128985
0.0128984
0.0128985
0.0128984
0.0128985
0.0128984
0.0128984
0.0128984
0.0128984
0.0128984
0.0128984
0.0128984
0.0128984
0.0128984
0.0128984
0.0128984
0.0128984
0.0128984
0.0128984
0.0128984
0.0128984
0.0128984
0.0128984
0.0128984
0.0128984
0.0128984
0.0128984
0.0128984
0.017736
0.0177228
0.0177228
0.0177228
0.0177228
0.0177228
0.0177228
0.0177228
0.0177228
0.0177228
0.0177228
0.0177228
0.0177228
0.0177228
0.0177228
0.0177228
0.0177228
0.0177228
0.0177228
0.0177228
0.0177228
0.0177228
0.0177228
0.0177228
0.0177228
0.0177228
0.0177228
0.0177228
0.0177228
0.0177228
0.0177228
0.0177228
0.0177228
0.0177228
0.0177228
0.0177228
0.0177228
0.0177228
0.0177228
0.0177228
0.0177228
0.0177228
0.0177228
0.0177228
0.0177228
0.0177228
0.0177228
0.0177228
0.0177228
0.0177228
0.0177228
0.0177228
0.0177228
0.0177228
0.0177228
0.0177228
0.0177228
0.0177228
0.0177228
0.0177228
0.0177228
0.0177228
0.0177228
0.0177228
0.0177228
0.0177228
0.0177228
0.0177228
0.0177228
0.0177228
0.0177228
0.0177228
0.0177228
0.0177228
0.0177228
0.0177228
0.0177228
0.0177228
0.0177228
0.0177228
0.0177228
0.0177228
0.0177228
0.0177228
0.0177228
0.0177228
0.0177228
0.0177228
0.0177228
0.0177228
0.0177228
0.0177228
0.0177228
0.0177228
0.0177228
0.0177228
0.0177228
0.0177228
0.0177228
0.0177228
0.0177228
0.0177228
0.0177228
0.0177228
0.0177228
0.0177228
0.0177228
0.0177228
0.0177228
0.0177228
0.0177228
0.0177228
0.0177228
0.0177228
0.0177228
0.0177228
0.0177228
0.0177228
0.0177228
0.0177228
0.0177228
0.0177228
0.0177228
0.0177228
0.0177228
0.0177228
0.0177228
0.0177228
0.0177228
0.0177228
0.0177228
0.0177228
0.0177228
0.0177228
0.0177228
0.0177228
0.0177228
0.0177228
0.0177228
0.0177228
0.0177228
0.0177228
0.0177228
0.0177228
0.0177228
0.0177228
0.0177228
0.0177228
0.0177228
0.0177228
0.0177228
0.0177228
0.0177228
0.0177228
0.0177228
0.0177228
0.0177228
0.0177228
0.0177228
0.0177228
0.0177228
0.0177228
0.0177228
0.0177228
0.0177228
0.0177228
0.0177228
0.0177228
0.0177228
0.0177228
0.0177228
0.0177228
0.0177228
0.0177228
0.0177228
0.0177228
0.0177228
0.0177228
0.0177228
0.0177228
0.0177228
0.0177228
0.0177228
0.0177228
0.0177228
0.0177228
0.0177228
0.0177228
0.0177228
0.0177228
0.0177228
0.0177228
0.0177228
0.0177228
0.0177228
0.0177228
0.0177228
0.0177228
0.0177228
0.0177228
0.0265318
0.0265211
0.0265211
0.0265211
0.0265211
0.0265211
0.0265211
0.0265211
0.0265211
0.0265211
0.0265211
0.0265211
0.0265211
0.0265211
0.0265211
0.0265211
0.0265211
0.0265211
0.0265211
0.0265211
0.0265211
0.0265211
0.0265211
0.0265211
0.0265211
0.0265211
0.0265211
0.0265211
0.0265211
0.0265211
0.0265211
0.0265211
0.0265211
0.0265211
0.0265211
0.0265211
0.0265211
0.0265211
0.0265211
0.0265211
0.0265211
0.0265211
0.0265211
0.0265211
0.0265211
0.0265211
0.0265211
0.0265211
0.0265211
0.0265211
0.0265211
0.0265211
0.0265211
0.0265211
0.0265211
0.0265211
0.0265211
0.0265211
0.0265211
0.0265211
0.0265211
0.0265211
0.0265211
0.0265211
0.0265211
0.0265211
0.0265211
0.0265211
0.0265211
0.0265211
0.0265211
0.0265211
0.0265211
0.0265211
0.0265211
0.0265211
0.0265211
0.0265211
0.0265211
0.0265211
0.0265211
0.0265211
0.0265211
0.0265211
0.0265211
0.0265211
0.0265211
0.0265211
0.0265211
0.0265211
0.0265211
0.0265211
0.0265211
0.0265211
0.0265211
0.0265211
0.0265211
0.0265211
0.0265211
0.0265211
0.0265211
0.0265211
0.0265211
0.0265211
0.0265211
0.0265211
0.0265211
0.0265211
0.0265211
0.0265211
0.0265211
0.0265211
0.0265211
0.0265211
0.0265211
0.0265211
0.0265211
0.0265211
0.0265211
0.0265211
0.0265211
0.0265211
0.0265211
0.0265211
0.0265211
0.0265211
0.0265211
0.0265211
0.0265211
0.0265211
0.0265211
0.0265211
0.0265211
0.0265211
0.0265211
0.0265211
0.0265211
0.0265211
0.0265211
0.0265211
0.0265211
0.0265211
0.0265211
0.0265211
0.0265211
0.0265211
0.0265211
0.0265211
0.0265211
0.0265211
0.0265211
0.0265211
0.0265211
0.0265211
0.0265211
0.0265211
0.0265211
0.0265211
0.0265211
0.0265211
0.0265211
0.0265211
0.0265211
0.0265211
0.0265211
0.0265211
0.0265211
0.0265211
0.0265211
0.0265211
0.0265211
0.0265211
0.0265211
0.0265211
0.0265211
0.0265211
0.0265211
0.0265211
0.0265211
0.0265211
0.0265211
0.0265211
0.0265211
0.0265211
0.0265211
0.0265211
0.0265211
0.0265211
0.0265211
0.0265211
0.0265211
0.0265211
0.0265211
0.0265211
0.0265211
0.0265211
0.0265211
0.0265211
0.0265211
0.0265211
0.0287324
0.0287197
0.0287197
0.0287197
0.0287197
0.0287197
0.0287197
0.0287197
0.0287197
0.0287197
0.0287197
0.0287197
0.0287197
0.0287197
0.0287197
0.0287197
0.0287197
0.0287197
0.0287197
0.0287197
0.0287197
0.0287197
0.0287197
0.0287197
0.0287197
0.0287197
0.0287197
0.0287197
0.0287197
0.0287197
0.0287197
0.0287197
0.0287197
0.0287197
0.0287197
0.0287197
0.0287197
0.0287197
0.0287197
0.0287197
0.0287197
0.0287197
0.0287197
0.0287197
0.0287197
0.0287197
0.0287197
0.0287197
0.0287197
0.0287197
0.0287197
0.0287197
0.0287197
0.0287197
0.0287197
0.0287197
0.0287197
0.0287197
0.0287197
0.0287197
0.0287197
0.0287197
0.0287197
0.0287197
0.0287197
0.0287197
0.0287197
0.0287197
0.0287197
0.0287197
0.0287197
0.0287197
0.0287197
0.0287197
0.0287197
0.0287197
0.0287197
0.0287197
0.0287197
0.0287197
0.0287197
0.0287197
0.0287197
0.0287197
0.0287197
0.0287197
0.0287197
0.0287197
0.0287197
0.0287197
0.0287197
0.0287197
0.0287197
0.0287197
0.0287197
0.0287197
0.0287197
0.0287197
0.0287197
0.0287197
0.0287197
0.0287197
0.0287197
0.0287197
0.0287197
0.0287197
0.0287197
0.0287197
0.0287197
0.0287197
0.0287197
0.0287197
0.0287197
0.0287197
0.0287197
0.0287197
0.0287197
0.0287197
0.0287197
0.0287197
0.0287197
0.0287197
0.0287197
0.0287197
0.0287197
0.0287197
0.0287197
0.0287197
0.0287197
0.0287197
0.0287197
0.0287197
0.0287197
0.0287197
0.0287197
0.0287197
0.0287197
0.0287197
0.0287197
0.0287197
0.0287197
0.0287197
0.0287197
0.0287197
0.0287197
0.0287197
0.0287197
0.0287197
0.0287197
0.0287197
0.0287197
0.0287197
0.0287197
0.0287197
0.0287197
0.0287197
0.0287197
0.0287197
0.0287197
0.0287197
0.0287197
0.0287197
0.0287197
0.0287197
0.0287197
0.0287197
0.0287197
0.0287197
0.0287197
0.0287197
0.0287197
0.0287197
0.0287197
0.0287197
0.0287197
0.0287197
0.0287197
0.0287197
0.0287197
0.0287197
0.0287197
0.0287197
0.0287197
0.0287197
0.0287197
0.0287197
0.0287197
0.0287197
0.0287197
0.0287197
0.0287197
0.0287197
0.0287197
0.0287197
0.0287197
0.0287197
0.0287197
0.0287197
0.0287197
0.0287197
0.0295588
0.0295411
0.0295411
0.0295411
0.0295411
0.0295411
0.0295411
0.0295411
0.0295411
0.0295411
0.0295411
0.0295411
0.0295411
0.0295411
0.0295411
0.0295411
0.0295411
0.0295411
0.0295411
0.0295411
0.0295411
0.0295411
0.0295411
0.0295411
0.0295411
0.0295411
0.0295411
0.0295411
0.0295411
0.0295411
0.0295411
0.0295411
0.0295411
0.0295411
0.0295411
0.0295411
0.0295411
0.0295411
0.0295411
0.0295411
0.0295411
0.0295411
0.0295411
0.0295411
0.0295411
0.0295411
0.0295411
0.0295411
0.0295411
0.0295411
0.0295411
0.0295411
0.0295411
0.0295411
0.0295411
0.0295411
0.0295411
0.0295411
0.0295411
0.0295411
0.0295411
0.0295411
0.0295411
0.0295411
0.0295411
0.0295411
0.0295411
0.0295411
0.0295411
0.0295411
0.0295411
0.0295411
0.0295411
0.0295411
0.0295411
0.0295411
0.0295411
0.0295411
0.0295411
0.0295411
0.0295411
0.0295411
0.0295411
0.0295411
0.0295411
0.0295411
0.0295411
0.0295411
0.0295411
0.0295411
0.0295411
0.0295411
0.0295411
0.0295411
0.0295411
0.0295411
0.0295411
0.0295411
0.0295411
0.0295411
0.0295411
0.0295411
0.0295411
0.0295411
0.0295411
0.0295411
0.0295411
0.0295411
0.0295411
0.0295411
0.0295411
0.0295411
0.0295411
0.0295411
0.0295411
0.0295411
0.0295411
0.0295411
0.0295411
0.0295411
0.0295411
0.0295411
0.0295411
0.0295411
0.0295411
0.0295411
0.0295411
0.0295411
0.0295411
0.0295411
0.0295411
0.0295411
0.0295411
0.0295411
0.0295411
0.0295411
0.0295411
0.0295411
0.0295411
0.0295411
0.0295411
0.0295411
0.0295411
0.0295411
0.0295411
0.0295411
0.0295411
0.0295411
0.0295411
0.0295411
0.0295411
0.0295411
0.0295411
0.0295411
0.0295411
0.0295411
0.0295411
0.0295411
0.0295411
0.0295411
0.0295411
0.0295411
0.0295411
0.0295411
0.0295411
0.0295411
0.0295411
0.0295411
0.0295411
0.0295411
0.0295411
0.0295411
0.0295411
0.0295411
0.0295411
0.0295411
0.0295411
0.0295411
0.0295411
0.0295411
0.0295411
0.0295411
0.0295411
0.0295411
0.0295411
0.0295411
0.0295411
0.0295411
0.0295411
0.0295411
0.0295411
0.0295411
0.0295411
0.0295411
0.0295411
0.0295411
0.0295411
0.0295411
0.0295411
0.0295411
0.0298722
0.0298456
0.0298456
0.0298456
0.0298456
0.0298456
0.0298456
0.0298456
0.0298456
0.0298456
0.0298456
0.0298456
0.0298456
0.0298456
0.0298456
0.0298456
0.0298456
0.0298456
0.0298456
0.0298456
0.0298456
0.0298456
0.0298456
0.0298456
0.0298456
0.0298456
0.0298456
0.0298456
0.0298456
0.0298456
0.0298456
0.0298456
0.0298456
0.0298456
0.0298456
0.0298456
0.0298456
0.0298456
0.0298456
0.0298456
0.0298456
0.0298456
0.0298456
0.0298456
0.0298456
0.0298456
0.0298456
0.0298456
0.0298456
0.0298456
0.0298456
0.0298456
0.0298456
0.0298456
0.0298456
0.0298456
0.0298456
0.0298456
0.0298456
0.0298456
0.0298456
0.0298456
0.0298456
0.0298456
0.0298456
0.0298456
0.0298456
0.0298456
0.0298456
0.0298456
0.0298456
0.0298456
0.0298456
0.0298456
0.0298456
0.0298456
0.0298456
0.0298456
0.0298456
0.0298456
0.0298456
0.0298456
0.0298456
0.0298456
0.0298456
0.0298456
0.0298456
0.0298456
0.0298456
0.0298456
0.0298456
0.0298456
0.0298456
0.0298456
0.0298456
0.0298456
0.0298456
0.0298456
0.0298456
0.0298456
0.0298456
0.0298456
0.0298456
0.0298456
0.0298456
0.0298456
0.0298456
0.0298456
0.0298456
0.0298456
0.0298456
0.0298456
0.0298456
0.0298456
0.0298456
0.0298456
0.0298456
0.0298456
0.0298456
0.0298456
0.0298456
0.0298456
0.0298456
0.0298456
0.0298456
0.0298456
0.0298456
0.0298456
0.0298456
0.0298456
0.0298456
0.0298456
0.0298456
0.0298456
0.0298456
0.0298456
0.0298456
0.0298456
0.0298456
0.0298456
0.0298456
0.0298456
0.0298456
0.0298456
0.0298456
0.0298456
0.0298456
0.0298456
0.0298456
0.0298456
0.0298456
0.0298456
0.0298456
0.0298456
0.0298456
0.0298456
0.0298456
0.0298456
0.0298456
0.0298456
0.0298456
0.0298456
0.0298456
0.0298456
0.0298456
0.0298456
0.0298456
0.0298456
0.0298456
0.0298456
0.0298456
0.0298456
0.0298456
0.0298456
0.0298456
0.0298456
0.0298456
0.0298456
0.0298456
0.0298456
0.0298456
0.0298456
0.0298456
0.0298456
0.0298456
0.0298456
0.0298456
0.0298456
0.0298456
0.0298456
0.0298456
0.0298456
0.0298456
0.0298456
0.0298456
0.0298456
0.0298456
0.0298456
0.0298456
0.0298456
0.0299855
0.0299445
0.0299444
0.0299444
0.0299444
0.0299444
0.0299444
0.0299444
0.0299444
0.0299444
0.0299444
0.0299444
0.0299444
0.0299444
0.0299444
0.0299444
0.0299444
0.0299444
0.0299444
0.0299444
0.0299444
0.0299444
0.0299444
0.0299444
0.0299444
0.0299444
0.0299444
0.0299444
0.0299444
0.0299444
0.0299444
0.0299444
0.0299444
0.0299444
0.0299444
0.0299444
0.0299444
0.0299444
0.0299444
0.0299444
0.0299444
0.0299444
0.0299444
0.0299444
0.0299444
0.0299444
0.0299444
0.0299444
0.0299444
0.0299444
0.0299444
0.0299444
0.0299444
0.0299444
0.0299444
0.0299444
0.0299444
0.0299444
0.0299444
0.0299444
0.0299444
0.0299444
0.0299444
0.0299444
0.0299444
0.0299444
0.0299444
0.0299444
0.0299444
0.0299444
0.0299444
0.0299444
0.0299444
0.0299444
0.0299444
0.0299444
0.0299444
0.0299444
0.0299444
0.0299444
0.0299444
0.0299444
0.0299444
0.0299444
0.0299444
0.0299444
0.0299444
0.0299444
0.0299444
0.0299444
0.0299444
0.0299444
0.0299444
0.0299444
0.0299444
0.0299444
0.0299444
0.0299444
0.0299444
0.0299444
0.0299444
0.0299444
0.0299444
0.0299444
0.0299444
0.0299444
0.0299444
0.0299444
0.0299444
0.0299444
0.0299444
0.0299444
0.0299444
0.0299444
0.0299444
0.0299445
0.0299444
0.0299445
0.0299444
0.0299445
0.0299444
0.0299445
0.0299444
0.0299445
0.0299444
0.0299445
0.0299444
0.0299444
0.0299444
0.0299444
0.0299444
0.0299444
0.0299444
0.0299444
0.0299444
0.0299444
0.0299444
0.0299444
0.0299444
0.0299444
0.0299444
0.0299444
0.0299444
0.0299444
0.0299444
0.0299444
0.0299444
0.0299444
0.0299444
0.0299445
0.0299444
0.0299444
0.0299444
0.0299444
0.0299444
0.0299444
0.0299444
0.0299444
0.0299444
0.0299444
0.0299444
0.0299444
0.0299444
0.0299444
0.0299444
0.0299444
0.0299444
0.0299444
0.0299444
0.0299444
0.0299444
0.0299444
0.0299444
0.0299444
0.0299444
0.0299444
0.0299444
0.0299444
0.0299444
0.0299444
0.0299444
0.0299444
0.0299444
0.0299444
0.0299444
0.0299444
0.0299444
0.0299444
0.0299444
0.0299444
0.0299444
0.0299444
0.0299444
0.0299444
0.0299444
0.0299444
0.0299444
0.0299444
0.0299444
0.0299444
0.030042
0.0299784
0.0299784
0.0299784
0.0299784
0.0299784
0.0299784
0.0299784
0.0299784
0.0299784
0.0299784
0.0299784
0.0299784
0.0299784
0.0299784
0.0299784
0.0299784
0.0299784
0.0299784
0.0299784
0.0299784
0.0299784
0.0299784
0.0299784
0.0299784
0.0299784
0.0299784
0.0299784
0.0299784
0.0299784
0.0299784
0.0299784
0.0299784
0.0299784
0.0299784
0.0299784
0.0299784
0.0299784
0.0299784
0.0299784
0.0299784
0.0299784
0.0299784
0.0299784
0.0299784
0.0299784
0.0299784
0.0299784
0.0299784
0.0299784
0.0299784
0.0299784
0.0299784
0.0299784
0.0299784
0.0299784
0.0299784
0.0299784
0.0299784
0.0299784
0.0299784
0.0299784
0.0299784
0.0299784
0.0299784
0.0299784
0.0299784
0.0299784
0.0299784
0.0299784
0.0299784
0.0299784
0.0299784
0.0299784
0.0299784
0.0299784
0.0299784
0.0299784
0.0299784
0.0299784
0.0299784
0.0299784
0.0299784
0.0299784
0.0299784
0.0299784
0.0299784
0.0299784
0.0299784
0.0299784
0.0299784
0.0299784
0.0299784
0.0299784
0.0299784
0.0299784
0.0299784
0.0299784
0.0299784
0.0299784
0.0299784
0.0299784
0.0299784
0.0299784
0.0299784
0.0299784
0.0299784
0.0299784
0.0299784
0.0299784
0.0299784
0.0299784
0.0299784
0.0299784
0.0299784
0.0299784
0.0299784
0.0299784
0.0299784
0.0299784
0.0299784
0.0299784
0.0299784
0.0299784
0.0299784
0.0299784
0.0299784
0.0299784
0.0299784
0.0299784
0.0299784
0.0299784
0.0299784
0.0299784
0.0299784
0.0299784
0.0299784
0.0299784
0.0299784
0.0299784
0.0299784
0.0299784
0.0299784
0.0299784
0.0299784
0.0299784
0.0299784
0.0299784
0.0299784
0.0299784
0.0299784
0.0299784
0.0299784
0.0299784
0.0299784
0.0299784
0.0299784
0.0299784
0.0299784
0.0299784
0.0299784
0.0299784
0.0299784
0.0299784
0.0299784
0.0299784
0.0299784
0.0299784
0.0299784
0.0299784
0.0299784
0.0299784
0.0299784
0.0299784
0.0299784
0.0299784
0.0299784
0.0299784
0.0299784
0.0299784
0.0299784
0.0299784
0.0299784
0.0299784
0.0299784
0.0299784
0.0299784
0.0299784
0.0299784
0.0299784
0.0299784
0.0299784
0.0299784
0.0299784
0.0299784
0.0299784
0.0299784
0.0299784
0.0299784
0.0299784
0.0300793
0.029981
0.029981
0.0299809
0.0299809
0.0299809
0.0299809
0.0299809
0.0299809
0.0299809
0.0299809
0.029981
0.0299809
0.0299809
0.0299809
0.0299809
0.0299809
0.0299809
0.0299809
0.0299809
0.0299809
0.0299809
0.0299809
0.029981
0.0299809
0.029981
0.029981
0.029981
0.029981
0.029981
0.029981
0.029981
0.029981
0.029981
0.029981
0.029981
0.029981
0.029981
0.029981
0.029981
0.029981
0.029981
0.029981
0.029981
0.029981
0.029981
0.0299809
0.0299809
0.0299809
0.0299809
0.0299809
0.0299809
0.0299809
0.029981
0.029981
0.029981
0.029981
0.029981
0.029981
0.029981
0.029981
0.029981
0.029981
0.029981
0.029981
0.029981
0.029981
0.029981
0.029981
0.029981
0.029981
0.029981
0.029981
0.029981
0.029981
0.029981
0.029981
0.029981
0.029981
0.029981
0.029981
0.029981
0.029981
0.029981
0.029981
0.029981
0.029981
0.029981
0.029981
0.029981
0.029981
0.029981
0.029981
0.029981
0.029981
0.029981
0.029981
0.029981
0.029981
0.029981
0.029981
0.029981
0.029981
0.029981
0.029981
0.029981
0.029981
0.029981
0.029981
0.029981
0.029981
0.029981
0.029981
0.029981
0.029981
0.029981
0.029981
0.029981
0.029981
0.029981
0.029981
0.029981
0.029981
0.029981
0.029981
0.029981
0.029981
0.029981
0.029981
0.029981
0.029981
0.029981
0.029981
0.029981
0.029981
0.029981
0.029981
0.029981
0.029981
0.029981
0.029981
0.029981
0.029981
0.029981
0.029981
0.029981
0.029981
0.029981
0.029981
0.029981
0.029981
0.029981
0.029981
0.029981
0.029981
0.029981
0.029981
0.029981
0.029981
0.029981
0.029981
0.029981
0.029981
0.029981
0.029981
0.029981
0.029981
0.029981
0.029981
0.029981
0.029981
0.029981
0.029981
0.029981
0.029981
0.029981
0.029981
0.029981
0.029981
0.029981
0.029981
0.029981
0.029981
0.029981
0.029981
0.029981
0.0299809
0.029981
0.0299809
0.029981
0.0299809
0.029981
0.029981
0.029981
0.029981
0.029981
0.0299809
0.029981
0.0299809
0.0299809
0.0301258
0.0299746
0.0299744
0.0299744
0.0299744
0.0299744
0.0299744
0.0299744
0.0299744
0.0299744
0.0299744
0.0299744
0.0299744
0.0299744
0.0299744
0.0299744
0.0299744
0.0299744
0.0299744
0.0299744
0.0299744
0.0299744
0.0299744
0.0299744
0.0299744
0.0299744
0.0299744
0.0299744
0.0299744
0.0299744
0.0299744
0.0299744
0.0299744
0.0299744
0.0299744
0.0299744
0.0299744
0.0299744
0.0299744
0.0299744
0.0299744
0.0299744
0.0299744
0.0299744
0.0299744
0.0299744
0.0299744
0.0299744
0.0299744
0.0299744
0.0299744
0.0299744
0.0299744
0.0299744
0.0299744
0.0299744
0.0299744
0.0299744
0.0299744
0.0299744
0.0299745
0.0299744
0.0299745
0.0299744
0.0299745
0.0299744
0.0299745
0.0299744
0.0299744
0.0299744
0.0299744
0.0299744
0.0299744
0.0299744
0.0299744
0.0299744
0.0299745
0.0299744
0.0299745
0.0299744
0.0299745
0.0299744
0.0299745
0.0299744
0.0299745
0.0299744
0.0299745
0.0299744
0.0299745
0.0299744
0.0299745
0.0299744
0.0299745
0.0299744
0.0299745
0.0299744
0.0299745
0.0299744
0.0299745
0.0299744
0.0299745
0.0299744
0.0299745
0.0299744
0.0299745
0.0299744
0.0299745
0.0299744
0.0299745
0.0299744
0.0299745
0.0299745
0.0299745
0.0299745
0.0299745
0.0299745
0.0299745
0.0299745
0.0299745
0.0299745
0.0299745
0.0299745
0.0299745
0.0299745
0.0299745
0.0299745
0.0299745
0.0299745
0.0299745
0.0299744
0.0299745
0.0299744
0.0299745
0.0299744
0.0299745
0.0299744
0.0299745
0.0299744
0.0299745
0.0299744
0.0299745
0.0299744
0.0299745
0.0299744
0.0299745
0.0299744
0.0299745
0.0299745
0.0299745
0.0299745
0.0299745
0.0299745
0.0299745
0.0299744
0.0299745
0.0299744
0.0299745
0.0299744
0.0299745
0.0299744
0.0299745
0.0299744
0.0299745
0.0299744
0.0299745
0.0299744
0.0299745
0.0299744
0.0299745
0.0299744
0.0299745
0.0299744
0.0299745
0.0299744
0.0299745
0.0299744
0.0299745
0.0299744
0.0299744
0.0299744
0.0299744
0.0299744
0.0299744
0.0299744
0.0299744
0.0299744
0.0299744
0.0299744
0.0299744
0.0299744
0.0299744
0.0299744
0.0299744
0.0299744
0.0299744
0.0299744
0.0299744
0.0299744
0.0299744
0.0299744
0.0301931
0.0299619
0.0299614
0.0299613
0.0299613
0.0299613
0.0299613
0.0299613
0.0299613
0.0299613
0.0299613
0.0299613
0.0299613
0.0299613
0.0299613
0.0299613
0.0299613
0.0299613
0.0299613
0.0299613
0.0299613
0.0299613
0.0299613
0.0299613
0.0299613
0.0299613
0.0299613
0.0299613
0.0299613
0.0299613
0.0299613
0.0299613
0.0299613
0.0299613
0.0299613
0.0299613
0.0299613
0.0299613
0.0299613
0.0299613
0.0299613
0.0299613
0.0299613
0.0299613
0.0299613
0.0299613
0.0299613
0.0299613
0.0299613
0.0299613
0.0299613
0.0299613
0.0299613
0.0299613
0.0299613
0.0299613
0.0299613
0.0299613
0.0299613
0.0299613
0.0299613
0.0299614
0.0299613
0.0299614
0.0299613
0.0299614
0.0299613
0.0299614
0.0299613
0.0299613
0.0299613
0.0299613
0.0299613
0.0299613
0.0299613
0.0299614
0.0299613
0.0299614
0.0299613
0.0299614
0.0299613
0.0299614
0.0299613
0.0299614
0.0299613
0.0299614
0.0299613
0.0299614
0.0299613
0.0299614
0.0299613
0.0299614
0.0299613
0.0299614
0.0299613
0.0299614
0.0299613
0.0299614
0.0299613
0.0299614
0.0299613
0.0299614
0.0299613
0.0299614
0.0299613
0.0299614
0.0299613
0.0299614
0.0299613
0.0299614
0.0299613
0.0299614
0.0299614
0.0299614
0.0299614
0.0299614
0.0299614
0.0299614
0.0299614
0.0299614
0.0299614
0.0299614
0.0299614
0.0299614
0.0299614
0.0299614
0.0299614
0.0299614
0.0299614
0.0299614
0.0299613
0.0299614
0.0299613
0.0299614
0.0299613
0.0299614
0.0299613
0.0299614
0.0299613
0.0299614
0.0299613
0.0299614
0.0299613
0.0299614
0.0299613
0.0299614
0.0299613
0.0299614
0.0299614
0.0299614
0.0299614
0.0299614
0.0299614
0.0299614
0.0299613
0.0299614
0.0299613
0.0299614
0.0299613
0.0299614
0.0299613
0.0299614
0.0299613
0.0299614
0.0299613
0.0299614
0.0299613
0.0299614
0.0299613
0.0299614
0.0299613
0.0299614
0.0299613
0.0299614
0.0299613
0.0299614
0.0299613
0.0299614
0.0299613
0.0299613
0.0299613
0.0299613
0.0299613
0.0299613
0.0299613
0.0299613
0.0299613
0.0299613
0.0299613
0.0299613
0.0299613
0.0299613
0.0299613
0.0299613
0.0299613
0.0299613
0.0299613
0.0299613
0.0299613
0.0299613
0.0302929
0.0299418
0.0299405
0.0299404
0.0299404
0.0299404
0.0299404
0.0299404
0.0299404
0.0299404
0.0299404
0.0299404
0.0299404
0.0299404
0.0299404
0.0299404
0.0299404
0.0299404
0.0299404
0.0299404
0.0299404
0.0299404
0.0299404
0.0299404
0.0299404
0.0299404
0.0299404
0.0299404
0.0299404
0.0299404
0.0299404
0.0299404
0.0299404
0.0299404
0.0299404
0.0299404
0.0299404
0.0299404
0.0299404
0.0299404
0.0299404
0.0299404
0.0299404
0.0299404
0.0299404
0.0299404
0.0299404
0.0299404
0.0299404
0.0299404
0.0299404
0.0299404
0.0299404
0.0299404
0.0299404
0.0299404
0.0299404
0.0299404
0.0299404
0.0299404
0.0299404
0.0299404
0.0299404
0.0299404
0.0299404
0.0299404
0.0299404
0.0299404
0.0299404
0.0299404
0.0299404
0.0299404
0.0299404
0.0299404
0.0299404
0.0299404
0.0299404
0.0299404
0.0299404
0.0299404
0.0299404
0.0299404
0.0299404
0.0299404
0.0299404
0.0299404
0.0299404
0.0299404
0.0299404
0.0299404
0.0299404
0.0299404
0.0299404
0.0299404
0.0299404
0.0299404
0.0299404
0.0299404
0.0299404
0.0299404
0.0299404
0.0299404
0.0299404
0.0299404
0.0299404
0.0299404
0.0299405
0.0299404
0.0299405
0.0299404
0.0299405
0.0299404
0.0299405
0.0299404
0.0299405
0.0299404
0.0299405
0.0299404
0.0299405
0.0299404
0.0299405
0.0299404
0.0299405
0.0299404
0.0299405
0.0299404
0.0299405
0.0299404
0.0299405
0.0299404
0.0299405
0.0299404
0.0299405
0.0299404
0.0299404
0.0299404
0.0299404
0.0299404
0.0299404
0.0299404
0.0299404
0.0299404
0.0299405
0.0299404
0.0299405
0.0299404
0.0299405
0.0299404
0.0299405
0.0299404
0.0299405
0.0299404
0.0299405
0.0299404
0.0299405
0.0299404
0.0299404
0.0299404
0.0299404
0.0299404
0.0299404
0.0299404
0.0299404
0.0299404
0.0299404
0.0299404
0.0299404
0.0299404
0.0299404
0.0299404
0.0299404
0.0299404
0.0299404
0.0299404
0.0299404
0.0299404
0.0299404
0.0299404
0.0299404
0.0299404
0.0299404
0.0299404
0.0299404
0.0299404
0.0299404
0.0299404
0.0299404
0.0299404
0.0299404
0.0299404
0.0299404
0.0299404
0.0299404
0.0299404
0.0299404
0.0299404
0.0299404
0.0299404
0.0299404
0.0299403
0.0304399
0.0299118
0.0299083
0.0299081
0.0299081
0.0299081
0.0299081
0.0299081
0.0299081
0.0299081
0.0299081
0.0299081
0.0299081
0.0299081
0.0299081
0.0299081
0.0299081
0.0299081
0.0299081
0.0299081
0.0299081
0.0299081
0.0299081
0.0299081
0.0299081
0.0299081
0.0299081
0.0299081
0.0299081
0.0299081
0.0299081
0.0299081
0.0299081
0.0299081
0.0299081
0.0299081
0.0299081
0.0299081
0.0299081
0.0299081
0.0299081
0.0299081
0.0299081
0.0299081
0.0299081
0.0299081
0.0299081
0.0299081
0.0299081
0.0299081
0.0299081
0.0299081
0.0299081
0.0299081
0.0299081
0.0299081
0.0299081
0.0299081
0.0299081
0.0299082
0.0299081
0.0299082
0.0299081
0.0299082
0.0299081
0.0299082
0.0299081
0.0299082
0.0299081
0.0299082
0.0299081
0.0299082
0.0299081
0.0299082
0.0299081
0.0299082
0.0299081
0.0299082
0.0299081
0.0299082
0.0299081
0.0299082
0.0299081
0.0299082
0.0299082
0.0299082
0.0299081
0.0299082
0.0299081
0.0299082
0.0299081
0.0299082
0.0299081
0.0299082
0.0299081
0.0299082
0.0299081
0.0299082
0.0299081
0.0299082
0.0299081
0.0299082
0.0299081
0.0299082
0.0299081
0.0299082
0.0299082
0.0299082
0.0299082
0.0299082
0.0299082
0.0299082
0.0299082
0.0299082
0.0299082
0.0299082
0.0299082
0.0299082
0.0299082
0.0299082
0.0299082
0.0299082
0.0299082
0.0299082
0.0299082
0.0299082
0.0299082
0.0299082
0.0299082
0.0299082
0.0299082
0.0299082
0.0299081
0.0299082
0.0299081
0.0299082
0.0299081
0.0299082
0.0299081
0.0299082
0.0299081
0.0299082
0.0299081
0.0299082
0.0299081
0.0299082
0.0299082
0.0299082
0.0299082
0.0299082
0.0299082
0.0299082
0.0299082
0.0299082
0.0299081
0.0299082
0.0299081
0.0299082
0.0299081
0.0299082
0.0299081
0.0299082
0.0299081
0.0299082
0.0299081
0.0299082
0.0299081
0.0299082
0.0299081
0.0299082
0.0299081
0.0299082
0.0299081
0.0299082
0.0299081
0.0299082
0.0299081
0.0299082
0.0299081
0.0299081
0.0299081
0.0299081
0.0299081
0.0299081
0.0299081
0.0299081
0.0299081
0.0299081
0.0299081
0.0299081
0.0299081
0.0299081
0.0299081
0.0299081
0.0299081
0.0299081
0.0299081
0.0299081
0.0299081
0.029908
0.0306534
0.0298688
0.0298596
0.029859
0.029859
0.029859
0.029859
0.029859
0.029859
0.029859
0.029859
0.029859
0.029859
0.029859
0.029859
0.029859
0.029859
0.029859
0.029859
0.029859
0.029859
0.029859
0.029859
0.029859
0.029859
0.029859
0.029859
0.029859
0.029859
0.029859
0.029859
0.029859
0.029859
0.029859
0.029859
0.029859
0.029859
0.029859
0.029859
0.029859
0.029859
0.029859
0.029859
0.029859
0.029859
0.029859
0.029859
0.029859
0.029859
0.029859
0.029859
0.029859
0.029859
0.029859
0.029859
0.029859
0.029859
0.029859
0.0298591
0.029859
0.0298591
0.029859
0.0298591
0.029859
0.0298591
0.029859
0.0298591
0.029859
0.0298591
0.029859
0.0298591
0.029859
0.0298591
0.029859
0.0298591
0.029859
0.0298591
0.029859
0.0298591
0.029859
0.0298591
0.029859
0.0298591
0.029859
0.0298591
0.029859
0.0298591
0.029859
0.0298591
0.029859
0.0298591
0.029859
0.0298591
0.029859
0.0298591
0.029859
0.0298591
0.029859
0.0298591
0.029859
0.0298591
0.029859
0.0298591
0.029859
0.0298591
0.029859
0.0298591
0.029859
0.0298591
0.0298591
0.0298592
0.0298591
0.0298592
0.0298591
0.0298592
0.0298591
0.0298592
0.0298591
0.0298592
0.0298591
0.0298592
0.0298591
0.0298592
0.0298591
0.0298592
0.0298591
0.0298592
0.0298591
0.0298591
0.029859
0.0298591
0.029859
0.0298591
0.029859
0.0298591
0.029859
0.0298591
0.029859
0.0298591
0.029859
0.0298591
0.029859
0.0298591
0.029859
0.0298591
0.029859
0.0298591
0.029859
0.0298591
0.029859
0.0298592
0.029859
0.0298591
0.029859
0.0298591
0.029859
0.0298591
0.029859
0.0298591
0.029859
0.0298591
0.029859
0.0298591
0.029859
0.0298591
0.029859
0.0298591
0.029859
0.0298591
0.029859
0.0298591
0.029859
0.0298591
0.029859
0.0298591
0.029859
0.0298591
0.029859
0.029859
0.029859
0.029859
0.029859
0.029859
0.0298589
0.029859
0.0298589
0.0298589
0.0298589
0.0298589
0.0298589
0.0298589
0.0298589
0.029859
0.0298589
0.029859
0.0298589
0.0298589
0.0298589
0.0298589
0.0298587
0.0309582
0.0298112
0.029787
0.0297855
0.0297854
0.0297853
0.0297853
0.0297853
0.0297853
0.0297853
0.0297853
0.0297854
0.0297853
0.0297853
0.0297853
0.0297853
0.0297853
0.0297853
0.0297853
0.0297853
0.0297854
0.0297854
0.0297854
0.0297854
0.0297854
0.0297854
0.0297854
0.0297854
0.0297854
0.0297854
0.0297854
0.0297854
0.0297854
0.0297854
0.0297854
0.0297854
0.0297854
0.0297854
0.0297854
0.0297854
0.0297854
0.0297854
0.0297854
0.0297854
0.0297854
0.0297854
0.0297853
0.0297853
0.0297853
0.0297853
0.0297853
0.0297854
0.0297853
0.0297854
0.0297854
0.0297854
0.0297854
0.0297854
0.0297854
0.0297855
0.0297854
0.0297855
0.0297854
0.0297855
0.0297854
0.0297855
0.0297854
0.0297855
0.0297854
0.0297855
0.0297854
0.0297855
0.0297854
0.0297855
0.0297854
0.0297855
0.0297854
0.0297855
0.0297854
0.0297855
0.0297854
0.0297855
0.0297854
0.0297856
0.0297854
0.0297855
0.0297854
0.0297855
0.0297854
0.0297855
0.0297854
0.0297855
0.0297854
0.0297855
0.0297854
0.0297855
0.0297854
0.0297855
0.0297854
0.0297855
0.0297854
0.0297855
0.0297854
0.0297855
0.0297854
0.0297855
0.0297854
0.0297856
0.0297854
0.0297856
0.0297854
0.0297856
0.0297855
0.0297856
0.0297855
0.0297856
0.0297855
0.0297856
0.0297855
0.0297856
0.0297855
0.0297856
0.0297855
0.0297856
0.0297854
0.0297856
0.0297854
0.0297856
0.0297854
0.0297856
0.0297854
0.0297855
0.0297854
0.0297855
0.0297854
0.0297855
0.0297854
0.0297855
0.0297854
0.0297855
0.0297854
0.0297855
0.0297854
0.0297855
0.0297854
0.0297855
0.0297854
0.0297856
0.0297854
0.0297856
0.0297854
0.0297856
0.0297854
0.0297855
0.0297854
0.0297855
0.0297854
0.0297855
0.0297853
0.0297854
0.0297853
0.0297854
0.0297853
0.0297854
0.0297853
0.0297854
0.0297853
0.0297854
0.0297853
0.0297854
0.0297853
0.0297855
0.0297853
0.0297854
0.0297853
0.0297854
0.0297853
0.0297854
0.0297853
0.0297853
0.0297853
0.0297853
0.0297852
0.0297853
0.0297852
0.0297852
0.0297852
0.0297852
0.0297852
0.0297852
0.0297852
0.0297852
0.0297852
0.0297852
0.0297852
0.0297852
0.0297852
0.0297852
0.0297851
0.0297847
0.0313843
0.029744
0.0296825
0.0296782
0.0296777
0.0296776
0.0296776
0.0296776
0.0296776
0.0296776
0.0296776
0.0296776
0.0296776
0.0296776
0.0296776
0.0296776
0.0296776
0.0296776
0.0296776
0.0296776
0.0296776
0.0296776
0.0296777
0.0296776
0.0296777
0.0296776
0.0296777
0.0296777
0.0296777
0.0296777
0.0296777
0.0296777
0.0296777
0.0296777
0.0296778
0.0296777
0.0296778
0.0296777
0.0296778
0.0296777
0.0296777
0.0296777
0.0296777
0.0296777
0.0296777
0.0296776
0.0296776
0.0296776
0.0296776
0.0296776
0.0296776
0.0296776
0.0296777
0.0296776
0.0296777
0.0296777
0.0296777
0.0296777
0.0296778
0.0296777
0.0296778
0.0296777
0.0296779
0.0296777
0.0296779
0.0296777
0.0296778
0.0296777
0.0296778
0.0296777
0.0296778
0.0296777
0.0296778
0.0296777
0.0296778
0.0296777
0.0296778
0.0296777
0.0296779
0.0296777
0.0296779
0.0296777
0.0296779
0.0296777
0.0296779
0.0296777
0.0296779
0.0296777
0.0296779
0.0296777
0.0296779
0.0296777
0.0296778
0.0296777
0.0296778
0.0296777
0.0296778
0.0296777
0.0296778
0.0296777
0.0296778
0.0296777
0.0296778
0.0296777
0.0296779
0.0296777
0.0296779
0.0296777
0.0296779
0.0296777
0.029678
0.0296777
0.029678
0.0296777
0.029678
0.0296778
0.029678
0.0296778
0.029678
0.0296777
0.029678
0.0296777
0.029678
0.0296777
0.029678
0.0296777
0.0296779
0.0296777
0.0296779
0.0296777
0.0296779
0.0296776
0.0296778
0.0296776
0.0296778
0.0296776
0.0296777
0.0296776
0.0296777
0.0296776
0.0296778
0.0296776
0.0296778
0.0296776
0.0296778
0.0296776
0.0296779
0.0296776
0.0296779
0.0296776
0.0296779
0.0296776
0.0296778
0.0296776
0.0296778
0.0296776
0.0296777
0.0296775
0.0296777
0.0296775
0.0296776
0.0296775
0.0296776
0.0296775
0.0296776
0.0296775
0.0296776
0.0296775
0.0296777
0.0296775
0.0296777
0.0296775
0.0296777
0.0296775
0.0296776
0.0296775
0.0296776
0.0296774
0.0296775
0.0296774
0.0296775
0.0296774
0.0296774
0.0296773
0.0296774
0.0296773
0.0296773
0.0296773
0.0296773
0.0296773
0.0296773
0.0296773
0.0296773
0.0296773
0.0296773
0.0296773
0.0296773
0.0296772
0.029677
0.0296762
0.0319651
0.0296878
0.0295411
0.0295283
0.0295268
0.0295266
0.0295265
0.0295265
0.0295265
0.0295265
0.0295265
0.0295265
0.0295265
0.0295265
0.0295265
0.0295265
0.0295265
0.0295265
0.0295265
0.0295265
0.0295265
0.0295265
0.0295265
0.0295266
0.0295265
0.0295266
0.0295265
0.0295266
0.0295266
0.0295266
0.0295266
0.0295266
0.0295266
0.0295267
0.0295266
0.0295267
0.0295266
0.0295267
0.0295266
0.0295267
0.0295266
0.0295266
0.0295265
0.0295266
0.0295265
0.0295265
0.0295265
0.0295265
0.0295265
0.0295265
0.0295265
0.0295265
0.0295265
0.0295265
0.0295265
0.0295266
0.0295266
0.0295267
0.0295266
0.0295268
0.0295266
0.0295268
0.0295266
0.0295268
0.0295266
0.0295268
0.0295266
0.0295268
0.0295266
0.0295267
0.0295266
0.0295267
0.0295266
0.0295267
0.0295266
0.0295268
0.0295266
0.0295268
0.0295266
0.0295268
0.0295266
0.0295269
0.0295266
0.0295269
0.0295266
0.0295269
0.0295266
0.0295268
0.0295266
0.0295268
0.0295265
0.0295268
0.0295265
0.0295267
0.0295265
0.0295267
0.0295265
0.0295267
0.0295265
0.0295267
0.0295265
0.0295267
0.0295265
0.0295267
0.0295265
0.0295268
0.0295265
0.0295268
0.0295265
0.0295269
0.0295265
0.0295269
0.0295265
0.0295269
0.0295265
0.0295269
0.0295265
0.0295269
0.0295265
0.0295269
0.0295265
0.0295269
0.0295265
0.0295269
0.0295265
0.0295268
0.0295264
0.0295268
0.0295264
0.0295267
0.0295263
0.0295266
0.0295263
0.0295266
0.0295262
0.0295265
0.0295262
0.0295265
0.0295262
0.0295265
0.0295262
0.0295265
0.0295262
0.0295265
0.0295262
0.0295266
0.0295263
0.0295266
0.0295263
0.0295266
0.0295262
0.0295266
0.0295262
0.0295265
0.0295262
0.0295264
0.0295261
0.0295264
0.029526
0.0295263
0.029526
0.0295262
0.029526
0.0295262
0.029526
0.0295262
0.029526
0.0295262
0.029526
0.0295263
0.029526
0.0295263
0.029526
0.0295263
0.029526
0.0295262
0.0295259
0.0295261
0.0295258
0.029526
0.0295258
0.0295259
0.0295257
0.0295258
0.0295257
0.0295257
0.0295257
0.0295257
0.0295257
0.0295257
0.0295257
0.0295257
0.0295257
0.0295257
0.0295257
0.0295257
0.0295256
0.0295256
0.0295251
0.0295232
0.032732
0.0296916
0.0293721
0.0293357
0.0293303
0.0293295
0.0293294
0.0293293
0.0293293
0.0293293
0.0293293
0.0293293
0.0293294
0.0293293
0.0293293
0.0293293
0.0293294
0.0293293
0.0293294
0.0293293
0.0293293
0.0293294
0.0293294
0.0293294
0.0293294
0.0293294
0.0293294
0.0293294
0.0293295
0.0293294
0.0293295
0.0293294
0.0293296
0.0293295
0.0293296
0.0293295
0.0293296
0.0293295
0.0293296
0.0293294
0.0293296
0.0293294
0.0293295
0.0293293
0.0293294
0.0293293
0.0293293
0.0293293
0.0293293
0.0293292
0.0293293
0.0293293
0.0293293
0.0293293
0.0293294
0.0293294
0.0293296
0.0293294
0.0293297
0.0293295
0.0293298
0.0293295
0.0293298
0.0293295
0.0293298
0.0293294
0.0293297
0.0293294
0.0293296
0.0293294
0.0293296
0.0293293
0.0293296
0.0293293
0.0293296
0.0293293
0.0293297
0.0293294
0.0293297
0.0293294
0.0293298
0.0293294
0.0293298
0.0293294
0.0293298
0.0293293
0.0293297
0.0293293
0.0293297
0.0293292
0.0293296
0.0293292
0.0293295
0.0293292
0.0293295
0.0293291
0.0293294
0.0293291
0.0293294
0.0293291
0.0293294
0.0293291
0.0293295
0.0293291
0.0293295
0.0293291
0.0293295
0.0293291
0.0293296
0.0293291
0.0293296
0.0293291
0.0293297
0.0293291
0.0293297
0.0293291
0.0293297
0.029329
0.0293297
0.029329
0.0293296
0.029329
0.0293296
0.0293289
0.0293295
0.0293288
0.0293294
0.0293288
0.0293293
0.0293287
0.0293292
0.0293286
0.029329
0.0293285
0.0293289
0.0293285
0.0293288
0.0293284
0.0293288
0.0293284
0.0293288
0.0293284
0.0293289
0.0293284
0.0293289
0.0293284
0.029329
0.0293284
0.029329
0.0293284
0.029329
0.0293283
0.0293289
0.0293283
0.0293287
0.0293282
0.0293286
0.0293281
0.0293284
0.029328
0.0293283
0.0293279
0.0293282
0.0293279
0.0293282
0.0293279
0.0293283
0.0293279
0.0293283
0.0293279
0.0293283
0.0293279
0.0293283
0.0293278
0.0293282
0.0293278
0.0293281
0.0293277
0.0293279
0.0293276
0.0293277
0.0293275
0.0293276
0.0293274
0.0293275
0.0293274
0.0293274
0.0293273
0.0293274
0.0293273
0.0293274
0.0293273
0.0293274
0.0293273
0.0293274
0.0293273
0.0293273
0.0293271
0.029326
0.0293221
0.0337085
0.0298346
0.0292213
0.0291259
0.029108
0.0291047
0.0291042
0.029104
0.029104
0.029104
0.029104
0.029104
0.029104
0.029104
0.029104
0.029104
0.029104
0.029104
0.029104
0.029104
0.029104
0.0291041
0.029104
0.0291041
0.029104
0.0291042
0.0291041
0.0291042
0.0291041
0.0291043
0.0291041
0.0291043
0.0291041
0.0291044
0.0291041
0.0291044
0.0291041
0.0291044
0.0291041
0.0291043
0.029104
0.0291042
0.029104
0.0291041
0.0291039
0.0291039
0.0291038
0.0291039
0.0291038
0.0291038
0.0291038
0.0291039
0.0291038
0.029104
0.0291039
0.0291041
0.029104
0.0291043
0.029104
0.0291045
0.0291041
0.0291045
0.0291041
0.0291045
0.029104
0.0291044
0.0291039
0.0291043
0.0291039
0.0291042
0.0291038
0.0291042
0.0291038
0.0291041
0.0291037
0.0291042
0.0291038
0.0291043
0.0291038
0.0291043
0.0291038
0.0291044
0.0291037
0.0291043
0.0291037
0.0291043
0.0291036
0.0291042
0.0291035
0.0291041
0.0291034
0.0291039
0.0291033
0.0291038
0.0291033
0.0291037
0.0291032
0.0291037
0.0291031
0.0291037
0.0291031
0.0291037
0.0291031
0.0291037
0.0291031
0.0291037
0.0291031
0.0291038
0.029103
0.0291038
0.029103
0.0291038
0.029103
0.0291038
0.0291029
0.0291038
0.0291029
0.0291038
0.0291028
0.0291037
0.0291027
0.0291036
0.0291026
0.0291035
0.0291025
0.0291033
0.0291023
0.0291031
0.0291022
0.0291029
0.029102
0.0291027
0.0291019
0.0291025
0.0291017
0.0291023
0.0291016
0.0291022
0.0291015
0.0291022
0.0291015
0.0291022
0.0291015
0.0291022
0.0291015
0.0291023
0.0291015
0.0291023
0.0291014
0.0291023
0.0291013
0.0291022
0.0291012
0.029102
0.029101
0.0291017
0.0291009
0.0291014
0.0291007
0.0291012
0.0291006
0.0291011
0.0291005
0.029101
0.0291004
0.029101
0.0291004
0.029101
0.0291004
0.029101
0.0291004
0.029101
0.0291003
0.0291009
0.0291002
0.0291007
0.0291001
0.0291005
0.0290999
0.0291002
0.0290997
0.0290999
0.0290996
0.0290997
0.0290995
0.0290996
0.0290995
0.0290995
0.0290994
0.0290995
0.0290994
0.0290996
0.0290994
0.0290995
0.0290994
0.0290995
0.0290994
0.0290992
0.0290968
0.0290893
0.0349116
0.030197
0.0291951
0.0289752
0.0289228
0.0289099
0.0289073
0.0289068
0.0289067
0.0289067
0.0289067
0.0289067
0.0289067
0.0289067
0.0289067
0.0289067
0.0289067
0.0289067
0.0289067
0.0289067
0.0289068
0.0289067
0.0289068
0.0289067
0.0289068
0.0289068
0.0289069
0.0289068
0.028907
0.0289068
0.0289071
0.0289068
0.0289071
0.0289068
0.0289072
0.0289068
0.0289072
0.0289068
0.0289071
0.0289067
0.028907
0.0289066
0.0289068
0.0289065
0.0289066
0.0289064
0.0289064
0.0289063
0.0289063
0.0289063
0.0289063
0.0289063
0.0289064
0.0289064
0.0289066
0.0289064
0.0289068
0.0289065
0.0289071
0.0289066
0.0289072
0.0289065
0.0289072
0.0289065
0.0289071
0.0289063
0.0289069
0.0289062
0.0289067
0.0289061
0.0289066
0.028906
0.0289065
0.0289059
0.0289065
0.0289059
0.0289066
0.0289059
0.0289066
0.0289058
0.0289067
0.0289058
0.0289066
0.0289057
0.0289066
0.0289055
0.0289064
0.0289054
0.0289062
0.0289052
0.028906
0.028905
0.0289058
0.0289049
0.0289056
0.0289048
0.0289055
0.0289046
0.0289054
0.0289045
0.0289053
0.0289045
0.0289053
0.0289044
0.0289053
0.0289043
0.0289053
0.0289043
0.0289053
0.0289042
0.0289053
0.0289041
0.0289053
0.0289039
0.0289052
0.0289038
0.0289051
0.0289036
0.028905
0.0289035
0.0289048
0.0289032
0.0289046
0.028903
0.0289043
0.0289028
0.028904
0.0289025
0.0289036
0.0289022
0.0289033
0.028902
0.0289029
0.0289017
0.0289026
0.0289015
0.0289023
0.0289013
0.0289022
0.0289012
0.0289021
0.0289011
0.0289021
0.0289011
0.0289022
0.028901
0.0289022
0.0289009
0.0289021
0.0289007
0.028902
0.0289005
0.0289017
0.0289003
0.0289013
0.0289
0.0289009
0.0288997
0.0289005
0.0288995
0.0289002
0.0288993
0.0289
0.0288991
0.0288999
0.028899
0.0288999
0.028899
0.0288999
0.0288989
0.0288998
0.0288988
0.0288997
0.0288986
0.0288994
0.0288984
0.0288991
0.0288982
0.0288987
0.0288979
0.0288983
0.0288977
0.0288979
0.0288975
0.0288977
0.0288974
0.0288975
0.0288974
0.0288975
0.0288973
0.0288975
0.0288973
0.0288975
0.0288973
0.0288974
0.0288973
0.0288974
0.0288971
0.0288927
0.0288799
0.0363676
0.0308095
0.0294358
0.0290121
0.0288818
0.0288404
0.0288294
0.0288272
0.0288267
0.0288266
0.0288266
0.0288266
0.0288266
0.0288266
0.0288266
0.0288266
0.0288266
0.0288266
0.0288266
0.0288266
0.0288266
0.0288267
0.0288266
0.0288267
0.0288266
0.0288268
0.0288266
0.0288269
0.0288266
0.0288269
0.0288266
0.028827
0.0288266
0.0288271
0.0288266
0.028827
0.0288265
0.028827
0.0288264
0.0288268
0.0288263
0.0288266
0.0288261
0.0288264
0.028826
0.0288261
0.0288259
0.0288259
0.0288258
0.0288259
0.0288258
0.028826
0.0288259
0.0288261
0.0288259
0.0288264
0.028826
0.0288266
0.028826
0.0288268
0.028826
0.0288268
0.0288259
0.0288267
0.0288257
0.0288265
0.0288255
0.0288262
0.0288253
0.028826
0.0288251
0.0288258
0.028825
0.0288257
0.0288249
0.0288257
0.0288248
0.0288257
0.0288247
0.0288257
0.0288246
0.0288257
0.0288244
0.0288256
0.0288242
0.0288253
0.028824
0.028825
0.0288237
0.0288247
0.0288234
0.0288244
0.0288231
0.0288241
0.0288229
0.0288238
0.0288227
0.0288236
0.0288225
0.0288235
0.0288223
0.0288234
0.0288222
0.0288233
0.028822
0.0288232
0.0288218
0.0288232
0.0288217
0.0288231
0.0288215
0.028823
0.0288212
0.0288228
0.028821
0.0288226
0.0288207
0.0288224
0.0288203
0.0288221
0.02882
0.0288217
0.0288196
0.0288213
0.0288192
0.0288208
0.0288188
0.0288203
0.0288184
0.0288198
0.028818
0.0288192
0.0288176
0.0288187
0.0288172
0.0288183
0.0288169
0.028818
0.0288166
0.0288178
0.0288164
0.0288177
0.0288163
0.0288176
0.0288161
0.0288176
0.0288159
0.0288175
0.0288156
0.0288172
0.0288153
0.0288169
0.0288149
0.0288164
0.0288145
0.0288158
0.0288141
0.0288152
0.0288137
0.0288146
0.0288134
0.0288143
0.0288131
0.028814
0.0288129
0.0288139
0.0288127
0.0288138
0.0288126
0.0288137
0.0288124
0.0288136
0.0288121
0.0288133
0.0288118
0.0288128
0.0288115
0.0288123
0.0288112
0.0288117
0.0288108
0.0288112
0.0288106
0.0288108
0.0288104
0.0288106
0.0288103
0.0288104
0.0288102
0.0288104
0.0288101
0.0288104
0.0288101
0.0288103
0.0288101
0.0288103
0.0288103
0.0288106
0.0288028
0.0287851
0.0381523
0.031655
0.0299899
0.0293181
0.0290477
0.0289459
0.0289079
0.0288989
0.0288971
0.0288966
0.0288965
0.0288965
0.0288964
0.0288964
0.0288965
0.0288965
0.0288965
0.0288965
0.0288965
0.0288965
0.0288966
0.0288965
0.0288966
0.0288965
0.0288966
0.0288965
0.0288967
0.0288965
0.0288967
0.0288964
0.0288968
0.0288964
0.0288968
0.0288964
0.0288968
0.0288963
0.0288968
0.0288961
0.0288966
0.028896
0.0288964
0.0288958
0.0288961
0.0288957
0.0288958
0.0288955
0.0288956
0.0288955
0.0288956
0.0288955
0.0288955
0.0288955
0.0288957
0.0288955
0.0288958
0.0288955
0.028896
0.0288955
0.0288962
0.0288954
0.0288963
0.0288953
0.0288962
0.0288951
0.0288959
0.0288948
0.0288957
0.0288946
0.0288953
0.0288943
0.028895
0.0288941
0.0288949
0.0288939
0.0288947
0.0288938
0.0288947
0.0288936
0.0288946
0.0288934
0.0288945
0.0288932
0.0288944
0.0288929
0.0288941
0.0288926
0.0288938
0.0288922
0.0288934
0.0288919
0.0288929
0.0288915
0.0288925
0.0288912
0.0288922
0.0288909
0.0288919
0.0288906
0.0288916
0.0288904
0.0288914
0.0288901
0.0288913
0.0288899
0.0288911
0.0288896
0.028891
0.0288893
0.0288908
0.028889
0.0288906
0.0288887
0.0288903
0.0288883
0.02889
0.0288879
0.0288897
0.0288874
0.0288893
0.0288869
0.0288888
0.0288864
0.0288883
0.0288859
0.0288877
0.0288854
0.028887
0.0288848
0.0288864
0.0288843
0.0288857
0.0288838
0.0288851
0.0288833
0.0288845
0.0288829
0.028884
0.0288825
0.0288837
0.0288822
0.0288834
0.0288819
0.0288833
0.0288816
0.0288831
0.0288813
0.0288829
0.0288809
0.0288826
0.0288805
0.0288822
0.02888
0.0288816
0.0288795
0.0288809
0.028879
0.0288802
0.0288785
0.0288796
0.028878
0.028879
0.0288777
0.0288786
0.0288773
0.0288784
0.0288771
0.0288782
0.0288768
0.028878
0.0288765
0.0288778
0.0288762
0.0288775
0.0288759
0.028877
0.0288755
0.0288764
0.0288751
0.0288758
0.0288747
0.0288752
0.0288744
0.0288747
0.0288741
0.0288743
0.0288739
0.0288741
0.0288738
0.028874
0.0288737
0.0288739
0.0288737
0.0288739
0.0288736
0.0288738
0.0288737
0.0288746
0.0288757
0.0288648
0.0288457
0.0404359
0.0327603
0.0307213
0.0297544
0.029271
0.029067
0.0289781
0.0289465
0.0289412
0.0289398
0.0289395
0.0289394
0.0289394
0.0289394
0.0289394
0.0289394
0.0289394
0.0289394
0.0289394
0.0289394
0.0289394
0.0289394
0.0289394
0.0289395
0.0289394
0.0289395
0.0289393
0.0289396
0.0289393
0.0289396
0.0289393
0.0289396
0.0289392
0.0289396
0.0289391
0.0289395
0.028939
0.0289394
0.0289389
0.0289393
0.0289387
0.028939
0.0289386
0.0289388
0.0289385
0.0289386
0.0289384
0.0289384
0.0289384
0.0289385
0.0289384
0.0289385
0.0289384
0.0289386
0.0289383
0.0289387
0.0289382
0.0289388
0.0289382
0.0289389
0.028938
0.0289388
0.0289379
0.0289386
0.0289377
0.0289384
0.0289374
0.0289381
0.0289372
0.0289378
0.028937
0.0289376
0.0289367
0.0289374
0.0289365
0.0289373
0.0289363
0.0289372
0.0289361
0.0289371
0.0289359
0.0289369
0.0289356
0.0289367
0.0289353
0.0289363
0.028935
0.028936
0.0289346
0.0289356
0.0289343
0.0289352
0.028934
0.0289348
0.0289337
0.0289345
0.0289334
0.0289342
0.0289331
0.028934
0.0289328
0.0289338
0.0289325
0.0289336
0.0289323
0.0289334
0.0289319
0.0289332
0.0289316
0.0289329
0.0289312
0.0289327
0.0289309
0.0289323
0.0289304
0.028932
0.02893
0.0289316
0.0289295
0.0289311
0.028929
0.0289306
0.0289285
0.02893
0.028928
0.0289294
0.0289274
0.0289288
0.0289269
0.0289282
0.0289264
0.0289276
0.0289259
0.028927
0.0289255
0.0289265
0.0289251
0.0289261
0.0289248
0.0289258
0.0289244
0.0289256
0.0289241
0.0289254
0.0289237
0.0289251
0.0289234
0.0289248
0.028923
0.0289244
0.0289225
0.0289239
0.028922
0.0289233
0.0289215
0.0289227
0.028921
0.0289221
0.0289206
0.0289215
0.0289202
0.0289211
0.0289199
0.0289207
0.0289196
0.0289205
0.0289193
0.0289203
0.028919
0.0289201
0.0289187
0.0289198
0.0289183
0.0289194
0.028918
0.0289189
0.0289176
0.0289183
0.0289172
0.0289178
0.0289169
0.0289173
0.0289167
0.0289169
0.0289165
0.0289167
0.0289164
0.0289165
0.0289163
0.0289164
0.0289162
0.0289164
0.0289161
0.0289163
0.0289161
0.0289167
0.0289179
0.0289215
0.0289104
0.0288929
0.0434602
0.0342822
0.0315098
0.0300742
0.0292597
0.0288822
0.0287261
0.0286504
0.0286392
0.0286366
0.0286359
0.0286357
0.0286357
0.0286357
0.0286356
0.0286356
0.0286357
0.0286357
0.0286357
0.0286357
0.0286357
0.0286356
0.0286357
0.0286356
0.0286357
0.0286356
0.0286357
0.0286356
0.0286358
0.0286356
0.0286358
0.0286355
0.0286358
0.0286355
0.0286358
0.0286354
0.0286357
0.0286353
0.0286356
0.0286352
0.0286354
0.0286351
0.0286353
0.028635
0.0286351
0.0286349
0.028635
0.0286349
0.028635
0.028635
0.028635
0.028635
0.028635
0.0286349
0.0286351
0.0286348
0.0286352
0.0286347
0.0286352
0.0286346
0.0286352
0.0286345
0.0286351
0.0286344
0.028635
0.0286342
0.0286347
0.028634
0.0286345
0.0286339
0.0286343
0.0286337
0.0286342
0.0286335
0.0286341
0.0286334
0.028634
0.0286332
0.0286339
0.028633
0.0286338
0.0286328
0.0286336
0.0286326
0.0286334
0.0286324
0.0286332
0.0286321
0.0286329
0.0286319
0.0286326
0.0286316
0.0286323
0.0286314
0.0286321
0.0286312
0.0286318
0.028631
0.0286316
0.0286308
0.0286314
0.0286305
0.0286313
0.0286303
0.0286312
0.0286301
0.028631
0.0286298
0.0286308
0.0286296
0.0286306
0.0286293
0.0286304
0.028629
0.0286301
0.0286286
0.0286298
0.0286283
0.0286295
0.0286279
0.0286291
0.0286275
0.0286287
0.0286271
0.0286283
0.0286268
0.0286279
0.0286264
0.0286274
0.028626
0.0286269
0.0286256
0.0286265
0.0286253
0.0286261
0.028625
0.0286258
0.0286247
0.0286255
0.0286245
0.0286253
0.0286242
0.0286251
0.0286239
0.0286249
0.0286237
0.0286247
0.0286233
0.0286245
0.028623
0.0286241
0.0286227
0.0286237
0.0286223
0.0286233
0.028622
0.0286228
0.0286216
0.0286224
0.0286213
0.028622
0.0286211
0.0286217
0.0286208
0.0286215
0.0286206
0.0286213
0.0286204
0.0286212
0.0286201
0.0286209
0.0286199
0.0286207
0.0286196
0.0286204
0.0286193
0.02862
0.0286191
0.0286196
0.0286189
0.0286192
0.0286187
0.0286189
0.0286185
0.0286187
0.0286184
0.0286185
0.0286183
0.0286184
0.0286183
0.0286184
0.0286182
0.0286183
0.0286181
0.0286183
0.0286188
0.028621
0.0286275
0.0286222
0.0286023
0.047432
0.0364922
0.0324115
0.0302238
0.0289216
0.0282617
0.0280216
0.0278917
0.0278755
0.0278721
0.0278712
0.0278709
0.0278709
0.0278709
0.0278709
0.0278709
0.0278709
0.0278709
0.0278709
0.0278709
0.0278709
0.0278709
0.0278709
0.0278709
0.0278709
0.027871
0.0278709
0.027871
0.0278708
0.027871
0.0278708
0.027871
0.0278708
0.027871
0.0278708
0.027871
0.0278707
0.027871
0.0278707
0.0278709
0.0278706
0.0278708
0.0278705
0.0278706
0.0278705
0.0278705
0.0278704
0.0278705
0.0278704
0.0278705
0.0278705
0.0278705
0.0278704
0.0278705
0.0278704
0.0278706
0.0278704
0.0278707
0.0278703
0.0278707
0.0278703
0.0278707
0.0278702
0.0278706
0.0278701
0.0278705
0.02787
0.0278704
0.0278699
0.0278702
0.0278698
0.0278701
0.0278697
0.0278701
0.0278696
0.02787
0.0278695
0.02787
0.0278694
0.0278699
0.0278693
0.0278699
0.0278692
0.0278698
0.027869
0.0278696
0.0278689
0.0278694
0.0278687
0.0278693
0.0278686
0.0278691
0.0278684
0.0278689
0.0278683
0.0278687
0.0278681
0.0278686
0.027868
0.0278685
0.0278679
0.0278684
0.0278677
0.0278683
0.0278676
0.0278682
0.0278675
0.0278682
0.0278673
0.0278681
0.0278672
0.027868
0.027867
0.0278678
0.0278668
0.0278677
0.0278666
0.0278675
0.0278664
0.0278673
0.0278662
0.027867
0.0278659
0.0278668
0.0278657
0.0278665
0.0278654
0.0278662
0.0278652
0.0278659
0.0278649
0.0278656
0.0278647
0.0278653
0.0278645
0.0278651
0.0278643
0.0278649
0.0278641
0.0278647
0.027864
0.0278646
0.0278638
0.0278645
0.0278637
0.0278644
0.0278635
0.0278643
0.0278633
0.0278641
0.0278631
0.0278639
0.0278629
0.0278636
0.0278626
0.0278633
0.0278624
0.027863
0.0278622
0.0278627
0.027862
0.0278625
0.0278618
0.0278623
0.0278617
0.0278622
0.0278616
0.0278621
0.0278614
0.027862
0.0278613
0.0278619
0.0278611
0.0278617
0.027861
0.0278615
0.0278608
0.0278612
0.0278606
0.0278609
0.0278605
0.0278607
0.0278603
0.0278605
0.0278602
0.0278603
0.0278602
0.0278602
0.0278601
0.0278602
0.0278601
0.0278602
0.02786
0.0278601
0.0278601
0.0278608
0.0278631
0.0278715
0.0278712
0.0278379
0.0519268
0.039453
0.0334548
0.030324
0.0284876
0.0274736
0.0271343
0.0269668
0.0269534
0.0269516
0.0269512
0.0269511
0.026951
0.026951
0.026951
0.026951
0.026951
0.026951
0.026951
0.026951
0.026951
0.026951
0.0269511
0.026951
0.0269511
0.026951
0.0269511
0.026951
0.0269511
0.026951
0.0269512
0.026951
0.0269512
0.026951
0.0269512
0.026951
0.0269512
0.026951
0.0269511
0.0269509
0.0269511
0.0269509
0.026951
0.0269508
0.0269509
0.0269508
0.0269508
0.0269508
0.0269508
0.0269507
0.0269508
0.0269507
0.0269508
0.0269507
0.0269509
0.0269507
0.026951
0.0269508
0.026951
0.0269508
0.0269511
0.0269507
0.0269511
0.0269507
0.026951
0.0269506
0.0269509
0.0269506
0.0269508
0.0269505
0.0269507
0.0269504
0.0269507
0.0269504
0.0269507
0.0269503
0.0269506
0.0269503
0.0269506
0.0269502
0.0269506
0.0269502
0.0269506
0.0269501
0.0269505
0.02695
0.0269504
0.0269499
0.0269503
0.0269498
0.0269502
0.0269497
0.0269501
0.0269496
0.02695
0.0269495
0.0269499
0.0269494
0.0269498
0.0269494
0.0269498
0.0269493
0.0269497
0.0269492
0.0269497
0.0269492
0.0269497
0.0269491
0.0269496
0.026949
0.0269496
0.0269489
0.0269495
0.0269488
0.0269495
0.0269487
0.0269494
0.0269486
0.0269493
0.0269485
0.0269491
0.0269483
0.026949
0.0269482
0.0269488
0.026948
0.0269486
0.0269479
0.0269484
0.0269477
0.0269482
0.0269475
0.026948
0.0269474
0.0269478
0.0269472
0.0269477
0.0269471
0.0269475
0.026947
0.0269475
0.0269469
0.0269474
0.0269469
0.0269474
0.0269468
0.0269474
0.0269467
0.0269473
0.0269466
0.0269472
0.0269464
0.026947
0.0269463
0.0269468
0.0269461
0.0269466
0.026946
0.0269464
0.0269458
0.0269462
0.0269457
0.0269461
0.0269456
0.026946
0.0269455
0.0269459
0.0269455
0.0269459
0.0269454
0.0269458
0.0269453
0.0269457
0.0269452
0.0269456
0.0269451
0.0269454
0.026945
0.0269452
0.0269448
0.026945
0.0269447
0.0269448
0.0269446
0.0269447
0.0269446
0.0269446
0.0269445
0.0269446
0.0269445
0.0269445
0.0269445
0.0269445
0.0269444
0.0269446
0.0269448
0.026946
0.0269504
0.0269391
0.0268808
0.0519268
0.039453
0.0334548
0.030324
0.0284876
0.0274736
0.0271343
0.0269668
0.0269534
0.0269516
0.0269512
0.0269511
0.026951
0.026951
0.026951
0.026951
0.026951
0.026951
0.026951
0.026951
0.026951
0.0269511
0.026951
0.0269511
0.026951
0.0269511
0.026951
0.0269511
0.026951
0.0269512
0.026951
0.0269512
0.026951
0.0269512
0.026951
0.0269512
0.026951
0.0269512
0.026951
0.0269511
0.0269509
0.026951
0.0269509
0.0269509
0.0269508
0.0269509
0.0269508
0.0269508
0.0269507
0.0269508
0.0269507
0.0269508
0.0269507
0.0269508
0.0269507
0.0269509
0.0269508
0.026951
0.0269508
0.0269511
0.0269508
0.0269511
0.0269507
0.026951
0.0269507
0.026951
0.0269506
0.0269509
0.0269505
0.0269508
0.0269505
0.0269507
0.0269504
0.0269507
0.0269503
0.0269506
0.0269503
0.0269506
0.0269502
0.0269506
0.0269502
0.0269506
0.0269501
0.0269506
0.0269501
0.0269505
0.02695
0.0269504
0.0269499
0.0269503
0.0269498
0.0269501
0.0269497
0.02695
0.0269496
0.0269499
0.0269495
0.0269498
0.0269494
0.0269498
0.0269493
0.0269497
0.0269493
0.0269497
0.0269492
0.0269497
0.0269491
0.0269496
0.026949
0.0269496
0.026949
0.0269496
0.0269489
0.0269495
0.0269488
0.0269494
0.0269487
0.0269493
0.0269485
0.0269492
0.0269484
0.026949
0.0269482
0.0269489
0.0269481
0.0269487
0.0269479
0.0269485
0.0269478
0.0269483
0.0269476
0.0269481
0.0269475
0.0269479
0.0269473
0.0269477
0.0269472
0.0269476
0.0269471
0.0269475
0.026947
0.0269475
0.0269469
0.0269474
0.0269468
0.0269474
0.0269467
0.0269473
0.0269466
0.0269473
0.0269465
0.0269471
0.0269464
0.0269469
0.0269462
0.0269467
0.0269461
0.0269465
0.0269459
0.0269463
0.0269458
0.0269461
0.0269457
0.026946
0.0269456
0.0269459
0.0269455
0.0269459
0.0269454
0.0269459
0.0269453
0.0269458
0.0269453
0.0269457
0.0269451
0.0269455
0.026945
0.0269453
0.0269449
0.0269451
0.0269448
0.0269449
0.0269447
0.0269448
0.0269446
0.0269446
0.0269445
0.0269446
0.0269445
0.0269446
0.0269445
0.0269445
0.0269444
0.0269445
0.0269445
0.0269449
0.026946
0.0269504
0.0269391
0.0268808
0.047432
0.0364922
0.0324115
0.0302238
0.0289216
0.0282617
0.0280216
0.0278918
0.0278755
0.0278721
0.0278712
0.0278709
0.0278709
0.0278709
0.0278709
0.0278709
0.0278709
0.0278709
0.0278709
0.0278709
0.0278709
0.0278709
0.0278709
0.0278709
0.0278709
0.0278709
0.027871
0.0278709
0.027871
0.0278708
0.027871
0.0278708
0.027871
0.0278708
0.027871
0.0278707
0.027871
0.0278707
0.0278709
0.0278706
0.0278708
0.0278706
0.0278707
0.0278705
0.0278706
0.0278704
0.0278705
0.0278704
0.0278705
0.0278705
0.0278705
0.0278704
0.0278705
0.0278704
0.0278706
0.0278704
0.0278706
0.0278703
0.0278707
0.0278703
0.0278707
0.0278702
0.0278707
0.0278702
0.0278706
0.0278701
0.0278705
0.02787
0.0278703
0.0278698
0.0278702
0.0278697
0.0278701
0.0278696
0.02787
0.0278695
0.02787
0.0278695
0.0278699
0.0278694
0.0278699
0.0278692
0.0278698
0.0278691
0.0278697
0.027869
0.0278695
0.0278688
0.0278694
0.0278687
0.0278692
0.0278685
0.027869
0.0278684
0.0278688
0.0278682
0.0278687
0.0278681
0.0278685
0.0278679
0.0278684
0.0278678
0.0278684
0.0278677
0.0278683
0.0278675
0.0278682
0.0278674
0.0278681
0.0278673
0.027868
0.0278671
0.0278679
0.0278669
0.0278677
0.0278667
0.0278676
0.0278665
0.0278674
0.0278663
0.0278671
0.027866
0.0278669
0.0278658
0.0278666
0.0278655
0.0278663
0.0278653
0.027866
0.0278651
0.0278657
0.0278648
0.0278654
0.0278646
0.0278652
0.0278644
0.0278649
0.0278642
0.0278648
0.0278641
0.0278647
0.0278639
0.0278646
0.0278637
0.0278645
0.0278636
0.0278644
0.0278634
0.0278642
0.0278632
0.027864
0.027863
0.0278637
0.0278628
0.0278634
0.0278625
0.0278631
0.0278623
0.0278628
0.0278621
0.0278626
0.0278619
0.0278624
0.0278618
0.0278623
0.0278616
0.0278622
0.0278615
0.0278621
0.0278614
0.0278619
0.0278612
0.0278618
0.027861
0.0278616
0.0278609
0.0278613
0.0278607
0.027861
0.0278605
0.0278608
0.0278604
0.0278606
0.0278603
0.0278604
0.0278602
0.0278603
0.0278601
0.0278602
0.0278601
0.0278602
0.02786
0.0278602
0.02786
0.0278602
0.0278607
0.0278632
0.0278714
0.0278712
0.0278379
0.0434601
0.0342822
0.0315098
0.0300742
0.0292597
0.0288822
0.028726
0.0286504
0.0286393
0.0286365
0.0286359
0.0286357
0.0286357
0.0286356
0.0286356
0.0286357
0.0286356
0.0286357
0.0286357
0.0286357
0.0286356
0.0286357
0.0286356
0.0286357
0.0286356
0.0286357
0.0286356
0.0286358
0.0286356
0.0286358
0.0286355
0.0286358
0.0286355
0.0286358
0.0286354
0.0286357
0.0286353
0.0286356
0.0286352
0.0286355
0.0286351
0.0286354
0.028635
0.0286352
0.028635
0.028635
0.0286349
0.0286349
0.0286349
0.028635
0.028635
0.0286351
0.0286349
0.028635
0.0286348
0.0286351
0.0286348
0.0286352
0.0286347
0.0286352
0.0286346
0.0286352
0.0286344
0.028635
0.0286343
0.0286348
0.0286341
0.0286346
0.0286339
0.0286344
0.0286338
0.0286342
0.0286336
0.0286341
0.0286335
0.028634
0.0286333
0.0286339
0.0286331
0.0286338
0.0286329
0.0286337
0.0286327
0.0286335
0.0286325
0.0286333
0.0286323
0.028633
0.028632
0.0286327
0.0286318
0.0286325
0.0286315
0.0286322
0.0286313
0.0286319
0.0286311
0.0286317
0.0286309
0.0286315
0.0286306
0.0286314
0.0286304
0.0286312
0.0286302
0.0286311
0.02863
0.0286309
0.0286297
0.0286307
0.0286294
0.0286305
0.0286291
0.0286303
0.0286288
0.02863
0.0286285
0.0286297
0.0286281
0.0286293
0.0286277
0.0286289
0.0286273
0.0286285
0.028627
0.0286281
0.0286266
0.0286276
0.0286262
0.0286272
0.0286258
0.0286267
0.0286255
0.0286263
0.0286252
0.0286259
0.0286249
0.0286256
0.0286246
0.0286254
0.0286243
0.0286252
0.0286241
0.028625
0.0286238
0.0286249
0.0286235
0.0286246
0.0286232
0.0286243
0.0286228
0.0286239
0.0286225
0.0286235
0.0286221
0.028623
0.0286218
0.0286226
0.0286215
0.0286222
0.0286212
0.0286218
0.0286209
0.0286216
0.0286207
0.0286214
0.0286205
0.0286212
0.0286202
0.0286211
0.02862
0.0286208
0.0286197
0.0286205
0.0286195
0.0286202
0.0286192
0.0286198
0.028619
0.0286194
0.0286188
0.028619
0.0286186
0.0286188
0.0286185
0.0286186
0.0286184
0.0286185
0.0286183
0.0286184
0.0286182
0.0286184
0.0286182
0.0286183
0.0286182
0.0286189
0.0286209
0.0286276
0.0286222
0.0286024
0.0404359
0.0327603
0.0307213
0.0297544
0.029271
0.029067
0.0289781
0.0289465
0.0289411
0.0289398
0.0289395
0.0289394
0.0289394
0.0289394
0.0289394
0.0289394
0.0289394
0.0289394
0.0289394
0.0289394
0.0289394
0.0289394
0.0289395
0.0289394
0.0289395
0.0289394
0.0289395
0.0289393
0.0289396
0.0289393
0.0289396
0.0289392
0.0289396
0.0289392
0.0289396
0.0289391
0.0289395
0.028939
0.0289393
0.0289388
0.0289392
0.0289387
0.0289389
0.0289385
0.0289387
0.0289384
0.0289385
0.0289384
0.0289384
0.0289384
0.0289385
0.0289384
0.0289386
0.0289383
0.0289386
0.0289383
0.0289388
0.0289382
0.0289388
0.0289381
0.0289389
0.028938
0.0289387
0.0289378
0.0289385
0.0289375
0.0289382
0.0289373
0.0289379
0.0289371
0.0289377
0.0289369
0.0289375
0.0289366
0.0289374
0.0289364
0.0289372
0.0289362
0.0289371
0.028936
0.028937
0.0289357
0.0289368
0.0289355
0.0289365
0.0289351
0.0289362
0.0289348
0.0289358
0.0289345
0.0289354
0.0289341
0.028935
0.0289338
0.0289347
0.0289335
0.0289344
0.0289332
0.0289341
0.0289329
0.0289339
0.0289327
0.0289337
0.0289324
0.0289335
0.0289321
0.0289333
0.0289318
0.0289331
0.0289314
0.0289328
0.0289311
0.0289325
0.0289307
0.0289322
0.0289302
0.0289318
0.0289297
0.0289313
0.0289293
0.0289309
0.0289287
0.0289303
0.0289282
0.0289297
0.0289277
0.0289291
0.0289272
0.0289285
0.0289266
0.0289279
0.0289262
0.0289273
0.0289257
0.0289267
0.0289253
0.0289263
0.0289249
0.0289259
0.0289246
0.0289257
0.0289243
0.0289255
0.0289239
0.0289252
0.0289236
0.028925
0.0289232
0.0289246
0.0289227
0.0289242
0.0289223
0.0289236
0.0289218
0.028923
0.0289213
0.0289224
0.0289208
0.0289218
0.0289204
0.0289213
0.02892
0.0289209
0.0289197
0.0289206
0.0289194
0.0289204
0.0289191
0.0289202
0.0289188
0.0289199
0.0289185
0.0289196
0.0289181
0.0289191
0.0289178
0.0289186
0.0289174
0.028918
0.0289171
0.0289175
0.0289168
0.0289171
0.0289166
0.0289168
0.0289164
0.0289166
0.0289163
0.0289165
0.0289162
0.0289164
0.0289162
0.0289164
0.0289161
0.0289163
0.0289165
0.028918
0.0289214
0.0289105
0.0288929
0.0381523
0.031655
0.0299899
0.0293182
0.0290477
0.0289458
0.0289079
0.0288988
0.028897
0.0288967
0.0288965
0.0288964
0.0288964
0.0288965
0.0288965
0.0288965
0.0288965
0.0288965
0.0288965
0.0288965
0.0288965
0.0288966
0.0288965
0.0288966
0.0288965
0.0288967
0.0288965
0.0288967
0.0288965
0.0288968
0.0288964
0.0288968
0.0288964
0.0288969
0.0288963
0.0288968
0.0288962
0.0288967
0.0288961
0.0288965
0.0288959
0.0288962
0.0288958
0.028896
0.0288956
0.0288957
0.0288955
0.0288956
0.0288955
0.0288955
0.0288955
0.0288956
0.0288955
0.0288957
0.0288955
0.0288959
0.0288955
0.0288961
0.0288954
0.0288963
0.0288954
0.0288962
0.0288952
0.028896
0.028895
0.0288958
0.0288947
0.0288955
0.0288945
0.0288951
0.0288942
0.028895
0.028894
0.0288948
0.0288938
0.0288947
0.0288937
0.0288947
0.0288935
0.0288946
0.0288933
0.0288945
0.028893
0.0288942
0.0288927
0.0288939
0.0288924
0.0288936
0.0288921
0.0288932
0.0288917
0.0288927
0.0288914
0.0288923
0.0288911
0.028892
0.0288908
0.0288917
0.0288905
0.0288915
0.0288902
0.0288913
0.02889
0.0288912
0.0288897
0.028891
0.0288895
0.0288909
0.0288892
0.0288907
0.0288888
0.0288905
0.0288885
0.0288902
0.0288881
0.0288899
0.0288876
0.0288895
0.0288872
0.028889
0.0288867
0.0288885
0.0288862
0.028888
0.0288856
0.0288874
0.0288851
0.0288867
0.0288846
0.028886
0.028884
0.0288854
0.0288835
0.0288848
0.0288831
0.0288842
0.0288827
0.0288838
0.0288823
0.0288835
0.028882
0.0288833
0.0288817
0.0288832
0.0288814
0.028883
0.0288811
0.0288828
0.0288807
0.0288824
0.0288803
0.0288819
0.0288798
0.0288813
0.0288792
0.0288806
0.0288787
0.0288799
0.0288782
0.0288793
0.0288778
0.0288788
0.0288775
0.0288785
0.0288772
0.0288783
0.0288769
0.0288781
0.0288767
0.0288779
0.0288764
0.0288777
0.0288761
0.0288772
0.0288757
0.0288767
0.0288753
0.0288761
0.0288749
0.0288755
0.0288745
0.0288749
0.0288742
0.0288745
0.028874
0.0288742
0.0288739
0.028874
0.0288738
0.028874
0.0288737
0.0288739
0.0288736
0.0288739
0.0288736
0.028874
0.0288744
0.0288758
0.0288648
0.0288457
0.0363676
0.0308095
0.0294357
0.0290121
0.0288818
0.0288404
0.0288294
0.0288272
0.0288267
0.0288266
0.0288266
0.0288265
0.0288266
0.0288266
0.0288266
0.0288266
0.0288266
0.0288266
0.0288266
0.0288266
0.0288266
0.0288266
0.0288267
0.0288266
0.0288268
0.0288266
0.0288268
0.0288266
0.0288269
0.0288266
0.028827
0.0288266
0.028827
0.0288266
0.0288271
0.0288266
0.028827
0.0288265
0.0288269
0.0288264
0.0288267
0.0288262
0.0288265
0.0288261
0.0288262
0.0288259
0.028826
0.0288259
0.0288259
0.0288258
0.0288259
0.0288259
0.028826
0.0288259
0.0288262
0.0288259
0.0288265
0.028826
0.0288267
0.028826
0.0288268
0.0288259
0.0288268
0.0288258
0.0288266
0.0288256
0.0288264
0.0288254
0.0288261
0.0288252
0.0288259
0.0288251
0.0288257
0.0288249
0.0288257
0.0288248
0.0288257
0.0288247
0.0288257
0.0288246
0.0288257
0.0288245
0.0288256
0.0288243
0.0288254
0.0288241
0.0288252
0.0288238
0.0288249
0.0288236
0.0288245
0.0288233
0.0288242
0.028823
0.0288239
0.0288228
0.0288237
0.0288226
0.0288235
0.0288224
0.0288234
0.0288223
0.0288233
0.0288221
0.0288233
0.0288219
0.0288232
0.0288218
0.0288231
0.0288216
0.0288231
0.0288213
0.0288229
0.0288211
0.0288227
0.0288208
0.0288225
0.0288205
0.0288222
0.0288202
0.0288219
0.0288198
0.0288215
0.0288194
0.0288211
0.028819
0.0288206
0.0288186
0.02882
0.0288182
0.0288195
0.0288178
0.028819
0.0288174
0.0288185
0.028817
0.0288181
0.0288168
0.0288179
0.0288165
0.0288177
0.0288163
0.0288177
0.0288162
0.0288176
0.028816
0.0288176
0.0288158
0.0288174
0.0288155
0.0288171
0.0288151
0.0288166
0.0288147
0.0288161
0.0288143
0.0288155
0.0288139
0.0288149
0.0288135
0.0288144
0.0288132
0.0288141
0.028813
0.0288139
0.0288128
0.0288139
0.0288127
0.0288138
0.0288125
0.0288137
0.0288123
0.0288134
0.028812
0.0288131
0.0288117
0.0288126
0.0288113
0.028812
0.028811
0.0288115
0.0288107
0.028811
0.0288105
0.0288107
0.0288103
0.0288105
0.0288102
0.0288104
0.0288102
0.0288104
0.0288101
0.0288103
0.0288101
0.0288103
0.0288101
0.0288105
0.0288105
0.0288028
0.0287851
0.0349116
0.030197
0.0291951
0.0289752
0.0289228
0.0289099
0.0289074
0.0289068
0.0289067
0.0289067
0.0289067
0.0289067
0.0289067
0.0289067
0.0289067
0.0289067
0.0289067
0.0289067
0.0289067
0.0289067
0.0289067
0.0289068
0.0289067
0.0289068
0.0289067
0.0289069
0.0289068
0.028907
0.0289068
0.028907
0.0289068
0.0289071
0.0289068
0.0289071
0.0289068
0.0289072
0.0289068
0.0289071
0.0289067
0.028907
0.0289066
0.0289069
0.0289065
0.0289067
0.0289064
0.0289065
0.0289063
0.0289063
0.0289063
0.0289063
0.0289063
0.0289064
0.0289063
0.0289065
0.0289064
0.0289067
0.0289065
0.028907
0.0289065
0.0289071
0.0289065
0.0289072
0.0289065
0.0289071
0.0289064
0.028907
0.0289063
0.0289068
0.0289061
0.0289066
0.028906
0.0289065
0.0289059
0.0289065
0.0289059
0.0289065
0.0289059
0.0289066
0.0289058
0.0289066
0.0289058
0.0289067
0.0289057
0.0289066
0.0289056
0.0289065
0.0289055
0.0289063
0.0289053
0.0289061
0.0289051
0.0289059
0.028905
0.0289057
0.0289048
0.0289055
0.0289047
0.0289054
0.0289046
0.0289053
0.0289045
0.0289053
0.0289044
0.0289053
0.0289044
0.0289053
0.0289043
0.0289053
0.0289042
0.0289053
0.0289041
0.0289053
0.028904
0.0289053
0.0289039
0.0289052
0.0289037
0.0289051
0.0289036
0.0289049
0.0289034
0.0289047
0.0289031
0.0289044
0.0289029
0.0289041
0.0289026
0.0289038
0.0289024
0.0289034
0.0289021
0.0289031
0.0289018
0.0289027
0.0289016
0.0289024
0.0289014
0.0289023
0.0289013
0.0289022
0.0289012
0.0289021
0.0289011
0.0289022
0.028901
0.0289022
0.0289009
0.0289022
0.0289008
0.0289021
0.0289006
0.0289018
0.0289004
0.0289015
0.0289001
0.0289011
0.0288998
0.0289007
0.0288996
0.0289003
0.0288994
0.0289001
0.0288992
0.0288999
0.0288991
0.0288999
0.028899
0.0288999
0.0288989
0.0288999
0.0288989
0.0288998
0.0288987
0.0288996
0.0288985
0.0288993
0.0288983
0.0288989
0.028898
0.0288985
0.0288978
0.0288981
0.0288976
0.0288978
0.0288975
0.0288976
0.0288974
0.0288975
0.0288973
0.0288975
0.0288973
0.0288975
0.0288973
0.0288975
0.0288973
0.0288974
0.0288973
0.0288972
0.0288926
0.0288799
0.0337085
0.0298346
0.0292213
0.0291259
0.029108
0.0291048
0.0291041
0.029104
0.029104
0.029104
0.029104
0.029104
0.029104
0.029104
0.029104
0.029104
0.029104
0.029104
0.029104
0.029104
0.0291041
0.029104
0.0291041
0.029104
0.0291041
0.029104
0.0291042
0.0291041
0.0291042
0.0291041
0.0291043
0.0291041
0.0291043
0.0291041
0.0291044
0.0291041
0.0291044
0.0291041
0.0291043
0.0291041
0.0291043
0.029104
0.0291041
0.0291039
0.029104
0.0291039
0.0291039
0.0291038
0.0291038
0.0291038
0.0291038
0.0291038
0.0291039
0.0291039
0.0291041
0.0291039
0.0291042
0.029104
0.0291044
0.0291041
0.0291045
0.0291041
0.0291045
0.029104
0.0291045
0.029104
0.0291044
0.0291039
0.0291042
0.0291038
0.0291042
0.0291038
0.0291042
0.0291037
0.0291042
0.0291037
0.0291042
0.0291038
0.0291043
0.0291038
0.0291043
0.0291037
0.0291044
0.0291037
0.0291043
0.0291036
0.0291042
0.0291036
0.0291041
0.0291035
0.029104
0.0291034
0.0291039
0.0291033
0.0291038
0.0291032
0.0291037
0.0291032
0.0291037
0.0291031
0.0291037
0.0291031
0.0291037
0.0291031
0.0291037
0.0291031
0.0291038
0.029103
0.0291038
0.029103
0.0291038
0.029103
0.0291038
0.0291029
0.0291038
0.0291029
0.0291038
0.0291028
0.0291038
0.0291027
0.0291037
0.0291026
0.0291036
0.0291025
0.0291034
0.0291024
0.0291032
0.0291022
0.029103
0.0291021
0.0291028
0.0291019
0.0291026
0.0291018
0.0291024
0.0291017
0.0291022
0.0291016
0.0291022
0.0291015
0.0291022
0.0291015
0.0291022
0.0291015
0.0291023
0.0291015
0.0291023
0.0291014
0.0291023
0.0291014
0.0291022
0.0291013
0.0291021
0.0291011
0.0291018
0.029101
0.0291016
0.0291008
0.0291013
0.0291006
0.0291011
0.0291005
0.029101
0.0291005
0.029101
0.0291004
0.029101
0.0291004
0.029101
0.0291004
0.029101
0.0291003
0.029101
0.0291003
0.0291008
0.0291001
0.0291006
0.0291
0.0291003
0.0290998
0.0291001
0.0290997
0.0290998
0.0290996
0.0290997
0.0290995
0.0290996
0.0290994
0.0290995
0.0290994
0.0290995
0.0290994
0.0290996
0.0290994
0.0290995
0.0290994
0.0290994
0.0290992
0.0290969
0.0290893
0.032732
0.0296916
0.0293721
0.0293357
0.0293303
0.0293295
0.0293294
0.0293294
0.0293293
0.0293293
0.0293293
0.0293294
0.0293293
0.0293293
0.0293293
0.0293293
0.0293293
0.0293294
0.0293293
0.0293293
0.0293294
0.0293294
0.0293294
0.0293294
0.0293294
0.0293294
0.0293294
0.0293295
0.0293294
0.0293295
0.0293294
0.0293296
0.0293294
0.0293296
0.0293295
0.0293296
0.0293295
0.0293296
0.0293294
0.0293296
0.0293294
0.0293295
0.0293294
0.0293294
0.0293293
0.0293293
0.0293293
0.0293293
0.0293293
0.0293293
0.0293292
0.0293293
0.0293293
0.0293294
0.0293293
0.0293295
0.0293294
0.0293296
0.0293294
0.0293297
0.0293295
0.0293298
0.0293295
0.0293298
0.0293295
0.0293297
0.0293294
0.0293297
0.0293294
0.0293296
0.0293293
0.0293296
0.0293293
0.0293296
0.0293293
0.0293296
0.0293293
0.0293297
0.0293294
0.0293297
0.0293294
0.0293298
0.0293294
0.0293298
0.0293294
0.0293297
0.0293293
0.0293297
0.0293293
0.0293296
0.0293292
0.0293296
0.0293292
0.0293295
0.0293291
0.0293295
0.0293291
0.0293294
0.0293291
0.0293294
0.0293291
0.0293294
0.0293291
0.0293295
0.0293291
0.0293295
0.0293291
0.0293296
0.0293291
0.0293296
0.0293291
0.0293296
0.0293291
0.0293297
0.0293291
0.0293297
0.0293291
0.0293297
0.029329
0.0293297
0.029329
0.0293296
0.0293289
0.0293295
0.0293289
0.0293295
0.0293288
0.0293293
0.0293287
0.0293292
0.0293286
0.0293291
0.0293286
0.029329
0.0293285
0.0293289
0.0293284
0.0293288
0.0293284
0.0293288
0.0293284
0.0293288
0.0293284
0.0293289
0.0293284
0.0293289
0.0293284
0.029329
0.0293284
0.029329
0.0293284
0.0293289
0.0293283
0.0293288
0.0293282
0.0293287
0.0293281
0.0293285
0.029328
0.0293284
0.0293279
0.0293283
0.0293279
0.0293282
0.0293279
0.0293282
0.0293279
0.0293283
0.0293279
0.0293283
0.0293279
0.0293283
0.0293279
0.0293283
0.0293278
0.0293281
0.0293277
0.029328
0.0293276
0.0293278
0.0293275
0.0293276
0.0293274
0.0293275
0.0293274
0.0293274
0.0293273
0.0293274
0.0293273
0.0293274
0.0293273
0.0293274
0.0293273
0.0293274
0.0293273
0.0293274
0.0293273
0.0293272
0.029326
0.0293221
0.0319651
0.0296878
0.0295411
0.0295283
0.0295268
0.0295265
0.0295265
0.0295265
0.0295265
0.0295265
0.0295265
0.0295265
0.0295265
0.0295265
0.0295265
0.0295265
0.0295265
0.0295265
0.0295265
0.0295265
0.0295265
0.0295265
0.0295265
0.0295265
0.0295266
0.0295265
0.0295266
0.0295265
0.0295266
0.0295266
0.0295266
0.0295266
0.0295267
0.0295266
0.0295267
0.0295266
0.0295267
0.0295266
0.0295267
0.0295266
0.0295267
0.0295266
0.0295266
0.0295265
0.0295266
0.0295265
0.0295265
0.0295265
0.0295265
0.0295265
0.0295265
0.0295265
0.0295265
0.0295265
0.0295266
0.0295265
0.0295267
0.0295266
0.0295268
0.0295266
0.0295268
0.0295266
0.0295268
0.0295266
0.0295268
0.0295266
0.0295268
0.0295266
0.0295268
0.0295266
0.0295267
0.0295266
0.0295267
0.0295266
0.0295267
0.0295266
0.0295268
0.0295266
0.0295268
0.0295266
0.0295269
0.0295266
0.0295269
0.0295266
0.0295269
0.0295266
0.0295269
0.0295266
0.0295268
0.0295266
0.0295268
0.0295265
0.0295268
0.0295265
0.0295267
0.0295265
0.0295267
0.0295265
0.0295267
0.0295265
0.0295267
0.0295265
0.0295267
0.0295265
0.0295268
0.0295265
0.0295268
0.0295265
0.0295268
0.0295265
0.0295269
0.0295265
0.0295269
0.0295265
0.0295269
0.0295265
0.0295269
0.0295265
0.0295269
0.0295265
0.0295269
0.0295265
0.0295269
0.0295265
0.0295269
0.0295264
0.0295268
0.0295264
0.0295267
0.0295264
0.0295267
0.0295263
0.0295266
0.0295263
0.0295265
0.0295262
0.0295265
0.0295262
0.0295265
0.0295262
0.0295265
0.0295262
0.0295265
0.0295262
0.0295266
0.0295262
0.0295266
0.0295263
0.0295266
0.0295263
0.0295266
0.0295262
0.0295266
0.0295262
0.0295265
0.0295261
0.0295264
0.0295261
0.0295263
0.029526
0.0295262
0.029526
0.0295262
0.029526
0.0295262
0.029526
0.0295262
0.029526
0.0295263
0.029526
0.0295263
0.029526
0.0295263
0.029526
0.0295262
0.0295259
0.0295261
0.0295259
0.029526
0.0295258
0.0295259
0.0295258
0.0295258
0.0295257
0.0295258
0.0295257
0.0295257
0.0295257
0.0295257
0.0295257
0.0295257
0.0295257
0.0295257
0.0295257
0.0295257
0.0295257
0.0295257
0.0295256
0.0295251
0.0295232
0.0313843
0.029744
0.0296825
0.0296782
0.0296777
0.0296776
0.0296776
0.0296776
0.0296776
0.0296776
0.0296776
0.0296776
0.0296776
0.0296776
0.0296776
0.0296776
0.0296776
0.0296776
0.0296776
0.0296776
0.0296776
0.0296777
0.0296776
0.0296777
0.0296776
0.0296777
0.0296777
0.0296777
0.0296777
0.0296777
0.0296777
0.0296777
0.0296777
0.0296778
0.0296777
0.0296778
0.0296777
0.0296778
0.0296777
0.0296777
0.0296777
0.0296777
0.0296777
0.0296777
0.0296776
0.0296777
0.0296776
0.0296776
0.0296776
0.0296776
0.0296776
0.0296776
0.0296776
0.0296777
0.0296777
0.0296777
0.0296777
0.0296778
0.0296777
0.0296778
0.0296777
0.0296779
0.0296777
0.0296779
0.0296777
0.0296779
0.0296777
0.0296778
0.0296777
0.0296778
0.0296777
0.0296778
0.0296777
0.0296778
0.0296777
0.0296778
0.0296777
0.0296779
0.0296777
0.0296779
0.0296777
0.0296779
0.0296777
0.0296779
0.0296777
0.0296779
0.0296777
0.0296779
0.0296777
0.0296779
0.0296777
0.0296779
0.0296777
0.0296778
0.0296777
0.0296778
0.0296777
0.0296778
0.0296777
0.0296778
0.0296777
0.0296778
0.0296777
0.0296779
0.0296777
0.0296779
0.0296777
0.0296779
0.0296777
0.0296779
0.0296777
0.029678
0.0296777
0.029678
0.0296777
0.029678
0.0296778
0.029678
0.0296777
0.029678
0.0296777
0.029678
0.0296777
0.029678
0.0296777
0.029678
0.0296777
0.0296779
0.0296777
0.0296779
0.0296776
0.0296778
0.0296776
0.0296778
0.0296776
0.0296778
0.0296776
0.0296777
0.0296776
0.0296777
0.0296776
0.0296778
0.0296776
0.0296778
0.0296776
0.0296778
0.0296776
0.0296779
0.0296776
0.0296779
0.0296776
0.0296779
0.0296776
0.0296778
0.0296776
0.0296778
0.0296775
0.0296777
0.0296775
0.0296777
0.0296775
0.0296776
0.0296775
0.0296776
0.0296775
0.0296776
0.0296775
0.0296776
0.0296775
0.0296777
0.0296775
0.0296777
0.0296775
0.0296777
0.0296775
0.0296776
0.0296774
0.0296776
0.0296774
0.0296775
0.0296774
0.0296774
0.0296773
0.0296774
0.0296773
0.0296773
0.0296773
0.0296773
0.0296773
0.0296773
0.0296773
0.0296773
0.0296773
0.0296773
0.0296773
0.0296773
0.0296773
0.0296773
0.029677
0.0296762
0.0309582
0.0298112
0.029787
0.0297855
0.0297854
0.0297853
0.0297854
0.0297853
0.0297853
0.0297853
0.0297853
0.0297853
0.0297853
0.0297853
0.0297853
0.0297853
0.0297853
0.0297853
0.0297853
0.0297853
0.0297853
0.0297854
0.0297854
0.0297854
0.0297854
0.0297854
0.0297854
0.0297854
0.0297854
0.0297854
0.0297854
0.0297854
0.0297854
0.0297854
0.0297854
0.0297854
0.0297854
0.0297854
0.0297854
0.0297854
0.0297854
0.0297854
0.0297854
0.0297854
0.0297854
0.0297854
0.0297854
0.0297853
0.0297853
0.0297853
0.0297853
0.0297853
0.0297854
0.0297854
0.0297854
0.0297854
0.0297854
0.0297854
0.0297855
0.0297854
0.0297855
0.0297854
0.0297855
0.0297854
0.0297855
0.0297854
0.0297855
0.0297854
0.0297855
0.0297854
0.0297855
0.0297854
0.0297855
0.0297854
0.0297855
0.0297854
0.0297855
0.0297854
0.0297855
0.0297854
0.0297855
0.0297854
0.0297855
0.0297854
0.0297855
0.0297854
0.0297855
0.0297854
0.0297855
0.0297854
0.0297855
0.0297854
0.0297855
0.0297854
0.0297855
0.0297854
0.0297855
0.0297854
0.0297855
0.0297854
0.0297855
0.0297854
0.0297855
0.0297854
0.0297855
0.0297854
0.0297855
0.0297854
0.0297856
0.0297854
0.0297856
0.0297854
0.0297856
0.0297855
0.0297856
0.0297855
0.0297856
0.0297855
0.0297856
0.0297855
0.0297856
0.0297855
0.0297856
0.0297855
0.0297856
0.0297854
0.0297856
0.0297854
0.0297856
0.0297854
0.0297855
0.0297854
0.0297855
0.0297854
0.0297855
0.0297854
0.0297855
0.0297854
0.0297855
0.0297854
0.0297855
0.0297854
0.0297855
0.0297854
0.0297855
0.0297854
0.0297856
0.0297854
0.0297856
0.0297854
0.0297856
0.0297854
0.0297856
0.0297854
0.0297855
0.0297854
0.0297855
0.0297854
0.0297854
0.0297853
0.0297854
0.0297853
0.0297854
0.0297853
0.0297854
0.0297853
0.0297854
0.0297853
0.0297854
0.0297853
0.0297855
0.0297853
0.0297855
0.0297853
0.0297854
0.0297853
0.0297854
0.0297853
0.0297854
0.0297853
0.0297853
0.0297853
0.0297853
0.0297852
0.0297853
0.0297852
0.0297852
0.0297852
0.0297852
0.0297852
0.0297852
0.0297852
0.0297852
0.0297852
0.0297852
0.0297852
0.0297852
0.0297852
0.0297851
0.0297847
0.0306534
0.0298687
0.0298596
0.029859
0.029859
0.029859
0.029859
0.029859
0.029859
0.029859
0.029859
0.029859
0.029859
0.029859
0.029859
0.029859
0.029859
0.029859
0.029859
0.029859
0.029859
0.029859
0.029859
0.029859
0.029859
0.029859
0.029859
0.029859
0.029859
0.029859
0.029859
0.029859
0.029859
0.029859
0.029859
0.029859
0.029859
0.029859
0.029859
0.029859
0.029859
0.029859
0.029859
0.029859
0.029859
0.029859
0.029859
0.029859
0.029859
0.029859
0.029859
0.029859
0.029859
0.029859
0.029859
0.029859
0.029859
0.029859
0.029859
0.0298591
0.029859
0.0298591
0.029859
0.0298591
0.029859
0.0298591
0.029859
0.0298591
0.029859
0.0298591
0.029859
0.0298591
0.029859
0.0298591
0.029859
0.0298591
0.029859
0.0298591
0.029859
0.0298591
0.029859
0.0298591
0.029859
0.0298591
0.029859
0.0298591
0.029859
0.0298591
0.029859
0.0298591
0.029859
0.0298591
0.029859
0.0298591
0.029859
0.0298591
0.029859
0.0298591
0.029859
0.0298591
0.029859
0.0298591
0.029859
0.0298591
0.029859
0.0298591
0.029859
0.0298591
0.0298591
0.0298591
0.0298591
0.0298592
0.0298591
0.0298592
0.0298591
0.0298592
0.0298591
0.0298592
0.0298591
0.0298592
0.0298591
0.0298592
0.0298591
0.0298592
0.0298591
0.0298592
0.0298591
0.0298592
0.0298591
0.0298591
0.029859
0.0298591
0.029859
0.0298591
0.029859
0.0298591
0.029859
0.0298591
0.029859
0.0298591
0.029859
0.0298591
0.029859
0.0298591
0.029859
0.0298591
0.029859
0.0298591
0.029859
0.0298592
0.029859
0.0298591
0.029859
0.0298591
0.029859
0.0298591
0.029859
0.0298591
0.029859
0.0298591
0.029859
0.0298591
0.029859
0.0298591
0.029859
0.0298591
0.029859
0.0298591
0.029859
0.0298591
0.029859
0.0298591
0.029859
0.0298591
0.029859
0.0298591
0.029859
0.029859
0.029859
0.029859
0.029859
0.029859
0.0298589
0.029859
0.0298589
0.0298589
0.0298589
0.0298589
0.0298589
0.0298589
0.0298589
0.0298589
0.0298589
0.029859
0.0298589
0.0298589
0.0298589
0.0298589
0.0298589
0.0298587
0.0304399
0.0299118
0.0299083
0.0299081
0.0299081
0.0299081
0.0299081
0.0299081
0.0299081
0.0299081
0.0299081
0.0299081
0.0299081
0.0299081
0.0299081
0.0299081
0.0299081
0.0299081
0.0299081
0.0299081
0.0299081
0.0299081
0.0299081
0.0299081
0.0299081
0.0299081
0.0299081
0.0299081
0.0299081
0.0299081
0.0299081
0.0299081
0.0299081
0.0299081
0.0299081
0.0299081
0.0299081
0.0299081
0.0299081
0.0299081
0.0299081
0.0299081
0.0299081
0.0299081
0.0299081
0.0299081
0.0299081
0.0299081
0.0299081
0.0299081
0.0299081
0.0299081
0.0299081
0.0299081
0.0299081
0.0299081
0.0299081
0.0299081
0.0299082
0.0299081
0.0299082
0.0299081
0.0299082
0.0299081
0.0299082
0.0299081
0.0299082
0.0299081
0.0299082
0.0299081
0.0299082
0.0299081
0.0299082
0.0299081
0.0299082
0.0299081
0.0299082
0.0299081
0.0299082
0.0299081
0.0299082
0.0299081
0.0299082
0.0299082
0.0299082
0.0299082
0.0299082
0.0299081
0.0299082
0.0299081
0.0299082
0.0299081
0.0299082
0.0299081
0.0299082
0.0299081
0.0299082
0.0299081
0.0299082
0.0299081
0.0299082
0.0299081
0.0299082
0.0299081
0.0299082
0.0299081
0.0299082
0.0299082
0.0299082
0.0299082
0.0299082
0.0299082
0.0299082
0.0299082
0.0299082
0.0299082
0.0299082
0.0299082
0.0299082
0.0299082
0.0299082
0.0299082
0.0299082
0.0299082
0.0299082
0.0299082
0.0299082
0.0299082
0.0299082
0.0299082
0.0299082
0.0299081
0.0299082
0.0299081
0.0299082
0.0299081
0.0299082
0.0299081
0.0299082
0.0299081
0.0299082
0.0299081
0.0299082
0.0299081
0.0299082
0.0299082
0.0299082
0.0299082
0.0299082
0.0299082
0.0299082
0.0299082
0.0299082
0.0299082
0.0299082
0.0299081
0.0299082
0.0299081
0.0299082
0.0299081
0.0299082
0.0299081
0.0299082
0.0299081
0.0299082
0.0299081
0.0299082
0.0299081
0.0299082
0.0299081
0.0299082
0.0299081
0.0299082
0.0299081
0.0299082
0.0299081
0.0299082
0.0299081
0.0299081
0.0299081
0.0299081
0.0299081
0.0299081
0.0299081
0.0299081
0.0299081
0.0299081
0.0299081
0.0299081
0.0299081
0.0299081
0.0299081
0.0299081
0.0299081
0.0299081
0.0299081
0.0299081
0.0299081
0.0299081
0.029908
0.0302929
0.0299418
0.0299405
0.0299404
0.0299404
0.0299404
0.0299404
0.0299404
0.0299404
0.0299404
0.0299404
0.0299404
0.0299404
0.0299404
0.0299404
0.0299404
0.0299404
0.0299404
0.0299404
0.0299404
0.0299404
0.0299404
0.0299404
0.0299404
0.0299404
0.0299404
0.0299404
0.0299404
0.0299404
0.0299404
0.0299404
0.0299404
0.0299404
0.0299404
0.0299404
0.0299404
0.0299404
0.0299404
0.0299404
0.0299404
0.0299404
0.0299404
0.0299404
0.0299404
0.0299404
0.0299404
0.0299404
0.0299404
0.0299404
0.0299404
0.0299404
0.0299404
0.0299404
0.0299404
0.0299404
0.0299404
0.0299404
0.0299404
0.0299404
0.0299404
0.0299404
0.0299404
0.0299404
0.0299404
0.0299404
0.0299404
0.0299404
0.0299404
0.0299404
0.0299404
0.0299404
0.0299404
0.0299404
0.0299404
0.0299404
0.0299404
0.0299404
0.0299404
0.0299404
0.0299404
0.0299404
0.0299404
0.0299404
0.0299405
0.0299404
0.0299404
0.0299404
0.0299404
0.0299404
0.0299404
0.0299404
0.0299404
0.0299404
0.0299404
0.0299404
0.0299404
0.0299404
0.0299404
0.0299404
0.0299404
0.0299404
0.0299404
0.0299404
0.0299404
0.0299404
0.0299405
0.0299404
0.0299405
0.0299404
0.0299405
0.0299404
0.0299405
0.0299404
0.0299405
0.0299404
0.0299405
0.0299404
0.0299405
0.0299404
0.0299405
0.0299404
0.0299405
0.0299404
0.0299405
0.0299404
0.0299405
0.0299404
0.0299405
0.0299404
0.0299405
0.0299404
0.0299405
0.0299404
0.0299404
0.0299404
0.0299404
0.0299404
0.0299404
0.0299404
0.0299404
0.0299404
0.0299404
0.0299404
0.0299405
0.0299404
0.0299405
0.0299404
0.0299405
0.0299404
0.0299405
0.0299404
0.0299405
0.0299404
0.0299405
0.0299404
0.0299405
0.0299404
0.0299404
0.0299404
0.0299404
0.0299404
0.0299404
0.0299404
0.0299404
0.0299404
0.0299404
0.0299404
0.0299404
0.0299404
0.0299404
0.0299404
0.0299404
0.0299404
0.0299404
0.0299404
0.0299404
0.0299404
0.0299404
0.0299404
0.0299404
0.0299404
0.0299404
0.0299404
0.0299404
0.0299404
0.0299404
0.0299404
0.0299404
0.0299404
0.0299404
0.0299404
0.0299404
0.0299404
0.0299404
0.0299404
0.0299404
0.0299404
0.0299404
0.0299404
0.0299403
0.0301931
0.0299619
0.0299614
0.0299613
0.0299613
0.0299613
0.0299613
0.0299613
0.0299613
0.0299613
0.0299613
0.0299613
0.0299613
0.0299613
0.0299613
0.0299613
0.0299613
0.0299613
0.0299613
0.0299613
0.0299613
0.0299613
0.0299613
0.0299613
0.0299613
0.0299613
0.0299613
0.0299613
0.0299613
0.0299613
0.0299613
0.0299613
0.0299613
0.0299613
0.0299613
0.0299613
0.0299613
0.0299613
0.0299613
0.0299613
0.0299613
0.0299613
0.0299613
0.0299613
0.0299613
0.0299613
0.0299613
0.0299613
0.0299613
0.0299613
0.0299613
0.0299613
0.0299613
0.0299613
0.0299613
0.0299613
0.0299613
0.0299613
0.0299613
0.0299613
0.0299614
0.0299613
0.0299614
0.0299613
0.0299614
0.0299613
0.0299614
0.0299613
0.0299613
0.0299613
0.0299613
0.0299613
0.0299613
0.0299613
0.0299613
0.0299613
0.0299614
0.0299613
0.0299614
0.0299613
0.0299614
0.0299613
0.0299614
0.0299613
0.0299614
0.0299613
0.0299614
0.0299613
0.0299614
0.0299613
0.0299614
0.0299613
0.0299614
0.0299613
0.0299614
0.0299613
0.0299614
0.0299613
0.0299614
0.0299613
0.0299614
0.0299613
0.0299614
0.0299613
0.0299614
0.0299613
0.0299614
0.0299613
0.0299614
0.0299613
0.0299614
0.0299614
0.0299614
0.0299614
0.0299614
0.0299614
0.0299614
0.0299614
0.0299614
0.0299614
0.0299614
0.0299614
0.0299614
0.0299614
0.0299614
0.0299614
0.0299614
0.0299614
0.0299614
0.0299613
0.0299614
0.0299613
0.0299614
0.0299613
0.0299614
0.0299613
0.0299614
0.0299613
0.0299614
0.0299613
0.0299614
0.0299613
0.0299614
0.0299613
0.0299614
0.0299613
0.0299614
0.0299614
0.0299614
0.0299614
0.0299614
0.0299614
0.0299614
0.0299613
0.0299614
0.0299613
0.0299614
0.0299613
0.0299614
0.0299613
0.0299614
0.0299613
0.0299614
0.0299613
0.0299614
0.0299613
0.0299614
0.0299613
0.0299614
0.0299613
0.0299614
0.0299613
0.0299614
0.0299613
0.0299614
0.0299613
0.0299614
0.0299613
0.0299613
0.0299613
0.0299613
0.0299613
0.0299613
0.0299613
0.0299613
0.0299613
0.0299613
0.0299613
0.0299613
0.0299613
0.0299613
0.0299613
0.0299613
0.0299613
0.0299613
0.0299613
0.0299613
0.0299613
0.0299613
0.0299613
0.0301258
0.0299746
0.0299744
0.0299744
0.0299744
0.0299744
0.0299744
0.0299744
0.0299744
0.0299744
0.0299744
0.0299744
0.0299744
0.0299744
0.0299744
0.0299744
0.0299744
0.0299744
0.0299744
0.0299744
0.0299744
0.0299744
0.0299744
0.0299744
0.0299744
0.0299744
0.0299744
0.0299744
0.0299744
0.0299744
0.0299744
0.0299744
0.0299744
0.0299744
0.0299744
0.0299744
0.0299744
0.0299744
0.0299744
0.0299744
0.0299744
0.0299744
0.0299744
0.0299744
0.0299744
0.0299744
0.0299744
0.0299744
0.0299744
0.0299744
0.0299744
0.0299744
0.0299744
0.0299744
0.0299744
0.0299744
0.0299744
0.0299744
0.0299744
0.0299744
0.0299744
0.0299745
0.0299744
0.0299745
0.0299744
0.0299745
0.0299744
0.0299744
0.0299744
0.0299744
0.0299744
0.0299744
0.0299744
0.0299744
0.0299744
0.0299745
0.0299744
0.0299745
0.0299744
0.0299745
0.0299744
0.0299745
0.0299744
0.0299745
0.0299744
0.0299745
0.0299744
0.0299745
0.0299744
0.0299745
0.0299744
0.0299745
0.0299744
0.0299745
0.0299744
0.0299745
0.0299744
0.0299745
0.0299744
0.0299745
0.0299744
0.0299745
0.0299744
0.0299745
0.0299744
0.0299745
0.0299744
0.0299745
0.0299744
0.0299745
0.0299744
0.0299745
0.0299745
0.0299745
0.0299745
0.0299745
0.0299745
0.0299745
0.0299745
0.0299745
0.0299745
0.0299745
0.0299745
0.0299745
0.0299745
0.0299745
0.0299745
0.0299745
0.0299745
0.0299745
0.0299744
0.0299745
0.0299744
0.0299745
0.0299744
0.0299745
0.0299744
0.0299745
0.0299744
0.0299745
0.0299744
0.0299745
0.0299744
0.0299745
0.0299744
0.0299745
0.0299745
0.0299745
0.0299745
0.0299745
0.0299745
0.0299745
0.0299745
0.0299745
0.0299744
0.0299745
0.0299744
0.0299745
0.0299744
0.0299745
0.0299744
0.0299745
0.0299744
0.0299745
0.0299744
0.0299745
0.0299744
0.0299745
0.0299744
0.0299745
0.0299744
0.0299745
0.0299744
0.0299745
0.0299744
0.0299745
0.0299744
0.0299745
0.0299744
0.0299744
0.0299744
0.0299744
0.0299744
0.0299744
0.0299744
0.0299744
0.0299744
0.0299744
0.0299744
0.0299744
0.0299744
0.0299744
0.0299744
0.0299744
0.0299744
0.0299744
0.0299744
0.0299744
0.0299744
0.0299744
0.0300793
0.029981
0.029981
0.0299809
0.0299809
0.0299809
0.029981
0.0299809
0.0299809
0.0299809
0.0299809
0.0299809
0.0299809
0.0299809
0.0299809
0.0299809
0.0299809
0.0299809
0.0299809
0.0299809
0.0299809
0.0299809
0.0299809
0.0299809
0.029981
0.029981
0.029981
0.029981
0.029981
0.029981
0.029981
0.029981
0.029981
0.029981
0.029981
0.029981
0.029981
0.029981
0.029981
0.029981
0.029981
0.029981
0.029981
0.029981
0.029981
0.029981
0.029981
0.0299809
0.0299809
0.0299809
0.0299809
0.0299809
0.0299809
0.029981
0.029981
0.029981
0.029981
0.029981
0.029981
0.029981
0.029981
0.029981
0.029981
0.029981
0.029981
0.029981
0.029981
0.029981
0.029981
0.029981
0.029981
0.029981
0.029981
0.029981
0.029981
0.029981
0.029981
0.029981
0.029981
0.029981
0.029981
0.029981
0.029981
0.029981
0.029981
0.029981
0.029981
0.029981
0.029981
0.029981
0.029981
0.029981
0.029981
0.029981
0.029981
0.029981
0.029981
0.029981
0.029981
0.029981
0.029981
0.029981
0.029981
0.029981
0.029981
0.029981
0.029981
0.029981
0.029981
0.029981
0.029981
0.029981
0.029981
0.029981
0.029981
0.029981
0.029981
0.029981
0.029981
0.029981
0.029981
0.029981
0.029981
0.029981
0.029981
0.029981
0.029981
0.029981
0.029981
0.029981
0.029981
0.029981
0.029981
0.029981
0.029981
0.029981
0.029981
0.029981
0.029981
0.029981
0.029981
0.029981
0.029981
0.029981
0.029981
0.029981
0.029981
0.029981
0.029981
0.029981
0.029981
0.029981
0.029981
0.029981
0.029981
0.029981
0.029981
0.029981
0.029981
0.029981
0.029981
0.029981
0.029981
0.029981
0.029981
0.029981
0.029981
0.029981
0.029981
0.029981
0.029981
0.029981
0.029981
0.029981
0.029981
0.029981
0.029981
0.029981
0.029981
0.029981
0.029981
0.029981
0.029981
0.029981
0.029981
0.0299809
0.029981
0.0299809
0.029981
0.0299809
0.029981
0.029981
0.029981
0.029981
0.029981
0.0299809
0.029981
0.0299809
0.0299809
0.0299809
0.030042
0.0299784
0.0299784
0.0299784
0.0299784
0.0299784
0.0299784
0.0299784
0.0299784
0.0299784
0.0299784
0.0299784
0.0299784
0.0299784
0.0299784
0.0299784
0.0299784
0.0299784
0.0299784
0.0299784
0.0299784
0.0299784
0.0299784
0.0299784
0.0299784
0.0299784
0.0299784
0.0299784
0.0299784
0.0299784
0.0299784
0.0299784
0.0299784
0.0299784
0.0299784
0.0299784
0.0299784
0.0299784
0.0299784
0.0299784
0.0299784
0.0299784
0.0299784
0.0299784
0.0299784
0.0299784
0.0299784
0.0299784
0.0299784
0.0299784
0.0299784
0.0299784
0.0299784
0.0299784
0.0299784
0.0299784
0.0299784
0.0299784
0.0299784
0.0299784
0.0299784
0.0299784
0.0299784
0.0299784
0.0299784
0.0299784
0.0299784
0.0299784
0.0299784
0.0299784
0.0299784
0.0299784
0.0299784
0.0299784
0.0299784
0.0299784
0.0299784
0.0299784
0.0299784
0.0299784
0.0299784
0.0299784
0.0299784
0.0299784
0.0299784
0.0299784
0.0299784
0.0299784
0.0299784
0.0299784
0.0299784
0.0299784
0.0299784
0.0299784
0.0299784
0.0299784
0.0299784
0.0299784
0.0299784
0.0299784
0.0299784
0.0299784
0.0299784
0.0299784
0.0299784
0.0299784
0.0299784
0.0299784
0.0299784
0.0299784
0.0299784
0.0299784
0.0299784
0.0299784
0.0299784
0.0299784
0.0299784
0.0299784
0.0299784
0.0299784
0.0299784
0.0299784
0.0299784
0.0299784
0.0299784
0.0299784
0.0299784
0.0299784
0.0299784
0.0299784
0.0299784
0.0299784
0.0299784
0.0299784
0.0299784
0.0299784
0.0299784
0.0299784
0.0299784
0.0299784
0.0299784
0.0299784
0.0299784
0.0299784
0.0299784
0.0299784
0.0299784
0.0299784
0.0299784
0.0299784
0.0299784
0.0299784
0.0299784
0.0299784
0.0299784
0.0299784
0.0299784
0.0299784
0.0299784
0.0299784
0.0299784
0.0299784
0.0299784
0.0299784
0.0299784
0.0299784
0.0299784
0.0299784
0.0299784
0.0299784
0.0299784
0.0299784
0.0299784
0.0299784
0.0299784
0.0299784
0.0299784
0.0299784
0.0299784
0.0299784
0.0299784
0.0299784
0.0299784
0.0299784
0.0299784
0.0299784
0.0299784
0.0299784
0.0299784
0.0299784
0.0299784
0.0299784
0.0299784
0.0299784
0.0299784
0.0299784
0.0299784
0.0299784
0.0299784
0.0299784
0.0299855
0.0299445
0.0299444
0.0299444
0.0299444
0.0299444
0.0299444
0.0299444
0.0299444
0.0299444
0.0299444
0.0299444
0.0299444
0.0299444
0.0299444
0.0299444
0.0299444
0.0299444
0.0299444
0.0299444
0.0299444
0.0299444
0.0299444
0.0299444
0.0299444
0.0299444
0.0299444
0.0299444
0.0299444
0.0299444
0.0299444
0.0299444
0.0299444
0.0299444
0.0299444
0.0299444
0.0299444
0.0299444
0.0299444
0.0299444
0.0299444
0.0299444
0.0299444
0.0299444
0.0299444
0.0299444
0.0299444
0.0299444
0.0299444
0.0299444
0.0299444
0.0299444
0.0299444
0.0299444
0.0299444
0.0299444
0.0299444
0.0299444
0.0299444
0.0299444
0.0299444
0.0299444
0.0299444
0.0299444
0.0299444
0.0299444
0.0299444
0.0299444
0.0299444
0.0299444
0.0299444
0.0299444
0.0299444
0.0299444
0.0299444
0.0299444
0.0299444
0.0299444
0.0299444
0.0299444
0.0299444
0.0299444
0.0299444
0.0299444
0.0299444
0.0299444
0.0299444
0.0299444
0.0299444
0.0299444
0.0299444
0.0299444
0.0299444
0.0299444
0.0299444
0.0299444
0.0299444
0.0299444
0.0299444
0.0299444
0.0299444
0.0299444
0.0299444
0.0299444
0.0299444
0.0299444
0.0299444
0.0299444
0.0299444
0.0299444
0.0299444
0.0299444
0.0299444
0.0299444
0.0299444
0.0299444
0.0299445
0.0299444
0.0299445
0.0299444
0.0299445
0.0299444
0.0299445
0.0299444
0.0299445
0.0299444
0.0299444
0.0299444
0.0299444
0.0299444
0.0299444
0.0299444
0.0299444
0.0299444
0.0299444
0.0299444
0.0299444
0.0299444
0.0299444
0.0299444
0.0299444
0.0299444
0.0299444
0.0299444
0.0299444
0.0299444
0.0299444
0.0299444
0.0299444
0.0299444
0.0299445
0.0299444
0.0299444
0.0299444
0.0299444
0.0299444
0.0299444
0.0299444
0.0299444
0.0299444
0.0299444
0.0299444
0.0299444
0.0299444
0.0299444
0.0299444
0.0299444
0.0299444
0.0299444
0.0299444
0.0299444
0.0299444
0.0299444
0.0299444
0.0299444
0.0299444
0.0299444
0.0299444
0.0299444
0.0299444
0.0299444
0.0299444
0.0299444
0.0299444
0.0299444
0.0299444
0.0299444
0.0299444
0.0299444
0.0299444
0.0299444
0.0299444
0.0299444
0.0299444
0.0299444
0.0299444
0.0299444
0.0299444
0.0299444
0.0299444
0.0298722
0.0298456
0.0298456
0.0298456
0.0298456
0.0298456
0.0298456
0.0298456
0.0298456
0.0298456
0.0298456
0.0298456
0.0298456
0.0298456
0.0298456
0.0298456
0.0298456
0.0298456
0.0298456
0.0298456
0.0298456
0.0298456
0.0298456
0.0298456
0.0298456
0.0298456
0.0298456
0.0298456
0.0298456
0.0298456
0.0298456
0.0298456
0.0298456
0.0298456
0.0298456
0.0298456
0.0298456
0.0298456
0.0298456
0.0298456
0.0298456
0.0298456
0.0298456
0.0298456
0.0298456
0.0298456
0.0298456
0.0298456
0.0298456
0.0298456
0.0298456
0.0298456
0.0298456
0.0298456
0.0298456
0.0298456
0.0298456
0.0298456
0.0298456
0.0298456
0.0298456
0.0298456
0.0298456
0.0298456
0.0298456
0.0298456
0.0298456
0.0298456
0.0298456
0.0298456
0.0298456
0.0298456
0.0298456
0.0298456
0.0298456
0.0298456
0.0298456
0.0298456
0.0298456
0.0298456
0.0298456
0.0298456
0.0298456
0.0298456
0.0298456
0.0298456
0.0298456
0.0298456
0.0298456
0.0298456
0.0298456
0.0298456
0.0298456
0.0298456
0.0298456
0.0298456
0.0298456
0.0298456
0.0298456
0.0298456
0.0298456
0.0298456
0.0298456
0.0298456
0.0298456
0.0298456
0.0298456
0.0298456
0.0298456
0.0298456
0.0298456
0.0298456
0.0298456
0.0298456
0.0298456
0.0298456
0.0298456
0.0298456
0.0298456
0.0298456
0.0298456
0.0298456
0.0298456
0.0298456
0.0298456
0.0298456
0.0298456
0.0298456
0.0298456
0.0298456
0.0298456
0.0298456
0.0298456
0.0298456
0.0298456
0.0298456
0.0298456
0.0298456
0.0298456
0.0298456
0.0298456
0.0298456
0.0298456
0.0298456
0.0298456
0.0298456
0.0298456
0.0298456
0.0298456
0.0298456
0.0298456
0.0298456
0.0298456
0.0298456
0.0298456
0.0298456
0.0298456
0.0298456
0.0298456
0.0298456
0.0298456
0.0298456
0.0298456
0.0298456
0.0298456
0.0298456
0.0298456
0.0298456
0.0298456
0.0298456
0.0298456
0.0298456
0.0298456
0.0298456
0.0298456
0.0298456
0.0298456
0.0298456
0.0298456
0.0298456
0.0298456
0.0298456
0.0298456
0.0298456
0.0298456
0.0298456
0.0298456
0.0298456
0.0298456
0.0298456
0.0298456
0.0298456
0.0298456
0.0298456
0.0298456
0.0298456
0.0298456
0.0298456
0.0298456
0.0298456
0.0295588
0.0295411
0.0295411
0.0295411
0.0295411
0.0295411
0.0295411
0.0295411
0.0295411
0.0295411
0.0295411
0.0295411
0.0295411
0.0295411
0.0295411
0.0295411
0.0295411
0.0295411
0.0295411
0.0295411
0.0295411
0.0295411
0.0295411
0.0295411
0.0295411
0.0295411
0.0295411
0.0295411
0.0295411
0.0295411
0.0295411
0.0295411
0.0295411
0.0295411
0.0295411
0.0295411
0.0295411
0.0295411
0.0295411
0.0295411
0.0295411
0.0295411
0.0295411
0.0295411
0.0295411
0.0295411
0.0295411
0.0295411
0.0295411
0.0295411
0.0295411
0.0295411
0.0295411
0.0295411
0.0295411
0.0295411
0.0295411
0.0295411
0.0295411
0.0295411
0.0295411
0.0295411
0.0295411
0.0295411
0.0295411
0.0295411
0.0295411
0.0295411
0.0295411
0.0295411
0.0295411
0.0295411
0.0295411
0.0295411
0.0295411
0.0295411
0.0295411
0.0295411
0.0295411
0.0295411
0.0295411
0.0295411
0.0295411
0.0295411
0.0295411
0.0295411
0.0295411
0.0295411
0.0295411
0.0295411
0.0295411
0.0295411
0.0295411
0.0295411
0.0295411
0.0295411
0.0295411
0.0295411
0.0295411
0.0295411
0.0295411
0.0295411
0.0295411
0.0295411
0.0295411
0.0295411
0.0295411
0.0295411
0.0295411
0.0295411
0.0295411
0.0295411
0.0295411
0.0295411
0.0295411
0.0295411
0.0295411
0.0295411
0.0295411
0.0295411
0.0295411
0.0295411
0.0295411
0.0295411
0.0295411
0.0295411
0.0295411
0.0295411
0.0295411
0.0295411
0.0295411
0.0295411
0.0295411
0.0295411
0.0295411
0.0295411
0.0295411
0.0295411
0.0295411
0.0295411
0.0295411
0.0295411
0.0295411
0.0295411
0.0295411
0.0295411
0.0295411
0.0295411
0.0295411
0.0295411
0.0295411
0.0295411
0.0295411
0.0295411
0.0295411
0.0295411
0.0295411
0.0295411
0.0295411
0.0295411
0.0295411
0.0295411
0.0295411
0.0295411
0.0295411
0.0295411
0.0295411
0.0295411
0.0295411
0.0295411
0.0295411
0.0295411
0.0295411
0.0295411
0.0295411
0.0295411
0.0295411
0.0295411
0.0295411
0.0295411
0.0295411
0.0295411
0.0295411
0.0295411
0.0295411
0.0295411
0.0295411
0.0295411
0.0295411
0.0295411
0.0295411
0.0295411
0.0295411
0.0295411
0.0295411
0.0295411
0.0295411
0.0295411
0.0295411
0.0295411
0.0287324
0.0287197
0.0287197
0.0287197
0.0287197
0.0287197
0.0287197
0.0287197
0.0287197
0.0287197
0.0287197
0.0287197
0.0287197
0.0287197
0.0287197
0.0287197
0.0287197
0.0287197
0.0287197
0.0287197
0.0287197
0.0287197
0.0287197
0.0287197
0.0287197
0.0287197
0.0287197
0.0287197
0.0287197
0.0287197
0.0287197
0.0287197
0.0287197
0.0287197
0.0287197
0.0287197
0.0287197
0.0287197
0.0287197
0.0287197
0.0287197
0.0287197
0.0287197
0.0287197
0.0287197
0.0287197
0.0287197
0.0287197
0.0287197
0.0287197
0.0287197
0.0287197
0.0287197
0.0287197
0.0287197
0.0287197
0.0287197
0.0287197
0.0287197
0.0287197
0.0287197
0.0287197
0.0287197
0.0287197
0.0287197
0.0287197
0.0287197
0.0287197
0.0287197
0.0287197
0.0287197
0.0287197
0.0287197
0.0287197
0.0287197
0.0287197
0.0287197
0.0287197
0.0287197
0.0287197
0.0287197
0.0287197
0.0287197
0.0287197
0.0287197
0.0287197
0.0287197
0.0287197
0.0287197
0.0287197
0.0287197
0.0287197
0.0287197
0.0287197
0.0287197
0.0287197
0.0287197
0.0287197
0.0287197
0.0287197
0.0287197
0.0287197
0.0287197
0.0287197
0.0287197
0.0287197
0.0287197
0.0287197
0.0287197
0.0287197
0.0287197
0.0287197
0.0287197
0.0287197
0.0287197
0.0287197
0.0287197
0.0287197
0.0287197
0.0287197
0.0287197
0.0287197
0.0287197
0.0287197
0.0287197
0.0287197
0.0287197
0.0287197
0.0287197
0.0287197
0.0287197
0.0287197
0.0287197
0.0287197
0.0287197
0.0287197
0.0287197
0.0287197
0.0287197
0.0287197
0.0287197
0.0287197
0.0287197
0.0287197
0.0287197
0.0287197
0.0287197
0.0287197
0.0287197
0.0287197
0.0287197
0.0287197
0.0287197
0.0287197
0.0287197
0.0287197
0.0287197
0.0287197
0.0287197
0.0287197
0.0287197
0.0287197
0.0287197
0.0287197
0.0287197
0.0287197
0.0287197
0.0287197
0.0287197
0.0287197
0.0287197
0.0287197
0.0287197
0.0287197
0.0287197
0.0287197
0.0287197
0.0287197
0.0287197
0.0287197
0.0287197
0.0287197
0.0287197
0.0287197
0.0287197
0.0287197
0.0287197
0.0287197
0.0287197
0.0287197
0.0287197
0.0287197
0.0287197
0.0287197
0.0287197
0.0287197
0.0287197
0.0287197
0.0287197
0.0287197
0.0265318
0.0265211
0.0265211
0.0265211
0.0265211
0.0265211
0.0265211
0.0265211
0.0265211
0.0265211
0.0265211
0.0265211
0.0265211
0.0265211
0.0265211
0.0265211
0.0265211
0.0265211
0.0265211
0.0265211
0.0265211
0.0265211
0.0265211
0.0265211
0.0265211
0.0265211
0.0265211
0.0265211
0.0265211
0.0265211
0.0265211
0.0265211
0.0265211
0.0265211
0.0265211
0.0265211
0.0265211
0.0265211
0.0265211
0.0265211
0.0265211
0.0265211
0.0265211
0.0265211
0.0265211
0.0265211
0.0265211
0.0265211
0.0265211
0.0265211
0.0265211
0.0265211
0.0265211
0.0265211
0.0265211
0.0265211
0.0265211
0.0265211
0.0265211
0.0265211
0.0265211
0.0265211
0.0265211
0.0265211
0.0265211
0.0265211
0.0265211
0.0265211
0.0265211
0.0265211
0.0265211
0.0265211
0.0265211
0.0265211
0.0265211
0.0265211
0.0265211
0.0265211
0.0265211
0.0265211
0.0265211
0.0265211
0.0265211
0.0265211
0.0265211
0.0265211
0.0265211
0.0265211
0.0265211
0.0265211
0.0265211
0.0265211
0.0265211
0.0265211
0.0265211
0.0265211
0.0265211
0.0265211
0.0265211
0.0265211
0.0265211
0.0265211
0.0265211
0.0265211
0.0265211
0.0265211
0.0265211
0.0265211
0.0265211
0.0265211
0.0265211
0.0265211
0.0265211
0.0265211
0.0265211
0.0265211
0.0265211
0.0265211
0.0265211
0.0265211
0.0265211
0.0265211
0.0265211
0.0265211
0.0265211
0.0265211
0.0265211
0.0265211
0.0265211
0.0265211
0.0265211
0.0265211
0.0265211
0.0265211
0.0265211
0.0265211
0.0265211
0.0265211
0.0265211
0.0265211
0.0265211
0.0265211
0.0265211
0.0265211
0.0265211
0.0265211
0.0265211
0.0265211
0.0265211
0.0265211
0.0265211
0.0265211
0.0265211
0.0265211
0.0265211
0.0265211
0.0265211
0.0265211
0.0265211
0.0265211
0.0265211
0.0265211
0.0265211
0.0265211
0.0265211
0.0265211
0.0265211
0.0265211
0.0265211
0.0265211
0.0265211
0.0265211
0.0265211
0.0265211
0.0265211
0.0265211
0.0265211
0.0265211
0.0265211
0.0265211
0.0265211
0.0265211
0.0265211
0.0265211
0.0265211
0.0265211
0.0265211
0.0265211
0.0265211
0.0265211
0.0265211
0.0265211
0.0265211
0.0265211
0.0265211
0.0265211
0.0265211
0.0265211
0.0265211
0.0265211
0.017736
0.0177228
0.0177228
0.0177228
0.0177228
0.0177228
0.0177228
0.0177228
0.0177228
0.0177228
0.0177228
0.0177228
0.0177228
0.0177228
0.0177228
0.0177228
0.0177228
0.0177228
0.0177228
0.0177228
0.0177228
0.0177228
0.0177228
0.0177228
0.0177228
0.0177228
0.0177228
0.0177228
0.0177228
0.0177228
0.0177228
0.0177228
0.0177228
0.0177228
0.0177228
0.0177228
0.0177228
0.0177228
0.0177228
0.0177228
0.0177228
0.0177228
0.0177228
0.0177228
0.0177228
0.0177228
0.0177228
0.0177228
0.0177228
0.0177228
0.0177228
0.0177228
0.0177228
0.0177228
0.0177228
0.0177228
0.0177228
0.0177228
0.0177228
0.0177228
0.0177228
0.0177228
0.0177228
0.0177228
0.0177228
0.0177228
0.0177228
0.0177228
0.0177228
0.0177228
0.0177228
0.0177228
0.0177228
0.0177228
0.0177228
0.0177228
0.0177228
0.0177228
0.0177228
0.0177228
0.0177228
0.0177228
0.0177228
0.0177228
0.0177228
0.0177228
0.0177228
0.0177228
0.0177228
0.0177228
0.0177228
0.0177228
0.0177228
0.0177228
0.0177228
0.0177228
0.0177228
0.0177228
0.0177228
0.0177228
0.0177228
0.0177228
0.0177228
0.0177228
0.0177228
0.0177228
0.0177228
0.0177228
0.0177228
0.0177228
0.0177228
0.0177228
0.0177228
0.0177228
0.0177228
0.0177228
0.0177228
0.0177228
0.0177228
0.0177228
0.0177228
0.0177228
0.0177228
0.0177228
0.0177228
0.0177228
0.0177228
0.0177228
0.0177228
0.0177228
0.0177228
0.0177228
0.0177228
0.0177228
0.0177228
0.0177228
0.0177228
0.0177228
0.0177228
0.0177228
0.0177228
0.0177228
0.0177228
0.0177228
0.0177228
0.0177228
0.0177228
0.0177228
0.0177228
0.0177228
0.0177228
0.0177228
0.0177228
0.0177228
0.0177228
0.0177228
0.0177228
0.0177228
0.0177228
0.0177228
0.0177228
0.0177228
0.0177228
0.0177228
0.0177228
0.0177228
0.0177228
0.0177228
0.0177228
0.0177228
0.0177228
0.0177228
0.0177228
0.0177228
0.0177228
0.0177228
0.0177228
0.0177228
0.0177228
0.0177228
0.0177228
0.0177228
0.0177228
0.0177228
0.0177228
0.0177228
0.0177228
0.0177228
0.0177228
0.0177228
0.0177228
0.0177228
0.0177228
0.0177228
0.0177228
0.0177228
0.0177228
0.0177228
0.0177228
0.0177228
)
;

boundaryField
{
    inlet
    {
        type            fixedValue;
        value           uniform 0.03;
    }
    outlet
    {
        type            zeroGradient;
    }
    wallHot0
    {
        type            kqRWallFunction;
        value           nonuniform List<scalar> 
800
(
0.017736
0.0177228
0.0177228
0.0177228
0.0177228
0.0177228
0.0177228
0.0177228
0.0177228
0.0177228
0.0177228
0.0177228
0.0177228
0.0177228
0.0177228
0.0177228
0.0177228
0.0177228
0.0177228
0.0177228
0.0177228
0.0177228
0.0177228
0.0177228
0.0177228
0.0177228
0.0177228
0.0177228
0.0177228
0.0177228
0.0177228
0.0177228
0.0177228
0.0177228
0.0177228
0.0177228
0.0177228
0.0177228
0.0177228
0.0177228
0.0177228
0.0177228
0.0177228
0.0177228
0.0177228
0.0177228
0.0177228
0.0177228
0.0177228
0.0177228
0.0177228
0.0177228
0.0177228
0.0177228
0.0177228
0.0177228
0.0177228
0.0177228
0.0177228
0.0177228
0.0177228
0.0177228
0.0177228
0.0177228
0.0177228
0.0177228
0.0177228
0.0177228
0.0177228
0.0177228
0.0177228
0.0177228
0.0177228
0.0177228
0.0177228
0.0177228
0.0177228
0.0177228
0.0177228
0.0177228
0.0177228
0.0177228
0.0177228
0.0177228
0.0177228
0.0177228
0.0177228
0.0177228
0.0177228
0.0177228
0.0177228
0.0177228
0.0177228
0.0177228
0.0177228
0.0177228
0.0177228
0.0177228
0.0177228
0.0177228
0.0177228
0.0177228
0.0177228
0.0177228
0.0177228
0.0177228
0.0177228
0.0177228
0.0177228
0.0177228
0.0177228
0.0177228
0.0177228
0.0177228
0.0177228
0.0177228
0.0177228
0.0177228
0.0177228
0.0177228
0.0177228
0.0177228
0.0177228
0.0177228
0.0177228
0.0177228
0.0177228
0.0177228
0.0177228
0.0177228
0.0177228
0.0177228
0.0177228
0.0177228
0.0177228
0.0177228
0.0177228
0.0177228
0.0177228
0.0177228
0.0177228
0.0177228
0.0177228
0.0177228
0.0177228
0.0177228
0.0177228
0.0177228
0.0177228
0.0177228
0.0177228
0.0177228
0.0177228
0.0177228
0.0177228
0.0177228
0.0177228
0.0177228
0.0177228
0.0177228
0.0177228
0.0177228
0.0177228
0.0177228
0.0177228
0.0177228
0.0177228
0.0177228
0.0177228
0.0177228
0.0177228
0.0177228
0.0177228
0.0177228
0.0177228
0.0177228
0.0177228
0.0177228
0.0177228
0.0177228
0.0177228
0.0177228
0.0177228
0.0177228
0.0177228
0.0177228
0.0177228
0.0177228
0.0177228
0.0177228
0.0177228
0.0177228
0.0177228
0.0177228
0.0177228
0.0177228
0.0177228
0.0177228
0.0177228
0.0177228
0.0129234
0.0128985
0.0128984
0.0128984
0.0128984
0.0128984
0.0128984
0.0128984
0.0128984
0.0128984
0.0128984
0.0128984
0.0128984
0.0128984
0.0128984
0.0128984
0.0128984
0.0128984
0.0128984
0.0128984
0.0128984
0.0128984
0.0128984
0.0128984
0.0128984
0.0128984
0.0128984
0.0128984
0.0128984
0.0128984
0.0128984
0.0128984
0.0128984
0.0128984
0.0128984
0.0128984
0.0128984
0.0128984
0.0128984
0.0128984
0.0128984
0.0128984
0.0128984
0.0128984
0.0128984
0.0128984
0.0128984
0.0128984
0.0128984
0.0128984
0.0128984
0.0128984
0.0128984
0.0128984
0.0128984
0.0128984
0.0128984
0.0128984
0.0128985
0.0128984
0.0128985
0.0128984
0.0128985
0.0128984
0.0128985
0.0128984
0.0128984
0.0128984
0.0128984
0.0128984
0.0128984
0.0128984
0.0128984
0.0128984
0.0128984
0.0128984
0.0128984
0.0128984
0.0128985
0.0128984
0.0128985
0.0128984
0.0128985
0.0128984
0.0128985
0.0128984
0.0128985
0.0128984
0.0128985
0.0128984
0.0128985
0.0128984
0.0128984
0.0128984
0.0128984
0.0128984
0.0128984
0.0128984
0.0128984
0.0128984
0.0128985
0.0128984
0.0128985
0.0128984
0.0128985
0.0128984
0.0128985
0.0128984
0.0128985
0.0128984
0.0128985
0.0128984
0.0128985
0.0128984
0.0128985
0.0128984
0.0128985
0.0128984
0.0128985
0.0128984
0.0128985
0.0128984
0.0128985
0.0128984
0.0128985
0.0128984
0.0128985
0.0128984
0.0128985
0.0128984
0.0128985
0.0128984
0.0128985
0.0128984
0.0128985
0.0128984
0.0128984
0.0128984
0.0128984
0.0128984
0.0128984
0.0128984
0.0128985
0.0128984
0.0128985
0.0128984
0.0128985
0.0128984
0.0128985
0.0128984
0.0128985
0.0128984
0.0128985
0.0128984
0.0128985
0.0128984
0.0128985
0.0128984
0.0128984
0.0128984
0.0128984
0.0128984
0.0128984
0.0128984
0.0128984
0.0128984
0.0128985
0.0128984
0.0128985
0.0128984
0.0128985
0.0128984
0.0128985
0.0128984
0.0128985
0.0128984
0.0128985
0.0128984
0.0128984
0.0128984
0.0128984
0.0128984
0.0128984
0.0128984
0.0128984
0.0128984
0.0128984
0.0128984
0.0128984
0.0128984
0.0128984
0.0128984
0.0128984
0.0128984
0.0128984
0.0128984
0.0128984
0.0128984
0.0128984
0.0128984
0.0129234
0.0128985
0.0128984
0.0128984
0.0128984
0.0128984
0.0128984
0.0128984
0.0128984
0.0128984
0.0128984
0.0128984
0.0128984
0.0128984
0.0128984
0.0128984
0.0128984
0.0128984
0.0128984
0.0128984
0.0128984
0.0128984
0.0128984
0.0128984
0.0128984
0.0128984
0.0128984
0.0128984
0.0128984
0.0128984
0.0128984
0.0128984
0.0128984
0.0128984
0.0128984
0.0128984
0.0128984
0.0128984
0.0128984
0.0128984
0.0128984
0.0128984
0.0128984
0.0128984
0.0128984
0.0128984
0.0128984
0.0128984
0.0128984
0.0128984
0.0128984
0.0128984
0.0128984
0.0128984
0.0128984
0.0128984
0.0128984
0.0128984
0.0128984
0.0128985
0.0128984
0.0128985
0.0128984
0.0128985
0.0128984
0.0128985
0.0128984
0.0128984
0.0128984
0.0128984
0.0128984
0.0128984
0.0128984
0.0128984
0.0128984
0.0128984
0.0128984
0.0128985
0.0128984
0.0128985
0.0128984
0.0128985
0.0128984
0.0128985
0.0128984
0.0128985
0.0128984
0.0128985
0.0128984
0.0128985
0.0128984
0.0128985
0.0128984
0.0128984
0.0128984
0.0128984
0.0128984
0.0128984
0.0128984
0.0128985
0.0128984
0.0128985
0.0128984
0.0128985
0.0128984
0.0128985
0.0128984
0.0128985
0.0128984
0.0128985
0.0128984
0.0128985
0.0128984
0.0128985
0.0128984
0.0128985
0.0128984
0.0128985
0.0128984
0.0128985
0.0128984
0.0128985
0.0128984
0.0128985
0.0128984
0.0128985
0.0128984
0.0128985
0.0128984
0.0128985
0.0128984
0.0128985
0.0128984
0.0128985
0.0128984
0.0128985
0.0128984
0.0128984
0.0128984
0.0128984
0.0128984
0.0128985
0.0128984
0.0128985
0.0128984
0.0128985
0.0128984
0.0128985
0.0128984
0.0128985
0.0128984
0.0128985
0.0128984
0.0128985
0.0128984
0.0128985
0.0128984
0.0128985
0.0128984
0.0128984
0.0128984
0.0128984
0.0128984
0.0128984
0.0128984
0.0128984
0.0128984
0.0128985
0.0128984
0.0128985
0.0128984
0.0128985
0.0128984
0.0128985
0.0128984
0.0128985
0.0128984
0.0128985
0.0128984
0.0128984
0.0128984
0.0128984
0.0128984
0.0128984
0.0128984
0.0128984
0.0128984
0.0128984
0.0128984
0.0128984
0.0128984
0.0128984
0.0128984
0.0128984
0.0128984
0.0128984
0.0128984
0.0128984
0.0128984
0.0128984
0.017736
0.0177228
0.0177228
0.0177228
0.0177228
0.0177228
0.0177228
0.0177228
0.0177228
0.0177228
0.0177228
0.0177228
0.0177228
0.0177228
0.0177228
0.0177228
0.0177228
0.0177228
0.0177228
0.0177228
0.0177228
0.0177228
0.0177228
0.0177228
0.0177228
0.0177228
0.0177228
0.0177228
0.0177228
0.0177228
0.0177228
0.0177228
0.0177228
0.0177228
0.0177228
0.0177228
0.0177228
0.0177228
0.0177228
0.0177228
0.0177228
0.0177228
0.0177228
0.0177228
0.0177228
0.0177228
0.0177228
0.0177228
0.0177228
0.0177228
0.0177228
0.0177228
0.0177228
0.0177228
0.0177228
0.0177228
0.0177228
0.0177228
0.0177228
0.0177228
0.0177228
0.0177228
0.0177228
0.0177228
0.0177228
0.0177228
0.0177228
0.0177228
0.0177228
0.0177228
0.0177228
0.0177228
0.0177228
0.0177228
0.0177228
0.0177228
0.0177228
0.0177228
0.0177228
0.0177228
0.0177228
0.0177228
0.0177228
0.0177228
0.0177228
0.0177228
0.0177228
0.0177228
0.0177228
0.0177228
0.0177228
0.0177228
0.0177228
0.0177228
0.0177228
0.0177228
0.0177228
0.0177228
0.0177228
0.0177228
0.0177228
0.0177228
0.0177228
0.0177228
0.0177228
0.0177228
0.0177228
0.0177228
0.0177228
0.0177228
0.0177228
0.0177228
0.0177228
0.0177228
0.0177228
0.0177228
0.0177228
0.0177228
0.0177228
0.0177228
0.0177228
0.0177228
0.0177228
0.0177228
0.0177228
0.0177228
0.0177228
0.0177228
0.0177228
0.0177228
0.0177228
0.0177228
0.0177228
0.0177228
0.0177228
0.0177228
0.0177228
0.0177228
0.0177228
0.0177228
0.0177228
0.0177228
0.0177228
0.0177228
0.0177228
0.0177228
0.0177228
0.0177228
0.0177228
0.0177228
0.0177228
0.0177228
0.0177228
0.0177228
0.0177228
0.0177228
0.0177228
0.0177228
0.0177228
0.0177228
0.0177228
0.0177228
0.0177228
0.0177228
0.0177228
0.0177228
0.0177228
0.0177228
0.0177228
0.0177228
0.0177228
0.0177228
0.0177228
0.0177228
0.0177228
0.0177228
0.0177228
0.0177228
0.0177228
0.0177228
0.0177228
0.0177228
0.0177228
0.0177228
0.0177228
0.0177228
0.0177228
0.0177228
0.0177228
0.0177228
0.0177228
0.0177228
0.0177228
0.0177228
0.0177228
0.0177228
0.0177228
0.0177228
0.0177228
0.0177228
)
;
    }
    wallHot1
    {
        type            kqRWallFunction;
        value           nonuniform List<scalar> 
800
(
0.017736
0.0177228
0.0177228
0.0177228
0.0177228
0.0177228
0.0177228
0.0177228
0.0177228
0.0177228
0.0177228
0.0177228
0.0177228
0.0177228
0.0177228
0.0177228
0.0177228
0.0177228
0.0177228
0.0177228
0.0177228
0.0177228
0.0177228
0.0177228
0.0177228
0.0177228
0.0177228
0.0177228
0.0177228
0.0177228
0.0177228
0.0177228
0.0177228
0.0177228
0.0177228
0.0177228
0.0177228
0.0177228
0.0177228
0.0177228
0.0177228
0.0177228
0.0177228
0.0177228
0.0177228
0.0177228
0.0177228
0.0177228
0.0177228
0.0177228
0.0177228
0.0177228
0.0177228
0.0177228
0.0177228
0.0177228
0.0177228
0.0177228
0.0177228
0.0177228
0.0177228
0.0177228
0.0177228
0.0177228
0.0177228
0.0177228
0.0177228
0.0177228
0.0177228
0.0177228
0.0177228
0.0177228
0.0177228
0.0177228
0.0177228
0.0177228
0.0177228
0.0177228
0.0177228
0.0177228
0.0177228
0.0177228
0.0177228
0.0177228
0.0177228
0.0177228
0.0177228
0.0177228
0.0177228
0.0177228
0.0177228
0.0177228
0.0177228
0.0177228
0.0177228
0.0177228
0.0177228
0.0177228
0.0177228
0.0177228
0.0177228
0.0177228
0.0177228
0.0177228
0.0177228
0.0177228
0.0177228
0.0177228
0.0177228
0.0177228
0.0177228
0.0177228
0.0177228
0.0177228
0.0177228
0.0177228
0.0177228
0.0177228
0.0177228
0.0177228
0.0177228
0.0177228
0.0177228
0.0177228
0.0177228
0.0177228
0.0177228
0.0177228
0.0177228
0.0177228
0.0177228
0.0177228
0.0177228
0.0177228
0.0177228
0.0177228
0.0177228
0.0177228
0.0177228
0.0177228
0.0177228
0.0177228
0.0177228
0.0177228
0.0177228
0.0177228
0.0177228
0.0177228
0.0177228
0.0177228
0.0177228
0.0177228
0.0177228
0.0177228
0.0177228
0.0177228
0.0177228
0.0177228
0.0177228
0.0177228
0.0177228
0.0177228
0.0177228
0.0177228
0.0177228
0.0177228
0.0177228
0.0177228
0.0177228
0.0177228
0.0177228
0.0177228
0.0177228
0.0177228
0.0177228
0.0177228
0.0177228
0.0177228
0.0177228
0.0177228
0.0177228
0.0177228
0.0177228
0.0177228
0.0177228
0.0177228
0.0177228
0.0177228
0.0177228
0.0177228
0.0177228
0.0177228
0.0177228
0.0177228
0.0177228
0.0177228
0.0177228
0.0177228
0.0177228
0.0177228
0.0129234
0.0128985
0.0128984
0.0128984
0.0128984
0.0128984
0.0128984
0.0128984
0.0128984
0.0128984
0.0128984
0.0128984
0.0128984
0.0128984
0.0128984
0.0128984
0.0128984
0.0128984
0.0128984
0.0128984
0.0128984
0.0128984
0.0128984
0.0128984
0.0128984
0.0128984
0.0128984
0.0128984
0.0128984
0.0128984
0.0128984
0.0128984
0.0128984
0.0128984
0.0128984
0.0128984
0.0128984
0.0128984
0.0128984
0.0128984
0.0128984
0.0128984
0.0128984
0.0128984
0.0128984
0.0128984
0.0128984
0.0128984
0.0128984
0.0128984
0.0128984
0.0128984
0.0128984
0.0128984
0.0128984
0.0128984
0.0128984
0.0128984
0.0128984
0.0128985
0.0128984
0.0128985
0.0128984
0.0128985
0.0128984
0.0128985
0.0128984
0.0128984
0.0128984
0.0128984
0.0128984
0.0128984
0.0128984
0.0128984
0.0128984
0.0128984
0.0128984
0.0128985
0.0128984
0.0128985
0.0128984
0.0128985
0.0128984
0.0128985
0.0128984
0.0128985
0.0128984
0.0128985
0.0128984
0.0128985
0.0128984
0.0128985
0.0128984
0.0128984
0.0128984
0.0128984
0.0128984
0.0128984
0.0128984
0.0128985
0.0128984
0.0128985
0.0128984
0.0128985
0.0128984
0.0128985
0.0128984
0.0128985
0.0128984
0.0128985
0.0128984
0.0128985
0.0128984
0.0128985
0.0128984
0.0128985
0.0128984
0.0128985
0.0128984
0.0128985
0.0128984
0.0128985
0.0128984
0.0128985
0.0128984
0.0128985
0.0128984
0.0128985
0.0128984
0.0128985
0.0128984
0.0128985
0.0128984
0.0128985
0.0128984
0.0128985
0.0128984
0.0128984
0.0128984
0.0128984
0.0128984
0.0128985
0.0128984
0.0128985
0.0128984
0.0128985
0.0128984
0.0128985
0.0128984
0.0128985
0.0128984
0.0128985
0.0128984
0.0128985
0.0128984
0.0128985
0.0128984
0.0128985
0.0128984
0.0128984
0.0128984
0.0128984
0.0128984
0.0128984
0.0128984
0.0128984
0.0128984
0.0128985
0.0128984
0.0128985
0.0128984
0.0128985
0.0128984
0.0128985
0.0128984
0.0128985
0.0128984
0.0128985
0.0128984
0.0128984
0.0128984
0.0128984
0.0128984
0.0128984
0.0128984
0.0128984
0.0128984
0.0128984
0.0128984
0.0128984
0.0128984
0.0128984
0.0128984
0.0128984
0.0128984
0.0128984
0.0128984
0.0128984
0.0128984
0.0128984
0.0129234
0.0128985
0.0128984
0.0128984
0.0128984
0.0128984
0.0128984
0.0128984
0.0128984
0.0128984
0.0128984
0.0128984
0.0128984
0.0128984
0.0128984
0.0128984
0.0128984
0.0128984
0.0128984
0.0128984
0.0128984
0.0128984
0.0128984
0.0128984
0.0128984
0.0128984
0.0128984
0.0128984
0.0128984
0.0128984
0.0128984
0.0128984
0.0128984
0.0128984
0.0128984
0.0128984
0.0128984
0.0128984
0.0128984
0.0128984
0.0128984
0.0128984
0.0128984
0.0128984
0.0128984
0.0128984
0.0128984
0.0128984
0.0128984
0.0128984
0.0128984
0.0128984
0.0128984
0.0128984
0.0128984
0.0128984
0.0128984
0.0128984
0.0128985
0.0128984
0.0128985
0.0128984
0.0128985
0.0128984
0.0128985
0.0128984
0.0128984
0.0128984
0.0128984
0.0128984
0.0128984
0.0128984
0.0128984
0.0128984
0.0128984
0.0128984
0.0128984
0.0128984
0.0128985
0.0128984
0.0128985
0.0128984
0.0128985
0.0128984
0.0128985
0.0128984
0.0128985
0.0128984
0.0128985
0.0128984
0.0128985
0.0128984
0.0128984
0.0128984
0.0128984
0.0128984
0.0128984
0.0128984
0.0128984
0.0128984
0.0128985
0.0128984
0.0128985
0.0128984
0.0128985
0.0128984
0.0128985
0.0128984
0.0128985
0.0128984
0.0128985
0.0128984
0.0128985
0.0128984
0.0128985
0.0128984
0.0128985
0.0128984
0.0128985
0.0128984
0.0128985
0.0128984
0.0128985
0.0128984
0.0128985
0.0128984
0.0128985
0.0128984
0.0128985
0.0128984
0.0128985
0.0128984
0.0128985
0.0128984
0.0128985
0.0128984
0.0128984
0.0128984
0.0128984
0.0128984
0.0128984
0.0128984
0.0128985
0.0128984
0.0128985
0.0128984
0.0128985
0.0128984
0.0128985
0.0128984
0.0128985
0.0128984
0.0128985
0.0128984
0.0128985
0.0128984
0.0128985
0.0128984
0.0128984
0.0128984
0.0128984
0.0128984
0.0128984
0.0128984
0.0128984
0.0128984
0.0128985
0.0128984
0.0128985
0.0128984
0.0128985
0.0128984
0.0128985
0.0128984
0.0128985
0.0128984
0.0128985
0.0128984
0.0128984
0.0128984
0.0128984
0.0128984
0.0128984
0.0128984
0.0128984
0.0128984
0.0128984
0.0128984
0.0128984
0.0128984
0.0128984
0.0128984
0.0128984
0.0128984
0.0128984
0.0128984
0.0128984
0.0128984
0.0128984
0.0128984
0.017736
0.0177228
0.0177228
0.0177228
0.0177228
0.0177228
0.0177228
0.0177228
0.0177228
0.0177228
0.0177228
0.0177228
0.0177228
0.0177228
0.0177228
0.0177228
0.0177228
0.0177228
0.0177228
0.0177228
0.0177228
0.0177228
0.0177228
0.0177228
0.0177228
0.0177228
0.0177228
0.0177228
0.0177228
0.0177228
0.0177228
0.0177228
0.0177228
0.0177228
0.0177228
0.0177228
0.0177228
0.0177228
0.0177228
0.0177228
0.0177228
0.0177228
0.0177228
0.0177228
0.0177228
0.0177228
0.0177228
0.0177228
0.0177228
0.0177228
0.0177228
0.0177228
0.0177228
0.0177228
0.0177228
0.0177228
0.0177228
0.0177228
0.0177228
0.0177228
0.0177228
0.0177228
0.0177228
0.0177228
0.0177228
0.0177228
0.0177228
0.0177228
0.0177228
0.0177228
0.0177228
0.0177228
0.0177228
0.0177228
0.0177228
0.0177228
0.0177228
0.0177228
0.0177228
0.0177228
0.0177228
0.0177228
0.0177228
0.0177228
0.0177228
0.0177228
0.0177228
0.0177228
0.0177228
0.0177228
0.0177228
0.0177228
0.0177228
0.0177228
0.0177228
0.0177228
0.0177228
0.0177228
0.0177228
0.0177228
0.0177228
0.0177228
0.0177228
0.0177228
0.0177228
0.0177228
0.0177228
0.0177228
0.0177228
0.0177228
0.0177228
0.0177228
0.0177228
0.0177228
0.0177228
0.0177228
0.0177228
0.0177228
0.0177228
0.0177228
0.0177228
0.0177228
0.0177228
0.0177228
0.0177228
0.0177228
0.0177228
0.0177228
0.0177228
0.0177228
0.0177228
0.0177228
0.0177228
0.0177228
0.0177228
0.0177228
0.0177228
0.0177228
0.0177228
0.0177228
0.0177228
0.0177228
0.0177228
0.0177228
0.0177228
0.0177228
0.0177228
0.0177228
0.0177228
0.0177228
0.0177228
0.0177228
0.0177228
0.0177228
0.0177228
0.0177228
0.0177228
0.0177228
0.0177228
0.0177228
0.0177228
0.0177228
0.0177228
0.0177228
0.0177228
0.0177228
0.0177228
0.0177228
0.0177228
0.0177228
0.0177228
0.0177228
0.0177228
0.0177228
0.0177228
0.0177228
0.0177228
0.0177228
0.0177228
0.0177228
0.0177228
0.0177228
0.0177228
0.0177228
0.0177228
0.0177228
0.0177228
0.0177228
0.0177228
0.0177228
0.0177228
0.0177228
0.0177228
0.0177228
0.0177228
0.0177228
0.0177228
0.0177228
0.0177228
0.0177228
)
;
    }
    wallSideMax
    {
        type            kqRWallFunction;
        value           nonuniform List<scalar> 
10000
(
0.017736
0.0177228
0.0177228
0.0177228
0.0177228
0.0177228
0.0177228
0.0177228
0.0177228
0.0177228
0.0177228
0.0177228
0.0177228
0.0177228
0.0177228
0.0177228
0.0177228
0.0177228
0.0177228
0.0177228
0.0177228
0.0177228
0.0177228
0.0177228
0.0177228
0.0177228
0.0177228
0.0177228
0.0177228
0.0177228
0.0177228
0.0177228
0.0177228
0.0177228
0.0177228
0.0177228
0.0177228
0.0177228
0.0177228
0.0177228
0.0177228
0.0177228
0.0177228
0.0177228
0.0177228
0.0177228
0.0177228
0.0177228
0.0177228
0.0177228
0.0177228
0.0177228
0.0177228
0.0177228
0.0177228
0.0177228
0.0177228
0.0177228
0.0177228
0.0177228
0.0177228
0.0177228
0.0177228
0.0177228
0.0177228
0.0177228
0.0177228
0.0177228
0.0177228
0.0177228
0.0177228
0.0177228
0.0177228
0.0177228
0.0177228
0.0177228
0.0177228
0.0177228
0.0177228
0.0177228
0.0177228
0.0177228
0.0177228
0.0177228
0.0177228
0.0177228
0.0177228
0.0177228
0.0177228
0.0177228
0.0177228
0.0177228
0.0177228
0.0177228
0.0177228
0.0177228
0.0177228
0.0177228
0.0177228
0.0177228
0.0177228
0.0177228
0.0177228
0.0177228
0.0177228
0.0177228
0.0177228
0.0177228
0.0177228
0.0177228
0.0177228
0.0177228
0.0177228
0.0177228
0.0177228
0.0177228
0.0177228
0.0177228
0.0177228
0.0177228
0.0177228
0.0177228
0.0177228
0.0177228
0.0177228
0.0177228
0.0177228
0.0177228
0.0177228
0.0177228
0.0177228
0.0177228
0.0177228
0.0177228
0.0177228
0.0177228
0.0177228
0.0177228
0.0177228
0.0177228
0.0177228
0.0177228
0.0177228
0.0177228
0.0177228
0.0177228
0.0177228
0.0177228
0.0177228
0.0177228
0.0177228
0.0177228
0.0177228
0.0177228
0.0177228
0.0177228
0.0177228
0.0177228
0.0177228
0.0177228
0.0177228
0.0177228
0.0177228
0.0177228
0.0177228
0.0177228
0.0177228
0.0177228
0.0177228
0.0177228
0.0177228
0.0177228
0.0177228
0.0177228
0.0177228
0.0177228
0.0177228
0.0177228
0.0177228
0.0177228
0.0177228
0.0177228
0.0177228
0.0177228
0.0177228
0.0177228
0.0177228
0.0177228
0.0177228
0.0177228
0.0177228
0.0177228
0.0177228
0.0177228
0.0177228
0.0177228
0.0177228
0.0177228
0.0177228
0.0177228
0.0265318
0.0265211
0.0265211
0.0265211
0.0265211
0.0265211
0.0265211
0.0265211
0.0265211
0.0265211
0.0265211
0.0265211
0.0265211
0.0265211
0.0265211
0.0265211
0.0265211
0.0265211
0.0265211
0.0265211
0.0265211
0.0265211
0.0265211
0.0265211
0.0265211
0.0265211
0.0265211
0.0265211
0.0265211
0.0265211
0.0265211
0.0265211
0.0265211
0.0265211
0.0265211
0.0265211
0.0265211
0.0265211
0.0265211
0.0265211
0.0265211
0.0265211
0.0265211
0.0265211
0.0265211
0.0265211
0.0265211
0.0265211
0.0265211
0.0265211
0.0265211
0.0265211
0.0265211
0.0265211
0.0265211
0.0265211
0.0265211
0.0265211
0.0265211
0.0265211
0.0265211
0.0265211
0.0265211
0.0265211
0.0265211
0.0265211
0.0265211
0.0265211
0.0265211
0.0265211
0.0265211
0.0265211
0.0265211
0.0265211
0.0265211
0.0265211
0.0265211
0.0265211
0.0265211
0.0265211
0.0265211
0.0265211
0.0265211
0.0265211
0.0265211
0.0265211
0.0265211
0.0265211
0.0265211
0.0265211
0.0265211
0.0265211
0.0265211
0.0265211
0.0265211
0.0265211
0.0265211
0.0265211
0.0265211
0.0265211
0.0265211
0.0265211
0.0265211
0.0265211
0.0265211
0.0265211
0.0265211
0.0265211
0.0265211
0.0265211
0.0265211
0.0265211
0.0265211
0.0265211
0.0265211
0.0265211
0.0265211
0.0265211
0.0265211
0.0265211
0.0265211
0.0265211
0.0265211
0.0265211
0.0265211
0.0265211
0.0265211
0.0265211
0.0265211
0.0265211
0.0265211
0.0265211
0.0265211
0.0265211
0.0265211
0.0265211
0.0265211
0.0265211
0.0265211
0.0265211
0.0265211
0.0265211
0.0265211
0.0265211
0.0265211
0.0265211
0.0265211
0.0265211
0.0265211
0.0265211
0.0265211
0.0265211
0.0265211
0.0265211
0.0265211
0.0265211
0.0265211
0.0265211
0.0265211
0.0265211
0.0265211
0.0265211
0.0265211
0.0265211
0.0265211
0.0265211
0.0265211
0.0265211
0.0265211
0.0265211
0.0265211
0.0265211
0.0265211
0.0265211
0.0265211
0.0265211
0.0265211
0.0265211
0.0265211
0.0265211
0.0265211
0.0265211
0.0265211
0.0265211
0.0265211
0.0265211
0.0265211
0.0265211
0.0265211
0.0265211
0.0265211
0.0265211
0.0265211
0.0265211
0.0265211
0.0265211
0.0265211
0.0265211
0.0265211
0.0265211
0.0287324
0.0287197
0.0287197
0.0287197
0.0287197
0.0287197
0.0287197
0.0287197
0.0287197
0.0287197
0.0287197
0.0287197
0.0287197
0.0287197
0.0287197
0.0287197
0.0287197
0.0287197
0.0287197
0.0287197
0.0287197
0.0287197
0.0287197
0.0287197
0.0287197
0.0287197
0.0287197
0.0287197
0.0287197
0.0287197
0.0287197
0.0287197
0.0287197
0.0287197
0.0287197
0.0287197
0.0287197
0.0287197
0.0287197
0.0287197
0.0287197
0.0287197
0.0287197
0.0287197
0.0287197
0.0287197
0.0287197
0.0287197
0.0287197
0.0287197
0.0287197
0.0287197
0.0287197
0.0287197
0.0287197
0.0287197
0.0287197
0.0287197
0.0287197
0.0287197
0.0287197
0.0287197
0.0287197
0.0287197
0.0287197
0.0287197
0.0287197
0.0287197
0.0287197
0.0287197
0.0287197
0.0287197
0.0287197
0.0287197
0.0287197
0.0287197
0.0287197
0.0287197
0.0287197
0.0287197
0.0287197
0.0287197
0.0287197
0.0287197
0.0287197
0.0287197
0.0287197
0.0287197
0.0287197
0.0287197
0.0287197
0.0287197
0.0287197
0.0287197
0.0287197
0.0287197
0.0287197
0.0287197
0.0287197
0.0287197
0.0287197
0.0287197
0.0287197
0.0287197
0.0287197
0.0287197
0.0287197
0.0287197
0.0287197
0.0287197
0.0287197
0.0287197
0.0287197
0.0287197
0.0287197
0.0287197
0.0287197
0.0287197
0.0287197
0.0287197
0.0287197
0.0287197
0.0287197
0.0287197
0.0287197
0.0287197
0.0287197
0.0287197
0.0287197
0.0287197
0.0287197
0.0287197
0.0287197
0.0287197
0.0287197
0.0287197
0.0287197
0.0287197
0.0287197
0.0287197
0.0287197
0.0287197
0.0287197
0.0287197
0.0287197
0.0287197
0.0287197
0.0287197
0.0287197
0.0287197
0.0287197
0.0287197
0.0287197
0.0287197
0.0287197
0.0287197
0.0287197
0.0287197
0.0287197
0.0287197
0.0287197
0.0287197
0.0287197
0.0287197
0.0287197
0.0287197
0.0287197
0.0287197
0.0287197
0.0287197
0.0287197
0.0287197
0.0287197
0.0287197
0.0287197
0.0287197
0.0287197
0.0287197
0.0287197
0.0287197
0.0287197
0.0287197
0.0287197
0.0287197
0.0287197
0.0287197
0.0287197
0.0287197
0.0287197
0.0287197
0.0287197
0.0287197
0.0287197
0.0287197
0.0287197
0.0287197
0.0287197
0.0287197
0.0287197
0.0287197
0.0295588
0.0295411
0.0295411
0.0295411
0.0295411
0.0295411
0.0295411
0.0295411
0.0295411
0.0295411
0.0295411
0.0295411
0.0295411
0.0295411
0.0295411
0.0295411
0.0295411
0.0295411
0.0295411
0.0295411
0.0295411
0.0295411
0.0295411
0.0295411
0.0295411
0.0295411
0.0295411
0.0295411
0.0295411
0.0295411
0.0295411
0.0295411
0.0295411
0.0295411
0.0295411
0.0295411
0.0295411
0.0295411
0.0295411
0.0295411
0.0295411
0.0295411
0.0295411
0.0295411
0.0295411
0.0295411
0.0295411
0.0295411
0.0295411
0.0295411
0.0295411
0.0295411
0.0295411
0.0295411
0.0295411
0.0295411
0.0295411
0.0295411
0.0295411
0.0295411
0.0295411
0.0295411
0.0295411
0.0295411
0.0295411
0.0295411
0.0295411
0.0295411
0.0295411
0.0295411
0.0295411
0.0295411
0.0295411
0.0295411
0.0295411
0.0295411
0.0295411
0.0295411
0.0295411
0.0295411
0.0295411
0.0295411
0.0295411
0.0295411
0.0295411
0.0295411
0.0295411
0.0295411
0.0295411
0.0295411
0.0295411
0.0295411
0.0295411
0.0295411
0.0295411
0.0295411
0.0295411
0.0295411
0.0295411
0.0295411
0.0295411
0.0295411
0.0295411
0.0295411
0.0295411
0.0295411
0.0295411
0.0295411
0.0295411
0.0295411
0.0295411
0.0295411
0.0295411
0.0295411
0.0295411
0.0295411
0.0295411
0.0295411
0.0295411
0.0295411
0.0295411
0.0295411
0.0295411
0.0295411
0.0295411
0.0295411
0.0295411
0.0295411
0.0295411
0.0295411
0.0295411
0.0295411
0.0295411
0.0295411
0.0295411
0.0295411
0.0295411
0.0295411
0.0295411
0.0295411
0.0295411
0.0295411
0.0295411
0.0295411
0.0295411
0.0295411
0.0295411
0.0295411
0.0295411
0.0295411
0.0295411
0.0295411
0.0295411
0.0295411
0.0295411
0.0295411
0.0295411
0.0295411
0.0295411
0.0295411
0.0295411
0.0295411
0.0295411
0.0295411
0.0295411
0.0295411
0.0295411
0.0295411
0.0295411
0.0295411
0.0295411
0.0295411
0.0295411
0.0295411
0.0295411
0.0295411
0.0295411
0.0295411
0.0295411
0.0295411
0.0295411
0.0295411
0.0295411
0.0295411
0.0295411
0.0295411
0.0295411
0.0295411
0.0295411
0.0295411
0.0295411
0.0295411
0.0295411
0.0295411
0.0295411
0.0295411
0.0295411
0.0295411
0.0295411
0.0295411
0.0298722
0.0298456
0.0298456
0.0298456
0.0298456
0.0298456
0.0298456
0.0298456
0.0298456
0.0298456
0.0298456
0.0298456
0.0298456
0.0298456
0.0298456
0.0298456
0.0298456
0.0298456
0.0298456
0.0298456
0.0298456
0.0298456
0.0298456
0.0298456
0.0298456
0.0298456
0.0298456
0.0298456
0.0298456
0.0298456
0.0298456
0.0298456
0.0298456
0.0298456
0.0298456
0.0298456
0.0298456
0.0298456
0.0298456
0.0298456
0.0298456
0.0298456
0.0298456
0.0298456
0.0298456
0.0298456
0.0298456
0.0298456
0.0298456
0.0298456
0.0298456
0.0298456
0.0298456
0.0298456
0.0298456
0.0298456
0.0298456
0.0298456
0.0298456
0.0298456
0.0298456
0.0298456
0.0298456
0.0298456
0.0298456
0.0298456
0.0298456
0.0298456
0.0298456
0.0298456
0.0298456
0.0298456
0.0298456
0.0298456
0.0298456
0.0298456
0.0298456
0.0298456
0.0298456
0.0298456
0.0298456
0.0298456
0.0298456
0.0298456
0.0298456
0.0298456
0.0298456
0.0298456
0.0298456
0.0298456
0.0298456
0.0298456
0.0298456
0.0298456
0.0298456
0.0298456
0.0298456
0.0298456
0.0298456
0.0298456
0.0298456
0.0298456
0.0298456
0.0298456
0.0298456
0.0298456
0.0298456
0.0298456
0.0298456
0.0298456
0.0298456
0.0298456
0.0298456
0.0298456
0.0298456
0.0298456
0.0298456
0.0298456
0.0298456
0.0298456
0.0298456
0.0298456
0.0298456
0.0298456
0.0298456
0.0298456
0.0298456
0.0298456
0.0298456
0.0298456
0.0298456
0.0298456
0.0298456
0.0298456
0.0298456
0.0298456
0.0298456
0.0298456
0.0298456
0.0298456
0.0298456
0.0298456
0.0298456
0.0298456
0.0298456
0.0298456
0.0298456
0.0298456
0.0298456
0.0298456
0.0298456
0.0298456
0.0298456
0.0298456
0.0298456
0.0298456
0.0298456
0.0298456
0.0298456
0.0298456
0.0298456
0.0298456
0.0298456
0.0298456
0.0298456
0.0298456
0.0298456
0.0298456
0.0298456
0.0298456
0.0298456
0.0298456
0.0298456
0.0298456
0.0298456
0.0298456
0.0298456
0.0298456
0.0298456
0.0298456
0.0298456
0.0298456
0.0298456
0.0298456
0.0298456
0.0298456
0.0298456
0.0298456
0.0298456
0.0298456
0.0298456
0.0298456
0.0298456
0.0298456
0.0298456
0.0298456
0.0298456
0.0298456
0.0298456
0.0298456
0.0299855
0.0299445
0.0299444
0.0299444
0.0299444
0.0299444
0.0299444
0.0299444
0.0299444
0.0299444
0.0299444
0.0299444
0.0299444
0.0299444
0.0299444
0.0299444
0.0299444
0.0299444
0.0299444
0.0299444
0.0299444
0.0299444
0.0299444
0.0299444
0.0299444
0.0299444
0.0299444
0.0299444
0.0299444
0.0299444
0.0299444
0.0299444
0.0299444
0.0299444
0.0299444
0.0299444
0.0299444
0.0299444
0.0299444
0.0299444
0.0299444
0.0299444
0.0299444
0.0299444
0.0299444
0.0299444
0.0299444
0.0299444
0.0299444
0.0299444
0.0299444
0.0299444
0.0299444
0.0299444
0.0299444
0.0299444
0.0299444
0.0299444
0.0299444
0.0299444
0.0299444
0.0299444
0.0299444
0.0299444
0.0299444
0.0299444
0.0299444
0.0299444
0.0299444
0.0299444
0.0299444
0.0299444
0.0299444
0.0299444
0.0299444
0.0299444
0.0299444
0.0299444
0.0299444
0.0299444
0.0299444
0.0299444
0.0299444
0.0299444
0.0299444
0.0299444
0.0299444
0.0299444
0.0299444
0.0299444
0.0299444
0.0299444
0.0299444
0.0299444
0.0299444
0.0299444
0.0299444
0.0299444
0.0299444
0.0299444
0.0299444
0.0299444
0.0299444
0.0299444
0.0299444
0.0299444
0.0299444
0.0299444
0.0299444
0.0299444
0.0299444
0.0299444
0.0299444
0.0299444
0.0299444
0.0299445
0.0299444
0.0299445
0.0299444
0.0299445
0.0299444
0.0299445
0.0299444
0.0299445
0.0299444
0.0299445
0.0299444
0.0299444
0.0299444
0.0299444
0.0299444
0.0299444
0.0299444
0.0299444
0.0299444
0.0299444
0.0299444
0.0299444
0.0299444
0.0299444
0.0299444
0.0299444
0.0299444
0.0299444
0.0299444
0.0299444
0.0299444
0.0299444
0.0299444
0.0299445
0.0299444
0.0299444
0.0299444
0.0299444
0.0299444
0.0299444
0.0299444
0.0299444
0.0299444
0.0299444
0.0299444
0.0299444
0.0299444
0.0299444
0.0299444
0.0299444
0.0299444
0.0299444
0.0299444
0.0299444
0.0299444
0.0299444
0.0299444
0.0299444
0.0299444
0.0299444
0.0299444
0.0299444
0.0299444
0.0299444
0.0299444
0.0299444
0.0299444
0.0299444
0.0299444
0.0299444
0.0299444
0.0299444
0.0299444
0.0299444
0.0299444
0.0299444
0.0299444
0.0299444
0.0299444
0.0299444
0.0299444
0.0299444
0.0299444
0.0299444
0.030042
0.0299784
0.0299784
0.0299784
0.0299784
0.0299784
0.0299784
0.0299784
0.0299784
0.0299784
0.0299784
0.0299784
0.0299784
0.0299784
0.0299784
0.0299784
0.0299784
0.0299784
0.0299784
0.0299784
0.0299784
0.0299784
0.0299784
0.0299784
0.0299784
0.0299784
0.0299784
0.0299784
0.0299784
0.0299784
0.0299784
0.0299784
0.0299784
0.0299784
0.0299784
0.0299784
0.0299784
0.0299784
0.0299784
0.0299784
0.0299784
0.0299784
0.0299784
0.0299784
0.0299784
0.0299784
0.0299784
0.0299784
0.0299784
0.0299784
0.0299784
0.0299784
0.0299784
0.0299784
0.0299784
0.0299784
0.0299784
0.0299784
0.0299784
0.0299784
0.0299784
0.0299784
0.0299784
0.0299784
0.0299784
0.0299784
0.0299784
0.0299784
0.0299784
0.0299784
0.0299784
0.0299784
0.0299784
0.0299784
0.0299784
0.0299784
0.0299784
0.0299784
0.0299784
0.0299784
0.0299784
0.0299784
0.0299784
0.0299784
0.0299784
0.0299784
0.0299784
0.0299784
0.0299784
0.0299784
0.0299784
0.0299784
0.0299784
0.0299784
0.0299784
0.0299784
0.0299784
0.0299784
0.0299784
0.0299784
0.0299784
0.0299784
0.0299784
0.0299784
0.0299784
0.0299784
0.0299784
0.0299784
0.0299784
0.0299784
0.0299784
0.0299784
0.0299784
0.0299784
0.0299784
0.0299784
0.0299784
0.0299784
0.0299784
0.0299784
0.0299784
0.0299784
0.0299784
0.0299784
0.0299784
0.0299784
0.0299784
0.0299784
0.0299784
0.0299784
0.0299784
0.0299784
0.0299784
0.0299784
0.0299784
0.0299784
0.0299784
0.0299784
0.0299784
0.0299784
0.0299784
0.0299784
0.0299784
0.0299784
0.0299784
0.0299784
0.0299784
0.0299784
0.0299784
0.0299784
0.0299784
0.0299784
0.0299784
0.0299784
0.0299784
0.0299784
0.0299784
0.0299784
0.0299784
0.0299784
0.0299784
0.0299784
0.0299784
0.0299784
0.0299784
0.0299784
0.0299784
0.0299784
0.0299784
0.0299784
0.0299784
0.0299784
0.0299784
0.0299784
0.0299784
0.0299784
0.0299784
0.0299784
0.0299784
0.0299784
0.0299784
0.0299784
0.0299784
0.0299784
0.0299784
0.0299784
0.0299784
0.0299784
0.0299784
0.0299784
0.0299784
0.0299784
0.0299784
0.0299784
0.0299784
0.0299784
0.0299784
0.0299784
0.0299784
0.0299784
0.0300793
0.029981
0.029981
0.0299809
0.0299809
0.0299809
0.0299809
0.0299809
0.0299809
0.0299809
0.0299809
0.029981
0.0299809
0.0299809
0.0299809
0.0299809
0.0299809
0.0299809
0.0299809
0.0299809
0.0299809
0.0299809
0.0299809
0.029981
0.0299809
0.029981
0.029981
0.029981
0.029981
0.029981
0.029981
0.029981
0.029981
0.029981
0.029981
0.029981
0.029981
0.029981
0.029981
0.029981
0.029981
0.029981
0.029981
0.029981
0.029981
0.029981
0.0299809
0.0299809
0.0299809
0.0299809
0.0299809
0.0299809
0.0299809
0.029981
0.029981
0.029981
0.029981
0.029981
0.029981
0.029981
0.029981
0.029981
0.029981
0.029981
0.029981
0.029981
0.029981
0.029981
0.029981
0.029981
0.029981
0.029981
0.029981
0.029981
0.029981
0.029981
0.029981
0.029981
0.029981
0.029981
0.029981
0.029981
0.029981
0.029981
0.029981
0.029981
0.029981
0.029981
0.029981
0.029981
0.029981
0.029981
0.029981
0.029981
0.029981
0.029981
0.029981
0.029981
0.029981
0.029981
0.029981
0.029981
0.029981
0.029981
0.029981
0.029981
0.029981
0.029981
0.029981
0.029981
0.029981
0.029981
0.029981
0.029981
0.029981
0.029981
0.029981
0.029981
0.029981
0.029981
0.029981
0.029981
0.029981
0.029981
0.029981
0.029981
0.029981
0.029981
0.029981
0.029981
0.029981
0.029981
0.029981
0.029981
0.029981
0.029981
0.029981
0.029981
0.029981
0.029981
0.029981
0.029981
0.029981
0.029981
0.029981
0.029981
0.029981
0.029981
0.029981
0.029981
0.029981
0.029981
0.029981
0.029981
0.029981
0.029981
0.029981
0.029981
0.029981
0.029981
0.029981
0.029981
0.029981
0.029981
0.029981
0.029981
0.029981
0.029981
0.029981
0.029981
0.029981
0.029981
0.029981
0.029981
0.029981
0.029981
0.029981
0.029981
0.029981
0.029981
0.029981
0.029981
0.029981
0.029981
0.029981
0.029981
0.0299809
0.029981
0.0299809
0.029981
0.0299809
0.029981
0.029981
0.029981
0.029981
0.029981
0.0299809
0.029981
0.0299809
0.0299809
0.0301258
0.0299746
0.0299744
0.0299744
0.0299744
0.0299744
0.0299744
0.0299744
0.0299744
0.0299744
0.0299744
0.0299744
0.0299744
0.0299744
0.0299744
0.0299744
0.0299744
0.0299744
0.0299744
0.0299744
0.0299744
0.0299744
0.0299744
0.0299744
0.0299744
0.0299744
0.0299744
0.0299744
0.0299744
0.0299744
0.0299744
0.0299744
0.0299744
0.0299744
0.0299744
0.0299744
0.0299744
0.0299744
0.0299744
0.0299744
0.0299744
0.0299744
0.0299744
0.0299744
0.0299744
0.0299744
0.0299744
0.0299744
0.0299744
0.0299744
0.0299744
0.0299744
0.0299744
0.0299744
0.0299744
0.0299744
0.0299744
0.0299744
0.0299744
0.0299744
0.0299745
0.0299744
0.0299745
0.0299744
0.0299745
0.0299744
0.0299745
0.0299744
0.0299744
0.0299744
0.0299744
0.0299744
0.0299744
0.0299744
0.0299744
0.0299744
0.0299745
0.0299744
0.0299745
0.0299744
0.0299745
0.0299744
0.0299745
0.0299744
0.0299745
0.0299744
0.0299745
0.0299744
0.0299745
0.0299744
0.0299745
0.0299744
0.0299745
0.0299744
0.0299745
0.0299744
0.0299745
0.0299744
0.0299745
0.0299744
0.0299745
0.0299744
0.0299745
0.0299744
0.0299745
0.0299744
0.0299745
0.0299744
0.0299745
0.0299744
0.0299745
0.0299745
0.0299745
0.0299745
0.0299745
0.0299745
0.0299745
0.0299745
0.0299745
0.0299745
0.0299745
0.0299745
0.0299745
0.0299745
0.0299745
0.0299745
0.0299745
0.0299745
0.0299745
0.0299744
0.0299745
0.0299744
0.0299745
0.0299744
0.0299745
0.0299744
0.0299745
0.0299744
0.0299745
0.0299744
0.0299745
0.0299744
0.0299745
0.0299744
0.0299745
0.0299744
0.0299745
0.0299745
0.0299745
0.0299745
0.0299745
0.0299745
0.0299745
0.0299744
0.0299745
0.0299744
0.0299745
0.0299744
0.0299745
0.0299744
0.0299745
0.0299744
0.0299745
0.0299744
0.0299745
0.0299744
0.0299745
0.0299744
0.0299745
0.0299744
0.0299745
0.0299744
0.0299745
0.0299744
0.0299745
0.0299744
0.0299745
0.0299744
0.0299744
0.0299744
0.0299744
0.0299744
0.0299744
0.0299744
0.0299744
0.0299744
0.0299744
0.0299744
0.0299744
0.0299744
0.0299744
0.0299744
0.0299744
0.0299744
0.0299744
0.0299744
0.0299744
0.0299744
0.0299744
0.0299744
0.0301931
0.0299619
0.0299614
0.0299613
0.0299613
0.0299613
0.0299613
0.0299613
0.0299613
0.0299613
0.0299613
0.0299613
0.0299613
0.0299613
0.0299613
0.0299613
0.0299613
0.0299613
0.0299613
0.0299613
0.0299613
0.0299613
0.0299613
0.0299613
0.0299613
0.0299613
0.0299613
0.0299613
0.0299613
0.0299613
0.0299613
0.0299613
0.0299613
0.0299613
0.0299613
0.0299613
0.0299613
0.0299613
0.0299613
0.0299613
0.0299613
0.0299613
0.0299613
0.0299613
0.0299613
0.0299613
0.0299613
0.0299613
0.0299613
0.0299613
0.0299613
0.0299613
0.0299613
0.0299613
0.0299613
0.0299613
0.0299613
0.0299613
0.0299613
0.0299613
0.0299613
0.0299614
0.0299613
0.0299614
0.0299613
0.0299614
0.0299613
0.0299614
0.0299613
0.0299613
0.0299613
0.0299613
0.0299613
0.0299613
0.0299613
0.0299614
0.0299613
0.0299614
0.0299613
0.0299614
0.0299613
0.0299614
0.0299613
0.0299614
0.0299613
0.0299614
0.0299613
0.0299614
0.0299613
0.0299614
0.0299613
0.0299614
0.0299613
0.0299614
0.0299613
0.0299614
0.0299613
0.0299614
0.0299613
0.0299614
0.0299613
0.0299614
0.0299613
0.0299614
0.0299613
0.0299614
0.0299613
0.0299614
0.0299613
0.0299614
0.0299613
0.0299614
0.0299614
0.0299614
0.0299614
0.0299614
0.0299614
0.0299614
0.0299614
0.0299614
0.0299614
0.0299614
0.0299614
0.0299614
0.0299614
0.0299614
0.0299614
0.0299614
0.0299614
0.0299614
0.0299613
0.0299614
0.0299613
0.0299614
0.0299613
0.0299614
0.0299613
0.0299614
0.0299613
0.0299614
0.0299613
0.0299614
0.0299613
0.0299614
0.0299613
0.0299614
0.0299613
0.0299614
0.0299614
0.0299614
0.0299614
0.0299614
0.0299614
0.0299614
0.0299613
0.0299614
0.0299613
0.0299614
0.0299613
0.0299614
0.0299613
0.0299614
0.0299613
0.0299614
0.0299613
0.0299614
0.0299613
0.0299614
0.0299613
0.0299614
0.0299613
0.0299614
0.0299613
0.0299614
0.0299613
0.0299614
0.0299613
0.0299614
0.0299613
0.0299613
0.0299613
0.0299613
0.0299613
0.0299613
0.0299613
0.0299613
0.0299613
0.0299613
0.0299613
0.0299613
0.0299613
0.0299613
0.0299613
0.0299613
0.0299613
0.0299613
0.0299613
0.0299613
0.0299613
0.0299613
0.0302929
0.0299418
0.0299405
0.0299404
0.0299404
0.0299404
0.0299404
0.0299404
0.0299404
0.0299404
0.0299404
0.0299404
0.0299404
0.0299404
0.0299404
0.0299404
0.0299404
0.0299404
0.0299404
0.0299404
0.0299404
0.0299404
0.0299404
0.0299404
0.0299404
0.0299404
0.0299404
0.0299404
0.0299404
0.0299404
0.0299404
0.0299404
0.0299404
0.0299404
0.0299404
0.0299404
0.0299404
0.0299404
0.0299404
0.0299404
0.0299404
0.0299404
0.0299404
0.0299404
0.0299404
0.0299404
0.0299404
0.0299404
0.0299404
0.0299404
0.0299404
0.0299404
0.0299404
0.0299404
0.0299404
0.0299404
0.0299404
0.0299404
0.0299404
0.0299404
0.0299404
0.0299404
0.0299404
0.0299404
0.0299404
0.0299404
0.0299404
0.0299404
0.0299404
0.0299404
0.0299404
0.0299404
0.0299404
0.0299404
0.0299404
0.0299404
0.0299404
0.0299404
0.0299404
0.0299404
0.0299404
0.0299404
0.0299404
0.0299404
0.0299404
0.0299404
0.0299404
0.0299404
0.0299404
0.0299404
0.0299404
0.0299404
0.0299404
0.0299404
0.0299404
0.0299404
0.0299404
0.0299404
0.0299404
0.0299404
0.0299404
0.0299404
0.0299404
0.0299404
0.0299404
0.0299404
0.0299405
0.0299404
0.0299405
0.0299404
0.0299405
0.0299404
0.0299405
0.0299404
0.0299405
0.0299404
0.0299405
0.0299404
0.0299405
0.0299404
0.0299405
0.0299404
0.0299405
0.0299404
0.0299405
0.0299404
0.0299405
0.0299404
0.0299405
0.0299404
0.0299405
0.0299404
0.0299405
0.0299404
0.0299404
0.0299404
0.0299404
0.0299404
0.0299404
0.0299404
0.0299404
0.0299404
0.0299405
0.0299404
0.0299405
0.0299404
0.0299405
0.0299404
0.0299405
0.0299404
0.0299405
0.0299404
0.0299405
0.0299404
0.0299405
0.0299404
0.0299404
0.0299404
0.0299404
0.0299404
0.0299404
0.0299404
0.0299404
0.0299404
0.0299404
0.0299404
0.0299404
0.0299404
0.0299404
0.0299404
0.0299404
0.0299404
0.0299404
0.0299404
0.0299404
0.0299404
0.0299404
0.0299404
0.0299404
0.0299404
0.0299404
0.0299404
0.0299404
0.0299404
0.0299404
0.0299404
0.0299404
0.0299404
0.0299404
0.0299404
0.0299404
0.0299404
0.0299404
0.0299404
0.0299404
0.0299404
0.0299404
0.0299404
0.0299404
0.0299403
0.0304399
0.0299118
0.0299083
0.0299081
0.0299081
0.0299081
0.0299081
0.0299081
0.0299081
0.0299081
0.0299081
0.0299081
0.0299081
0.0299081
0.0299081
0.0299081
0.0299081
0.0299081
0.0299081
0.0299081
0.0299081
0.0299081
0.0299081
0.0299081
0.0299081
0.0299081
0.0299081
0.0299081
0.0299081
0.0299081
0.0299081
0.0299081
0.0299081
0.0299081
0.0299081
0.0299081
0.0299081
0.0299081
0.0299081
0.0299081
0.0299081
0.0299081
0.0299081
0.0299081
0.0299081
0.0299081
0.0299081
0.0299081
0.0299081
0.0299081
0.0299081
0.0299081
0.0299081
0.0299081
0.0299081
0.0299081
0.0299081
0.0299081
0.0299081
0.0299082
0.0299081
0.0299082
0.0299081
0.0299082
0.0299081
0.0299082
0.0299081
0.0299082
0.0299081
0.0299082
0.0299081
0.0299082
0.0299081
0.0299082
0.0299081
0.0299082
0.0299081
0.0299082
0.0299081
0.0299082
0.0299081
0.0299082
0.0299081
0.0299082
0.0299082
0.0299082
0.0299081
0.0299082
0.0299081
0.0299082
0.0299081
0.0299082
0.0299081
0.0299082
0.0299081
0.0299082
0.0299081
0.0299082
0.0299081
0.0299082
0.0299081
0.0299082
0.0299081
0.0299082
0.0299081
0.0299082
0.0299082
0.0299082
0.0299082
0.0299082
0.0299082
0.0299082
0.0299082
0.0299082
0.0299082
0.0299082
0.0299082
0.0299082
0.0299082
0.0299082
0.0299082
0.0299082
0.0299082
0.0299082
0.0299082
0.0299082
0.0299082
0.0299082
0.0299082
0.0299082
0.0299082
0.0299082
0.0299081
0.0299082
0.0299081
0.0299082
0.0299081
0.0299082
0.0299081
0.0299082
0.0299081
0.0299082
0.0299081
0.0299082
0.0299081
0.0299082
0.0299082
0.0299082
0.0299082
0.0299082
0.0299082
0.0299082
0.0299082
0.0299082
0.0299081
0.0299082
0.0299081
0.0299082
0.0299081
0.0299082
0.0299081
0.0299082
0.0299081
0.0299082
0.0299081
0.0299082
0.0299081
0.0299082
0.0299081
0.0299082
0.0299081
0.0299082
0.0299081
0.0299082
0.0299081
0.0299082
0.0299081
0.0299082
0.0299081
0.0299081
0.0299081
0.0299081
0.0299081
0.0299081
0.0299081
0.0299081
0.0299081
0.0299081
0.0299081
0.0299081
0.0299081
0.0299081
0.0299081
0.0299081
0.0299081
0.0299081
0.0299081
0.0299081
0.0299081
0.029908
0.0306534
0.0298688
0.0298596
0.029859
0.029859
0.029859
0.029859
0.029859
0.029859
0.029859
0.029859
0.029859
0.029859
0.029859
0.029859
0.029859
0.029859
0.029859
0.029859
0.029859
0.029859
0.029859
0.029859
0.029859
0.029859
0.029859
0.029859
0.029859
0.029859
0.029859
0.029859
0.029859
0.029859
0.029859
0.029859
0.029859
0.029859
0.029859
0.029859
0.029859
0.029859
0.029859
0.029859
0.029859
0.029859
0.029859
0.029859
0.029859
0.029859
0.029859
0.029859
0.029859
0.029859
0.029859
0.029859
0.029859
0.029859
0.029859
0.0298591
0.029859
0.0298591
0.029859
0.0298591
0.029859
0.0298591
0.029859
0.0298591
0.029859
0.0298591
0.029859
0.0298591
0.029859
0.0298591
0.029859
0.0298591
0.029859
0.0298591
0.029859
0.0298591
0.029859
0.0298591
0.029859
0.0298591
0.029859
0.0298591
0.029859
0.0298591
0.029859
0.0298591
0.029859
0.0298591
0.029859
0.0298591
0.029859
0.0298591
0.029859
0.0298591
0.029859
0.0298591
0.029859
0.0298591
0.029859
0.0298591
0.029859
0.0298591
0.029859
0.0298591
0.029859
0.0298591
0.0298591
0.0298592
0.0298591
0.0298592
0.0298591
0.0298592
0.0298591
0.0298592
0.0298591
0.0298592
0.0298591
0.0298592
0.0298591
0.0298592
0.0298591
0.0298592
0.0298591
0.0298592
0.0298591
0.0298591
0.029859
0.0298591
0.029859
0.0298591
0.029859
0.0298591
0.029859
0.0298591
0.029859
0.0298591
0.029859
0.0298591
0.029859
0.0298591
0.029859
0.0298591
0.029859
0.0298591
0.029859
0.0298591
0.029859
0.0298592
0.029859
0.0298591
0.029859
0.0298591
0.029859
0.0298591
0.029859
0.0298591
0.029859
0.0298591
0.029859
0.0298591
0.029859
0.0298591
0.029859
0.0298591
0.029859
0.0298591
0.029859
0.0298591
0.029859
0.0298591
0.029859
0.0298591
0.029859
0.0298591
0.029859
0.029859
0.029859
0.029859
0.029859
0.029859
0.0298589
0.029859
0.0298589
0.0298589
0.0298589
0.0298589
0.0298589
0.0298589
0.0298589
0.029859
0.0298589
0.029859
0.0298589
0.0298589
0.0298589
0.0298589
0.0298587
0.0309582
0.0298112
0.029787
0.0297855
0.0297854
0.0297853
0.0297853
0.0297853
0.0297853
0.0297853
0.0297853
0.0297854
0.0297853
0.0297853
0.0297853
0.0297853
0.0297853
0.0297853
0.0297853
0.0297853
0.0297854
0.0297854
0.0297854
0.0297854
0.0297854
0.0297854
0.0297854
0.0297854
0.0297854
0.0297854
0.0297854
0.0297854
0.0297854
0.0297854
0.0297854
0.0297854
0.0297854
0.0297854
0.0297854
0.0297854
0.0297854
0.0297854
0.0297854
0.0297854
0.0297854
0.0297854
0.0297853
0.0297853
0.0297853
0.0297853
0.0297853
0.0297854
0.0297853
0.0297854
0.0297854
0.0297854
0.0297854
0.0297854
0.0297854
0.0297855
0.0297854
0.0297855
0.0297854
0.0297855
0.0297854
0.0297855
0.0297854
0.0297855
0.0297854
0.0297855
0.0297854
0.0297855
0.0297854
0.0297855
0.0297854
0.0297855
0.0297854
0.0297855
0.0297854
0.0297855
0.0297854
0.0297855
0.0297854
0.0297856
0.0297854
0.0297855
0.0297854
0.0297855
0.0297854
0.0297855
0.0297854
0.0297855
0.0297854
0.0297855
0.0297854
0.0297855
0.0297854
0.0297855
0.0297854
0.0297855
0.0297854
0.0297855
0.0297854
0.0297855
0.0297854
0.0297855
0.0297854
0.0297856
0.0297854
0.0297856
0.0297854
0.0297856
0.0297855
0.0297856
0.0297855
0.0297856
0.0297855
0.0297856
0.0297855
0.0297856
0.0297855
0.0297856
0.0297855
0.0297856
0.0297854
0.0297856
0.0297854
0.0297856
0.0297854
0.0297856
0.0297854
0.0297855
0.0297854
0.0297855
0.0297854
0.0297855
0.0297854
0.0297855
0.0297854
0.0297855
0.0297854
0.0297855
0.0297854
0.0297855
0.0297854
0.0297855
0.0297854
0.0297856
0.0297854
0.0297856
0.0297854
0.0297856
0.0297854
0.0297855
0.0297854
0.0297855
0.0297854
0.0297855
0.0297853
0.0297854
0.0297853
0.0297854
0.0297853
0.0297854
0.0297853
0.0297854
0.0297853
0.0297854
0.0297853
0.0297854
0.0297853
0.0297855
0.0297853
0.0297854
0.0297853
0.0297854
0.0297853
0.0297854
0.0297853
0.0297853
0.0297853
0.0297853
0.0297852
0.0297853
0.0297852
0.0297852
0.0297852
0.0297852
0.0297852
0.0297852
0.0297852
0.0297852
0.0297852
0.0297852
0.0297852
0.0297852
0.0297852
0.0297852
0.0297851
0.0297847
0.0313843
0.029744
0.0296825
0.0296782
0.0296777
0.0296776
0.0296776
0.0296776
0.0296776
0.0296776
0.0296776
0.0296776
0.0296776
0.0296776
0.0296776
0.0296776
0.0296776
0.0296776
0.0296776
0.0296776
0.0296776
0.0296776
0.0296777
0.0296776
0.0296777
0.0296776
0.0296777
0.0296777
0.0296777
0.0296777
0.0296777
0.0296777
0.0296777
0.0296777
0.0296778
0.0296777
0.0296778
0.0296777
0.0296778
0.0296777
0.0296777
0.0296777
0.0296777
0.0296777
0.0296777
0.0296776
0.0296776
0.0296776
0.0296776
0.0296776
0.0296776
0.0296776
0.0296777
0.0296776
0.0296777
0.0296777
0.0296777
0.0296777
0.0296778
0.0296777
0.0296778
0.0296777
0.0296779
0.0296777
0.0296779
0.0296777
0.0296778
0.0296777
0.0296778
0.0296777
0.0296778
0.0296777
0.0296778
0.0296777
0.0296778
0.0296777
0.0296778
0.0296777
0.0296779
0.0296777
0.0296779
0.0296777
0.0296779
0.0296777
0.0296779
0.0296777
0.0296779
0.0296777
0.0296779
0.0296777
0.0296779
0.0296777
0.0296778
0.0296777
0.0296778
0.0296777
0.0296778
0.0296777
0.0296778
0.0296777
0.0296778
0.0296777
0.0296778
0.0296777
0.0296779
0.0296777
0.0296779
0.0296777
0.0296779
0.0296777
0.029678
0.0296777
0.029678
0.0296777
0.029678
0.0296778
0.029678
0.0296778
0.029678
0.0296777
0.029678
0.0296777
0.029678
0.0296777
0.029678
0.0296777
0.0296779
0.0296777
0.0296779
0.0296777
0.0296779
0.0296776
0.0296778
0.0296776
0.0296778
0.0296776
0.0296777
0.0296776
0.0296777
0.0296776
0.0296778
0.0296776
0.0296778
0.0296776
0.0296778
0.0296776
0.0296779
0.0296776
0.0296779
0.0296776
0.0296779
0.0296776
0.0296778
0.0296776
0.0296778
0.0296776
0.0296777
0.0296775
0.0296777
0.0296775
0.0296776
0.0296775
0.0296776
0.0296775
0.0296776
0.0296775
0.0296776
0.0296775
0.0296777
0.0296775
0.0296777
0.0296775
0.0296777
0.0296775
0.0296776
0.0296775
0.0296776
0.0296774
0.0296775
0.0296774
0.0296775
0.0296774
0.0296774
0.0296773
0.0296774
0.0296773
0.0296773
0.0296773
0.0296773
0.0296773
0.0296773
0.0296773
0.0296773
0.0296773
0.0296773
0.0296773
0.0296773
0.0296772
0.029677
0.0296762
0.0319651
0.0296878
0.0295411
0.0295283
0.0295268
0.0295266
0.0295265
0.0295265
0.0295265
0.0295265
0.0295265
0.0295265
0.0295265
0.0295265
0.0295265
0.0295265
0.0295265
0.0295265
0.0295265
0.0295265
0.0295265
0.0295265
0.0295265
0.0295266
0.0295265
0.0295266
0.0295265
0.0295266
0.0295266
0.0295266
0.0295266
0.0295266
0.0295266
0.0295267
0.0295266
0.0295267
0.0295266
0.0295267
0.0295266
0.0295267
0.0295266
0.0295266
0.0295265
0.0295266
0.0295265
0.0295265
0.0295265
0.0295265
0.0295265
0.0295265
0.0295265
0.0295265
0.0295265
0.0295265
0.0295265
0.0295266
0.0295266
0.0295267
0.0295266
0.0295268
0.0295266
0.0295268
0.0295266
0.0295268
0.0295266
0.0295268
0.0295266
0.0295268
0.0295266
0.0295267
0.0295266
0.0295267
0.0295266
0.0295267
0.0295266
0.0295268
0.0295266
0.0295268
0.0295266
0.0295268
0.0295266
0.0295269
0.0295266
0.0295269
0.0295266
0.0295269
0.0295266
0.0295268
0.0295266
0.0295268
0.0295265
0.0295268
0.0295265
0.0295267
0.0295265
0.0295267
0.0295265
0.0295267
0.0295265
0.0295267
0.0295265
0.0295267
0.0295265
0.0295267
0.0295265
0.0295268
0.0295265
0.0295268
0.0295265
0.0295269
0.0295265
0.0295269
0.0295265
0.0295269
0.0295265
0.0295269
0.0295265
0.0295269
0.0295265
0.0295269
0.0295265
0.0295269
0.0295265
0.0295269
0.0295265
0.0295268
0.0295264
0.0295268
0.0295264
0.0295267
0.0295263
0.0295266
0.0295263
0.0295266
0.0295262
0.0295265
0.0295262
0.0295265
0.0295262
0.0295265
0.0295262
0.0295265
0.0295262
0.0295265
0.0295262
0.0295266
0.0295263
0.0295266
0.0295263
0.0295266
0.0295262
0.0295266
0.0295262
0.0295265
0.0295262
0.0295264
0.0295261
0.0295264
0.029526
0.0295263
0.029526
0.0295262
0.029526
0.0295262
0.029526
0.0295262
0.029526
0.0295262
0.029526
0.0295263
0.029526
0.0295263
0.029526
0.0295263
0.029526
0.0295262
0.0295259
0.0295261
0.0295258
0.029526
0.0295258
0.0295259
0.0295257
0.0295258
0.0295257
0.0295257
0.0295257
0.0295257
0.0295257
0.0295257
0.0295257
0.0295257
0.0295257
0.0295257
0.0295257
0.0295257
0.0295256
0.0295256
0.0295251
0.0295232
0.032732
0.0296916
0.0293721
0.0293357
0.0293303
0.0293295
0.0293294
0.0293293
0.0293293
0.0293293
0.0293293
0.0293293
0.0293294
0.0293293
0.0293293
0.0293293
0.0293294
0.0293293
0.0293294
0.0293293
0.0293293
0.0293294
0.0293294
0.0293294
0.0293294
0.0293294
0.0293294
0.0293294
0.0293295
0.0293294
0.0293295
0.0293294
0.0293296
0.0293295
0.0293296
0.0293295
0.0293296
0.0293295
0.0293296
0.0293294
0.0293296
0.0293294
0.0293295
0.0293293
0.0293294
0.0293293
0.0293293
0.0293293
0.0293293
0.0293292
0.0293293
0.0293293
0.0293293
0.0293293
0.0293294
0.0293294
0.0293296
0.0293294
0.0293297
0.0293295
0.0293298
0.0293295
0.0293298
0.0293295
0.0293298
0.0293294
0.0293297
0.0293294
0.0293296
0.0293294
0.0293296
0.0293293
0.0293296
0.0293293
0.0293296
0.0293293
0.0293297
0.0293294
0.0293297
0.0293294
0.0293298
0.0293294
0.0293298
0.0293294
0.0293298
0.0293293
0.0293297
0.0293293
0.0293297
0.0293292
0.0293296
0.0293292
0.0293295
0.0293292
0.0293295
0.0293291
0.0293294
0.0293291
0.0293294
0.0293291
0.0293294
0.0293291
0.0293295
0.0293291
0.0293295
0.0293291
0.0293295
0.0293291
0.0293296
0.0293291
0.0293296
0.0293291
0.0293297
0.0293291
0.0293297
0.0293291
0.0293297
0.029329
0.0293297
0.029329
0.0293296
0.029329
0.0293296
0.0293289
0.0293295
0.0293288
0.0293294
0.0293288
0.0293293
0.0293287
0.0293292
0.0293286
0.029329
0.0293285
0.0293289
0.0293285
0.0293288
0.0293284
0.0293288
0.0293284
0.0293288
0.0293284
0.0293289
0.0293284
0.0293289
0.0293284
0.029329
0.0293284
0.029329
0.0293284
0.029329
0.0293283
0.0293289
0.0293283
0.0293287
0.0293282
0.0293286
0.0293281
0.0293284
0.029328
0.0293283
0.0293279
0.0293282
0.0293279
0.0293282
0.0293279
0.0293283
0.0293279
0.0293283
0.0293279
0.0293283
0.0293279
0.0293283
0.0293278
0.0293282
0.0293278
0.0293281
0.0293277
0.0293279
0.0293276
0.0293277
0.0293275
0.0293276
0.0293274
0.0293275
0.0293274
0.0293274
0.0293273
0.0293274
0.0293273
0.0293274
0.0293273
0.0293274
0.0293273
0.0293274
0.0293273
0.0293273
0.0293271
0.029326
0.0293221
0.0337085
0.0298346
0.0292213
0.0291259
0.029108
0.0291047
0.0291042
0.029104
0.029104
0.029104
0.029104
0.029104
0.029104
0.029104
0.029104
0.029104
0.029104
0.029104
0.029104
0.029104
0.029104
0.0291041
0.029104
0.0291041
0.029104
0.0291042
0.0291041
0.0291042
0.0291041
0.0291043
0.0291041
0.0291043
0.0291041
0.0291044
0.0291041
0.0291044
0.0291041
0.0291044
0.0291041
0.0291043
0.029104
0.0291042
0.029104
0.0291041
0.0291039
0.0291039
0.0291038
0.0291039
0.0291038
0.0291038
0.0291038
0.0291039
0.0291038
0.029104
0.0291039
0.0291041
0.029104
0.0291043
0.029104
0.0291045
0.0291041
0.0291045
0.0291041
0.0291045
0.029104
0.0291044
0.0291039
0.0291043
0.0291039
0.0291042
0.0291038
0.0291042
0.0291038
0.0291041
0.0291037
0.0291042
0.0291038
0.0291043
0.0291038
0.0291043
0.0291038
0.0291044
0.0291037
0.0291043
0.0291037
0.0291043
0.0291036
0.0291042
0.0291035
0.0291041
0.0291034
0.0291039
0.0291033
0.0291038
0.0291033
0.0291037
0.0291032
0.0291037
0.0291031
0.0291037
0.0291031
0.0291037
0.0291031
0.0291037
0.0291031
0.0291037
0.0291031
0.0291038
0.029103
0.0291038
0.029103
0.0291038
0.029103
0.0291038
0.0291029
0.0291038
0.0291029
0.0291038
0.0291028
0.0291037
0.0291027
0.0291036
0.0291026
0.0291035
0.0291025
0.0291033
0.0291023
0.0291031
0.0291022
0.0291029
0.029102
0.0291027
0.0291019
0.0291025
0.0291017
0.0291023
0.0291016
0.0291022
0.0291015
0.0291022
0.0291015
0.0291022
0.0291015
0.0291022
0.0291015
0.0291023
0.0291015
0.0291023
0.0291014
0.0291023
0.0291013
0.0291022
0.0291012
0.029102
0.029101
0.0291017
0.0291009
0.0291014
0.0291007
0.0291012
0.0291006
0.0291011
0.0291005
0.029101
0.0291004
0.029101
0.0291004
0.029101
0.0291004
0.029101
0.0291004
0.029101
0.0291003
0.0291009
0.0291002
0.0291007
0.0291001
0.0291005
0.0290999
0.0291002
0.0290997
0.0290999
0.0290996
0.0290997
0.0290995
0.0290996
0.0290995
0.0290995
0.0290994
0.0290995
0.0290994
0.0290996
0.0290994
0.0290995
0.0290994
0.0290995
0.0290994
0.0290992
0.0290968
0.0290893
0.0349116
0.030197
0.0291951
0.0289752
0.0289228
0.0289099
0.0289073
0.0289068
0.0289067
0.0289067
0.0289067
0.0289067
0.0289067
0.0289067
0.0289067
0.0289067
0.0289067
0.0289067
0.0289067
0.0289067
0.0289068
0.0289067
0.0289068
0.0289067
0.0289068
0.0289068
0.0289069
0.0289068
0.028907
0.0289068
0.0289071
0.0289068
0.0289071
0.0289068
0.0289072
0.0289068
0.0289072
0.0289068
0.0289071
0.0289067
0.028907
0.0289066
0.0289068
0.0289065
0.0289066
0.0289064
0.0289064
0.0289063
0.0289063
0.0289063
0.0289063
0.0289063
0.0289064
0.0289064
0.0289066
0.0289064
0.0289068
0.0289065
0.0289071
0.0289066
0.0289072
0.0289065
0.0289072
0.0289065
0.0289071
0.0289063
0.0289069
0.0289062
0.0289067
0.0289061
0.0289066
0.028906
0.0289065
0.0289059
0.0289065
0.0289059
0.0289066
0.0289059
0.0289066
0.0289058
0.0289067
0.0289058
0.0289066
0.0289057
0.0289066
0.0289055
0.0289064
0.0289054
0.0289062
0.0289052
0.028906
0.028905
0.0289058
0.0289049
0.0289056
0.0289048
0.0289055
0.0289046
0.0289054
0.0289045
0.0289053
0.0289045
0.0289053
0.0289044
0.0289053
0.0289043
0.0289053
0.0289043
0.0289053
0.0289042
0.0289053
0.0289041
0.0289053
0.0289039
0.0289052
0.0289038
0.0289051
0.0289036
0.028905
0.0289035
0.0289048
0.0289032
0.0289046
0.028903
0.0289043
0.0289028
0.028904
0.0289025
0.0289036
0.0289022
0.0289033
0.028902
0.0289029
0.0289017
0.0289026
0.0289015
0.0289023
0.0289013
0.0289022
0.0289012
0.0289021
0.0289011
0.0289021
0.0289011
0.0289022
0.028901
0.0289022
0.0289009
0.0289021
0.0289007
0.028902
0.0289005
0.0289017
0.0289003
0.0289013
0.0289
0.0289009
0.0288997
0.0289005
0.0288995
0.0289002
0.0288993
0.0289
0.0288991
0.0288999
0.028899
0.0288999
0.028899
0.0288999
0.0288989
0.0288998
0.0288988
0.0288997
0.0288986
0.0288994
0.0288984
0.0288991
0.0288982
0.0288987
0.0288979
0.0288983
0.0288977
0.0288979
0.0288975
0.0288977
0.0288974
0.0288975
0.0288974
0.0288975
0.0288973
0.0288975
0.0288973
0.0288975
0.0288973
0.0288974
0.0288973
0.0288974
0.0288971
0.0288927
0.0288799
0.0363676
0.0308095
0.0294358
0.0290121
0.0288818
0.0288404
0.0288294
0.0288272
0.0288267
0.0288266
0.0288266
0.0288266
0.0288266
0.0288266
0.0288266
0.0288266
0.0288266
0.0288266
0.0288266
0.0288266
0.0288266
0.0288267
0.0288266
0.0288267
0.0288266
0.0288268
0.0288266
0.0288269
0.0288266
0.0288269
0.0288266
0.028827
0.0288266
0.0288271
0.0288266
0.028827
0.0288265
0.028827
0.0288264
0.0288268
0.0288263
0.0288266
0.0288261
0.0288264
0.028826
0.0288261
0.0288259
0.0288259
0.0288258
0.0288259
0.0288258
0.028826
0.0288259
0.0288261
0.0288259
0.0288264
0.028826
0.0288266
0.028826
0.0288268
0.028826
0.0288268
0.0288259
0.0288267
0.0288257
0.0288265
0.0288255
0.0288262
0.0288253
0.028826
0.0288251
0.0288258
0.028825
0.0288257
0.0288249
0.0288257
0.0288248
0.0288257
0.0288247
0.0288257
0.0288246
0.0288257
0.0288244
0.0288256
0.0288242
0.0288253
0.028824
0.028825
0.0288237
0.0288247
0.0288234
0.0288244
0.0288231
0.0288241
0.0288229
0.0288238
0.0288227
0.0288236
0.0288225
0.0288235
0.0288223
0.0288234
0.0288222
0.0288233
0.028822
0.0288232
0.0288218
0.0288232
0.0288217
0.0288231
0.0288215
0.028823
0.0288212
0.0288228
0.028821
0.0288226
0.0288207
0.0288224
0.0288203
0.0288221
0.02882
0.0288217
0.0288196
0.0288213
0.0288192
0.0288208
0.0288188
0.0288203
0.0288184
0.0288198
0.028818
0.0288192
0.0288176
0.0288187
0.0288172
0.0288183
0.0288169
0.028818
0.0288166
0.0288178
0.0288164
0.0288177
0.0288163
0.0288176
0.0288161
0.0288176
0.0288159
0.0288175
0.0288156
0.0288172
0.0288153
0.0288169
0.0288149
0.0288164
0.0288145
0.0288158
0.0288141
0.0288152
0.0288137
0.0288146
0.0288134
0.0288143
0.0288131
0.028814
0.0288129
0.0288139
0.0288127
0.0288138
0.0288126
0.0288137
0.0288124
0.0288136
0.0288121
0.0288133
0.0288118
0.0288128
0.0288115
0.0288123
0.0288112
0.0288117
0.0288108
0.0288112
0.0288106
0.0288108
0.0288104
0.0288106
0.0288103
0.0288104
0.0288102
0.0288104
0.0288101
0.0288104
0.0288101
0.0288103
0.0288101
0.0288103
0.0288103
0.0288106
0.0288028
0.0287851
0.0381523
0.031655
0.0299899
0.0293181
0.0290477
0.0289459
0.0289079
0.0288989
0.0288971
0.0288966
0.0288965
0.0288965
0.0288964
0.0288964
0.0288965
0.0288965
0.0288965
0.0288965
0.0288965
0.0288965
0.0288966
0.0288965
0.0288966
0.0288965
0.0288966
0.0288965
0.0288967
0.0288965
0.0288967
0.0288964
0.0288968
0.0288964
0.0288968
0.0288964
0.0288968
0.0288963
0.0288968
0.0288961
0.0288966
0.028896
0.0288964
0.0288958
0.0288961
0.0288957
0.0288958
0.0288955
0.0288956
0.0288955
0.0288956
0.0288955
0.0288955
0.0288955
0.0288957
0.0288955
0.0288958
0.0288955
0.028896
0.0288955
0.0288962
0.0288954
0.0288963
0.0288953
0.0288962
0.0288951
0.0288959
0.0288948
0.0288957
0.0288946
0.0288953
0.0288943
0.028895
0.0288941
0.0288949
0.0288939
0.0288947
0.0288938
0.0288947
0.0288936
0.0288946
0.0288934
0.0288945
0.0288932
0.0288944
0.0288929
0.0288941
0.0288926
0.0288938
0.0288922
0.0288934
0.0288919
0.0288929
0.0288915
0.0288925
0.0288912
0.0288922
0.0288909
0.0288919
0.0288906
0.0288916
0.0288904
0.0288914
0.0288901
0.0288913
0.0288899
0.0288911
0.0288896
0.028891
0.0288893
0.0288908
0.028889
0.0288906
0.0288887
0.0288903
0.0288883
0.02889
0.0288879
0.0288897
0.0288874
0.0288893
0.0288869
0.0288888
0.0288864
0.0288883
0.0288859
0.0288877
0.0288854
0.028887
0.0288848
0.0288864
0.0288843
0.0288857
0.0288838
0.0288851
0.0288833
0.0288845
0.0288829
0.028884
0.0288825
0.0288837
0.0288822
0.0288834
0.0288819
0.0288833
0.0288816
0.0288831
0.0288813
0.0288829
0.0288809
0.0288826
0.0288805
0.0288822
0.02888
0.0288816
0.0288795
0.0288809
0.028879
0.0288802
0.0288785
0.0288796
0.028878
0.028879
0.0288777
0.0288786
0.0288773
0.0288784
0.0288771
0.0288782
0.0288768
0.028878
0.0288765
0.0288778
0.0288762
0.0288775
0.0288759
0.028877
0.0288755
0.0288764
0.0288751
0.0288758
0.0288747
0.0288752
0.0288744
0.0288747
0.0288741
0.0288743
0.0288739
0.0288741
0.0288738
0.028874
0.0288737
0.0288739
0.0288737
0.0288739
0.0288736
0.0288738
0.0288737
0.0288746
0.0288757
0.0288648
0.0288457
0.0404359
0.0327603
0.0307213
0.0297544
0.029271
0.029067
0.0289781
0.0289465
0.0289412
0.0289398
0.0289395
0.0289394
0.0289394
0.0289394
0.0289394
0.0289394
0.0289394
0.0289394
0.0289394
0.0289394
0.0289394
0.0289394
0.0289394
0.0289395
0.0289394
0.0289395
0.0289393
0.0289396
0.0289393
0.0289396
0.0289393
0.0289396
0.0289392
0.0289396
0.0289391
0.0289395
0.028939
0.0289394
0.0289389
0.0289393
0.0289387
0.028939
0.0289386
0.0289388
0.0289385
0.0289386
0.0289384
0.0289384
0.0289384
0.0289385
0.0289384
0.0289385
0.0289384
0.0289386
0.0289383
0.0289387
0.0289382
0.0289388
0.0289382
0.0289389
0.028938
0.0289388
0.0289379
0.0289386
0.0289377
0.0289384
0.0289374
0.0289381
0.0289372
0.0289378
0.028937
0.0289376
0.0289367
0.0289374
0.0289365
0.0289373
0.0289363
0.0289372
0.0289361
0.0289371
0.0289359
0.0289369
0.0289356
0.0289367
0.0289353
0.0289363
0.028935
0.028936
0.0289346
0.0289356
0.0289343
0.0289352
0.028934
0.0289348
0.0289337
0.0289345
0.0289334
0.0289342
0.0289331
0.028934
0.0289328
0.0289338
0.0289325
0.0289336
0.0289323
0.0289334
0.0289319
0.0289332
0.0289316
0.0289329
0.0289312
0.0289327
0.0289309
0.0289323
0.0289304
0.028932
0.02893
0.0289316
0.0289295
0.0289311
0.028929
0.0289306
0.0289285
0.02893
0.028928
0.0289294
0.0289274
0.0289288
0.0289269
0.0289282
0.0289264
0.0289276
0.0289259
0.028927
0.0289255
0.0289265
0.0289251
0.0289261
0.0289248
0.0289258
0.0289244
0.0289256
0.0289241
0.0289254
0.0289237
0.0289251
0.0289234
0.0289248
0.028923
0.0289244
0.0289225
0.0289239
0.028922
0.0289233
0.0289215
0.0289227
0.028921
0.0289221
0.0289206
0.0289215
0.0289202
0.0289211
0.0289199
0.0289207
0.0289196
0.0289205
0.0289193
0.0289203
0.028919
0.0289201
0.0289187
0.0289198
0.0289183
0.0289194
0.028918
0.0289189
0.0289176
0.0289183
0.0289172
0.0289178
0.0289169
0.0289173
0.0289167
0.0289169
0.0289165
0.0289167
0.0289164
0.0289165
0.0289163
0.0289164
0.0289162
0.0289164
0.0289161
0.0289163
0.0289161
0.0289167
0.0289179
0.0289215
0.0289104
0.0288929
0.0434602
0.0342822
0.0315098
0.0300742
0.0292597
0.0288822
0.0287261
0.0286504
0.0286392
0.0286366
0.0286359
0.0286357
0.0286357
0.0286357
0.0286356
0.0286356
0.0286357
0.0286357
0.0286357
0.0286357
0.0286357
0.0286356
0.0286357
0.0286356
0.0286357
0.0286356
0.0286357
0.0286356
0.0286358
0.0286356
0.0286358
0.0286355
0.0286358
0.0286355
0.0286358
0.0286354
0.0286357
0.0286353
0.0286356
0.0286352
0.0286354
0.0286351
0.0286353
0.028635
0.0286351
0.0286349
0.028635
0.0286349
0.028635
0.028635
0.028635
0.028635
0.028635
0.0286349
0.0286351
0.0286348
0.0286352
0.0286347
0.0286352
0.0286346
0.0286352
0.0286345
0.0286351
0.0286344
0.028635
0.0286342
0.0286347
0.028634
0.0286345
0.0286339
0.0286343
0.0286337
0.0286342
0.0286335
0.0286341
0.0286334
0.028634
0.0286332
0.0286339
0.028633
0.0286338
0.0286328
0.0286336
0.0286326
0.0286334
0.0286324
0.0286332
0.0286321
0.0286329
0.0286319
0.0286326
0.0286316
0.0286323
0.0286314
0.0286321
0.0286312
0.0286318
0.028631
0.0286316
0.0286308
0.0286314
0.0286305
0.0286313
0.0286303
0.0286312
0.0286301
0.028631
0.0286298
0.0286308
0.0286296
0.0286306
0.0286293
0.0286304
0.028629
0.0286301
0.0286286
0.0286298
0.0286283
0.0286295
0.0286279
0.0286291
0.0286275
0.0286287
0.0286271
0.0286283
0.0286268
0.0286279
0.0286264
0.0286274
0.028626
0.0286269
0.0286256
0.0286265
0.0286253
0.0286261
0.028625
0.0286258
0.0286247
0.0286255
0.0286245
0.0286253
0.0286242
0.0286251
0.0286239
0.0286249
0.0286237
0.0286247
0.0286233
0.0286245
0.028623
0.0286241
0.0286227
0.0286237
0.0286223
0.0286233
0.028622
0.0286228
0.0286216
0.0286224
0.0286213
0.028622
0.0286211
0.0286217
0.0286208
0.0286215
0.0286206
0.0286213
0.0286204
0.0286212
0.0286201
0.0286209
0.0286199
0.0286207
0.0286196
0.0286204
0.0286193
0.02862
0.0286191
0.0286196
0.0286189
0.0286192
0.0286187
0.0286189
0.0286185
0.0286187
0.0286184
0.0286185
0.0286183
0.0286184
0.0286183
0.0286184
0.0286182
0.0286183
0.0286181
0.0286183
0.0286188
0.028621
0.0286275
0.0286222
0.0286023
0.047432
0.0364922
0.0324115
0.0302238
0.0289216
0.0282617
0.0280216
0.0278917
0.0278755
0.0278721
0.0278712
0.0278709
0.0278709
0.0278709
0.0278709
0.0278709
0.0278709
0.0278709
0.0278709
0.0278709
0.0278709
0.0278709
0.0278709
0.0278709
0.0278709
0.027871
0.0278709
0.027871
0.0278708
0.027871
0.0278708
0.027871
0.0278708
0.027871
0.0278708
0.027871
0.0278707
0.027871
0.0278707
0.0278709
0.0278706
0.0278708
0.0278705
0.0278706
0.0278705
0.0278705
0.0278704
0.0278705
0.0278704
0.0278705
0.0278705
0.0278705
0.0278704
0.0278705
0.0278704
0.0278706
0.0278704
0.0278707
0.0278703
0.0278707
0.0278703
0.0278707
0.0278702
0.0278706
0.0278701
0.0278705
0.02787
0.0278704
0.0278699
0.0278702
0.0278698
0.0278701
0.0278697
0.0278701
0.0278696
0.02787
0.0278695
0.02787
0.0278694
0.0278699
0.0278693
0.0278699
0.0278692
0.0278698
0.027869
0.0278696
0.0278689
0.0278694
0.0278687
0.0278693
0.0278686
0.0278691
0.0278684
0.0278689
0.0278683
0.0278687
0.0278681
0.0278686
0.027868
0.0278685
0.0278679
0.0278684
0.0278677
0.0278683
0.0278676
0.0278682
0.0278675
0.0278682
0.0278673
0.0278681
0.0278672
0.027868
0.027867
0.0278678
0.0278668
0.0278677
0.0278666
0.0278675
0.0278664
0.0278673
0.0278662
0.027867
0.0278659
0.0278668
0.0278657
0.0278665
0.0278654
0.0278662
0.0278652
0.0278659
0.0278649
0.0278656
0.0278647
0.0278653
0.0278645
0.0278651
0.0278643
0.0278649
0.0278641
0.0278647
0.027864
0.0278646
0.0278638
0.0278645
0.0278637
0.0278644
0.0278635
0.0278643
0.0278633
0.0278641
0.0278631
0.0278639
0.0278629
0.0278636
0.0278626
0.0278633
0.0278624
0.027863
0.0278622
0.0278627
0.027862
0.0278625
0.0278618
0.0278623
0.0278617
0.0278622
0.0278616
0.0278621
0.0278614
0.027862
0.0278613
0.0278619
0.0278611
0.0278617
0.027861
0.0278615
0.0278608
0.0278612
0.0278606
0.0278609
0.0278605
0.0278607
0.0278603
0.0278605
0.0278602
0.0278603
0.0278602
0.0278602
0.0278601
0.0278602
0.0278601
0.0278602
0.02786
0.0278601
0.0278601
0.0278608
0.0278631
0.0278715
0.0278712
0.0278379
0.0519268
0.039453
0.0334548
0.030324
0.0284876
0.0274736
0.0271343
0.0269668
0.0269534
0.0269516
0.0269512
0.0269511
0.026951
0.026951
0.026951
0.026951
0.026951
0.026951
0.026951
0.026951
0.026951
0.026951
0.0269511
0.026951
0.0269511
0.026951
0.0269511
0.026951
0.0269511
0.026951
0.0269512
0.026951
0.0269512
0.026951
0.0269512
0.026951
0.0269512
0.026951
0.0269511
0.0269509
0.0269511
0.0269509
0.026951
0.0269508
0.0269509
0.0269508
0.0269508
0.0269508
0.0269508
0.0269507
0.0269508
0.0269507
0.0269508
0.0269507
0.0269509
0.0269507
0.026951
0.0269508
0.026951
0.0269508
0.0269511
0.0269507
0.0269511
0.0269507
0.026951
0.0269506
0.0269509
0.0269506
0.0269508
0.0269505
0.0269507
0.0269504
0.0269507
0.0269504
0.0269507
0.0269503
0.0269506
0.0269503
0.0269506
0.0269502
0.0269506
0.0269502
0.0269506
0.0269501
0.0269505
0.02695
0.0269504
0.0269499
0.0269503
0.0269498
0.0269502
0.0269497
0.0269501
0.0269496
0.02695
0.0269495
0.0269499
0.0269494
0.0269498
0.0269494
0.0269498
0.0269493
0.0269497
0.0269492
0.0269497
0.0269492
0.0269497
0.0269491
0.0269496
0.026949
0.0269496
0.0269489
0.0269495
0.0269488
0.0269495
0.0269487
0.0269494
0.0269486
0.0269493
0.0269485
0.0269491
0.0269483
0.026949
0.0269482
0.0269488
0.026948
0.0269486
0.0269479
0.0269484
0.0269477
0.0269482
0.0269475
0.026948
0.0269474
0.0269478
0.0269472
0.0269477
0.0269471
0.0269475
0.026947
0.0269475
0.0269469
0.0269474
0.0269469
0.0269474
0.0269468
0.0269474
0.0269467
0.0269473
0.0269466
0.0269472
0.0269464
0.026947
0.0269463
0.0269468
0.0269461
0.0269466
0.026946
0.0269464
0.0269458
0.0269462
0.0269457
0.0269461
0.0269456
0.026946
0.0269455
0.0269459
0.0269455
0.0269459
0.0269454
0.0269458
0.0269453
0.0269457
0.0269452
0.0269456
0.0269451
0.0269454
0.026945
0.0269452
0.0269448
0.026945
0.0269447
0.0269448
0.0269446
0.0269447
0.0269446
0.0269446
0.0269445
0.0269446
0.0269445
0.0269445
0.0269445
0.0269445
0.0269444
0.0269446
0.0269448
0.026946
0.0269504
0.0269391
0.0268808
0.0519268
0.039453
0.0334548
0.030324
0.0284876
0.0274736
0.0271343
0.0269668
0.0269534
0.0269516
0.0269512
0.0269511
0.026951
0.026951
0.026951
0.026951
0.026951
0.026951
0.026951
0.026951
0.026951
0.0269511
0.026951
0.0269511
0.026951
0.0269511
0.026951
0.0269511
0.026951
0.0269512
0.026951
0.0269512
0.026951
0.0269512
0.026951
0.0269512
0.026951
0.0269512
0.026951
0.0269511
0.0269509
0.026951
0.0269509
0.0269509
0.0269508
0.0269509
0.0269508
0.0269508
0.0269507
0.0269508
0.0269507
0.0269508
0.0269507
0.0269508
0.0269507
0.0269509
0.0269508
0.026951
0.0269508
0.0269511
0.0269508
0.0269511
0.0269507
0.026951
0.0269507
0.026951
0.0269506
0.0269509
0.0269505
0.0269508
0.0269505
0.0269507
0.0269504
0.0269507
0.0269503
0.0269506
0.0269503
0.0269506
0.0269502
0.0269506
0.0269502
0.0269506
0.0269501
0.0269506
0.0269501
0.0269505
0.02695
0.0269504
0.0269499
0.0269503
0.0269498
0.0269501
0.0269497
0.02695
0.0269496
0.0269499
0.0269495
0.0269498
0.0269494
0.0269498
0.0269493
0.0269497
0.0269493
0.0269497
0.0269492
0.0269497
0.0269491
0.0269496
0.026949
0.0269496
0.026949
0.0269496
0.0269489
0.0269495
0.0269488
0.0269494
0.0269487
0.0269493
0.0269485
0.0269492
0.0269484
0.026949
0.0269482
0.0269489
0.0269481
0.0269487
0.0269479
0.0269485
0.0269478
0.0269483
0.0269476
0.0269481
0.0269475
0.0269479
0.0269473
0.0269477
0.0269472
0.0269476
0.0269471
0.0269475
0.026947
0.0269475
0.0269469
0.0269474
0.0269468
0.0269474
0.0269467
0.0269473
0.0269466
0.0269473
0.0269465
0.0269471
0.0269464
0.0269469
0.0269462
0.0269467
0.0269461
0.0269465
0.0269459
0.0269463
0.0269458
0.0269461
0.0269457
0.026946
0.0269456
0.0269459
0.0269455
0.0269459
0.0269454
0.0269459
0.0269453
0.0269458
0.0269453
0.0269457
0.0269451
0.0269455
0.026945
0.0269453
0.0269449
0.0269451
0.0269448
0.0269449
0.0269447
0.0269448
0.0269446
0.0269446
0.0269445
0.0269446
0.0269445
0.0269446
0.0269445
0.0269445
0.0269444
0.0269445
0.0269445
0.0269449
0.026946
0.0269504
0.0269391
0.0268808
0.047432
0.0364922
0.0324115
0.0302238
0.0289216
0.0282617
0.0280216
0.0278918
0.0278755
0.0278721
0.0278712
0.0278709
0.0278709
0.0278709
0.0278709
0.0278709
0.0278709
0.0278709
0.0278709
0.0278709
0.0278709
0.0278709
0.0278709
0.0278709
0.0278709
0.0278709
0.027871
0.0278709
0.027871
0.0278708
0.027871
0.0278708
0.027871
0.0278708
0.027871
0.0278707
0.027871
0.0278707
0.0278709
0.0278706
0.0278708
0.0278706
0.0278707
0.0278705
0.0278706
0.0278704
0.0278705
0.0278704
0.0278705
0.0278705
0.0278705
0.0278704
0.0278705
0.0278704
0.0278706
0.0278704
0.0278706
0.0278703
0.0278707
0.0278703
0.0278707
0.0278702
0.0278707
0.0278702
0.0278706
0.0278701
0.0278705
0.02787
0.0278703
0.0278698
0.0278702
0.0278697
0.0278701
0.0278696
0.02787
0.0278695
0.02787
0.0278695
0.0278699
0.0278694
0.0278699
0.0278692
0.0278698
0.0278691
0.0278697
0.027869
0.0278695
0.0278688
0.0278694
0.0278687
0.0278692
0.0278685
0.027869
0.0278684
0.0278688
0.0278682
0.0278687
0.0278681
0.0278685
0.0278679
0.0278684
0.0278678
0.0278684
0.0278677
0.0278683
0.0278675
0.0278682
0.0278674
0.0278681
0.0278673
0.027868
0.0278671
0.0278679
0.0278669
0.0278677
0.0278667
0.0278676
0.0278665
0.0278674
0.0278663
0.0278671
0.027866
0.0278669
0.0278658
0.0278666
0.0278655
0.0278663
0.0278653
0.027866
0.0278651
0.0278657
0.0278648
0.0278654
0.0278646
0.0278652
0.0278644
0.0278649
0.0278642
0.0278648
0.0278641
0.0278647
0.0278639
0.0278646
0.0278637
0.0278645
0.0278636
0.0278644
0.0278634
0.0278642
0.0278632
0.027864
0.027863
0.0278637
0.0278628
0.0278634
0.0278625
0.0278631
0.0278623
0.0278628
0.0278621
0.0278626
0.0278619
0.0278624
0.0278618
0.0278623
0.0278616
0.0278622
0.0278615
0.0278621
0.0278614
0.0278619
0.0278612
0.0278618
0.027861
0.0278616
0.0278609
0.0278613
0.0278607
0.027861
0.0278605
0.0278608
0.0278604
0.0278606
0.0278603
0.0278604
0.0278602
0.0278603
0.0278601
0.0278602
0.0278601
0.0278602
0.02786
0.0278602
0.02786
0.0278602
0.0278607
0.0278632
0.0278714
0.0278712
0.0278379
0.0434601
0.0342822
0.0315098
0.0300742
0.0292597
0.0288822
0.028726
0.0286504
0.0286393
0.0286365
0.0286359
0.0286357
0.0286357
0.0286356
0.0286356
0.0286357
0.0286356
0.0286357
0.0286357
0.0286357
0.0286356
0.0286357
0.0286356
0.0286357
0.0286356
0.0286357
0.0286356
0.0286358
0.0286356
0.0286358
0.0286355
0.0286358
0.0286355
0.0286358
0.0286354
0.0286357
0.0286353
0.0286356
0.0286352
0.0286355
0.0286351
0.0286354
0.028635
0.0286352
0.028635
0.028635
0.0286349
0.0286349
0.0286349
0.028635
0.028635
0.0286351
0.0286349
0.028635
0.0286348
0.0286351
0.0286348
0.0286352
0.0286347
0.0286352
0.0286346
0.0286352
0.0286344
0.028635
0.0286343
0.0286348
0.0286341
0.0286346
0.0286339
0.0286344
0.0286338
0.0286342
0.0286336
0.0286341
0.0286335
0.028634
0.0286333
0.0286339
0.0286331
0.0286338
0.0286329
0.0286337
0.0286327
0.0286335
0.0286325
0.0286333
0.0286323
0.028633
0.028632
0.0286327
0.0286318
0.0286325
0.0286315
0.0286322
0.0286313
0.0286319
0.0286311
0.0286317
0.0286309
0.0286315
0.0286306
0.0286314
0.0286304
0.0286312
0.0286302
0.0286311
0.02863
0.0286309
0.0286297
0.0286307
0.0286294
0.0286305
0.0286291
0.0286303
0.0286288
0.02863
0.0286285
0.0286297
0.0286281
0.0286293
0.0286277
0.0286289
0.0286273
0.0286285
0.028627
0.0286281
0.0286266
0.0286276
0.0286262
0.0286272
0.0286258
0.0286267
0.0286255
0.0286263
0.0286252
0.0286259
0.0286249
0.0286256
0.0286246
0.0286254
0.0286243
0.0286252
0.0286241
0.028625
0.0286238
0.0286249
0.0286235
0.0286246
0.0286232
0.0286243
0.0286228
0.0286239
0.0286225
0.0286235
0.0286221
0.028623
0.0286218
0.0286226
0.0286215
0.0286222
0.0286212
0.0286218
0.0286209
0.0286216
0.0286207
0.0286214
0.0286205
0.0286212
0.0286202
0.0286211
0.02862
0.0286208
0.0286197
0.0286205
0.0286195
0.0286202
0.0286192
0.0286198
0.028619
0.0286194
0.0286188
0.028619
0.0286186
0.0286188
0.0286185
0.0286186
0.0286184
0.0286185
0.0286183
0.0286184
0.0286182
0.0286184
0.0286182
0.0286183
0.0286182
0.0286189
0.0286209
0.0286276
0.0286222
0.0286024
0.0404359
0.0327603
0.0307213
0.0297544
0.029271
0.029067
0.0289781
0.0289465
0.0289411
0.0289398
0.0289395
0.0289394
0.0289394
0.0289394
0.0289394
0.0289394
0.0289394
0.0289394
0.0289394
0.0289394
0.0289394
0.0289394
0.0289395
0.0289394
0.0289395
0.0289394
0.0289395
0.0289393
0.0289396
0.0289393
0.0289396
0.0289392
0.0289396
0.0289392
0.0289396
0.0289391
0.0289395
0.028939
0.0289393
0.0289388
0.0289392
0.0289387
0.0289389
0.0289385
0.0289387
0.0289384
0.0289385
0.0289384
0.0289384
0.0289384
0.0289385
0.0289384
0.0289386
0.0289383
0.0289386
0.0289383
0.0289388
0.0289382
0.0289388
0.0289381
0.0289389
0.028938
0.0289387
0.0289378
0.0289385
0.0289375
0.0289382
0.0289373
0.0289379
0.0289371
0.0289377
0.0289369
0.0289375
0.0289366
0.0289374
0.0289364
0.0289372
0.0289362
0.0289371
0.028936
0.028937
0.0289357
0.0289368
0.0289355
0.0289365
0.0289351
0.0289362
0.0289348
0.0289358
0.0289345
0.0289354
0.0289341
0.028935
0.0289338
0.0289347
0.0289335
0.0289344
0.0289332
0.0289341
0.0289329
0.0289339
0.0289327
0.0289337
0.0289324
0.0289335
0.0289321
0.0289333
0.0289318
0.0289331
0.0289314
0.0289328
0.0289311
0.0289325
0.0289307
0.0289322
0.0289302
0.0289318
0.0289297
0.0289313
0.0289293
0.0289309
0.0289287
0.0289303
0.0289282
0.0289297
0.0289277
0.0289291
0.0289272
0.0289285
0.0289266
0.0289279
0.0289262
0.0289273
0.0289257
0.0289267
0.0289253
0.0289263
0.0289249
0.0289259
0.0289246
0.0289257
0.0289243
0.0289255
0.0289239
0.0289252
0.0289236
0.028925
0.0289232
0.0289246
0.0289227
0.0289242
0.0289223
0.0289236
0.0289218
0.028923
0.0289213
0.0289224
0.0289208
0.0289218
0.0289204
0.0289213
0.02892
0.0289209
0.0289197
0.0289206
0.0289194
0.0289204
0.0289191
0.0289202
0.0289188
0.0289199
0.0289185
0.0289196
0.0289181
0.0289191
0.0289178
0.0289186
0.0289174
0.028918
0.0289171
0.0289175
0.0289168
0.0289171
0.0289166
0.0289168
0.0289164
0.0289166
0.0289163
0.0289165
0.0289162
0.0289164
0.0289162
0.0289164
0.0289161
0.0289163
0.0289165
0.028918
0.0289214
0.0289105
0.0288929
0.0381523
0.031655
0.0299899
0.0293182
0.0290477
0.0289458
0.0289079
0.0288988
0.028897
0.0288967
0.0288965
0.0288964
0.0288964
0.0288965
0.0288965
0.0288965
0.0288965
0.0288965
0.0288965
0.0288965
0.0288965
0.0288966
0.0288965
0.0288966
0.0288965
0.0288967
0.0288965
0.0288967
0.0288965
0.0288968
0.0288964
0.0288968
0.0288964
0.0288969
0.0288963
0.0288968
0.0288962
0.0288967
0.0288961
0.0288965
0.0288959
0.0288962
0.0288958
0.028896
0.0288956
0.0288957
0.0288955
0.0288956
0.0288955
0.0288955
0.0288955
0.0288956
0.0288955
0.0288957
0.0288955
0.0288959
0.0288955
0.0288961
0.0288954
0.0288963
0.0288954
0.0288962
0.0288952
0.028896
0.028895
0.0288958
0.0288947
0.0288955
0.0288945
0.0288951
0.0288942
0.028895
0.028894
0.0288948
0.0288938
0.0288947
0.0288937
0.0288947
0.0288935
0.0288946
0.0288933
0.0288945
0.028893
0.0288942
0.0288927
0.0288939
0.0288924
0.0288936
0.0288921
0.0288932
0.0288917
0.0288927
0.0288914
0.0288923
0.0288911
0.028892
0.0288908
0.0288917
0.0288905
0.0288915
0.0288902
0.0288913
0.02889
0.0288912
0.0288897
0.028891
0.0288895
0.0288909
0.0288892
0.0288907
0.0288888
0.0288905
0.0288885
0.0288902
0.0288881
0.0288899
0.0288876
0.0288895
0.0288872
0.028889
0.0288867
0.0288885
0.0288862
0.028888
0.0288856
0.0288874
0.0288851
0.0288867
0.0288846
0.028886
0.028884
0.0288854
0.0288835
0.0288848
0.0288831
0.0288842
0.0288827
0.0288838
0.0288823
0.0288835
0.028882
0.0288833
0.0288817
0.0288832
0.0288814
0.028883
0.0288811
0.0288828
0.0288807
0.0288824
0.0288803
0.0288819
0.0288798
0.0288813
0.0288792
0.0288806
0.0288787
0.0288799
0.0288782
0.0288793
0.0288778
0.0288788
0.0288775
0.0288785
0.0288772
0.0288783
0.0288769
0.0288781
0.0288767
0.0288779
0.0288764
0.0288777
0.0288761
0.0288772
0.0288757
0.0288767
0.0288753
0.0288761
0.0288749
0.0288755
0.0288745
0.0288749
0.0288742
0.0288745
0.028874
0.0288742
0.0288739
0.028874
0.0288738
0.028874
0.0288737
0.0288739
0.0288736
0.0288739
0.0288736
0.028874
0.0288744
0.0288758
0.0288648
0.0288457
0.0363676
0.0308095
0.0294357
0.0290121
0.0288818
0.0288404
0.0288294
0.0288272
0.0288267
0.0288266
0.0288266
0.0288265
0.0288266
0.0288266
0.0288266
0.0288266
0.0288266
0.0288266
0.0288266
0.0288266
0.0288266
0.0288266
0.0288267
0.0288266
0.0288268
0.0288266
0.0288268
0.0288266
0.0288269
0.0288266
0.028827
0.0288266
0.028827
0.0288266
0.0288271
0.0288266
0.028827
0.0288265
0.0288269
0.0288264
0.0288267
0.0288262
0.0288265
0.0288261
0.0288262
0.0288259
0.028826
0.0288259
0.0288259
0.0288258
0.0288259
0.0288259
0.028826
0.0288259
0.0288262
0.0288259
0.0288265
0.028826
0.0288267
0.028826
0.0288268
0.0288259
0.0288268
0.0288258
0.0288266
0.0288256
0.0288264
0.0288254
0.0288261
0.0288252
0.0288259
0.0288251
0.0288257
0.0288249
0.0288257
0.0288248
0.0288257
0.0288247
0.0288257
0.0288246
0.0288257
0.0288245
0.0288256
0.0288243
0.0288254
0.0288241
0.0288252
0.0288238
0.0288249
0.0288236
0.0288245
0.0288233
0.0288242
0.028823
0.0288239
0.0288228
0.0288237
0.0288226
0.0288235
0.0288224
0.0288234
0.0288223
0.0288233
0.0288221
0.0288233
0.0288219
0.0288232
0.0288218
0.0288231
0.0288216
0.0288231
0.0288213
0.0288229
0.0288211
0.0288227
0.0288208
0.0288225
0.0288205
0.0288222
0.0288202
0.0288219
0.0288198
0.0288215
0.0288194
0.0288211
0.028819
0.0288206
0.0288186
0.02882
0.0288182
0.0288195
0.0288178
0.028819
0.0288174
0.0288185
0.028817
0.0288181
0.0288168
0.0288179
0.0288165
0.0288177
0.0288163
0.0288177
0.0288162
0.0288176
0.028816
0.0288176
0.0288158
0.0288174
0.0288155
0.0288171
0.0288151
0.0288166
0.0288147
0.0288161
0.0288143
0.0288155
0.0288139
0.0288149
0.0288135
0.0288144
0.0288132
0.0288141
0.028813
0.0288139
0.0288128
0.0288139
0.0288127
0.0288138
0.0288125
0.0288137
0.0288123
0.0288134
0.028812
0.0288131
0.0288117
0.0288126
0.0288113
0.028812
0.028811
0.0288115
0.0288107
0.028811
0.0288105
0.0288107
0.0288103
0.0288105
0.0288102
0.0288104
0.0288102
0.0288104
0.0288101
0.0288103
0.0288101
0.0288103
0.0288101
0.0288105
0.0288105
0.0288028
0.0287851
0.0349116
0.030197
0.0291951
0.0289752
0.0289228
0.0289099
0.0289074
0.0289068
0.0289067
0.0289067
0.0289067
0.0289067
0.0289067
0.0289067
0.0289067
0.0289067
0.0289067
0.0289067
0.0289067
0.0289067
0.0289067
0.0289068
0.0289067
0.0289068
0.0289067
0.0289069
0.0289068
0.028907
0.0289068
0.028907
0.0289068
0.0289071
0.0289068
0.0289071
0.0289068
0.0289072
0.0289068
0.0289071
0.0289067
0.028907
0.0289066
0.0289069
0.0289065
0.0289067
0.0289064
0.0289065
0.0289063
0.0289063
0.0289063
0.0289063
0.0289063
0.0289064
0.0289063
0.0289065
0.0289064
0.0289067
0.0289065
0.028907
0.0289065
0.0289071
0.0289065
0.0289072
0.0289065
0.0289071
0.0289064
0.028907
0.0289063
0.0289068
0.0289061
0.0289066
0.028906
0.0289065
0.0289059
0.0289065
0.0289059
0.0289065
0.0289059
0.0289066
0.0289058
0.0289066
0.0289058
0.0289067
0.0289057
0.0289066
0.0289056
0.0289065
0.0289055
0.0289063
0.0289053
0.0289061
0.0289051
0.0289059
0.028905
0.0289057
0.0289048
0.0289055
0.0289047
0.0289054
0.0289046
0.0289053
0.0289045
0.0289053
0.0289044
0.0289053
0.0289044
0.0289053
0.0289043
0.0289053
0.0289042
0.0289053
0.0289041
0.0289053
0.028904
0.0289053
0.0289039
0.0289052
0.0289037
0.0289051
0.0289036
0.0289049
0.0289034
0.0289047
0.0289031
0.0289044
0.0289029
0.0289041
0.0289026
0.0289038
0.0289024
0.0289034
0.0289021
0.0289031
0.0289018
0.0289027
0.0289016
0.0289024
0.0289014
0.0289023
0.0289013
0.0289022
0.0289012
0.0289021
0.0289011
0.0289022
0.028901
0.0289022
0.0289009
0.0289022
0.0289008
0.0289021
0.0289006
0.0289018
0.0289004
0.0289015
0.0289001
0.0289011
0.0288998
0.0289007
0.0288996
0.0289003
0.0288994
0.0289001
0.0288992
0.0288999
0.0288991
0.0288999
0.028899
0.0288999
0.0288989
0.0288999
0.0288989
0.0288998
0.0288987
0.0288996
0.0288985
0.0288993
0.0288983
0.0288989
0.028898
0.0288985
0.0288978
0.0288981
0.0288976
0.0288978
0.0288975
0.0288976
0.0288974
0.0288975
0.0288973
0.0288975
0.0288973
0.0288975
0.0288973
0.0288975
0.0288973
0.0288974
0.0288973
0.0288972
0.0288926
0.0288799
0.0337085
0.0298346
0.0292213
0.0291259
0.029108
0.0291048
0.0291041
0.029104
0.029104
0.029104
0.029104
0.029104
0.029104
0.029104
0.029104
0.029104
0.029104
0.029104
0.029104
0.029104
0.0291041
0.029104
0.0291041
0.029104
0.0291041
0.029104
0.0291042
0.0291041
0.0291042
0.0291041
0.0291043
0.0291041
0.0291043
0.0291041
0.0291044
0.0291041
0.0291044
0.0291041
0.0291043
0.0291041
0.0291043
0.029104
0.0291041
0.0291039
0.029104
0.0291039
0.0291039
0.0291038
0.0291038
0.0291038
0.0291038
0.0291038
0.0291039
0.0291039
0.0291041
0.0291039
0.0291042
0.029104
0.0291044
0.0291041
0.0291045
0.0291041
0.0291045
0.029104
0.0291045
0.029104
0.0291044
0.0291039
0.0291042
0.0291038
0.0291042
0.0291038
0.0291042
0.0291037
0.0291042
0.0291037
0.0291042
0.0291038
0.0291043
0.0291038
0.0291043
0.0291037
0.0291044
0.0291037
0.0291043
0.0291036
0.0291042
0.0291036
0.0291041
0.0291035
0.029104
0.0291034
0.0291039
0.0291033
0.0291038
0.0291032
0.0291037
0.0291032
0.0291037
0.0291031
0.0291037
0.0291031
0.0291037
0.0291031
0.0291037
0.0291031
0.0291038
0.029103
0.0291038
0.029103
0.0291038
0.029103
0.0291038
0.0291029
0.0291038
0.0291029
0.0291038
0.0291028
0.0291038
0.0291027
0.0291037
0.0291026
0.0291036
0.0291025
0.0291034
0.0291024
0.0291032
0.0291022
0.029103
0.0291021
0.0291028
0.0291019
0.0291026
0.0291018
0.0291024
0.0291017
0.0291022
0.0291016
0.0291022
0.0291015
0.0291022
0.0291015
0.0291022
0.0291015
0.0291023
0.0291015
0.0291023
0.0291014
0.0291023
0.0291014
0.0291022
0.0291013
0.0291021
0.0291011
0.0291018
0.029101
0.0291016
0.0291008
0.0291013
0.0291006
0.0291011
0.0291005
0.029101
0.0291005
0.029101
0.0291004
0.029101
0.0291004
0.029101
0.0291004
0.029101
0.0291003
0.029101
0.0291003
0.0291008
0.0291001
0.0291006
0.0291
0.0291003
0.0290998
0.0291001
0.0290997
0.0290998
0.0290996
0.0290997
0.0290995
0.0290996
0.0290994
0.0290995
0.0290994
0.0290995
0.0290994
0.0290996
0.0290994
0.0290995
0.0290994
0.0290994
0.0290992
0.0290969
0.0290893
0.032732
0.0296916
0.0293721
0.0293357
0.0293303
0.0293295
0.0293294
0.0293294
0.0293293
0.0293293
0.0293293
0.0293294
0.0293293
0.0293293
0.0293293
0.0293293
0.0293293
0.0293294
0.0293293
0.0293293
0.0293294
0.0293294
0.0293294
0.0293294
0.0293294
0.0293294
0.0293294
0.0293295
0.0293294
0.0293295
0.0293294
0.0293296
0.0293294
0.0293296
0.0293295
0.0293296
0.0293295
0.0293296
0.0293294
0.0293296
0.0293294
0.0293295
0.0293294
0.0293294
0.0293293
0.0293293
0.0293293
0.0293293
0.0293293
0.0293293
0.0293292
0.0293293
0.0293293
0.0293294
0.0293293
0.0293295
0.0293294
0.0293296
0.0293294
0.0293297
0.0293295
0.0293298
0.0293295
0.0293298
0.0293295
0.0293297
0.0293294
0.0293297
0.0293294
0.0293296
0.0293293
0.0293296
0.0293293
0.0293296
0.0293293
0.0293296
0.0293293
0.0293297
0.0293294
0.0293297
0.0293294
0.0293298
0.0293294
0.0293298
0.0293294
0.0293297
0.0293293
0.0293297
0.0293293
0.0293296
0.0293292
0.0293296
0.0293292
0.0293295
0.0293291
0.0293295
0.0293291
0.0293294
0.0293291
0.0293294
0.0293291
0.0293294
0.0293291
0.0293295
0.0293291
0.0293295
0.0293291
0.0293296
0.0293291
0.0293296
0.0293291
0.0293296
0.0293291
0.0293297
0.0293291
0.0293297
0.0293291
0.0293297
0.029329
0.0293297
0.029329
0.0293296
0.0293289
0.0293295
0.0293289
0.0293295
0.0293288
0.0293293
0.0293287
0.0293292
0.0293286
0.0293291
0.0293286
0.029329
0.0293285
0.0293289
0.0293284
0.0293288
0.0293284
0.0293288
0.0293284
0.0293288
0.0293284
0.0293289
0.0293284
0.0293289
0.0293284
0.029329
0.0293284
0.029329
0.0293284
0.0293289
0.0293283
0.0293288
0.0293282
0.0293287
0.0293281
0.0293285
0.029328
0.0293284
0.0293279
0.0293283
0.0293279
0.0293282
0.0293279
0.0293282
0.0293279
0.0293283
0.0293279
0.0293283
0.0293279
0.0293283
0.0293279
0.0293283
0.0293278
0.0293281
0.0293277
0.029328
0.0293276
0.0293278
0.0293275
0.0293276
0.0293274
0.0293275
0.0293274
0.0293274
0.0293273
0.0293274
0.0293273
0.0293274
0.0293273
0.0293274
0.0293273
0.0293274
0.0293273
0.0293274
0.0293273
0.0293272
0.029326
0.0293221
0.0319651
0.0296878
0.0295411
0.0295283
0.0295268
0.0295265
0.0295265
0.0295265
0.0295265
0.0295265
0.0295265
0.0295265
0.0295265
0.0295265
0.0295265
0.0295265
0.0295265
0.0295265
0.0295265
0.0295265
0.0295265
0.0295265
0.0295265
0.0295265
0.0295266
0.0295265
0.0295266
0.0295265
0.0295266
0.0295266
0.0295266
0.0295266
0.0295267
0.0295266
0.0295267
0.0295266
0.0295267
0.0295266
0.0295267
0.0295266
0.0295267
0.0295266
0.0295266
0.0295265
0.0295266
0.0295265
0.0295265
0.0295265
0.0295265
0.0295265
0.0295265
0.0295265
0.0295265
0.0295265
0.0295266
0.0295265
0.0295267
0.0295266
0.0295268
0.0295266
0.0295268
0.0295266
0.0295268
0.0295266
0.0295268
0.0295266
0.0295268
0.0295266
0.0295268
0.0295266
0.0295267
0.0295266
0.0295267
0.0295266
0.0295267
0.0295266
0.0295268
0.0295266
0.0295268
0.0295266
0.0295269
0.0295266
0.0295269
0.0295266
0.0295269
0.0295266
0.0295269
0.0295266
0.0295268
0.0295266
0.0295268
0.0295265
0.0295268
0.0295265
0.0295267
0.0295265
0.0295267
0.0295265
0.0295267
0.0295265
0.0295267
0.0295265
0.0295267
0.0295265
0.0295268
0.0295265
0.0295268
0.0295265
0.0295268
0.0295265
0.0295269
0.0295265
0.0295269
0.0295265
0.0295269
0.0295265
0.0295269
0.0295265
0.0295269
0.0295265
0.0295269
0.0295265
0.0295269
0.0295265
0.0295269
0.0295264
0.0295268
0.0295264
0.0295267
0.0295264
0.0295267
0.0295263
0.0295266
0.0295263
0.0295265
0.0295262
0.0295265
0.0295262
0.0295265
0.0295262
0.0295265
0.0295262
0.0295265
0.0295262
0.0295266
0.0295262
0.0295266
0.0295263
0.0295266
0.0295263
0.0295266
0.0295262
0.0295266
0.0295262
0.0295265
0.0295261
0.0295264
0.0295261
0.0295263
0.029526
0.0295262
0.029526
0.0295262
0.029526
0.0295262
0.029526
0.0295262
0.029526
0.0295263
0.029526
0.0295263
0.029526
0.0295263
0.029526
0.0295262
0.0295259
0.0295261
0.0295259
0.029526
0.0295258
0.0295259
0.0295258
0.0295258
0.0295257
0.0295258
0.0295257
0.0295257
0.0295257
0.0295257
0.0295257
0.0295257
0.0295257
0.0295257
0.0295257
0.0295257
0.0295257
0.0295257
0.0295256
0.0295251
0.0295232
0.0313843
0.029744
0.0296825
0.0296782
0.0296777
0.0296776
0.0296776
0.0296776
0.0296776
0.0296776
0.0296776
0.0296776
0.0296776
0.0296776
0.0296776
0.0296776
0.0296776
0.0296776
0.0296776
0.0296776
0.0296776
0.0296777
0.0296776
0.0296777
0.0296776
0.0296777
0.0296777
0.0296777
0.0296777
0.0296777
0.0296777
0.0296777
0.0296777
0.0296778
0.0296777
0.0296778
0.0296777
0.0296778
0.0296777
0.0296777
0.0296777
0.0296777
0.0296777
0.0296777
0.0296776
0.0296777
0.0296776
0.0296776
0.0296776
0.0296776
0.0296776
0.0296776
0.0296776
0.0296777
0.0296777
0.0296777
0.0296777
0.0296778
0.0296777
0.0296778
0.0296777
0.0296779
0.0296777
0.0296779
0.0296777
0.0296779
0.0296777
0.0296778
0.0296777
0.0296778
0.0296777
0.0296778
0.0296777
0.0296778
0.0296777
0.0296778
0.0296777
0.0296779
0.0296777
0.0296779
0.0296777
0.0296779
0.0296777
0.0296779
0.0296777
0.0296779
0.0296777
0.0296779
0.0296777
0.0296779
0.0296777
0.0296779
0.0296777
0.0296778
0.0296777
0.0296778
0.0296777
0.0296778
0.0296777
0.0296778
0.0296777
0.0296778
0.0296777
0.0296779
0.0296777
0.0296779
0.0296777
0.0296779
0.0296777
0.0296779
0.0296777
0.029678
0.0296777
0.029678
0.0296777
0.029678
0.0296778
0.029678
0.0296777
0.029678
0.0296777
0.029678
0.0296777
0.029678
0.0296777
0.029678
0.0296777
0.0296779
0.0296777
0.0296779
0.0296776
0.0296778
0.0296776
0.0296778
0.0296776
0.0296778
0.0296776
0.0296777
0.0296776
0.0296777
0.0296776
0.0296778
0.0296776
0.0296778
0.0296776
0.0296778
0.0296776
0.0296779
0.0296776
0.0296779
0.0296776
0.0296779
0.0296776
0.0296778
0.0296776
0.0296778
0.0296775
0.0296777
0.0296775
0.0296777
0.0296775
0.0296776
0.0296775
0.0296776
0.0296775
0.0296776
0.0296775
0.0296776
0.0296775
0.0296777
0.0296775
0.0296777
0.0296775
0.0296777
0.0296775
0.0296776
0.0296774
0.0296776
0.0296774
0.0296775
0.0296774
0.0296774
0.0296773
0.0296774
0.0296773
0.0296773
0.0296773
0.0296773
0.0296773
0.0296773
0.0296773
0.0296773
0.0296773
0.0296773
0.0296773
0.0296773
0.0296773
0.0296773
0.029677
0.0296762
0.0309582
0.0298112
0.029787
0.0297855
0.0297854
0.0297853
0.0297854
0.0297853
0.0297853
0.0297853
0.0297853
0.0297853
0.0297853
0.0297853
0.0297853
0.0297853
0.0297853
0.0297853
0.0297853
0.0297853
0.0297853
0.0297854
0.0297854
0.0297854
0.0297854
0.0297854
0.0297854
0.0297854
0.0297854
0.0297854
0.0297854
0.0297854
0.0297854
0.0297854
0.0297854
0.0297854
0.0297854
0.0297854
0.0297854
0.0297854
0.0297854
0.0297854
0.0297854
0.0297854
0.0297854
0.0297854
0.0297854
0.0297853
0.0297853
0.0297853
0.0297853
0.0297853
0.0297854
0.0297854
0.0297854
0.0297854
0.0297854
0.0297854
0.0297855
0.0297854
0.0297855
0.0297854
0.0297855
0.0297854
0.0297855
0.0297854
0.0297855
0.0297854
0.0297855
0.0297854
0.0297855
0.0297854
0.0297855
0.0297854
0.0297855
0.0297854
0.0297855
0.0297854
0.0297855
0.0297854
0.0297855
0.0297854
0.0297855
0.0297854
0.0297855
0.0297854
0.0297855
0.0297854
0.0297855
0.0297854
0.0297855
0.0297854
0.0297855
0.0297854
0.0297855
0.0297854
0.0297855
0.0297854
0.0297855
0.0297854
0.0297855
0.0297854
0.0297855
0.0297854
0.0297855
0.0297854
0.0297855
0.0297854
0.0297856
0.0297854
0.0297856
0.0297854
0.0297856
0.0297855
0.0297856
0.0297855
0.0297856
0.0297855
0.0297856
0.0297855
0.0297856
0.0297855
0.0297856
0.0297855
0.0297856
0.0297854
0.0297856
0.0297854
0.0297856
0.0297854
0.0297855
0.0297854
0.0297855
0.0297854
0.0297855
0.0297854
0.0297855
0.0297854
0.0297855
0.0297854
0.0297855
0.0297854
0.0297855
0.0297854
0.0297855
0.0297854
0.0297856
0.0297854
0.0297856
0.0297854
0.0297856
0.0297854
0.0297856
0.0297854
0.0297855
0.0297854
0.0297855
0.0297854
0.0297854
0.0297853
0.0297854
0.0297853
0.0297854
0.0297853
0.0297854
0.0297853
0.0297854
0.0297853
0.0297854
0.0297853
0.0297855
0.0297853
0.0297855
0.0297853
0.0297854
0.0297853
0.0297854
0.0297853
0.0297854
0.0297853
0.0297853
0.0297853
0.0297853
0.0297852
0.0297853
0.0297852
0.0297852
0.0297852
0.0297852
0.0297852
0.0297852
0.0297852
0.0297852
0.0297852
0.0297852
0.0297852
0.0297852
0.0297852
0.0297851
0.0297847
0.0306534
0.0298687
0.0298596
0.029859
0.029859
0.029859
0.029859
0.029859
0.029859
0.029859
0.029859
0.029859
0.029859
0.029859
0.029859
0.029859
0.029859
0.029859
0.029859
0.029859
0.029859
0.029859
0.029859
0.029859
0.029859
0.029859
0.029859
0.029859
0.029859
0.029859
0.029859
0.029859
0.029859
0.029859
0.029859
0.029859
0.029859
0.029859
0.029859
0.029859
0.029859
0.029859
0.029859
0.029859
0.029859
0.029859
0.029859
0.029859
0.029859
0.029859
0.029859
0.029859
0.029859
0.029859
0.029859
0.029859
0.029859
0.029859
0.029859
0.0298591
0.029859
0.0298591
0.029859
0.0298591
0.029859
0.0298591
0.029859
0.0298591
0.029859
0.0298591
0.029859
0.0298591
0.029859
0.0298591
0.029859
0.0298591
0.029859
0.0298591
0.029859
0.0298591
0.029859
0.0298591
0.029859
0.0298591
0.029859
0.0298591
0.029859
0.0298591
0.029859
0.0298591
0.029859
0.0298591
0.029859
0.0298591
0.029859
0.0298591
0.029859
0.0298591
0.029859
0.0298591
0.029859
0.0298591
0.029859
0.0298591
0.029859
0.0298591
0.029859
0.0298591
0.0298591
0.0298591
0.0298591
0.0298592
0.0298591
0.0298592
0.0298591
0.0298592
0.0298591
0.0298592
0.0298591
0.0298592
0.0298591
0.0298592
0.0298591
0.0298592
0.0298591
0.0298592
0.0298591
0.0298592
0.0298591
0.0298591
0.029859
0.0298591
0.029859
0.0298591
0.029859
0.0298591
0.029859
0.0298591
0.029859
0.0298591
0.029859
0.0298591
0.029859
0.0298591
0.029859
0.0298591
0.029859
0.0298591
0.029859
0.0298592
0.029859
0.0298591
0.029859
0.0298591
0.029859
0.0298591
0.029859
0.0298591
0.029859
0.0298591
0.029859
0.0298591
0.029859
0.0298591
0.029859
0.0298591
0.029859
0.0298591
0.029859
0.0298591
0.029859
0.0298591
0.029859
0.0298591
0.029859
0.0298591
0.029859
0.029859
0.029859
0.029859
0.029859
0.029859
0.0298589
0.029859
0.0298589
0.0298589
0.0298589
0.0298589
0.0298589
0.0298589
0.0298589
0.0298589
0.0298589
0.029859
0.0298589
0.0298589
0.0298589
0.0298589
0.0298589
0.0298587
0.0304399
0.0299118
0.0299083
0.0299081
0.0299081
0.0299081
0.0299081
0.0299081
0.0299081
0.0299081
0.0299081
0.0299081
0.0299081
0.0299081
0.0299081
0.0299081
0.0299081
0.0299081
0.0299081
0.0299081
0.0299081
0.0299081
0.0299081
0.0299081
0.0299081
0.0299081
0.0299081
0.0299081
0.0299081
0.0299081
0.0299081
0.0299081
0.0299081
0.0299081
0.0299081
0.0299081
0.0299081
0.0299081
0.0299081
0.0299081
0.0299081
0.0299081
0.0299081
0.0299081
0.0299081
0.0299081
0.0299081
0.0299081
0.0299081
0.0299081
0.0299081
0.0299081
0.0299081
0.0299081
0.0299081
0.0299081
0.0299081
0.0299081
0.0299082
0.0299081
0.0299082
0.0299081
0.0299082
0.0299081
0.0299082
0.0299081
0.0299082
0.0299081
0.0299082
0.0299081
0.0299082
0.0299081
0.0299082
0.0299081
0.0299082
0.0299081
0.0299082
0.0299081
0.0299082
0.0299081
0.0299082
0.0299081
0.0299082
0.0299082
0.0299082
0.0299082
0.0299082
0.0299081
0.0299082
0.0299081
0.0299082
0.0299081
0.0299082
0.0299081
0.0299082
0.0299081
0.0299082
0.0299081
0.0299082
0.0299081
0.0299082
0.0299081
0.0299082
0.0299081
0.0299082
0.0299081
0.0299082
0.0299082
0.0299082
0.0299082
0.0299082
0.0299082
0.0299082
0.0299082
0.0299082
0.0299082
0.0299082
0.0299082
0.0299082
0.0299082
0.0299082
0.0299082
0.0299082
0.0299082
0.0299082
0.0299082
0.0299082
0.0299082
0.0299082
0.0299082
0.0299082
0.0299081
0.0299082
0.0299081
0.0299082
0.0299081
0.0299082
0.0299081
0.0299082
0.0299081
0.0299082
0.0299081
0.0299082
0.0299081
0.0299082
0.0299082
0.0299082
0.0299082
0.0299082
0.0299082
0.0299082
0.0299082
0.0299082
0.0299082
0.0299082
0.0299081
0.0299082
0.0299081
0.0299082
0.0299081
0.0299082
0.0299081
0.0299082
0.0299081
0.0299082
0.0299081
0.0299082
0.0299081
0.0299082
0.0299081
0.0299082
0.0299081
0.0299082
0.0299081
0.0299082
0.0299081
0.0299082
0.0299081
0.0299081
0.0299081
0.0299081
0.0299081
0.0299081
0.0299081
0.0299081
0.0299081
0.0299081
0.0299081
0.0299081
0.0299081
0.0299081
0.0299081
0.0299081
0.0299081
0.0299081
0.0299081
0.0299081
0.0299081
0.0299081
0.029908
0.0302929
0.0299418
0.0299405
0.0299404
0.0299404
0.0299404
0.0299404
0.0299404
0.0299404
0.0299404
0.0299404
0.0299404
0.0299404
0.0299404
0.0299404
0.0299404
0.0299404
0.0299404
0.0299404
0.0299404
0.0299404
0.0299404
0.0299404
0.0299404
0.0299404
0.0299404
0.0299404
0.0299404
0.0299404
0.0299404
0.0299404
0.0299404
0.0299404
0.0299404
0.0299404
0.0299404
0.0299404
0.0299404
0.0299404
0.0299404
0.0299404
0.0299404
0.0299404
0.0299404
0.0299404
0.0299404
0.0299404
0.0299404
0.0299404
0.0299404
0.0299404
0.0299404
0.0299404
0.0299404
0.0299404
0.0299404
0.0299404
0.0299404
0.0299404
0.0299404
0.0299404
0.0299404
0.0299404
0.0299404
0.0299404
0.0299404
0.0299404
0.0299404
0.0299404
0.0299404
0.0299404
0.0299404
0.0299404
0.0299404
0.0299404
0.0299404
0.0299404
0.0299404
0.0299404
0.0299404
0.0299404
0.0299404
0.0299404
0.0299405
0.0299404
0.0299404
0.0299404
0.0299404
0.0299404
0.0299404
0.0299404
0.0299404
0.0299404
0.0299404
0.0299404
0.0299404
0.0299404
0.0299404
0.0299404
0.0299404
0.0299404
0.0299404
0.0299404
0.0299404
0.0299404
0.0299405
0.0299404
0.0299405
0.0299404
0.0299405
0.0299404
0.0299405
0.0299404
0.0299405
0.0299404
0.0299405
0.0299404
0.0299405
0.0299404
0.0299405
0.0299404
0.0299405
0.0299404
0.0299405
0.0299404
0.0299405
0.0299404
0.0299405
0.0299404
0.0299405
0.0299404
0.0299405
0.0299404
0.0299404
0.0299404
0.0299404
0.0299404
0.0299404
0.0299404
0.0299404
0.0299404
0.0299404
0.0299404
0.0299405
0.0299404
0.0299405
0.0299404
0.0299405
0.0299404
0.0299405
0.0299404
0.0299405
0.0299404
0.0299405
0.0299404
0.0299405
0.0299404
0.0299404
0.0299404
0.0299404
0.0299404
0.0299404
0.0299404
0.0299404
0.0299404
0.0299404
0.0299404
0.0299404
0.0299404
0.0299404
0.0299404
0.0299404
0.0299404
0.0299404
0.0299404
0.0299404
0.0299404
0.0299404
0.0299404
0.0299404
0.0299404
0.0299404
0.0299404
0.0299404
0.0299404
0.0299404
0.0299404
0.0299404
0.0299404
0.0299404
0.0299404
0.0299404
0.0299404
0.0299404
0.0299404
0.0299404
0.0299404
0.0299404
0.0299404
0.0299403
0.0301931
0.0299619
0.0299614
0.0299613
0.0299613
0.0299613
0.0299613
0.0299613
0.0299613
0.0299613
0.0299613
0.0299613
0.0299613
0.0299613
0.0299613
0.0299613
0.0299613
0.0299613
0.0299613
0.0299613
0.0299613
0.0299613
0.0299613
0.0299613
0.0299613
0.0299613
0.0299613
0.0299613
0.0299613
0.0299613
0.0299613
0.0299613
0.0299613
0.0299613
0.0299613
0.0299613
0.0299613
0.0299613
0.0299613
0.0299613
0.0299613
0.0299613
0.0299613
0.0299613
0.0299613
0.0299613
0.0299613
0.0299613
0.0299613
0.0299613
0.0299613
0.0299613
0.0299613
0.0299613
0.0299613
0.0299613
0.0299613
0.0299613
0.0299613
0.0299613
0.0299614
0.0299613
0.0299614
0.0299613
0.0299614
0.0299613
0.0299614
0.0299613
0.0299613
0.0299613
0.0299613
0.0299613
0.0299613
0.0299613
0.0299613
0.0299613
0.0299614
0.0299613
0.0299614
0.0299613
0.0299614
0.0299613
0.0299614
0.0299613
0.0299614
0.0299613
0.0299614
0.0299613
0.0299614
0.0299613
0.0299614
0.0299613
0.0299614
0.0299613
0.0299614
0.0299613
0.0299614
0.0299613
0.0299614
0.0299613
0.0299614
0.0299613
0.0299614
0.0299613
0.0299614
0.0299613
0.0299614
0.0299613
0.0299614
0.0299613
0.0299614
0.0299614
0.0299614
0.0299614
0.0299614
0.0299614
0.0299614
0.0299614
0.0299614
0.0299614
0.0299614
0.0299614
0.0299614
0.0299614
0.0299614
0.0299614
0.0299614
0.0299614
0.0299614
0.0299613
0.0299614
0.0299613
0.0299614
0.0299613
0.0299614
0.0299613
0.0299614
0.0299613
0.0299614
0.0299613
0.0299614
0.0299613
0.0299614
0.0299613
0.0299614
0.0299613
0.0299614
0.0299614
0.0299614
0.0299614
0.0299614
0.0299614
0.0299614
0.0299613
0.0299614
0.0299613
0.0299614
0.0299613
0.0299614
0.0299613
0.0299614
0.0299613
0.0299614
0.0299613
0.0299614
0.0299613
0.0299614
0.0299613
0.0299614
0.0299613
0.0299614
0.0299613
0.0299614
0.0299613
0.0299614
0.0299613
0.0299614
0.0299613
0.0299613
0.0299613
0.0299613
0.0299613
0.0299613
0.0299613
0.0299613
0.0299613
0.0299613
0.0299613
0.0299613
0.0299613
0.0299613
0.0299613
0.0299613
0.0299613
0.0299613
0.0299613
0.0299613
0.0299613
0.0299613
0.0299613
0.0301258
0.0299746
0.0299744
0.0299744
0.0299744
0.0299744
0.0299744
0.0299744
0.0299744
0.0299744
0.0299744
0.0299744
0.0299744
0.0299744
0.0299744
0.0299744
0.0299744
0.0299744
0.0299744
0.0299744
0.0299744
0.0299744
0.0299744
0.0299744
0.0299744
0.0299744
0.0299744
0.0299744
0.0299744
0.0299744
0.0299744
0.0299744
0.0299744
0.0299744
0.0299744
0.0299744
0.0299744
0.0299744
0.0299744
0.0299744
0.0299744
0.0299744
0.0299744
0.0299744
0.0299744
0.0299744
0.0299744
0.0299744
0.0299744
0.0299744
0.0299744
0.0299744
0.0299744
0.0299744
0.0299744
0.0299744
0.0299744
0.0299744
0.0299744
0.0299744
0.0299744
0.0299745
0.0299744
0.0299745
0.0299744
0.0299745
0.0299744
0.0299744
0.0299744
0.0299744
0.0299744
0.0299744
0.0299744
0.0299744
0.0299744
0.0299745
0.0299744
0.0299745
0.0299744
0.0299745
0.0299744
0.0299745
0.0299744
0.0299745
0.0299744
0.0299745
0.0299744
0.0299745
0.0299744
0.0299745
0.0299744
0.0299745
0.0299744
0.0299745
0.0299744
0.0299745
0.0299744
0.0299745
0.0299744
0.0299745
0.0299744
0.0299745
0.0299744
0.0299745
0.0299744
0.0299745
0.0299744
0.0299745
0.0299744
0.0299745
0.0299744
0.0299745
0.0299745
0.0299745
0.0299745
0.0299745
0.0299745
0.0299745
0.0299745
0.0299745
0.0299745
0.0299745
0.0299745
0.0299745
0.0299745
0.0299745
0.0299745
0.0299745
0.0299745
0.0299745
0.0299744
0.0299745
0.0299744
0.0299745
0.0299744
0.0299745
0.0299744
0.0299745
0.0299744
0.0299745
0.0299744
0.0299745
0.0299744
0.0299745
0.0299744
0.0299745
0.0299745
0.0299745
0.0299745
0.0299745
0.0299745
0.0299745
0.0299745
0.0299745
0.0299744
0.0299745
0.0299744
0.0299745
0.0299744
0.0299745
0.0299744
0.0299745
0.0299744
0.0299745
0.0299744
0.0299745
0.0299744
0.0299745
0.0299744
0.0299745
0.0299744
0.0299745
0.0299744
0.0299745
0.0299744
0.0299745
0.0299744
0.0299745
0.0299744
0.0299744
0.0299744
0.0299744
0.0299744
0.0299744
0.0299744
0.0299744
0.0299744
0.0299744
0.0299744
0.0299744
0.0299744
0.0299744
0.0299744
0.0299744
0.0299744
0.0299744
0.0299744
0.0299744
0.0299744
0.0299744
0.0300793
0.029981
0.029981
0.0299809
0.0299809
0.0299809
0.029981
0.0299809
0.0299809
0.0299809
0.0299809
0.0299809
0.0299809
0.0299809
0.0299809
0.0299809
0.0299809
0.0299809
0.0299809
0.0299809
0.0299809
0.0299809
0.0299809
0.0299809
0.029981
0.029981
0.029981
0.029981
0.029981
0.029981
0.029981
0.029981
0.029981
0.029981
0.029981
0.029981
0.029981
0.029981
0.029981
0.029981
0.029981
0.029981
0.029981
0.029981
0.029981
0.029981
0.029981
0.0299809
0.0299809
0.0299809
0.0299809
0.0299809
0.0299809
0.029981
0.029981
0.029981
0.029981
0.029981
0.029981
0.029981
0.029981
0.029981
0.029981
0.029981
0.029981
0.029981
0.029981
0.029981
0.029981
0.029981
0.029981
0.029981
0.029981
0.029981
0.029981
0.029981
0.029981
0.029981
0.029981
0.029981
0.029981
0.029981
0.029981
0.029981
0.029981
0.029981
0.029981
0.029981
0.029981
0.029981
0.029981
0.029981
0.029981
0.029981
0.029981
0.029981
0.029981
0.029981
0.029981
0.029981
0.029981
0.029981
0.029981
0.029981
0.029981
0.029981
0.029981
0.029981
0.029981
0.029981
0.029981
0.029981
0.029981
0.029981
0.029981
0.029981
0.029981
0.029981
0.029981
0.029981
0.029981
0.029981
0.029981
0.029981
0.029981
0.029981
0.029981
0.029981
0.029981
0.029981
0.029981
0.029981
0.029981
0.029981
0.029981
0.029981
0.029981
0.029981
0.029981
0.029981
0.029981
0.029981
0.029981
0.029981
0.029981
0.029981
0.029981
0.029981
0.029981
0.029981
0.029981
0.029981
0.029981
0.029981
0.029981
0.029981
0.029981
0.029981
0.029981
0.029981
0.029981
0.029981
0.029981
0.029981
0.029981
0.029981
0.029981
0.029981
0.029981
0.029981
0.029981
0.029981
0.029981
0.029981
0.029981
0.029981
0.029981
0.029981
0.029981
0.029981
0.029981
0.029981
0.029981
0.029981
0.029981
0.0299809
0.029981
0.0299809
0.029981
0.0299809
0.029981
0.029981
0.029981
0.029981
0.029981
0.0299809
0.029981
0.0299809
0.0299809
0.0299809
0.030042
0.0299784
0.0299784
0.0299784
0.0299784
0.0299784
0.0299784
0.0299784
0.0299784
0.0299784
0.0299784
0.0299784
0.0299784
0.0299784
0.0299784
0.0299784
0.0299784
0.0299784
0.0299784
0.0299784
0.0299784
0.0299784
0.0299784
0.0299784
0.0299784
0.0299784
0.0299784
0.0299784
0.0299784
0.0299784
0.0299784
0.0299784
0.0299784
0.0299784
0.0299784
0.0299784
0.0299784
0.0299784
0.0299784
0.0299784
0.0299784
0.0299784
0.0299784
0.0299784
0.0299784
0.0299784
0.0299784
0.0299784
0.0299784
0.0299784
0.0299784
0.0299784
0.0299784
0.0299784
0.0299784
0.0299784
0.0299784
0.0299784
0.0299784
0.0299784
0.0299784
0.0299784
0.0299784
0.0299784
0.0299784
0.0299784
0.0299784
0.0299784
0.0299784
0.0299784
0.0299784
0.0299784
0.0299784
0.0299784
0.0299784
0.0299784
0.0299784
0.0299784
0.0299784
0.0299784
0.0299784
0.0299784
0.0299784
0.0299784
0.0299784
0.0299784
0.0299784
0.0299784
0.0299784
0.0299784
0.0299784
0.0299784
0.0299784
0.0299784
0.0299784
0.0299784
0.0299784
0.0299784
0.0299784
0.0299784
0.0299784
0.0299784
0.0299784
0.0299784
0.0299784
0.0299784
0.0299784
0.0299784
0.0299784
0.0299784
0.0299784
0.0299784
0.0299784
0.0299784
0.0299784
0.0299784
0.0299784
0.0299784
0.0299784
0.0299784
0.0299784
0.0299784
0.0299784
0.0299784
0.0299784
0.0299784
0.0299784
0.0299784
0.0299784
0.0299784
0.0299784
0.0299784
0.0299784
0.0299784
0.0299784
0.0299784
0.0299784
0.0299784
0.0299784
0.0299784
0.0299784
0.0299784
0.0299784
0.0299784
0.0299784
0.0299784
0.0299784
0.0299784
0.0299784
0.0299784
0.0299784
0.0299784
0.0299784
0.0299784
0.0299784
0.0299784
0.0299784
0.0299784
0.0299784
0.0299784
0.0299784
0.0299784
0.0299784
0.0299784
0.0299784
0.0299784
0.0299784
0.0299784
0.0299784
0.0299784
0.0299784
0.0299784
0.0299784
0.0299784
0.0299784
0.0299784
0.0299784
0.0299784
0.0299784
0.0299784
0.0299784
0.0299784
0.0299784
0.0299784
0.0299784
0.0299784
0.0299784
0.0299784
0.0299784
0.0299784
0.0299784
0.0299784
0.0299784
0.0299784
0.0299784
0.0299784
0.0299784
0.0299784
0.0299784
0.0299784
0.0299855
0.0299445
0.0299444
0.0299444
0.0299444
0.0299444
0.0299444
0.0299444
0.0299444
0.0299444
0.0299444
0.0299444
0.0299444
0.0299444
0.0299444
0.0299444
0.0299444
0.0299444
0.0299444
0.0299444
0.0299444
0.0299444
0.0299444
0.0299444
0.0299444
0.0299444
0.0299444
0.0299444
0.0299444
0.0299444
0.0299444
0.0299444
0.0299444
0.0299444
0.0299444
0.0299444
0.0299444
0.0299444
0.0299444
0.0299444
0.0299444
0.0299444
0.0299444
0.0299444
0.0299444
0.0299444
0.0299444
0.0299444
0.0299444
0.0299444
0.0299444
0.0299444
0.0299444
0.0299444
0.0299444
0.0299444
0.0299444
0.0299444
0.0299444
0.0299444
0.0299444
0.0299444
0.0299444
0.0299444
0.0299444
0.0299444
0.0299444
0.0299444
0.0299444
0.0299444
0.0299444
0.0299444
0.0299444
0.0299444
0.0299444
0.0299444
0.0299444
0.0299444
0.0299444
0.0299444
0.0299444
0.0299444
0.0299444
0.0299444
0.0299444
0.0299444
0.0299444
0.0299444
0.0299444
0.0299444
0.0299444
0.0299444
0.0299444
0.0299444
0.0299444
0.0299444
0.0299444
0.0299444
0.0299444
0.0299444
0.0299444
0.0299444
0.0299444
0.0299444
0.0299444
0.0299444
0.0299444
0.0299444
0.0299444
0.0299444
0.0299444
0.0299444
0.0299444
0.0299444
0.0299444
0.0299444
0.0299445
0.0299444
0.0299445
0.0299444
0.0299445
0.0299444
0.0299445
0.0299444
0.0299445
0.0299444
0.0299444
0.0299444
0.0299444
0.0299444
0.0299444
0.0299444
0.0299444
0.0299444
0.0299444
0.0299444
0.0299444
0.0299444
0.0299444
0.0299444
0.0299444
0.0299444
0.0299444
0.0299444
0.0299444
0.0299444
0.0299444
0.0299444
0.0299444
0.0299444
0.0299445
0.0299444
0.0299444
0.0299444
0.0299444
0.0299444
0.0299444
0.0299444
0.0299444
0.0299444
0.0299444
0.0299444
0.0299444
0.0299444
0.0299444
0.0299444
0.0299444
0.0299444
0.0299444
0.0299444
0.0299444
0.0299444
0.0299444
0.0299444
0.0299444
0.0299444
0.0299444
0.0299444
0.0299444
0.0299444
0.0299444
0.0299444
0.0299444
0.0299444
0.0299444
0.0299444
0.0299444
0.0299444
0.0299444
0.0299444
0.0299444
0.0299444
0.0299444
0.0299444
0.0299444
0.0299444
0.0299444
0.0299444
0.0299444
0.0299444
0.0298722
0.0298456
0.0298456
0.0298456
0.0298456
0.0298456
0.0298456
0.0298456
0.0298456
0.0298456
0.0298456
0.0298456
0.0298456
0.0298456
0.0298456
0.0298456
0.0298456
0.0298456
0.0298456
0.0298456
0.0298456
0.0298456
0.0298456
0.0298456
0.0298456
0.0298456
0.0298456
0.0298456
0.0298456
0.0298456
0.0298456
0.0298456
0.0298456
0.0298456
0.0298456
0.0298456
0.0298456
0.0298456
0.0298456
0.0298456
0.0298456
0.0298456
0.0298456
0.0298456
0.0298456
0.0298456
0.0298456
0.0298456
0.0298456
0.0298456
0.0298456
0.0298456
0.0298456
0.0298456
0.0298456
0.0298456
0.0298456
0.0298456
0.0298456
0.0298456
0.0298456
0.0298456
0.0298456
0.0298456
0.0298456
0.0298456
0.0298456
0.0298456
0.0298456
0.0298456
0.0298456
0.0298456
0.0298456
0.0298456
0.0298456
0.0298456
0.0298456
0.0298456
0.0298456
0.0298456
0.0298456
0.0298456
0.0298456
0.0298456
0.0298456
0.0298456
0.0298456
0.0298456
0.0298456
0.0298456
0.0298456
0.0298456
0.0298456
0.0298456
0.0298456
0.0298456
0.0298456
0.0298456
0.0298456
0.0298456
0.0298456
0.0298456
0.0298456
0.0298456
0.0298456
0.0298456
0.0298456
0.0298456
0.0298456
0.0298456
0.0298456
0.0298456
0.0298456
0.0298456
0.0298456
0.0298456
0.0298456
0.0298456
0.0298456
0.0298456
0.0298456
0.0298456
0.0298456
0.0298456
0.0298456
0.0298456
0.0298456
0.0298456
0.0298456
0.0298456
0.0298456
0.0298456
0.0298456
0.0298456
0.0298456
0.0298456
0.0298456
0.0298456
0.0298456
0.0298456
0.0298456
0.0298456
0.0298456
0.0298456
0.0298456
0.0298456
0.0298456
0.0298456
0.0298456
0.0298456
0.0298456
0.0298456
0.0298456
0.0298456
0.0298456
0.0298456
0.0298456
0.0298456
0.0298456
0.0298456
0.0298456
0.0298456
0.0298456
0.0298456
0.0298456
0.0298456
0.0298456
0.0298456
0.0298456
0.0298456
0.0298456
0.0298456
0.0298456
0.0298456
0.0298456
0.0298456
0.0298456
0.0298456
0.0298456
0.0298456
0.0298456
0.0298456
0.0298456
0.0298456
0.0298456
0.0298456
0.0298456
0.0298456
0.0298456
0.0298456
0.0298456
0.0298456
0.0298456
0.0298456
0.0298456
0.0298456
0.0298456
0.0298456
0.0298456
0.0298456
0.0295588
0.0295411
0.0295411
0.0295411
0.0295411
0.0295411
0.0295411
0.0295411
0.0295411
0.0295411
0.0295411
0.0295411
0.0295411
0.0295411
0.0295411
0.0295411
0.0295411
0.0295411
0.0295411
0.0295411
0.0295411
0.0295411
0.0295411
0.0295411
0.0295411
0.0295411
0.0295411
0.0295411
0.0295411
0.0295411
0.0295411
0.0295411
0.0295411
0.0295411
0.0295411
0.0295411
0.0295411
0.0295411
0.0295411
0.0295411
0.0295411
0.0295411
0.0295411
0.0295411
0.0295411
0.0295411
0.0295411
0.0295411
0.0295411
0.0295411
0.0295411
0.0295411
0.0295411
0.0295411
0.0295411
0.0295411
0.0295411
0.0295411
0.0295411
0.0295411
0.0295411
0.0295411
0.0295411
0.0295411
0.0295411
0.0295411
0.0295411
0.0295411
0.0295411
0.0295411
0.0295411
0.0295411
0.0295411
0.0295411
0.0295411
0.0295411
0.0295411
0.0295411
0.0295411
0.0295411
0.0295411
0.0295411
0.0295411
0.0295411
0.0295411
0.0295411
0.0295411
0.0295411
0.0295411
0.0295411
0.0295411
0.0295411
0.0295411
0.0295411
0.0295411
0.0295411
0.0295411
0.0295411
0.0295411
0.0295411
0.0295411
0.0295411
0.0295411
0.0295411
0.0295411
0.0295411
0.0295411
0.0295411
0.0295411
0.0295411
0.0295411
0.0295411
0.0295411
0.0295411
0.0295411
0.0295411
0.0295411
0.0295411
0.0295411
0.0295411
0.0295411
0.0295411
0.0295411
0.0295411
0.0295411
0.0295411
0.0295411
0.0295411
0.0295411
0.0295411
0.0295411
0.0295411
0.0295411
0.0295411
0.0295411
0.0295411
0.0295411
0.0295411
0.0295411
0.0295411
0.0295411
0.0295411
0.0295411
0.0295411
0.0295411
0.0295411
0.0295411
0.0295411
0.0295411
0.0295411
0.0295411
0.0295411
0.0295411
0.0295411
0.0295411
0.0295411
0.0295411
0.0295411
0.0295411
0.0295411
0.0295411
0.0295411
0.0295411
0.0295411
0.0295411
0.0295411
0.0295411
0.0295411
0.0295411
0.0295411
0.0295411
0.0295411
0.0295411
0.0295411
0.0295411
0.0295411
0.0295411
0.0295411
0.0295411
0.0295411
0.0295411
0.0295411
0.0295411
0.0295411
0.0295411
0.0295411
0.0295411
0.0295411
0.0295411
0.0295411
0.0295411
0.0295411
0.0295411
0.0295411
0.0295411
0.0295411
0.0295411
0.0295411
0.0295411
0.0295411
0.0287324
0.0287197
0.0287197
0.0287197
0.0287197
0.0287197
0.0287197
0.0287197
0.0287197
0.0287197
0.0287197
0.0287197
0.0287197
0.0287197
0.0287197
0.0287197
0.0287197
0.0287197
0.0287197
0.0287197
0.0287197
0.0287197
0.0287197
0.0287197
0.0287197
0.0287197
0.0287197
0.0287197
0.0287197
0.0287197
0.0287197
0.0287197
0.0287197
0.0287197
0.0287197
0.0287197
0.0287197
0.0287197
0.0287197
0.0287197
0.0287197
0.0287197
0.0287197
0.0287197
0.0287197
0.0287197
0.0287197
0.0287197
0.0287197
0.0287197
0.0287197
0.0287197
0.0287197
0.0287197
0.0287197
0.0287197
0.0287197
0.0287197
0.0287197
0.0287197
0.0287197
0.0287197
0.0287197
0.0287197
0.0287197
0.0287197
0.0287197
0.0287197
0.0287197
0.0287197
0.0287197
0.0287197
0.0287197
0.0287197
0.0287197
0.0287197
0.0287197
0.0287197
0.0287197
0.0287197
0.0287197
0.0287197
0.0287197
0.0287197
0.0287197
0.0287197
0.0287197
0.0287197
0.0287197
0.0287197
0.0287197
0.0287197
0.0287197
0.0287197
0.0287197
0.0287197
0.0287197
0.0287197
0.0287197
0.0287197
0.0287197
0.0287197
0.0287197
0.0287197
0.0287197
0.0287197
0.0287197
0.0287197
0.0287197
0.0287197
0.0287197
0.0287197
0.0287197
0.0287197
0.0287197
0.0287197
0.0287197
0.0287197
0.0287197
0.0287197
0.0287197
0.0287197
0.0287197
0.0287197
0.0287197
0.0287197
0.0287197
0.0287197
0.0287197
0.0287197
0.0287197
0.0287197
0.0287197
0.0287197
0.0287197
0.0287197
0.0287197
0.0287197
0.0287197
0.0287197
0.0287197
0.0287197
0.0287197
0.0287197
0.0287197
0.0287197
0.0287197
0.0287197
0.0287197
0.0287197
0.0287197
0.0287197
0.0287197
0.0287197
0.0287197
0.0287197
0.0287197
0.0287197
0.0287197
0.0287197
0.0287197
0.0287197
0.0287197
0.0287197
0.0287197
0.0287197
0.0287197
0.0287197
0.0287197
0.0287197
0.0287197
0.0287197
0.0287197
0.0287197
0.0287197
0.0287197
0.0287197
0.0287197
0.0287197
0.0287197
0.0287197
0.0287197
0.0287197
0.0287197
0.0287197
0.0287197
0.0287197
0.0287197
0.0287197
0.0287197
0.0287197
0.0287197
0.0287197
0.0287197
0.0287197
0.0287197
0.0287197
0.0287197
0.0287197
0.0287197
0.0265318
0.0265211
0.0265211
0.0265211
0.0265211
0.0265211
0.0265211
0.0265211
0.0265211
0.0265211
0.0265211
0.0265211
0.0265211
0.0265211
0.0265211
0.0265211
0.0265211
0.0265211
0.0265211
0.0265211
0.0265211
0.0265211
0.0265211
0.0265211
0.0265211
0.0265211
0.0265211
0.0265211
0.0265211
0.0265211
0.0265211
0.0265211
0.0265211
0.0265211
0.0265211
0.0265211
0.0265211
0.0265211
0.0265211
0.0265211
0.0265211
0.0265211
0.0265211
0.0265211
0.0265211
0.0265211
0.0265211
0.0265211
0.0265211
0.0265211
0.0265211
0.0265211
0.0265211
0.0265211
0.0265211
0.0265211
0.0265211
0.0265211
0.0265211
0.0265211
0.0265211
0.0265211
0.0265211
0.0265211
0.0265211
0.0265211
0.0265211
0.0265211
0.0265211
0.0265211
0.0265211
0.0265211
0.0265211
0.0265211
0.0265211
0.0265211
0.0265211
0.0265211
0.0265211
0.0265211
0.0265211
0.0265211
0.0265211
0.0265211
0.0265211
0.0265211
0.0265211
0.0265211
0.0265211
0.0265211
0.0265211
0.0265211
0.0265211
0.0265211
0.0265211
0.0265211
0.0265211
0.0265211
0.0265211
0.0265211
0.0265211
0.0265211
0.0265211
0.0265211
0.0265211
0.0265211
0.0265211
0.0265211
0.0265211
0.0265211
0.0265211
0.0265211
0.0265211
0.0265211
0.0265211
0.0265211
0.0265211
0.0265211
0.0265211
0.0265211
0.0265211
0.0265211
0.0265211
0.0265211
0.0265211
0.0265211
0.0265211
0.0265211
0.0265211
0.0265211
0.0265211
0.0265211
0.0265211
0.0265211
0.0265211
0.0265211
0.0265211
0.0265211
0.0265211
0.0265211
0.0265211
0.0265211
0.0265211
0.0265211
0.0265211
0.0265211
0.0265211
0.0265211
0.0265211
0.0265211
0.0265211
0.0265211
0.0265211
0.0265211
0.0265211
0.0265211
0.0265211
0.0265211
0.0265211
0.0265211
0.0265211
0.0265211
0.0265211
0.0265211
0.0265211
0.0265211
0.0265211
0.0265211
0.0265211
0.0265211
0.0265211
0.0265211
0.0265211
0.0265211
0.0265211
0.0265211
0.0265211
0.0265211
0.0265211
0.0265211
0.0265211
0.0265211
0.0265211
0.0265211
0.0265211
0.0265211
0.0265211
0.0265211
0.0265211
0.0265211
0.0265211
0.0265211
0.0265211
0.0265211
0.0265211
0.0265211
0.0265211
0.0265211
0.0265211
0.0265211
0.017736
0.0177228
0.0177228
0.0177228
0.0177228
0.0177228
0.0177228
0.0177228
0.0177228
0.0177228
0.0177228
0.0177228
0.0177228
0.0177228
0.0177228
0.0177228
0.0177228
0.0177228
0.0177228
0.0177228
0.0177228
0.0177228
0.0177228
0.0177228
0.0177228
0.0177228
0.0177228
0.0177228
0.0177228
0.0177228
0.0177228
0.0177228
0.0177228
0.0177228
0.0177228
0.0177228
0.0177228
0.0177228
0.0177228
0.0177228
0.0177228
0.0177228
0.0177228
0.0177228
0.0177228
0.0177228
0.0177228
0.0177228
0.0177228
0.0177228
0.0177228
0.0177228
0.0177228
0.0177228
0.0177228
0.0177228
0.0177228
0.0177228
0.0177228
0.0177228
0.0177228
0.0177228
0.0177228
0.0177228
0.0177228
0.0177228
0.0177228
0.0177228
0.0177228
0.0177228
0.0177228
0.0177228
0.0177228
0.0177228
0.0177228
0.0177228
0.0177228
0.0177228
0.0177228
0.0177228
0.0177228
0.0177228
0.0177228
0.0177228
0.0177228
0.0177228
0.0177228
0.0177228
0.0177228
0.0177228
0.0177228
0.0177228
0.0177228
0.0177228
0.0177228
0.0177228
0.0177228
0.0177228
0.0177228
0.0177228
0.0177228
0.0177228
0.0177228
0.0177228
0.0177228
0.0177228
0.0177228
0.0177228
0.0177228
0.0177228
0.0177228
0.0177228
0.0177228
0.0177228
0.0177228
0.0177228
0.0177228
0.0177228
0.0177228
0.0177228
0.0177228
0.0177228
0.0177228
0.0177228
0.0177228
0.0177228
0.0177228
0.0177228
0.0177228
0.0177228
0.0177228
0.0177228
0.0177228
0.0177228
0.0177228
0.0177228
0.0177228
0.0177228
0.0177228
0.0177228
0.0177228
0.0177228
0.0177228
0.0177228
0.0177228
0.0177228
0.0177228
0.0177228
0.0177228
0.0177228
0.0177228
0.0177228
0.0177228
0.0177228
0.0177228
0.0177228
0.0177228
0.0177228
0.0177228
0.0177228
0.0177228
0.0177228
0.0177228
0.0177228
0.0177228
0.0177228
0.0177228
0.0177228
0.0177228
0.0177228
0.0177228
0.0177228
0.0177228
0.0177228
0.0177228
0.0177228
0.0177228
0.0177228
0.0177228
0.0177228
0.0177228
0.0177228
0.0177228
0.0177228
0.0177228
0.0177228
0.0177228
0.0177228
0.0177228
0.0177228
0.0177228
0.0177228
0.0177228
0.0177228
0.0177228
0.0177228
0.0177228
0.0177228
0.0177228
0.0177228
)
;
    }
    wallSideMin
    {
        type            kqRWallFunction;
        value           nonuniform List<scalar> 
10000
(
0.017736
0.0177228
0.0177228
0.0177228
0.0177228
0.0177228
0.0177228
0.0177228
0.0177228
0.0177228
0.0177228
0.0177228
0.0177228
0.0177228
0.0177228
0.0177228
0.0177228
0.0177228
0.0177228
0.0177228
0.0177228
0.0177228
0.0177228
0.0177228
0.0177228
0.0177228
0.0177228
0.0177228
0.0177228
0.0177228
0.0177228
0.0177228
0.0177228
0.0177228
0.0177228
0.0177228
0.0177228
0.0177228
0.0177228
0.0177228
0.0177228
0.0177228
0.0177228
0.0177228
0.0177228
0.0177228
0.0177228
0.0177228
0.0177228
0.0177228
0.0177228
0.0177228
0.0177228
0.0177228
0.0177228
0.0177228
0.0177228
0.0177228
0.0177228
0.0177228
0.0177228
0.0177228
0.0177228
0.0177228
0.0177228
0.0177228
0.0177228
0.0177228
0.0177228
0.0177228
0.0177228
0.0177228
0.0177228
0.0177228
0.0177228
0.0177228
0.0177228
0.0177228
0.0177228
0.0177228
0.0177228
0.0177228
0.0177228
0.0177228
0.0177228
0.0177228
0.0177228
0.0177228
0.0177228
0.0177228
0.0177228
0.0177228
0.0177228
0.0177228
0.0177228
0.0177228
0.0177228
0.0177228
0.0177228
0.0177228
0.0177228
0.0177228
0.0177228
0.0177228
0.0177228
0.0177228
0.0177228
0.0177228
0.0177228
0.0177228
0.0177228
0.0177228
0.0177228
0.0177228
0.0177228
0.0177228
0.0177228
0.0177228
0.0177228
0.0177228
0.0177228
0.0177228
0.0177228
0.0177228
0.0177228
0.0177228
0.0177228
0.0177228
0.0177228
0.0177228
0.0177228
0.0177228
0.0177228
0.0177228
0.0177228
0.0177228
0.0177228
0.0177228
0.0177228
0.0177228
0.0177228
0.0177228
0.0177228
0.0177228
0.0177228
0.0177228
0.0177228
0.0177228
0.0177228
0.0177228
0.0177228
0.0177228
0.0177228
0.0177228
0.0177228
0.0177228
0.0177228
0.0177228
0.0177228
0.0177228
0.0177228
0.0177228
0.0177228
0.0177228
0.0177228
0.0177228
0.0177228
0.0177228
0.0177228
0.0177228
0.0177228
0.0177228
0.0177228
0.0177228
0.0177228
0.0177228
0.0177228
0.0177228
0.0177228
0.0177228
0.0177228
0.0177228
0.0177228
0.0177228
0.0177228
0.0177228
0.0177228
0.0177228
0.0177228
0.0177228
0.0177228
0.0177228
0.0177228
0.0177228
0.0177228
0.0177228
0.0177228
0.0177228
0.0177228
0.0177228
0.0265318
0.0265211
0.0265211
0.0265211
0.0265211
0.0265211
0.0265211
0.0265211
0.0265211
0.0265211
0.0265211
0.0265211
0.0265211
0.0265211
0.0265211
0.0265211
0.0265211
0.0265211
0.0265211
0.0265211
0.0265211
0.0265211
0.0265211
0.0265211
0.0265211
0.0265211
0.0265211
0.0265211
0.0265211
0.0265211
0.0265211
0.0265211
0.0265211
0.0265211
0.0265211
0.0265211
0.0265211
0.0265211
0.0265211
0.0265211
0.0265211
0.0265211
0.0265211
0.0265211
0.0265211
0.0265211
0.0265211
0.0265211
0.0265211
0.0265211
0.0265211
0.0265211
0.0265211
0.0265211
0.0265211
0.0265211
0.0265211
0.0265211
0.0265211
0.0265211
0.0265211
0.0265211
0.0265211
0.0265211
0.0265211
0.0265211
0.0265211
0.0265211
0.0265211
0.0265211
0.0265211
0.0265211
0.0265211
0.0265211
0.0265211
0.0265211
0.0265211
0.0265211
0.0265211
0.0265211
0.0265211
0.0265211
0.0265211
0.0265211
0.0265211
0.0265211
0.0265211
0.0265211
0.0265211
0.0265211
0.0265211
0.0265211
0.0265211
0.0265211
0.0265211
0.0265211
0.0265211
0.0265211
0.0265211
0.0265211
0.0265211
0.0265211
0.0265211
0.0265211
0.0265211
0.0265211
0.0265211
0.0265211
0.0265211
0.0265211
0.0265211
0.0265211
0.0265211
0.0265211
0.0265211
0.0265211
0.0265211
0.0265211
0.0265211
0.0265211
0.0265211
0.0265211
0.0265211
0.0265211
0.0265211
0.0265211
0.0265211
0.0265211
0.0265211
0.0265211
0.0265211
0.0265211
0.0265211
0.0265211
0.0265211
0.0265211
0.0265211
0.0265211
0.0265211
0.0265211
0.0265211
0.0265211
0.0265211
0.0265211
0.0265211
0.0265211
0.0265211
0.0265211
0.0265211
0.0265211
0.0265211
0.0265211
0.0265211
0.0265211
0.0265211
0.0265211
0.0265211
0.0265211
0.0265211
0.0265211
0.0265211
0.0265211
0.0265211
0.0265211
0.0265211
0.0265211
0.0265211
0.0265211
0.0265211
0.0265211
0.0265211
0.0265211
0.0265211
0.0265211
0.0265211
0.0265211
0.0265211
0.0265211
0.0265211
0.0265211
0.0265211
0.0265211
0.0265211
0.0265211
0.0265211
0.0265211
0.0265211
0.0265211
0.0265211
0.0265211
0.0265211
0.0265211
0.0265211
0.0265211
0.0265211
0.0265211
0.0265211
0.0265211
0.0265211
0.0265211
0.0287324
0.0287197
0.0287197
0.0287197
0.0287197
0.0287197
0.0287197
0.0287197
0.0287197
0.0287197
0.0287197
0.0287197
0.0287197
0.0287197
0.0287197
0.0287197
0.0287197
0.0287197
0.0287197
0.0287197
0.0287197
0.0287197
0.0287197
0.0287197
0.0287197
0.0287197
0.0287197
0.0287197
0.0287197
0.0287197
0.0287197
0.0287197
0.0287197
0.0287197
0.0287197
0.0287197
0.0287197
0.0287197
0.0287197
0.0287197
0.0287197
0.0287197
0.0287197
0.0287197
0.0287197
0.0287197
0.0287197
0.0287197
0.0287197
0.0287197
0.0287197
0.0287197
0.0287197
0.0287197
0.0287197
0.0287197
0.0287197
0.0287197
0.0287197
0.0287197
0.0287197
0.0287197
0.0287197
0.0287197
0.0287197
0.0287197
0.0287197
0.0287197
0.0287197
0.0287197
0.0287197
0.0287197
0.0287197
0.0287197
0.0287197
0.0287197
0.0287197
0.0287197
0.0287197
0.0287197
0.0287197
0.0287197
0.0287197
0.0287197
0.0287197
0.0287197
0.0287197
0.0287197
0.0287197
0.0287197
0.0287197
0.0287197
0.0287197
0.0287197
0.0287197
0.0287197
0.0287197
0.0287197
0.0287197
0.0287197
0.0287197
0.0287197
0.0287197
0.0287197
0.0287197
0.0287197
0.0287197
0.0287197
0.0287197
0.0287197
0.0287197
0.0287197
0.0287197
0.0287197
0.0287197
0.0287197
0.0287197
0.0287197
0.0287197
0.0287197
0.0287197
0.0287197
0.0287197
0.0287197
0.0287197
0.0287197
0.0287197
0.0287197
0.0287197
0.0287197
0.0287197
0.0287197
0.0287197
0.0287197
0.0287197
0.0287197
0.0287197
0.0287197
0.0287197
0.0287197
0.0287197
0.0287197
0.0287197
0.0287197
0.0287197
0.0287197
0.0287197
0.0287197
0.0287197
0.0287197
0.0287197
0.0287197
0.0287197
0.0287197
0.0287197
0.0287197
0.0287197
0.0287197
0.0287197
0.0287197
0.0287197
0.0287197
0.0287197
0.0287197
0.0287197
0.0287197
0.0287197
0.0287197
0.0287197
0.0287197
0.0287197
0.0287197
0.0287197
0.0287197
0.0287197
0.0287197
0.0287197
0.0287197
0.0287197
0.0287197
0.0287197
0.0287197
0.0287197
0.0287197
0.0287197
0.0287197
0.0287197
0.0287197
0.0287197
0.0287197
0.0287197
0.0287197
0.0287197
0.0287197
0.0287197
0.0287197
0.0287197
0.0287197
0.0287197
0.0287197
0.0295588
0.0295411
0.0295411
0.0295411
0.0295411
0.0295411
0.0295411
0.0295411
0.0295411
0.0295411
0.0295411
0.0295411
0.0295411
0.0295411
0.0295411
0.0295411
0.0295411
0.0295411
0.0295411
0.0295411
0.0295411
0.0295411
0.0295411
0.0295411
0.0295411
0.0295411
0.0295411
0.0295411
0.0295411
0.0295411
0.0295411
0.0295411
0.0295411
0.0295411
0.0295411
0.0295411
0.0295411
0.0295411
0.0295411
0.0295411
0.0295411
0.0295411
0.0295411
0.0295411
0.0295411
0.0295411
0.0295411
0.0295411
0.0295411
0.0295411
0.0295411
0.0295411
0.0295411
0.0295411
0.0295411
0.0295411
0.0295411
0.0295411
0.0295411
0.0295411
0.0295411
0.0295411
0.0295411
0.0295411
0.0295411
0.0295411
0.0295411
0.0295411
0.0295411
0.0295411
0.0295411
0.0295411
0.0295411
0.0295411
0.0295411
0.0295411
0.0295411
0.0295411
0.0295411
0.0295411
0.0295411
0.0295411
0.0295411
0.0295411
0.0295411
0.0295411
0.0295411
0.0295411
0.0295411
0.0295411
0.0295411
0.0295411
0.0295411
0.0295411
0.0295411
0.0295411
0.0295411
0.0295411
0.0295411
0.0295411
0.0295411
0.0295411
0.0295411
0.0295411
0.0295411
0.0295411
0.0295411
0.0295411
0.0295411
0.0295411
0.0295411
0.0295411
0.0295411
0.0295411
0.0295411
0.0295411
0.0295411
0.0295411
0.0295411
0.0295411
0.0295411
0.0295411
0.0295411
0.0295411
0.0295411
0.0295411
0.0295411
0.0295411
0.0295411
0.0295411
0.0295411
0.0295411
0.0295411
0.0295411
0.0295411
0.0295411
0.0295411
0.0295411
0.0295411
0.0295411
0.0295411
0.0295411
0.0295411
0.0295411
0.0295411
0.0295411
0.0295411
0.0295411
0.0295411
0.0295411
0.0295411
0.0295411
0.0295411
0.0295411
0.0295411
0.0295411
0.0295411
0.0295411
0.0295411
0.0295411
0.0295411
0.0295411
0.0295411
0.0295411
0.0295411
0.0295411
0.0295411
0.0295411
0.0295411
0.0295411
0.0295411
0.0295411
0.0295411
0.0295411
0.0295411
0.0295411
0.0295411
0.0295411
0.0295411
0.0295411
0.0295411
0.0295411
0.0295411
0.0295411
0.0295411
0.0295411
0.0295411
0.0295411
0.0295411
0.0295411
0.0295411
0.0295411
0.0295411
0.0295411
0.0295411
0.0295411
0.0295411
0.0295411
0.0295411
0.0295411
0.0298722
0.0298456
0.0298456
0.0298456
0.0298456
0.0298456
0.0298456
0.0298456
0.0298456
0.0298456
0.0298456
0.0298456
0.0298456
0.0298456
0.0298456
0.0298456
0.0298456
0.0298456
0.0298456
0.0298456
0.0298456
0.0298456
0.0298456
0.0298456
0.0298456
0.0298456
0.0298456
0.0298456
0.0298456
0.0298456
0.0298456
0.0298456
0.0298456
0.0298456
0.0298456
0.0298456
0.0298456
0.0298456
0.0298456
0.0298456
0.0298456
0.0298456
0.0298456
0.0298456
0.0298456
0.0298456
0.0298456
0.0298456
0.0298456
0.0298456
0.0298456
0.0298456
0.0298456
0.0298456
0.0298456
0.0298456
0.0298456
0.0298456
0.0298456
0.0298456
0.0298456
0.0298456
0.0298456
0.0298456
0.0298456
0.0298456
0.0298456
0.0298456
0.0298456
0.0298456
0.0298456
0.0298456
0.0298456
0.0298456
0.0298456
0.0298456
0.0298456
0.0298456
0.0298456
0.0298456
0.0298456
0.0298456
0.0298456
0.0298456
0.0298456
0.0298456
0.0298456
0.0298456
0.0298456
0.0298456
0.0298456
0.0298456
0.0298456
0.0298456
0.0298456
0.0298456
0.0298456
0.0298456
0.0298456
0.0298456
0.0298456
0.0298456
0.0298456
0.0298456
0.0298456
0.0298456
0.0298456
0.0298456
0.0298456
0.0298456
0.0298456
0.0298456
0.0298456
0.0298456
0.0298456
0.0298456
0.0298456
0.0298456
0.0298456
0.0298456
0.0298456
0.0298456
0.0298456
0.0298456
0.0298456
0.0298456
0.0298456
0.0298456
0.0298456
0.0298456
0.0298456
0.0298456
0.0298456
0.0298456
0.0298456
0.0298456
0.0298456
0.0298456
0.0298456
0.0298456
0.0298456
0.0298456
0.0298456
0.0298456
0.0298456
0.0298456
0.0298456
0.0298456
0.0298456
0.0298456
0.0298456
0.0298456
0.0298456
0.0298456
0.0298456
0.0298456
0.0298456
0.0298456
0.0298456
0.0298456
0.0298456
0.0298456
0.0298456
0.0298456
0.0298456
0.0298456
0.0298456
0.0298456
0.0298456
0.0298456
0.0298456
0.0298456
0.0298456
0.0298456
0.0298456
0.0298456
0.0298456
0.0298456
0.0298456
0.0298456
0.0298456
0.0298456
0.0298456
0.0298456
0.0298456
0.0298456
0.0298456
0.0298456
0.0298456
0.0298456
0.0298456
0.0298456
0.0298456
0.0298456
0.0298456
0.0298456
0.0298456
0.0298456
0.0298456
0.0298456
0.0299855
0.0299445
0.0299444
0.0299444
0.0299444
0.0299444
0.0299444
0.0299444
0.0299444
0.0299444
0.0299444
0.0299444
0.0299444
0.0299444
0.0299444
0.0299444
0.0299444
0.0299444
0.0299444
0.0299444
0.0299444
0.0299444
0.0299444
0.0299444
0.0299444
0.0299444
0.0299444
0.0299444
0.0299444
0.0299444
0.0299444
0.0299444
0.0299444
0.0299444
0.0299444
0.0299444
0.0299444
0.0299444
0.0299444
0.0299444
0.0299444
0.0299444
0.0299444
0.0299444
0.0299444
0.0299444
0.0299444
0.0299444
0.0299444
0.0299444
0.0299444
0.0299444
0.0299444
0.0299444
0.0299444
0.0299444
0.0299444
0.0299444
0.0299444
0.0299444
0.0299444
0.0299444
0.0299444
0.0299444
0.0299444
0.0299444
0.0299444
0.0299444
0.0299444
0.0299444
0.0299444
0.0299444
0.0299444
0.0299444
0.0299444
0.0299444
0.0299444
0.0299444
0.0299444
0.0299444
0.0299444
0.0299444
0.0299444
0.0299444
0.0299444
0.0299444
0.0299444
0.0299444
0.0299444
0.0299444
0.0299444
0.0299444
0.0299444
0.0299444
0.0299444
0.0299444
0.0299444
0.0299444
0.0299444
0.0299444
0.0299444
0.0299444
0.0299444
0.0299444
0.0299444
0.0299444
0.0299444
0.0299444
0.0299444
0.0299444
0.0299444
0.0299444
0.0299444
0.0299444
0.0299444
0.0299444
0.0299445
0.0299444
0.0299445
0.0299444
0.0299445
0.0299444
0.0299445
0.0299444
0.0299445
0.0299444
0.0299444
0.0299444
0.0299444
0.0299444
0.0299444
0.0299444
0.0299444
0.0299444
0.0299444
0.0299444
0.0299444
0.0299444
0.0299444
0.0299444
0.0299444
0.0299444
0.0299444
0.0299444
0.0299444
0.0299444
0.0299444
0.0299444
0.0299444
0.0299444
0.0299445
0.0299444
0.0299444
0.0299444
0.0299444
0.0299444
0.0299444
0.0299444
0.0299444
0.0299444
0.0299444
0.0299444
0.0299444
0.0299444
0.0299444
0.0299444
0.0299444
0.0299444
0.0299444
0.0299444
0.0299444
0.0299444
0.0299444
0.0299444
0.0299444
0.0299444
0.0299444
0.0299444
0.0299444
0.0299444
0.0299444
0.0299444
0.0299444
0.0299444
0.0299444
0.0299444
0.0299444
0.0299444
0.0299444
0.0299444
0.0299444
0.0299444
0.0299444
0.0299444
0.0299444
0.0299444
0.0299444
0.0299444
0.0299444
0.0299444
0.030042
0.0299784
0.0299784
0.0299784
0.0299784
0.0299784
0.0299784
0.0299784
0.0299784
0.0299784
0.0299784
0.0299784
0.0299784
0.0299784
0.0299784
0.0299784
0.0299784
0.0299784
0.0299784
0.0299784
0.0299784
0.0299784
0.0299784
0.0299784
0.0299784
0.0299784
0.0299784
0.0299784
0.0299784
0.0299784
0.0299784
0.0299784
0.0299784
0.0299784
0.0299784
0.0299784
0.0299784
0.0299784
0.0299784
0.0299784
0.0299784
0.0299784
0.0299784
0.0299784
0.0299784
0.0299784
0.0299784
0.0299784
0.0299784
0.0299784
0.0299784
0.0299784
0.0299784
0.0299784
0.0299784
0.0299784
0.0299784
0.0299784
0.0299784
0.0299784
0.0299784
0.0299784
0.0299784
0.0299784
0.0299784
0.0299784
0.0299784
0.0299784
0.0299784
0.0299784
0.0299784
0.0299784
0.0299784
0.0299784
0.0299784
0.0299784
0.0299784
0.0299784
0.0299784
0.0299784
0.0299784
0.0299784
0.0299784
0.0299784
0.0299784
0.0299784
0.0299784
0.0299784
0.0299784
0.0299784
0.0299784
0.0299784
0.0299784
0.0299784
0.0299784
0.0299784
0.0299784
0.0299784
0.0299784
0.0299784
0.0299784
0.0299784
0.0299784
0.0299784
0.0299784
0.0299784
0.0299784
0.0299784
0.0299784
0.0299784
0.0299784
0.0299784
0.0299784
0.0299784
0.0299784
0.0299784
0.0299784
0.0299784
0.0299784
0.0299784
0.0299784
0.0299784
0.0299784
0.0299784
0.0299784
0.0299784
0.0299784
0.0299784
0.0299784
0.0299784
0.0299784
0.0299784
0.0299784
0.0299784
0.0299784
0.0299784
0.0299784
0.0299784
0.0299784
0.0299784
0.0299784
0.0299784
0.0299784
0.0299784
0.0299784
0.0299784
0.0299784
0.0299784
0.0299784
0.0299784
0.0299784
0.0299784
0.0299784
0.0299784
0.0299784
0.0299784
0.0299784
0.0299784
0.0299784
0.0299784
0.0299784
0.0299784
0.0299784
0.0299784
0.0299784
0.0299784
0.0299784
0.0299784
0.0299784
0.0299784
0.0299784
0.0299784
0.0299784
0.0299784
0.0299784
0.0299784
0.0299784
0.0299784
0.0299784
0.0299784
0.0299784
0.0299784
0.0299784
0.0299784
0.0299784
0.0299784
0.0299784
0.0299784
0.0299784
0.0299784
0.0299784
0.0299784
0.0299784
0.0299784
0.0299784
0.0299784
0.0299784
0.0299784
0.0299784
0.0299784
0.0300793
0.029981
0.029981
0.0299809
0.0299809
0.0299809
0.0299809
0.0299809
0.0299809
0.0299809
0.0299809
0.0299809
0.0299809
0.0299809
0.0299809
0.0299809
0.0299809
0.0299809
0.029981
0.0299809
0.0299809
0.0299809
0.029981
0.0299809
0.029981
0.029981
0.029981
0.029981
0.029981
0.029981
0.029981
0.029981
0.029981
0.029981
0.029981
0.029981
0.029981
0.029981
0.029981
0.029981
0.029981
0.029981
0.029981
0.029981
0.029981
0.029981
0.029981
0.0299809
0.0299809
0.0299809
0.0299809
0.0299809
0.029981
0.029981
0.029981
0.029981
0.029981
0.029981
0.029981
0.029981
0.029981
0.029981
0.029981
0.029981
0.029981
0.029981
0.029981
0.029981
0.029981
0.029981
0.029981
0.029981
0.029981
0.029981
0.029981
0.029981
0.029981
0.029981
0.029981
0.029981
0.029981
0.029981
0.029981
0.029981
0.029981
0.029981
0.029981
0.029981
0.029981
0.029981
0.029981
0.029981
0.029981
0.029981
0.029981
0.029981
0.029981
0.029981
0.029981
0.029981
0.029981
0.029981
0.029981
0.029981
0.029981
0.029981
0.029981
0.029981
0.029981
0.029981
0.029981
0.029981
0.029981
0.029981
0.029981
0.029981
0.029981
0.029981
0.029981
0.029981
0.029981
0.029981
0.029981
0.029981
0.029981
0.029981
0.029981
0.029981
0.029981
0.029981
0.029981
0.029981
0.029981
0.029981
0.029981
0.029981
0.029981
0.029981
0.029981
0.029981
0.029981
0.029981
0.029981
0.029981
0.029981
0.029981
0.029981
0.029981
0.029981
0.029981
0.029981
0.029981
0.029981
0.029981
0.029981
0.029981
0.029981
0.029981
0.029981
0.029981
0.029981
0.029981
0.029981
0.029981
0.029981
0.029981
0.029981
0.029981
0.029981
0.029981
0.029981
0.029981
0.029981
0.029981
0.029981
0.029981
0.029981
0.029981
0.029981
0.029981
0.029981
0.029981
0.029981
0.029981
0.029981
0.0299809
0.029981
0.0299809
0.029981
0.0299809
0.029981
0.029981
0.029981
0.029981
0.029981
0.0299809
0.029981
0.0299809
0.0299809
0.0299809
0.0301258
0.0299746
0.0299744
0.0299744
0.0299744
0.0299744
0.0299744
0.0299744
0.0299744
0.0299744
0.0299744
0.0299744
0.0299744
0.0299744
0.0299744
0.0299744
0.0299744
0.0299744
0.0299744
0.0299744
0.0299744
0.0299744
0.0299744
0.0299744
0.0299744
0.0299744
0.0299744
0.0299744
0.0299744
0.0299744
0.0299744
0.0299744
0.0299744
0.0299744
0.0299744
0.0299744
0.0299744
0.0299744
0.0299744
0.0299744
0.0299744
0.0299744
0.0299744
0.0299744
0.0299744
0.0299744
0.0299744
0.0299744
0.0299744
0.0299744
0.0299744
0.0299744
0.0299744
0.0299744
0.0299744
0.0299744
0.0299744
0.0299744
0.0299744
0.0299744
0.0299744
0.0299745
0.0299744
0.0299745
0.0299744
0.0299745
0.0299744
0.0299744
0.0299744
0.0299744
0.0299744
0.0299744
0.0299744
0.0299744
0.0299744
0.0299745
0.0299744
0.0299745
0.0299744
0.0299745
0.0299744
0.0299745
0.0299744
0.0299745
0.0299744
0.0299745
0.0299744
0.0299745
0.0299744
0.0299745
0.0299744
0.0299745
0.0299744
0.0299745
0.0299744
0.0299745
0.0299744
0.0299745
0.0299744
0.0299745
0.0299744
0.0299745
0.0299744
0.0299745
0.0299744
0.0299745
0.0299744
0.0299745
0.0299744
0.0299745
0.0299744
0.0299745
0.0299745
0.0299745
0.0299745
0.0299745
0.0299745
0.0299745
0.0299745
0.0299745
0.0299745
0.0299745
0.0299745
0.0299745
0.0299745
0.0299745
0.0299745
0.0299745
0.0299745
0.0299745
0.0299744
0.0299745
0.0299744
0.0299745
0.0299744
0.0299745
0.0299744
0.0299745
0.0299744
0.0299745
0.0299744
0.0299745
0.0299744
0.0299745
0.0299744
0.0299745
0.0299745
0.0299745
0.0299745
0.0299745
0.0299745
0.0299745
0.0299745
0.0299745
0.0299744
0.0299745
0.0299744
0.0299745
0.0299744
0.0299745
0.0299744
0.0299745
0.0299744
0.0299745
0.0299744
0.0299745
0.0299744
0.0299745
0.0299744
0.0299745
0.0299744
0.0299745
0.0299744
0.0299745
0.0299744
0.0299745
0.0299744
0.0299745
0.0299744
0.0299744
0.0299744
0.0299744
0.0299744
0.0299744
0.0299744
0.0299744
0.0299744
0.0299744
0.0299744
0.0299744
0.0299744
0.0299744
0.0299744
0.0299744
0.0299744
0.0299744
0.0299744
0.0299744
0.0299744
0.0299744
0.0301931
0.0299619
0.0299614
0.0299613
0.0299613
0.0299613
0.0299613
0.0299613
0.0299613
0.0299613
0.0299613
0.0299613
0.0299613
0.0299613
0.0299613
0.0299613
0.0299613
0.0299613
0.0299613
0.0299613
0.0299613
0.0299613
0.0299613
0.0299613
0.0299613
0.0299613
0.0299613
0.0299613
0.0299613
0.0299613
0.0299613
0.0299613
0.0299613
0.0299613
0.0299613
0.0299613
0.0299613
0.0299613
0.0299613
0.0299613
0.0299613
0.0299613
0.0299613
0.0299613
0.0299613
0.0299613
0.0299613
0.0299613
0.0299613
0.0299613
0.0299613
0.0299613
0.0299613
0.0299613
0.0299613
0.0299613
0.0299613
0.0299613
0.0299613
0.0299613
0.0299614
0.0299613
0.0299614
0.0299613
0.0299614
0.0299613
0.0299614
0.0299613
0.0299613
0.0299613
0.0299613
0.0299613
0.0299613
0.0299613
0.0299613
0.0299613
0.0299614
0.0299613
0.0299614
0.0299613
0.0299614
0.0299613
0.0299614
0.0299613
0.0299614
0.0299613
0.0299614
0.0299613
0.0299614
0.0299613
0.0299614
0.0299613
0.0299614
0.0299613
0.0299614
0.0299613
0.0299614
0.0299613
0.0299614
0.0299613
0.0299614
0.0299613
0.0299614
0.0299613
0.0299614
0.0299613
0.0299614
0.0299613
0.0299614
0.0299613
0.0299614
0.0299614
0.0299614
0.0299614
0.0299614
0.0299614
0.0299614
0.0299614
0.0299614
0.0299614
0.0299614
0.0299614
0.0299614
0.0299614
0.0299614
0.0299614
0.0299614
0.0299614
0.0299614
0.0299613
0.0299614
0.0299613
0.0299614
0.0299613
0.0299614
0.0299613
0.0299614
0.0299613
0.0299614
0.0299613
0.0299614
0.0299613
0.0299614
0.0299613
0.0299614
0.0299613
0.0299614
0.0299614
0.0299614
0.0299614
0.0299614
0.0299614
0.0299614
0.0299613
0.0299614
0.0299613
0.0299614
0.0299613
0.0299614
0.0299613
0.0299614
0.0299613
0.0299614
0.0299613
0.0299614
0.0299613
0.0299614
0.0299613
0.0299614
0.0299613
0.0299614
0.0299613
0.0299614
0.0299613
0.0299614
0.0299613
0.0299614
0.0299613
0.0299613
0.0299613
0.0299613
0.0299613
0.0299613
0.0299613
0.0299613
0.0299613
0.0299613
0.0299613
0.0299613
0.0299613
0.0299613
0.0299613
0.0299613
0.0299613
0.0299613
0.0299613
0.0299613
0.0299613
0.0299613
0.0299613
0.0302929
0.0299418
0.0299405
0.0299404
0.0299404
0.0299404
0.0299404
0.0299404
0.0299404
0.0299404
0.0299404
0.0299404
0.0299404
0.0299404
0.0299404
0.0299404
0.0299404
0.0299404
0.0299404
0.0299404
0.0299404
0.0299404
0.0299404
0.0299404
0.0299404
0.0299404
0.0299404
0.0299404
0.0299404
0.0299404
0.0299404
0.0299404
0.0299404
0.0299404
0.0299404
0.0299404
0.0299404
0.0299404
0.0299404
0.0299404
0.0299404
0.0299404
0.0299404
0.0299404
0.0299404
0.0299404
0.0299404
0.0299404
0.0299404
0.0299404
0.0299404
0.0299404
0.0299404
0.0299404
0.0299404
0.0299404
0.0299404
0.0299404
0.0299404
0.0299404
0.0299404
0.0299404
0.0299404
0.0299404
0.0299404
0.0299404
0.0299404
0.0299404
0.0299404
0.0299404
0.0299404
0.0299404
0.0299404
0.0299404
0.0299404
0.0299404
0.0299404
0.0299404
0.0299404
0.0299404
0.0299404
0.0299404
0.0299404
0.0299404
0.0299404
0.0299405
0.0299404
0.0299404
0.0299404
0.0299404
0.0299404
0.0299404
0.0299404
0.0299404
0.0299404
0.0299404
0.0299404
0.0299404
0.0299404
0.0299404
0.0299404
0.0299404
0.0299404
0.0299404
0.0299404
0.0299404
0.0299404
0.0299405
0.0299404
0.0299405
0.0299404
0.0299405
0.0299404
0.0299405
0.0299404
0.0299405
0.0299404
0.0299405
0.0299404
0.0299405
0.0299404
0.0299405
0.0299404
0.0299405
0.0299404
0.0299405
0.0299404
0.0299405
0.0299404
0.0299405
0.0299404
0.0299405
0.0299404
0.0299404
0.0299404
0.0299404
0.0299404
0.0299404
0.0299404
0.0299404
0.0299404
0.0299404
0.0299404
0.0299405
0.0299404
0.0299405
0.0299404
0.0299405
0.0299404
0.0299405
0.0299404
0.0299405
0.0299404
0.0299405
0.0299404
0.0299405
0.0299404
0.0299404
0.0299404
0.0299404
0.0299404
0.0299404
0.0299404
0.0299404
0.0299404
0.0299404
0.0299404
0.0299404
0.0299404
0.0299404
0.0299404
0.0299404
0.0299404
0.0299404
0.0299404
0.0299404
0.0299404
0.0299404
0.0299404
0.0299404
0.0299404
0.0299404
0.0299404
0.0299404
0.0299404
0.0299404
0.0299404
0.0299404
0.0299404
0.0299404
0.0299404
0.0299404
0.0299404
0.0299404
0.0299404
0.0299404
0.0299404
0.0299404
0.0299404
0.0299403
0.0304399
0.0299118
0.0299083
0.0299081
0.0299081
0.0299081
0.0299081
0.0299081
0.0299081
0.0299081
0.0299081
0.0299081
0.0299081
0.0299081
0.0299081
0.0299081
0.0299081
0.0299081
0.0299081
0.0299081
0.0299081
0.0299081
0.0299081
0.0299081
0.0299081
0.0299081
0.0299081
0.0299081
0.0299081
0.0299081
0.0299081
0.0299081
0.0299081
0.0299081
0.0299081
0.0299081
0.0299081
0.0299081
0.0299081
0.0299081
0.0299081
0.0299081
0.0299081
0.0299081
0.0299081
0.0299081
0.0299081
0.0299081
0.0299081
0.0299081
0.0299081
0.0299081
0.0299081
0.0299081
0.0299081
0.0299081
0.0299081
0.0299081
0.0299082
0.0299081
0.0299082
0.0299081
0.0299082
0.0299081
0.0299082
0.0299081
0.0299082
0.0299081
0.0299082
0.0299081
0.0299082
0.0299081
0.0299082
0.0299081
0.0299082
0.0299081
0.0299082
0.0299081
0.0299082
0.0299081
0.0299082
0.0299081
0.0299082
0.0299082
0.0299082
0.0299082
0.0299082
0.0299081
0.0299082
0.0299081
0.0299082
0.0299081
0.0299082
0.0299081
0.0299082
0.0299081
0.0299082
0.0299081
0.0299082
0.0299081
0.0299082
0.0299081
0.0299082
0.0299081
0.0299082
0.0299081
0.0299082
0.0299082
0.0299082
0.0299082
0.0299082
0.0299082
0.0299082
0.0299082
0.0299082
0.0299082
0.0299082
0.0299082
0.0299082
0.0299082
0.0299082
0.0299082
0.0299082
0.0299082
0.0299082
0.0299082
0.0299082
0.0299082
0.0299082
0.0299082
0.0299082
0.0299081
0.0299082
0.0299081
0.0299082
0.0299081
0.0299082
0.0299081
0.0299082
0.0299081
0.0299082
0.0299081
0.0299082
0.0299081
0.0299082
0.0299082
0.0299082
0.0299082
0.0299082
0.0299082
0.0299082
0.0299082
0.0299082
0.0299082
0.0299082
0.0299081
0.0299082
0.0299081
0.0299082
0.0299081
0.0299082
0.0299081
0.0299082
0.0299081
0.0299082
0.0299081
0.0299082
0.0299081
0.0299082
0.0299081
0.0299082
0.0299081
0.0299082
0.0299081
0.0299082
0.0299081
0.0299082
0.0299081
0.0299081
0.0299081
0.0299081
0.0299081
0.0299081
0.0299081
0.0299081
0.0299081
0.0299081
0.0299081
0.0299081
0.0299081
0.0299081
0.0299081
0.0299081
0.0299081
0.0299081
0.0299081
0.0299081
0.0299081
0.0299081
0.029908
0.0306534
0.0298687
0.0298596
0.029859
0.029859
0.029859
0.029859
0.029859
0.029859
0.029859
0.029859
0.029859
0.029859
0.029859
0.029859
0.029859
0.029859
0.029859
0.029859
0.029859
0.029859
0.029859
0.029859
0.029859
0.029859
0.029859
0.029859
0.029859
0.029859
0.029859
0.029859
0.029859
0.029859
0.029859
0.029859
0.029859
0.029859
0.029859
0.029859
0.029859
0.029859
0.029859
0.029859
0.029859
0.029859
0.029859
0.029859
0.029859
0.029859
0.029859
0.029859
0.029859
0.029859
0.029859
0.029859
0.029859
0.029859
0.0298591
0.029859
0.0298591
0.029859
0.0298591
0.029859
0.0298591
0.029859
0.0298591
0.029859
0.0298591
0.029859
0.0298591
0.029859
0.0298591
0.029859
0.0298591
0.029859
0.0298591
0.029859
0.0298591
0.029859
0.0298591
0.029859
0.0298591
0.029859
0.0298591
0.029859
0.0298591
0.029859
0.0298591
0.029859
0.0298591
0.029859
0.0298591
0.029859
0.0298591
0.029859
0.0298591
0.029859
0.0298591
0.029859
0.0298591
0.029859
0.0298591
0.029859
0.0298591
0.029859
0.0298591
0.029859
0.0298591
0.0298591
0.0298591
0.0298591
0.0298592
0.0298591
0.0298592
0.0298591
0.0298592
0.0298591
0.0298592
0.0298591
0.0298592
0.0298591
0.0298592
0.0298591
0.0298592
0.0298591
0.0298592
0.0298591
0.0298592
0.0298591
0.0298591
0.029859
0.0298591
0.029859
0.0298591
0.029859
0.0298591
0.029859
0.0298591
0.029859
0.0298591
0.029859
0.0298591
0.029859
0.0298591
0.029859
0.0298591
0.029859
0.0298591
0.029859
0.0298592
0.029859
0.0298591
0.029859
0.0298591
0.029859
0.0298591
0.029859
0.0298591
0.029859
0.0298591
0.029859
0.0298591
0.029859
0.0298591
0.029859
0.0298591
0.029859
0.0298591
0.029859
0.0298591
0.029859
0.0298591
0.029859
0.0298591
0.029859
0.0298591
0.029859
0.029859
0.029859
0.029859
0.029859
0.029859
0.0298589
0.029859
0.0298589
0.0298589
0.0298589
0.0298589
0.0298589
0.0298589
0.0298589
0.0298589
0.0298589
0.029859
0.0298589
0.0298589
0.0298589
0.0298589
0.0298589
0.0298587
0.0309582
0.0298112
0.029787
0.0297855
0.0297854
0.0297853
0.0297853
0.0297853
0.0297853
0.0297853
0.0297853
0.0297853
0.0297853
0.0297853
0.0297853
0.0297853
0.0297853
0.0297853
0.0297854
0.0297853
0.0297854
0.0297853
0.0297854
0.0297854
0.0297854
0.0297854
0.0297854
0.0297854
0.0297854
0.0297854
0.0297854
0.0297854
0.0297854
0.0297854
0.0297854
0.0297854
0.0297854
0.0297854
0.0297854
0.0297854
0.0297854
0.0297854
0.0297854
0.0297854
0.0297854
0.0297854
0.0297854
0.0297853
0.0297853
0.0297853
0.0297853
0.0297853
0.0297854
0.0297854
0.0297854
0.0297854
0.0297854
0.0297854
0.0297855
0.0297854
0.0297855
0.0297854
0.0297855
0.0297854
0.0297855
0.0297854
0.0297855
0.0297854
0.0297855
0.0297854
0.0297855
0.0297854
0.0297855
0.0297854
0.0297855
0.0297854
0.0297855
0.0297854
0.0297855
0.0297854
0.0297855
0.0297854
0.0297855
0.0297854
0.0297855
0.0297854
0.0297855
0.0297854
0.0297855
0.0297854
0.0297855
0.0297854
0.0297855
0.0297854
0.0297855
0.0297854
0.0297855
0.0297854
0.0297855
0.0297854
0.0297855
0.0297854
0.0297855
0.0297854
0.0297855
0.0297854
0.0297855
0.0297854
0.0297856
0.0297854
0.0297856
0.0297854
0.0297856
0.0297855
0.0297856
0.0297855
0.0297856
0.0297855
0.0297856
0.0297855
0.0297856
0.0297855
0.0297856
0.0297855
0.0297856
0.0297854
0.0297856
0.0297854
0.0297856
0.0297854
0.0297855
0.0297854
0.0297855
0.0297854
0.0297855
0.0297854
0.0297855
0.0297854
0.0297855
0.0297854
0.0297855
0.0297854
0.0297855
0.0297854
0.0297855
0.0297854
0.0297856
0.0297854
0.0297856
0.0297854
0.0297856
0.0297854
0.0297856
0.0297854
0.0297855
0.0297854
0.0297855
0.0297854
0.0297854
0.0297853
0.0297854
0.0297853
0.0297854
0.0297853
0.0297854
0.0297853
0.0297854
0.0297853
0.0297854
0.0297853
0.0297855
0.0297853
0.0297855
0.0297853
0.0297854
0.0297853
0.0297854
0.0297853
0.0297854
0.0297853
0.0297853
0.0297853
0.0297853
0.0297852
0.0297853
0.0297852
0.0297852
0.0297852
0.0297852
0.0297852
0.0297852
0.0297852
0.0297852
0.0297852
0.0297852
0.0297852
0.0297852
0.0297852
0.0297851
0.0297847
0.0313843
0.029744
0.0296825
0.0296782
0.0296777
0.0296776
0.0296776
0.0296776
0.0296776
0.0296776
0.0296776
0.0296776
0.0296776
0.0296776
0.0296776
0.0296776
0.0296776
0.0296776
0.0296776
0.0296776
0.0296776
0.0296776
0.0296776
0.0296777
0.0296777
0.0296777
0.0296777
0.0296777
0.0296777
0.0296777
0.0296777
0.0296777
0.0296777
0.0296778
0.0296777
0.0296778
0.0296777
0.0296778
0.0296777
0.0296778
0.0296777
0.0296777
0.0296777
0.0296777
0.0296776
0.0296777
0.0296776
0.0296776
0.0296776
0.0296776
0.0296776
0.0296776
0.0296776
0.0296777
0.0296777
0.0296777
0.0296777
0.0296778
0.0296777
0.0296778
0.0296777
0.0296779
0.0296777
0.0296779
0.0296777
0.0296778
0.0296777
0.0296778
0.0296777
0.0296778
0.0296777
0.0296778
0.0296777
0.0296778
0.0296777
0.0296778
0.0296777
0.0296779
0.0296777
0.0296779
0.0296777
0.0296779
0.0296777
0.0296779
0.0296777
0.0296779
0.0296777
0.0296779
0.0296777
0.0296779
0.0296777
0.0296779
0.0296777
0.0296778
0.0296777
0.0296778
0.0296777
0.0296778
0.0296777
0.0296778
0.0296777
0.0296778
0.0296777
0.0296779
0.0296777
0.0296779
0.0296777
0.0296779
0.0296777
0.0296779
0.0296777
0.029678
0.0296777
0.029678
0.0296777
0.029678
0.0296778
0.029678
0.0296777
0.029678
0.0296777
0.029678
0.0296777
0.029678
0.0296777
0.029678
0.0296777
0.0296779
0.0296777
0.0296779
0.0296776
0.0296778
0.0296776
0.0296778
0.0296776
0.0296778
0.0296776
0.0296777
0.0296776
0.0296777
0.0296776
0.0296778
0.0296776
0.0296778
0.0296776
0.0296778
0.0296776
0.0296779
0.0296776
0.0296779
0.0296776
0.0296779
0.0296776
0.0296778
0.0296776
0.0296778
0.0296775
0.0296777
0.0296775
0.0296777
0.0296775
0.0296776
0.0296775
0.0296776
0.0296775
0.0296776
0.0296775
0.0296776
0.0296775
0.0296777
0.0296775
0.0296777
0.0296775
0.0296777
0.0296775
0.0296776
0.0296774
0.0296776
0.0296774
0.0296775
0.0296774
0.0296774
0.0296773
0.0296774
0.0296773
0.0296773
0.0296773
0.0296773
0.0296773
0.0296773
0.0296773
0.0296773
0.0296773
0.0296773
0.0296773
0.0296773
0.0296773
0.0296773
0.029677
0.0296762
0.0319651
0.0296878
0.0295411
0.0295283
0.0295268
0.0295265
0.0295265
0.0295265
0.0295265
0.0295265
0.0295265
0.0295265
0.0295265
0.0295265
0.0295265
0.0295265
0.0295265
0.0295265
0.0295265
0.0295265
0.0295265
0.0295265
0.0295265
0.0295265
0.0295266
0.0295265
0.0295266
0.0295265
0.0295266
0.0295266
0.0295266
0.0295266
0.0295267
0.0295266
0.0295267
0.0295266
0.0295267
0.0295266
0.0295267
0.0295266
0.0295267
0.0295266
0.0295266
0.0295265
0.0295266
0.0295265
0.0295265
0.0295265
0.0295265
0.0295265
0.0295265
0.0295265
0.0295265
0.0295265
0.0295266
0.0295265
0.0295267
0.0295266
0.0295268
0.0295266
0.0295268
0.0295266
0.0295268
0.0295266
0.0295268
0.0295266
0.0295268
0.0295266
0.0295267
0.0295266
0.0295267
0.0295266
0.0295267
0.0295266
0.0295267
0.0295266
0.0295268
0.0295266
0.0295268
0.0295266
0.0295269
0.0295266
0.0295269
0.0295266
0.0295269
0.0295266
0.0295269
0.0295266
0.0295268
0.0295266
0.0295268
0.0295265
0.0295268
0.0295265
0.0295267
0.0295265
0.0295267
0.0295265
0.0295267
0.0295265
0.0295267
0.0295265
0.0295267
0.0295265
0.0295268
0.0295265
0.0295268
0.0295265
0.0295268
0.0295265
0.0295269
0.0295265
0.0295269
0.0295265
0.0295269
0.0295265
0.0295269
0.0295265
0.0295269
0.0295265
0.0295269
0.0295265
0.0295269
0.0295265
0.0295269
0.0295264
0.0295268
0.0295264
0.0295267
0.0295264
0.0295267
0.0295263
0.0295266
0.0295263
0.0295265
0.0295262
0.0295265
0.0295262
0.0295265
0.0295262
0.0295265
0.0295262
0.0295265
0.0295262
0.0295266
0.0295262
0.0295266
0.0295263
0.0295266
0.0295263
0.0295266
0.0295262
0.0295266
0.0295262
0.0295265
0.0295261
0.0295264
0.0295261
0.0295263
0.029526
0.0295262
0.029526
0.0295262
0.029526
0.0295262
0.029526
0.0295262
0.029526
0.0295263
0.029526
0.0295263
0.029526
0.0295263
0.029526
0.0295262
0.0295259
0.0295261
0.0295259
0.029526
0.0295258
0.0295259
0.0295258
0.0295258
0.0295257
0.0295258
0.0295257
0.0295257
0.0295257
0.0295257
0.0295257
0.0295257
0.0295257
0.0295257
0.0295257
0.0295257
0.0295257
0.0295257
0.0295256
0.0295251
0.0295232
0.032732
0.0296917
0.0293721
0.0293357
0.0293303
0.0293295
0.0293294
0.0293293
0.0293293
0.0293293
0.0293293
0.0293293
0.0293293
0.0293293
0.0293293
0.0293293
0.0293293
0.0293293
0.0293293
0.0293294
0.0293294
0.0293294
0.0293294
0.0293294
0.0293294
0.0293294
0.0293294
0.0293295
0.0293294
0.0293295
0.0293294
0.0293296
0.0293294
0.0293296
0.0293295
0.0293296
0.0293295
0.0293297
0.0293294
0.0293296
0.0293294
0.0293295
0.0293294
0.0293295
0.0293293
0.0293293
0.0293293
0.0293293
0.0293292
0.0293292
0.0293293
0.0293293
0.0293293
0.0293294
0.0293293
0.0293295
0.0293294
0.0293296
0.0293294
0.0293297
0.0293295
0.0293298
0.0293295
0.0293298
0.0293295
0.0293297
0.0293294
0.0293297
0.0293294
0.0293296
0.0293293
0.0293296
0.0293293
0.0293296
0.0293293
0.0293296
0.0293293
0.0293297
0.0293294
0.0293297
0.0293294
0.0293298
0.0293294
0.0293298
0.0293294
0.0293298
0.0293293
0.0293297
0.0293293
0.0293296
0.0293292
0.0293296
0.0293292
0.0293295
0.0293291
0.0293294
0.0293291
0.0293294
0.0293291
0.0293294
0.0293291
0.0293294
0.0293291
0.0293295
0.0293291
0.0293295
0.0293291
0.0293296
0.0293291
0.0293296
0.0293291
0.0293296
0.0293291
0.0293297
0.0293291
0.0293297
0.0293291
0.0293297
0.029329
0.0293297
0.029329
0.0293296
0.0293289
0.0293295
0.0293289
0.0293295
0.0293288
0.0293293
0.0293287
0.0293292
0.0293286
0.0293291
0.0293286
0.029329
0.0293285
0.0293289
0.0293284
0.0293288
0.0293284
0.0293288
0.0293284
0.0293288
0.0293284
0.0293289
0.0293284
0.029329
0.0293284
0.029329
0.0293284
0.029329
0.0293284
0.0293289
0.0293283
0.0293288
0.0293282
0.0293287
0.0293281
0.0293285
0.029328
0.0293284
0.0293279
0.0293283
0.0293279
0.0293282
0.0293279
0.0293282
0.0293279
0.0293283
0.0293279
0.0293283
0.0293279
0.0293283
0.0293279
0.0293283
0.0293278
0.0293281
0.0293277
0.029328
0.0293276
0.0293278
0.0293275
0.0293276
0.0293274
0.0293275
0.0293274
0.0293274
0.0293273
0.0293274
0.0293273
0.0293274
0.0293273
0.0293274
0.0293273
0.0293274
0.0293273
0.0293274
0.0293273
0.0293272
0.029326
0.0293221
0.0337085
0.0298346
0.0292213
0.0291259
0.0291081
0.0291047
0.0291042
0.029104
0.029104
0.029104
0.029104
0.029104
0.029104
0.029104
0.029104
0.029104
0.029104
0.029104
0.029104
0.029104
0.029104
0.029104
0.0291041
0.029104
0.0291041
0.0291041
0.0291042
0.0291041
0.0291042
0.0291041
0.0291043
0.0291041
0.0291043
0.0291041
0.0291044
0.0291041
0.0291044
0.0291041
0.0291043
0.0291041
0.0291043
0.029104
0.0291041
0.0291039
0.029104
0.0291038
0.0291039
0.0291038
0.0291038
0.0291038
0.0291038
0.0291038
0.0291039
0.0291039
0.0291041
0.0291039
0.0291042
0.029104
0.0291044
0.0291041
0.0291045
0.0291041
0.0291046
0.029104
0.0291045
0.029104
0.0291044
0.0291039
0.0291043
0.0291038
0.0291042
0.0291038
0.0291041
0.0291037
0.0291041
0.0291037
0.0291042
0.0291038
0.0291043
0.0291038
0.0291043
0.0291037
0.0291044
0.0291037
0.0291043
0.0291036
0.0291042
0.0291036
0.0291041
0.0291035
0.029104
0.0291034
0.0291039
0.0291033
0.0291038
0.0291032
0.0291037
0.0291032
0.0291037
0.0291031
0.0291037
0.0291031
0.0291037
0.0291031
0.0291037
0.0291031
0.0291038
0.029103
0.0291038
0.029103
0.0291038
0.029103
0.0291038
0.0291029
0.0291038
0.0291029
0.0291038
0.0291028
0.0291037
0.0291027
0.0291037
0.0291026
0.0291036
0.0291025
0.0291034
0.0291024
0.0291032
0.0291022
0.029103
0.0291021
0.0291028
0.0291019
0.0291026
0.0291018
0.0291024
0.0291017
0.0291022
0.0291016
0.0291022
0.0291015
0.0291022
0.0291015
0.0291022
0.0291015
0.0291023
0.0291015
0.0291023
0.0291014
0.0291023
0.0291014
0.0291022
0.0291013
0.0291021
0.0291011
0.0291018
0.029101
0.0291016
0.0291008
0.0291013
0.0291006
0.0291011
0.0291005
0.029101
0.0291005
0.029101
0.0291004
0.029101
0.0291004
0.029101
0.0291004
0.029101
0.0291003
0.029101
0.0291003
0.0291008
0.0291001
0.0291006
0.0291
0.0291003
0.0290998
0.0291001
0.0290997
0.0290998
0.0290996
0.0290997
0.0290995
0.0290996
0.0290994
0.0290995
0.0290994
0.0290995
0.0290994
0.0290996
0.0290994
0.0290995
0.0290994
0.0290994
0.0290992
0.0290969
0.0290893
0.0349116
0.030197
0.0291951
0.0289752
0.0289228
0.0289099
0.0289074
0.0289068
0.0289067
0.0289067
0.0289067
0.0289067
0.0289067
0.0289067
0.0289067
0.0289067
0.0289067
0.0289067
0.0289067
0.0289067
0.0289067
0.0289068
0.0289067
0.0289068
0.0289067
0.0289069
0.0289068
0.028907
0.0289068
0.028907
0.0289068
0.0289071
0.0289068
0.0289071
0.0289068
0.0289072
0.0289068
0.0289071
0.0289067
0.028907
0.0289066
0.0289069
0.0289065
0.0289067
0.0289064
0.0289065
0.0289063
0.0289063
0.0289063
0.0289063
0.0289063
0.0289064
0.0289063
0.0289065
0.0289064
0.0289067
0.0289065
0.028907
0.0289065
0.0289071
0.0289065
0.0289072
0.0289065
0.0289072
0.0289064
0.028907
0.0289063
0.0289068
0.0289061
0.0289067
0.028906
0.0289065
0.0289059
0.0289065
0.0289059
0.0289065
0.0289059
0.0289066
0.0289058
0.0289066
0.0289058
0.0289067
0.0289057
0.0289066
0.0289056
0.0289065
0.0289055
0.0289063
0.0289053
0.0289061
0.0289051
0.0289059
0.028905
0.0289057
0.0289048
0.0289055
0.0289047
0.0289054
0.0289046
0.0289053
0.0289045
0.0289053
0.0289044
0.0289053
0.0289044
0.0289053
0.0289043
0.0289053
0.0289042
0.0289053
0.0289041
0.0289053
0.028904
0.0289053
0.0289039
0.0289052
0.0289037
0.0289051
0.0289035
0.0289049
0.0289034
0.0289047
0.0289031
0.0289044
0.0289029
0.0289041
0.0289026
0.0289038
0.0289024
0.0289034
0.0289021
0.0289031
0.0289018
0.0289027
0.0289016
0.0289024
0.0289014
0.0289023
0.0289013
0.0289021
0.0289012
0.0289021
0.0289011
0.0289022
0.028901
0.0289022
0.0289009
0.0289022
0.0289008
0.0289021
0.0289006
0.0289018
0.0289004
0.0289015
0.0289001
0.0289011
0.0288998
0.0289007
0.0288996
0.0289003
0.0288994
0.0289001
0.0288992
0.0288999
0.0288991
0.0288999
0.028899
0.0288999
0.0288989
0.0288999
0.0288989
0.0288998
0.0288987
0.0288996
0.0288985
0.0288993
0.0288983
0.0288989
0.028898
0.0288985
0.0288978
0.0288981
0.0288976
0.0288978
0.0288975
0.0288976
0.0288974
0.0288975
0.0288973
0.0288975
0.0288973
0.0288975
0.0288973
0.0288975
0.0288973
0.0288974
0.0288973
0.0288972
0.0288926
0.0288799
0.0363676
0.0308095
0.0294358
0.0290121
0.0288818
0.0288404
0.0288294
0.0288272
0.0288267
0.0288266
0.0288266
0.0288266
0.0288266
0.0288266
0.0288266
0.0288266
0.0288266
0.0288266
0.0288266
0.0288266
0.0288266
0.0288266
0.0288267
0.0288266
0.0288267
0.0288266
0.0288268
0.0288266
0.0288269
0.0288266
0.028827
0.0288266
0.028827
0.0288266
0.028827
0.0288265
0.028827
0.0288265
0.0288269
0.0288264
0.0288267
0.0288262
0.0288265
0.0288261
0.0288262
0.0288259
0.028826
0.0288258
0.0288259
0.0288258
0.0288259
0.0288259
0.028826
0.0288259
0.0288262
0.0288259
0.0288265
0.028826
0.0288267
0.028826
0.0288268
0.0288259
0.0288268
0.0288258
0.0288266
0.0288256
0.0288264
0.0288254
0.0288261
0.0288252
0.0288259
0.0288251
0.0288257
0.0288249
0.0288257
0.0288248
0.0288257
0.0288247
0.0288257
0.0288246
0.0288257
0.0288245
0.0288256
0.0288243
0.0288254
0.0288241
0.0288252
0.0288238
0.0288249
0.0288236
0.0288245
0.0288233
0.0288242
0.028823
0.0288239
0.0288228
0.0288237
0.0288226
0.0288235
0.0288224
0.0288234
0.0288223
0.0288233
0.0288221
0.0288233
0.0288219
0.0288232
0.0288218
0.0288231
0.0288216
0.0288231
0.0288213
0.0288229
0.0288211
0.0288227
0.0288208
0.0288225
0.0288205
0.0288222
0.0288202
0.0288219
0.0288198
0.0288215
0.0288194
0.0288211
0.028819
0.0288206
0.0288186
0.02882
0.0288182
0.0288195
0.0288178
0.028819
0.0288174
0.0288185
0.028817
0.0288181
0.0288168
0.0288179
0.0288165
0.0288177
0.0288163
0.0288177
0.0288162
0.0288176
0.028816
0.0288176
0.0288158
0.0288174
0.0288155
0.0288171
0.0288151
0.0288166
0.0288147
0.0288161
0.0288143
0.0288155
0.0288139
0.0288149
0.0288135
0.0288144
0.0288132
0.0288141
0.028813
0.0288139
0.0288128
0.0288139
0.0288127
0.0288138
0.0288125
0.0288137
0.0288123
0.0288134
0.028812
0.0288131
0.0288117
0.0288126
0.0288113
0.028812
0.028811
0.0288115
0.0288107
0.028811
0.0288105
0.0288107
0.0288103
0.0288105
0.0288102
0.0288104
0.0288102
0.0288104
0.0288101
0.0288103
0.0288101
0.0288103
0.0288101
0.0288105
0.0288105
0.0288028
0.0287851
0.0381523
0.031655
0.0299899
0.0293182
0.0290477
0.0289459
0.028908
0.0288989
0.0288971
0.0288966
0.0288965
0.0288965
0.0288964
0.0288965
0.0288965
0.0288965
0.0288965
0.0288965
0.0288965
0.0288965
0.0288965
0.0288965
0.0288965
0.0288966
0.0288965
0.0288967
0.0288965
0.0288967
0.0288965
0.0288968
0.0288964
0.0288968
0.0288964
0.0288969
0.0288963
0.0288968
0.0288962
0.0288966
0.0288961
0.0288966
0.0288959
0.0288963
0.0288958
0.0288959
0.0288956
0.0288957
0.0288955
0.0288955
0.0288955
0.0288956
0.0288955
0.0288956
0.0288955
0.0288957
0.0288954
0.0288959
0.0288955
0.0288961
0.0288954
0.0288962
0.0288953
0.0288962
0.0288952
0.0288961
0.028895
0.0288958
0.0288947
0.0288955
0.0288945
0.0288951
0.0288942
0.028895
0.028894
0.0288948
0.0288938
0.0288947
0.0288937
0.0288947
0.0288935
0.0288946
0.0288933
0.0288945
0.028893
0.0288942
0.0288927
0.0288939
0.0288924
0.0288936
0.0288921
0.0288932
0.0288917
0.0288927
0.0288914
0.0288924
0.0288911
0.028892
0.0288908
0.0288917
0.0288905
0.0288915
0.0288902
0.0288913
0.02889
0.0288912
0.0288897
0.0288911
0.0288895
0.0288909
0.0288892
0.0288907
0.0288888
0.0288905
0.0288885
0.0288902
0.0288881
0.0288899
0.0288876
0.0288895
0.0288872
0.028889
0.0288867
0.0288885
0.0288862
0.028888
0.0288856
0.0288874
0.0288851
0.0288867
0.0288846
0.028886
0.028884
0.0288854
0.0288835
0.0288848
0.0288831
0.0288842
0.0288827
0.0288838
0.0288823
0.0288835
0.028882
0.0288833
0.0288817
0.0288832
0.0288814
0.028883
0.0288811
0.0288828
0.0288807
0.0288824
0.0288803
0.0288819
0.0288798
0.0288813
0.0288792
0.0288806
0.0288787
0.0288799
0.0288782
0.0288793
0.0288778
0.0288788
0.0288775
0.0288785
0.0288772
0.0288783
0.0288769
0.0288781
0.0288767
0.0288779
0.0288764
0.0288777
0.0288761
0.0288772
0.0288757
0.0288767
0.0288753
0.0288761
0.0288749
0.0288755
0.0288745
0.0288749
0.0288742
0.0288745
0.028874
0.0288742
0.0288739
0.028874
0.0288738
0.028874
0.0288737
0.0288739
0.0288736
0.0288739
0.0288736
0.028874
0.0288744
0.0288758
0.0288648
0.0288457
0.0404359
0.0327603
0.0307213
0.0297544
0.029271
0.029067
0.0289781
0.0289465
0.0289412
0.0289398
0.0289395
0.0289394
0.0289394
0.0289394
0.0289394
0.0289394
0.0289394
0.0289394
0.0289395
0.0289394
0.0289395
0.0289394
0.0289395
0.0289394
0.0289395
0.0289394
0.0289395
0.0289393
0.0289396
0.0289393
0.0289396
0.0289392
0.0289396
0.0289392
0.0289396
0.0289391
0.0289395
0.028939
0.0289394
0.0289388
0.0289391
0.0289387
0.0289389
0.0289385
0.0289387
0.0289384
0.0289385
0.0289384
0.0289385
0.0289384
0.0289385
0.0289384
0.0289386
0.0289383
0.0289386
0.0289383
0.0289388
0.0289382
0.0289388
0.0289381
0.0289389
0.028938
0.0289387
0.0289378
0.0289385
0.0289375
0.0289382
0.0289373
0.0289379
0.0289371
0.0289377
0.0289368
0.0289375
0.0289366
0.0289373
0.0289364
0.0289372
0.0289362
0.0289371
0.028936
0.028937
0.0289357
0.0289368
0.0289355
0.0289365
0.0289351
0.0289362
0.0289348
0.0289358
0.0289345
0.0289354
0.0289341
0.028935
0.0289338
0.0289346
0.0289335
0.0289343
0.0289332
0.0289341
0.028933
0.0289339
0.0289327
0.0289337
0.0289324
0.0289335
0.0289321
0.0289333
0.0289318
0.0289331
0.0289314
0.0289328
0.0289311
0.0289325
0.0289307
0.0289322
0.0289302
0.0289318
0.0289297
0.0289313
0.0289293
0.0289309
0.0289287
0.0289303
0.0289282
0.0289297
0.0289277
0.0289291
0.0289272
0.0289285
0.0289266
0.0289279
0.0289262
0.0289273
0.0289257
0.0289267
0.0289253
0.0289263
0.0289249
0.0289259
0.0289246
0.0289257
0.0289243
0.0289255
0.0289239
0.0289252
0.0289236
0.028925
0.0289232
0.0289246
0.0289227
0.0289242
0.0289223
0.0289236
0.0289218
0.028923
0.0289213
0.0289224
0.0289208
0.0289218
0.0289204
0.0289213
0.02892
0.0289209
0.0289197
0.0289206
0.0289194
0.0289204
0.0289191
0.0289202
0.0289188
0.0289199
0.0289185
0.0289196
0.0289181
0.0289191
0.0289178
0.0289186
0.0289174
0.028918
0.0289171
0.0289175
0.0289168
0.0289171
0.0289166
0.0289168
0.0289164
0.0289166
0.0289163
0.0289165
0.0289162
0.0289164
0.0289162
0.0289164
0.0289161
0.0289163
0.0289165
0.028918
0.0289214
0.0289105
0.0288929
0.0434601
0.0342823
0.0315098
0.0300742
0.0292597
0.0288822
0.028726
0.0286504
0.0286392
0.0286366
0.0286359
0.0286357
0.0286357
0.0286357
0.0286356
0.0286356
0.0286356
0.0286357
0.0286356
0.0286357
0.0286357
0.0286357
0.0286356
0.0286357
0.0286356
0.0286358
0.0286356
0.0286358
0.0286356
0.0286358
0.0286355
0.0286358
0.0286355
0.0286358
0.0286354
0.0286357
0.0286353
0.0286357
0.0286353
0.0286355
0.0286351
0.0286353
0.028635
0.0286352
0.028635
0.028635
0.0286349
0.028635
0.0286349
0.028635
0.028635
0.028635
0.0286349
0.028635
0.0286348
0.0286351
0.0286348
0.0286352
0.0286347
0.0286352
0.0286346
0.0286351
0.0286344
0.028635
0.0286343
0.0286348
0.0286341
0.0286346
0.0286339
0.0286344
0.0286338
0.0286342
0.0286336
0.0286341
0.0286335
0.028634
0.0286333
0.0286339
0.0286331
0.0286339
0.0286329
0.0286337
0.0286327
0.0286335
0.0286325
0.0286333
0.0286323
0.028633
0.028632
0.0286327
0.0286318
0.0286325
0.0286315
0.0286322
0.0286313
0.0286319
0.0286311
0.0286317
0.0286309
0.0286315
0.0286306
0.0286314
0.0286304
0.0286312
0.0286302
0.0286311
0.02863
0.0286309
0.0286297
0.0286307
0.0286294
0.0286305
0.0286291
0.0286303
0.0286288
0.02863
0.0286285
0.0286297
0.0286281
0.0286293
0.0286277
0.0286289
0.0286273
0.0286285
0.0286269
0.0286281
0.0286266
0.0286276
0.0286262
0.0286272
0.0286258
0.0286267
0.0286255
0.0286263
0.0286252
0.0286259
0.0286249
0.0286256
0.0286246
0.0286254
0.0286243
0.0286252
0.0286241
0.028625
0.0286238
0.0286249
0.0286235
0.0286246
0.0286232
0.0286243
0.0286228
0.0286239
0.0286225
0.0286235
0.0286221
0.028623
0.0286218
0.0286226
0.0286215
0.0286222
0.0286212
0.0286218
0.0286209
0.0286216
0.0286207
0.0286214
0.0286205
0.0286212
0.0286202
0.0286211
0.02862
0.0286208
0.0286197
0.0286205
0.0286195
0.0286202
0.0286192
0.0286198
0.028619
0.0286194
0.0286188
0.028619
0.0286186
0.0286188
0.0286185
0.0286186
0.0286184
0.0286185
0.0286183
0.0286184
0.0286182
0.0286184
0.0286182
0.0286183
0.0286182
0.0286189
0.0286209
0.0286276
0.0286222
0.0286024
0.047432
0.0364922
0.0324115
0.0302238
0.0289216
0.0282617
0.0280216
0.0278918
0.0278755
0.0278721
0.0278712
0.0278709
0.0278709
0.0278709
0.0278709
0.0278709
0.0278709
0.0278709
0.0278709
0.0278709
0.0278709
0.0278709
0.0278709
0.0278709
0.0278709
0.0278709
0.027871
0.0278709
0.027871
0.0278708
0.027871
0.0278708
0.027871
0.0278708
0.027871
0.0278708
0.027871
0.0278707
0.0278709
0.0278706
0.0278708
0.0278706
0.0278707
0.0278705
0.0278706
0.0278704
0.0278705
0.0278704
0.0278705
0.0278704
0.0278705
0.0278704
0.0278705
0.0278704
0.0278706
0.0278704
0.0278706
0.0278703
0.0278707
0.0278703
0.0278707
0.0278702
0.0278707
0.0278702
0.0278706
0.0278701
0.0278704
0.02787
0.0278703
0.0278698
0.0278702
0.0278697
0.0278701
0.0278696
0.02787
0.0278695
0.02787
0.0278695
0.0278699
0.0278694
0.0278699
0.0278692
0.0278698
0.0278691
0.0278697
0.027869
0.0278695
0.0278688
0.0278694
0.0278687
0.0278692
0.0278685
0.027869
0.0278684
0.0278688
0.0278682
0.0278687
0.0278681
0.0278685
0.0278679
0.0278684
0.0278678
0.0278684
0.0278677
0.0278683
0.0278676
0.0278682
0.0278674
0.0278681
0.0278673
0.027868
0.0278671
0.0278679
0.0278669
0.0278677
0.0278667
0.0278676
0.0278665
0.0278674
0.0278663
0.0278671
0.027866
0.0278669
0.0278658
0.0278666
0.0278655
0.0278663
0.0278653
0.027866
0.0278651
0.0278657
0.0278648
0.0278654
0.0278646
0.0278652
0.0278644
0.0278649
0.0278642
0.0278648
0.0278641
0.0278647
0.0278639
0.0278646
0.0278637
0.0278645
0.0278636
0.0278644
0.0278634
0.0278642
0.0278632
0.027864
0.027863
0.0278637
0.0278628
0.0278634
0.0278625
0.0278631
0.0278623
0.0278628
0.0278621
0.0278626
0.0278619
0.0278624
0.0278618
0.0278623
0.0278616
0.0278622
0.0278615
0.0278621
0.0278614
0.0278619
0.0278612
0.0278618
0.027861
0.0278616
0.0278609
0.0278613
0.0278607
0.027861
0.0278605
0.0278608
0.0278604
0.0278606
0.0278603
0.0278604
0.0278602
0.0278603
0.0278601
0.0278602
0.0278601
0.0278602
0.02786
0.0278602
0.02786
0.0278602
0.0278607
0.0278632
0.0278714
0.0278712
0.0278379
0.0519268
0.039453
0.0334548
0.030324
0.0284876
0.0274736
0.0271343
0.0269668
0.0269534
0.0269516
0.0269512
0.0269511
0.026951
0.026951
0.026951
0.026951
0.026951
0.026951
0.026951
0.026951
0.026951
0.0269511
0.026951
0.0269511
0.026951
0.0269511
0.026951
0.0269511
0.026951
0.0269512
0.026951
0.0269512
0.026951
0.0269512
0.026951
0.0269512
0.026951
0.0269512
0.026951
0.0269511
0.0269509
0.026951
0.0269509
0.0269509
0.0269508
0.0269508
0.0269508
0.0269508
0.0269507
0.0269508
0.0269507
0.0269508
0.0269507
0.0269508
0.0269507
0.0269509
0.0269508
0.026951
0.0269508
0.0269511
0.0269508
0.0269511
0.0269507
0.026951
0.0269507
0.026951
0.0269506
0.0269509
0.0269505
0.0269508
0.0269505
0.0269507
0.0269504
0.0269507
0.0269503
0.0269506
0.0269503
0.0269506
0.0269502
0.0269506
0.0269502
0.0269506
0.0269501
0.0269506
0.0269501
0.0269505
0.02695
0.0269504
0.0269499
0.0269503
0.0269498
0.0269501
0.0269497
0.02695
0.0269496
0.0269499
0.0269495
0.0269498
0.0269494
0.0269498
0.0269493
0.0269497
0.0269493
0.0269497
0.0269492
0.0269497
0.0269491
0.0269496
0.026949
0.0269496
0.026949
0.0269496
0.0269489
0.0269495
0.0269488
0.0269494
0.0269487
0.0269493
0.0269485
0.0269492
0.0269484
0.026949
0.0269482
0.0269489
0.0269481
0.0269487
0.0269479
0.0269485
0.0269478
0.0269483
0.0269476
0.0269481
0.0269475
0.0269479
0.0269473
0.0269477
0.0269472
0.0269476
0.0269471
0.0269475
0.026947
0.0269475
0.0269469
0.0269474
0.0269468
0.0269474
0.0269467
0.0269473
0.0269466
0.0269473
0.0269465
0.0269471
0.0269464
0.0269469
0.0269462
0.0269467
0.0269461
0.0269465
0.0269459
0.0269463
0.0269458
0.0269461
0.0269457
0.026946
0.0269456
0.0269459
0.0269455
0.0269459
0.0269454
0.0269459
0.0269453
0.0269458
0.0269453
0.0269457
0.0269451
0.0269455
0.026945
0.0269453
0.0269449
0.0269451
0.0269448
0.0269449
0.0269447
0.0269448
0.0269446
0.0269446
0.0269445
0.0269446
0.0269445
0.0269446
0.0269445
0.0269445
0.0269444
0.0269445
0.0269445
0.0269449
0.026946
0.0269504
0.0269391
0.0268808
0.0519268
0.039453
0.0334548
0.030324
0.0284876
0.0274736
0.0271344
0.0269668
0.0269534
0.0269516
0.0269512
0.0269511
0.026951
0.026951
0.026951
0.026951
0.026951
0.026951
0.026951
0.026951
0.026951
0.026951
0.0269511
0.026951
0.0269511
0.026951
0.0269511
0.026951
0.0269511
0.026951
0.0269512
0.026951
0.0269512
0.026951
0.0269512
0.026951
0.0269512
0.026951
0.0269511
0.0269509
0.0269511
0.0269509
0.026951
0.0269508
0.0269509
0.0269508
0.0269508
0.0269507
0.0269508
0.0269507
0.0269508
0.0269507
0.0269508
0.0269507
0.0269509
0.0269507
0.026951
0.0269508
0.026951
0.0269508
0.0269511
0.0269507
0.0269511
0.0269507
0.026951
0.0269506
0.0269509
0.0269506
0.0269508
0.0269505
0.0269507
0.0269504
0.0269507
0.0269504
0.0269507
0.0269503
0.0269506
0.0269503
0.0269506
0.0269502
0.0269506
0.0269502
0.0269506
0.0269501
0.0269505
0.02695
0.0269504
0.0269499
0.0269503
0.0269498
0.0269502
0.0269497
0.0269501
0.0269496
0.02695
0.0269495
0.0269499
0.0269494
0.0269498
0.0269494
0.0269497
0.0269493
0.0269497
0.0269492
0.0269497
0.0269492
0.0269496
0.0269491
0.0269496
0.026949
0.0269496
0.0269489
0.0269495
0.0269488
0.0269495
0.0269487
0.0269494
0.0269486
0.0269493
0.0269485
0.0269491
0.0269483
0.026949
0.0269482
0.0269488
0.026948
0.0269486
0.0269479
0.0269484
0.0269477
0.0269482
0.0269475
0.026948
0.0269474
0.0269478
0.0269472
0.0269477
0.0269471
0.0269475
0.026947
0.0269475
0.0269469
0.0269474
0.0269469
0.0269474
0.0269468
0.0269474
0.0269467
0.0269473
0.0269466
0.0269472
0.0269464
0.026947
0.0269463
0.0269468
0.0269461
0.0269466
0.026946
0.0269464
0.0269458
0.0269462
0.0269457
0.0269461
0.0269456
0.026946
0.0269455
0.0269459
0.0269455
0.0269459
0.0269454
0.0269458
0.0269453
0.0269457
0.0269452
0.0269456
0.0269451
0.0269454
0.026945
0.0269452
0.0269448
0.026945
0.0269447
0.0269448
0.0269446
0.0269447
0.0269446
0.0269446
0.0269445
0.0269446
0.0269445
0.0269445
0.0269445
0.0269445
0.0269444
0.0269446
0.0269448
0.026946
0.0269504
0.0269391
0.0268808
0.047432
0.0364921
0.0324115
0.0302238
0.0289216
0.0282617
0.0280216
0.0278918
0.0278755
0.027872
0.0278712
0.0278709
0.0278709
0.0278709
0.0278709
0.0278709
0.0278709
0.0278709
0.0278709
0.0278709
0.0278709
0.0278709
0.0278709
0.0278709
0.0278709
0.027871
0.0278709
0.027871
0.0278708
0.027871
0.0278708
0.027871
0.0278708
0.027871
0.0278708
0.027871
0.0278707
0.0278709
0.0278707
0.0278709
0.0278706
0.0278708
0.0278705
0.0278706
0.0278705
0.0278705
0.0278704
0.0278705
0.0278704
0.0278705
0.0278705
0.0278705
0.0278704
0.0278705
0.0278704
0.0278706
0.0278704
0.0278707
0.0278703
0.0278707
0.0278703
0.0278707
0.0278702
0.0278706
0.0278701
0.0278705
0.02787
0.0278704
0.0278699
0.0278702
0.0278698
0.0278701
0.0278697
0.02787
0.0278696
0.02787
0.0278695
0.02787
0.0278694
0.0278699
0.0278693
0.0278699
0.0278692
0.0278698
0.027869
0.0278696
0.0278689
0.0278694
0.0278687
0.0278693
0.0278686
0.0278691
0.0278684
0.0278689
0.0278683
0.0278687
0.0278681
0.0278686
0.027868
0.0278685
0.0278679
0.0278684
0.0278677
0.0278683
0.0278676
0.0278682
0.0278675
0.0278682
0.0278673
0.0278681
0.0278672
0.0278679
0.027867
0.0278678
0.0278668
0.0278677
0.0278666
0.0278675
0.0278664
0.0278673
0.0278662
0.027867
0.0278659
0.0278668
0.0278657
0.0278665
0.0278654
0.0278662
0.0278652
0.0278659
0.0278649
0.0278656
0.0278647
0.0278653
0.0278645
0.0278651
0.0278643
0.0278649
0.0278641
0.0278647
0.027864
0.0278646
0.0278638
0.0278645
0.0278637
0.0278644
0.0278635
0.0278643
0.0278633
0.0278641
0.0278631
0.0278639
0.0278629
0.0278636
0.0278626
0.0278633
0.0278624
0.027863
0.0278622
0.0278627
0.027862
0.0278625
0.0278618
0.0278623
0.0278617
0.0278622
0.0278616
0.0278621
0.0278614
0.027862
0.0278613
0.0278619
0.0278611
0.0278617
0.027861
0.0278615
0.0278608
0.0278612
0.0278606
0.0278609
0.0278605
0.0278607
0.0278603
0.0278605
0.0278602
0.0278603
0.0278602
0.0278602
0.0278601
0.0278602
0.0278601
0.0278602
0.02786
0.0278601
0.0278601
0.0278608
0.0278631
0.0278715
0.0278712
0.0278379
0.0434602
0.0342822
0.0315098
0.0300742
0.0292597
0.0288822
0.028726
0.0286504
0.0286392
0.0286366
0.0286359
0.0286357
0.0286357
0.0286356
0.0286357
0.0286356
0.0286356
0.0286356
0.0286357
0.0286357
0.0286357
0.0286356
0.0286357
0.0286356
0.0286358
0.0286356
0.0286358
0.0286356
0.0286358
0.0286356
0.0286358
0.0286355
0.0286358
0.0286355
0.0286357
0.0286354
0.0286357
0.0286353
0.0286356
0.0286352
0.0286354
0.0286351
0.0286353
0.028635
0.0286351
0.0286349
0.028635
0.0286349
0.028635
0.028635
0.028635
0.0286349
0.0286351
0.0286349
0.0286351
0.0286348
0.0286352
0.0286347
0.0286352
0.0286346
0.0286352
0.0286345
0.0286351
0.0286344
0.0286349
0.0286342
0.0286347
0.028634
0.0286345
0.0286339
0.0286343
0.0286337
0.0286342
0.0286335
0.0286341
0.0286334
0.028634
0.0286332
0.0286339
0.028633
0.0286338
0.0286328
0.0286336
0.0286326
0.0286334
0.0286324
0.0286332
0.0286321
0.0286329
0.0286319
0.0286326
0.0286316
0.0286323
0.0286314
0.028632
0.0286312
0.0286318
0.028631
0.0286316
0.0286308
0.0286314
0.0286305
0.0286313
0.0286303
0.0286311
0.0286301
0.028631
0.0286298
0.0286308
0.0286296
0.0286306
0.0286293
0.0286304
0.028629
0.0286301
0.0286286
0.0286298
0.0286283
0.0286295
0.0286279
0.0286291
0.0286275
0.0286287
0.0286271
0.0286283
0.0286268
0.0286279
0.0286264
0.0286274
0.028626
0.0286269
0.0286256
0.0286265
0.0286253
0.0286261
0.028625
0.0286258
0.0286247
0.0286255
0.0286245
0.0286253
0.0286242
0.0286251
0.0286239
0.0286249
0.0286237
0.0286247
0.0286233
0.0286245
0.028623
0.0286241
0.0286227
0.0286237
0.0286223
0.0286233
0.028622
0.0286228
0.0286216
0.0286224
0.0286213
0.028622
0.0286211
0.0286217
0.0286208
0.0286215
0.0286206
0.0286213
0.0286204
0.0286212
0.0286201
0.0286209
0.0286199
0.0286207
0.0286196
0.0286204
0.0286193
0.02862
0.0286191
0.0286196
0.0286189
0.0286192
0.0286187
0.0286189
0.0286185
0.0286187
0.0286184
0.0286185
0.0286183
0.0286184
0.0286183
0.0286184
0.0286182
0.0286183
0.0286181
0.0286183
0.0286188
0.028621
0.0286275
0.0286222
0.0286023
0.0404359
0.0327603
0.0307213
0.0297544
0.029271
0.029067
0.0289781
0.0289465
0.0289412
0.0289398
0.0289395
0.0289394
0.0289394
0.0289394
0.0289394
0.0289394
0.0289394
0.0289394
0.0289394
0.0289395
0.0289394
0.0289395
0.0289394
0.0289395
0.0289394
0.0289395
0.0289394
0.0289396
0.0289393
0.0289396
0.0289393
0.0289396
0.0289392
0.0289396
0.0289391
0.0289395
0.028939
0.0289395
0.0289389
0.0289392
0.0289387
0.028939
0.0289386
0.0289388
0.0289385
0.0289386
0.0289384
0.0289385
0.0289384
0.0289385
0.0289384
0.0289385
0.0289384
0.0289386
0.0289383
0.0289387
0.0289383
0.0289388
0.0289382
0.0289389
0.028938
0.0289388
0.0289379
0.0289386
0.0289376
0.0289384
0.0289374
0.0289381
0.0289372
0.0289378
0.028937
0.0289376
0.0289367
0.0289374
0.0289365
0.0289373
0.0289363
0.0289372
0.0289361
0.0289371
0.0289359
0.0289369
0.0289356
0.0289367
0.0289353
0.0289363
0.028935
0.028936
0.0289346
0.0289356
0.0289343
0.0289352
0.028934
0.0289348
0.0289337
0.0289345
0.0289334
0.0289342
0.0289331
0.028934
0.0289328
0.0289338
0.0289325
0.0289336
0.0289322
0.0289334
0.0289319
0.0289332
0.0289316
0.0289329
0.0289313
0.0289327
0.0289309
0.0289323
0.0289304
0.028932
0.02893
0.0289316
0.0289295
0.0289311
0.028929
0.0289306
0.0289285
0.02893
0.028928
0.0289294
0.0289274
0.0289288
0.0289269
0.0289282
0.0289264
0.0289276
0.0289259
0.028927
0.0289255
0.0289265
0.0289251
0.0289261
0.0289248
0.0289258
0.0289244
0.0289256
0.0289241
0.0289254
0.0289237
0.0289251
0.0289234
0.0289248
0.0289229
0.0289244
0.0289225
0.0289239
0.028922
0.0289233
0.0289215
0.0289227
0.028921
0.0289221
0.0289206
0.0289215
0.0289202
0.0289211
0.0289199
0.0289207
0.0289196
0.0289205
0.0289193
0.0289203
0.028919
0.0289201
0.0289187
0.0289198
0.0289183
0.0289194
0.028918
0.0289189
0.0289176
0.0289183
0.0289172
0.0289178
0.0289169
0.0289173
0.0289167
0.0289169
0.0289165
0.0289167
0.0289164
0.0289165
0.0289163
0.0289164
0.0289162
0.0289164
0.0289161
0.0289163
0.0289161
0.0289167
0.0289179
0.0289215
0.0289104
0.0288929
0.0381523
0.031655
0.0299899
0.0293181
0.0290477
0.0289459
0.0289079
0.0288989
0.0288971
0.0288966
0.0288965
0.0288965
0.0288965
0.0288965
0.0288965
0.0288964
0.0288965
0.0288965
0.0288965
0.0288965
0.0288965
0.0288965
0.0288966
0.0288965
0.0288966
0.0288965
0.0288967
0.0288965
0.0288968
0.0288964
0.0288968
0.0288964
0.0288968
0.0288963
0.0288969
0.0288963
0.0288967
0.0288961
0.0288966
0.028896
0.0288964
0.0288959
0.0288961
0.0288957
0.0288958
0.0288955
0.0288956
0.0288955
0.0288955
0.0288955
0.0288956
0.0288955
0.0288957
0.0288955
0.0288958
0.0288955
0.028896
0.0288954
0.0288962
0.0288954
0.0288962
0.0288953
0.0288962
0.0288951
0.0288959
0.0288948
0.0288956
0.0288946
0.0288953
0.0288943
0.028895
0.0288941
0.0288948
0.0288939
0.0288947
0.0288937
0.0288947
0.0288936
0.0288946
0.0288934
0.0288945
0.0288932
0.0288944
0.0288929
0.0288941
0.0288926
0.0288937
0.0288922
0.0288934
0.0288919
0.028893
0.0288915
0.0288925
0.0288912
0.0288922
0.0288909
0.0288919
0.0288906
0.0288916
0.0288904
0.0288914
0.0288901
0.0288912
0.0288899
0.0288911
0.0288896
0.028891
0.0288893
0.0288908
0.028889
0.0288906
0.0288887
0.0288903
0.0288883
0.02889
0.0288879
0.0288897
0.0288874
0.0288893
0.0288869
0.0288888
0.0288864
0.0288882
0.0288859
0.0288877
0.0288854
0.028887
0.0288848
0.0288864
0.0288843
0.0288857
0.0288838
0.0288851
0.0288833
0.0288845
0.0288829
0.028884
0.0288825
0.0288837
0.0288822
0.0288834
0.0288819
0.0288833
0.0288816
0.0288831
0.0288813
0.0288829
0.0288809
0.0288826
0.0288805
0.0288822
0.02888
0.0288816
0.0288795
0.0288809
0.028879
0.0288802
0.0288785
0.0288796
0.028878
0.028879
0.0288777
0.0288786
0.0288773
0.0288784
0.0288771
0.0288782
0.0288768
0.028878
0.0288765
0.0288778
0.0288762
0.0288775
0.0288759
0.028877
0.0288755
0.0288764
0.0288751
0.0288758
0.0288747
0.0288752
0.0288744
0.0288747
0.0288741
0.0288743
0.0288739
0.0288741
0.0288738
0.028874
0.0288737
0.0288739
0.0288737
0.0288739
0.0288736
0.0288738
0.0288737
0.0288746
0.0288757
0.0288648
0.0288457
0.0363676
0.0308095
0.0294358
0.0290121
0.0288818
0.0288404
0.0288294
0.0288272
0.0288267
0.0288266
0.0288266
0.0288266
0.0288266
0.0288266
0.0288266
0.0288266
0.0288266
0.0288266
0.0288266
0.0288266
0.0288266
0.0288266
0.0288266
0.0288267
0.0288266
0.0288268
0.0288266
0.0288269
0.0288266
0.028827
0.0288266
0.028827
0.0288266
0.028827
0.0288266
0.028827
0.0288265
0.028827
0.0288264
0.0288268
0.0288263
0.0288266
0.0288261
0.0288264
0.028826
0.0288261
0.0288259
0.0288259
0.0288258
0.0288259
0.0288259
0.028826
0.0288259
0.0288261
0.0288259
0.0288264
0.028826
0.0288266
0.028826
0.0288268
0.028826
0.0288268
0.0288259
0.0288267
0.0288257
0.0288265
0.0288255
0.0288262
0.0288253
0.028826
0.0288251
0.0288258
0.028825
0.0288257
0.0288249
0.0288257
0.0288248
0.0288257
0.0288247
0.0288257
0.0288246
0.0288257
0.0288244
0.0288255
0.0288242
0.0288253
0.028824
0.028825
0.0288237
0.0288247
0.0288234
0.0288244
0.0288232
0.0288241
0.0288229
0.0288238
0.0288227
0.0288236
0.0288225
0.0288235
0.0288223
0.0288234
0.0288222
0.0288233
0.028822
0.0288232
0.0288218
0.0288232
0.0288217
0.0288231
0.0288215
0.028823
0.0288212
0.0288228
0.028821
0.0288226
0.0288207
0.0288224
0.0288203
0.0288221
0.02882
0.0288217
0.0288196
0.0288213
0.0288192
0.0288208
0.0288188
0.0288203
0.0288184
0.0288198
0.028818
0.0288192
0.0288176
0.0288187
0.0288172
0.0288183
0.0288169
0.028818
0.0288166
0.0288178
0.0288164
0.0288177
0.0288163
0.0288176
0.0288161
0.0288176
0.0288159
0.0288175
0.0288156
0.0288172
0.0288153
0.0288169
0.0288149
0.0288163
0.0288145
0.0288158
0.0288141
0.0288152
0.0288137
0.0288147
0.0288134
0.0288143
0.0288131
0.028814
0.0288129
0.0288139
0.0288127
0.0288138
0.0288126
0.0288137
0.0288124
0.0288136
0.0288121
0.0288133
0.0288118
0.0288128
0.0288115
0.0288123
0.0288112
0.0288117
0.0288108
0.0288112
0.0288106
0.0288108
0.0288104
0.0288106
0.0288103
0.0288104
0.0288102
0.0288104
0.0288101
0.0288104
0.0288101
0.0288103
0.0288101
0.0288103
0.0288103
0.0288106
0.0288028
0.0287851
0.0349116
0.030197
0.0291951
0.0289752
0.0289228
0.0289099
0.0289074
0.0289068
0.0289067
0.0289067
0.0289067
0.0289067
0.0289067
0.0289067
0.0289067
0.0289067
0.0289067
0.0289067
0.0289067
0.0289067
0.0289067
0.0289067
0.0289068
0.0289067
0.0289068
0.0289068
0.0289069
0.0289068
0.028907
0.0289068
0.0289071
0.0289068
0.0289071
0.0289068
0.0289072
0.0289068
0.0289071
0.0289067
0.0289071
0.0289067
0.028907
0.0289066
0.0289068
0.0289065
0.0289066
0.0289064
0.0289064
0.0289063
0.0289063
0.0289063
0.0289063
0.0289063
0.0289064
0.0289064
0.0289066
0.0289064
0.0289069
0.0289065
0.0289071
0.0289065
0.0289072
0.0289065
0.0289072
0.0289065
0.0289071
0.0289063
0.0289069
0.0289062
0.0289067
0.0289061
0.0289066
0.028906
0.0289065
0.0289059
0.0289065
0.0289059
0.0289066
0.0289059
0.0289066
0.0289058
0.0289067
0.0289058
0.0289067
0.0289057
0.0289066
0.0289055
0.0289064
0.0289054
0.0289062
0.0289052
0.028906
0.028905
0.0289058
0.0289049
0.0289056
0.0289048
0.0289055
0.0289046
0.0289054
0.0289045
0.0289053
0.0289045
0.0289053
0.0289044
0.0289053
0.0289043
0.0289053
0.0289043
0.0289053
0.0289042
0.0289053
0.0289041
0.0289053
0.0289039
0.0289052
0.0289038
0.0289051
0.0289036
0.028905
0.0289035
0.0289048
0.0289032
0.0289046
0.028903
0.0289043
0.0289028
0.028904
0.0289025
0.0289036
0.0289022
0.0289033
0.028902
0.0289029
0.0289017
0.0289026
0.0289015
0.0289023
0.0289013
0.0289022
0.0289012
0.0289021
0.0289011
0.0289021
0.0289011
0.0289022
0.028901
0.0289022
0.0289009
0.0289021
0.0289007
0.028902
0.0289005
0.0289017
0.0289003
0.0289013
0.0289
0.0289009
0.0288997
0.0289005
0.0288995
0.0289002
0.0288993
0.0289
0.0288991
0.0288999
0.028899
0.0288999
0.028899
0.0288999
0.0288989
0.0288998
0.0288988
0.0288997
0.0288986
0.0288994
0.0288984
0.0288991
0.0288982
0.0288987
0.0288979
0.0288983
0.0288977
0.0288979
0.0288975
0.0288977
0.0288974
0.0288975
0.0288974
0.0288975
0.0288973
0.0288975
0.0288973
0.0288975
0.0288973
0.0288974
0.0288973
0.0288974
0.0288971
0.0288927
0.0288799
0.0337085
0.0298346
0.0292213
0.0291259
0.029108
0.0291047
0.0291042
0.029104
0.029104
0.029104
0.029104
0.029104
0.029104
0.029104
0.029104
0.029104
0.029104
0.029104
0.029104
0.029104
0.029104
0.0291041
0.029104
0.0291041
0.029104
0.0291041
0.0291041
0.0291042
0.0291041
0.0291042
0.0291041
0.0291043
0.0291041
0.0291043
0.0291041
0.0291044
0.0291041
0.0291043
0.0291041
0.0291043
0.029104
0.0291042
0.029104
0.0291041
0.0291039
0.029104
0.0291038
0.0291038
0.0291038
0.0291038
0.0291038
0.0291039
0.0291038
0.029104
0.0291039
0.0291041
0.029104
0.0291043
0.029104
0.0291044
0.0291041
0.0291045
0.0291041
0.0291045
0.029104
0.0291044
0.0291039
0.0291043
0.0291039
0.0291042
0.0291038
0.0291042
0.0291038
0.0291041
0.0291037
0.0291042
0.0291037
0.0291043
0.0291038
0.0291043
0.0291038
0.0291044
0.0291037
0.0291043
0.0291037
0.0291043
0.0291036
0.0291042
0.0291035
0.0291041
0.0291034
0.0291039
0.0291033
0.0291038
0.0291032
0.0291037
0.0291032
0.0291037
0.0291031
0.0291037
0.0291031
0.0291037
0.0291031
0.0291037
0.0291031
0.0291037
0.0291031
0.0291038
0.029103
0.0291038
0.029103
0.0291038
0.029103
0.0291038
0.0291029
0.0291038
0.0291029
0.0291038
0.0291028
0.0291037
0.0291027
0.0291036
0.0291026
0.0291035
0.0291025
0.0291033
0.0291023
0.0291031
0.0291022
0.0291029
0.029102
0.0291027
0.0291019
0.0291025
0.0291017
0.0291023
0.0291016
0.0291022
0.0291015
0.0291022
0.0291015
0.0291022
0.0291015
0.0291022
0.0291015
0.0291023
0.0291015
0.0291023
0.0291014
0.0291023
0.0291013
0.0291022
0.0291012
0.029102
0.029101
0.0291017
0.0291009
0.0291014
0.0291007
0.0291012
0.0291006
0.0291011
0.0291005
0.029101
0.0291004
0.029101
0.0291004
0.029101
0.0291004
0.029101
0.0291004
0.029101
0.0291003
0.0291009
0.0291002
0.0291007
0.0291001
0.0291005
0.0290999
0.0291002
0.0290997
0.0290999
0.0290996
0.0290997
0.0290995
0.0290996
0.0290995
0.0290995
0.0290994
0.0290995
0.0290994
0.0290996
0.0290994
0.0290995
0.0290994
0.0290995
0.0290994
0.0290992
0.0290968
0.0290893
0.032732
0.0296916
0.0293721
0.0293357
0.0293303
0.0293295
0.0293294
0.0293293
0.0293293
0.0293293
0.0293293
0.0293293
0.0293293
0.0293293
0.0293293
0.0293293
0.0293293
0.0293293
0.0293294
0.0293293
0.0293294
0.0293294
0.0293294
0.0293294
0.0293294
0.0293294
0.0293294
0.0293294
0.0293295
0.0293294
0.0293295
0.0293294
0.0293296
0.0293295
0.0293296
0.0293295
0.0293297
0.0293294
0.0293296
0.0293294
0.0293295
0.0293294
0.0293295
0.0293293
0.0293294
0.0293293
0.0293293
0.0293293
0.0293293
0.0293293
0.0293293
0.0293293
0.0293293
0.0293293
0.0293294
0.0293294
0.0293296
0.0293294
0.0293297
0.0293295
0.0293298
0.0293295
0.0293298
0.0293295
0.0293298
0.0293294
0.0293297
0.0293294
0.0293296
0.0293294
0.0293296
0.0293293
0.0293296
0.0293293
0.0293296
0.0293293
0.0293296
0.0293294
0.0293297
0.0293294
0.0293298
0.0293294
0.0293298
0.0293294
0.0293298
0.0293293
0.0293297
0.0293293
0.0293297
0.0293292
0.0293296
0.0293292
0.0293295
0.0293292
0.0293295
0.0293291
0.0293294
0.0293291
0.0293294
0.0293291
0.0293294
0.0293291
0.0293295
0.0293291
0.0293295
0.0293291
0.0293295
0.0293291
0.0293296
0.0293291
0.0293296
0.0293291
0.0293297
0.0293291
0.0293297
0.0293291
0.0293297
0.029329
0.0293297
0.029329
0.0293296
0.029329
0.0293296
0.0293289
0.0293295
0.0293288
0.0293294
0.0293288
0.0293293
0.0293287
0.0293292
0.0293286
0.029329
0.0293285
0.0293289
0.0293285
0.0293288
0.0293284
0.0293288
0.0293284
0.0293288
0.0293284
0.0293289
0.0293284
0.0293289
0.0293284
0.029329
0.0293284
0.029329
0.0293284
0.029329
0.0293283
0.0293289
0.0293283
0.0293287
0.0293282
0.0293286
0.0293281
0.0293284
0.029328
0.0293283
0.0293279
0.0293282
0.0293279
0.0293282
0.0293279
0.0293283
0.0293279
0.0293283
0.0293279
0.0293283
0.0293279
0.0293283
0.0293278
0.0293282
0.0293278
0.0293281
0.0293277
0.0293279
0.0293276
0.0293277
0.0293275
0.0293276
0.0293274
0.0293275
0.0293274
0.0293274
0.0293273
0.0293274
0.0293273
0.0293274
0.0293273
0.0293274
0.0293273
0.0293274
0.0293273
0.0293273
0.0293271
0.029326
0.0293221
0.0319651
0.0296878
0.0295411
0.0295283
0.0295268
0.0295266
0.0295265
0.0295265
0.0295265
0.0295265
0.0295265
0.0295265
0.0295265
0.0295265
0.0295265
0.0295265
0.0295265
0.0295265
0.0295265
0.0295265
0.0295265
0.0295265
0.0295265
0.0295265
0.0295265
0.0295266
0.0295265
0.0295266
0.0295266
0.0295266
0.0295266
0.0295267
0.0295266
0.0295267
0.0295266
0.0295267
0.0295266
0.0295267
0.0295266
0.0295267
0.0295266
0.0295266
0.0295265
0.0295266
0.0295265
0.0295265
0.0295265
0.0295265
0.0295265
0.0295265
0.0295265
0.0295265
0.0295265
0.0295265
0.0295265
0.0295266
0.0295266
0.0295267
0.0295266
0.0295268
0.0295266
0.0295268
0.0295266
0.0295268
0.0295266
0.0295268
0.0295266
0.0295268
0.0295266
0.0295267
0.0295266
0.0295267
0.0295266
0.0295267
0.0295266
0.0295268
0.0295266
0.0295268
0.0295266
0.0295268
0.0295266
0.0295269
0.0295266
0.0295269
0.0295266
0.0295269
0.0295266
0.0295268
0.0295266
0.0295268
0.0295265
0.0295268
0.0295265
0.0295267
0.0295265
0.0295267
0.0295265
0.0295267
0.0295265
0.0295267
0.0295265
0.0295267
0.0295265
0.0295268
0.0295265
0.0295268
0.0295265
0.0295268
0.0295265
0.0295269
0.0295265
0.0295269
0.0295265
0.0295269
0.0295265
0.0295269
0.0295265
0.0295269
0.0295265
0.0295269
0.0295265
0.0295269
0.0295265
0.0295269
0.0295265
0.0295268
0.0295264
0.0295268
0.0295264
0.0295267
0.0295263
0.0295266
0.0295263
0.0295266
0.0295262
0.0295265
0.0295262
0.0295265
0.0295262
0.0295265
0.0295262
0.0295265
0.0295262
0.0295265
0.0295262
0.0295266
0.0295263
0.0295266
0.0295263
0.0295266
0.0295262
0.0295266
0.0295262
0.0295265
0.0295262
0.0295264
0.0295261
0.0295264
0.029526
0.0295263
0.029526
0.0295262
0.029526
0.0295262
0.029526
0.0295262
0.029526
0.0295262
0.029526
0.0295263
0.029526
0.0295263
0.029526
0.0295262
0.029526
0.0295262
0.0295259
0.0295261
0.0295258
0.029526
0.0295258
0.0295259
0.0295257
0.0295258
0.0295257
0.0295257
0.0295257
0.0295257
0.0295257
0.0295257
0.0295257
0.0295257
0.0295257
0.0295257
0.0295257
0.0295257
0.0295256
0.0295256
0.0295251
0.0295232
0.0313843
0.029744
0.0296825
0.0296782
0.0296777
0.0296776
0.0296776
0.0296776
0.0296776
0.0296776
0.0296776
0.0296776
0.0296776
0.0296776
0.0296776
0.0296776
0.0296776
0.0296776
0.0296776
0.0296776
0.0296776
0.0296776
0.0296777
0.0296776
0.0296777
0.0296777
0.0296777
0.0296777
0.0296777
0.0296777
0.0296777
0.0296777
0.0296777
0.0296777
0.0296778
0.0296777
0.0296778
0.0296777
0.0296778
0.0296777
0.0296778
0.0296777
0.0296777
0.0296777
0.0296777
0.0296776
0.0296776
0.0296776
0.0296776
0.0296776
0.0296776
0.0296776
0.0296776
0.0296776
0.0296777
0.0296777
0.0296777
0.0296777
0.0296778
0.0296777
0.0296778
0.0296777
0.0296779
0.0296777
0.0296779
0.0296777
0.0296778
0.0296777
0.0296778
0.0296777
0.0296778
0.0296777
0.0296778
0.0296777
0.0296778
0.0296777
0.0296778
0.0296777
0.0296779
0.0296777
0.0296779
0.0296777
0.0296779
0.0296777
0.0296779
0.0296777
0.0296779
0.0296777
0.0296779
0.0296777
0.0296779
0.0296777
0.0296778
0.0296777
0.0296778
0.0296777
0.0296778
0.0296777
0.0296778
0.0296777
0.0296778
0.0296777
0.0296778
0.0296777
0.0296779
0.0296777
0.0296779
0.0296777
0.0296779
0.0296777
0.029678
0.0296777
0.029678
0.0296777
0.029678
0.0296777
0.029678
0.0296778
0.029678
0.0296777
0.029678
0.0296777
0.029678
0.0296777
0.029678
0.0296777
0.0296779
0.0296777
0.0296779
0.0296777
0.0296779
0.0296776
0.0296778
0.0296776
0.0296778
0.0296776
0.0296777
0.0296776
0.0296777
0.0296776
0.0296778
0.0296776
0.0296778
0.0296776
0.0296778
0.0296776
0.0296779
0.0296776
0.0296779
0.0296776
0.0296779
0.0296776
0.0296778
0.0296776
0.0296778
0.0296776
0.0296777
0.0296775
0.0296777
0.0296775
0.0296776
0.0296775
0.0296776
0.0296775
0.0296776
0.0296775
0.0296776
0.0296775
0.0296777
0.0296775
0.0296777
0.0296775
0.0296777
0.0296775
0.0296776
0.0296775
0.0296776
0.0296774
0.0296775
0.0296774
0.0296775
0.0296774
0.0296774
0.0296773
0.0296774
0.0296773
0.0296773
0.0296773
0.0296773
0.0296773
0.0296773
0.0296773
0.0296773
0.0296773
0.0296773
0.0296773
0.0296773
0.0296772
0.029677
0.0296762
0.0309582
0.0298112
0.029787
0.0297855
0.0297854
0.0297853
0.0297853
0.0297853
0.0297853
0.0297853
0.0297853
0.0297853
0.0297853
0.0297853
0.0297853
0.0297853
0.0297853
0.0297853
0.0297853
0.0297854
0.0297853
0.0297854
0.0297854
0.0297854
0.0297854
0.0297854
0.0297854
0.0297854
0.0297854
0.0297854
0.0297854
0.0297854
0.0297854
0.0297854
0.0297854
0.0297854
0.0297854
0.0297854
0.0297854
0.0297854
0.0297854
0.0297854
0.0297854
0.0297854
0.0297854
0.0297854
0.0297853
0.0297854
0.0297853
0.0297853
0.0297853
0.0297853
0.0297853
0.0297854
0.0297854
0.0297854
0.0297854
0.0297854
0.0297854
0.0297855
0.0297854
0.0297855
0.0297854
0.0297855
0.0297854
0.0297855
0.0297854
0.0297855
0.0297854
0.0297855
0.0297854
0.0297855
0.0297854
0.0297855
0.0297854
0.0297855
0.0297854
0.0297855
0.0297854
0.0297855
0.0297854
0.0297855
0.0297854
0.0297855
0.0297854
0.0297855
0.0297854
0.0297855
0.0297854
0.0297855
0.0297854
0.0297855
0.0297854
0.0297855
0.0297854
0.0297855
0.0297854
0.0297855
0.0297854
0.0297855
0.0297854
0.0297855
0.0297854
0.0297855
0.0297854
0.0297855
0.0297854
0.0297856
0.0297854
0.0297856
0.0297854
0.0297856
0.0297855
0.0297856
0.0297855
0.0297856
0.0297855
0.0297856
0.0297855
0.0297856
0.0297855
0.0297856
0.0297855
0.0297856
0.0297854
0.0297856
0.0297854
0.0297856
0.0297854
0.0297856
0.0297854
0.0297855
0.0297854
0.0297855
0.0297854
0.0297855
0.0297854
0.0297855
0.0297854
0.0297855
0.0297854
0.0297855
0.0297854
0.0297855
0.0297854
0.0297855
0.0297854
0.0297856
0.0297854
0.0297856
0.0297854
0.0297856
0.0297854
0.0297855
0.0297854
0.0297855
0.0297854
0.0297855
0.0297853
0.0297854
0.0297853
0.0297854
0.0297853
0.0297854
0.0297853
0.0297854
0.0297853
0.0297854
0.0297853
0.0297854
0.0297853
0.0297855
0.0297853
0.0297854
0.0297853
0.0297854
0.0297853
0.0297854
0.0297853
0.0297853
0.0297853
0.0297853
0.0297852
0.0297853
0.0297852
0.0297852
0.0297852
0.0297852
0.0297852
0.0297852
0.0297852
0.0297852
0.0297852
0.0297852
0.0297852
0.0297852
0.0297852
0.0297852
0.0297851
0.0297847
0.0306534
0.0298688
0.0298596
0.029859
0.029859
0.029859
0.029859
0.029859
0.029859
0.029859
0.029859
0.029859
0.029859
0.029859
0.029859
0.029859
0.029859
0.029859
0.029859
0.029859
0.029859
0.029859
0.029859
0.029859
0.029859
0.029859
0.029859
0.029859
0.029859
0.029859
0.029859
0.029859
0.029859
0.029859
0.029859
0.029859
0.029859
0.029859
0.029859
0.029859
0.029859
0.029859
0.029859
0.029859
0.029859
0.029859
0.029859
0.029859
0.029859
0.029859
0.029859
0.029859
0.029859
0.029859
0.029859
0.029859
0.029859
0.029859
0.0298591
0.029859
0.0298591
0.029859
0.0298591
0.029859
0.0298591
0.029859
0.0298591
0.029859
0.0298591
0.029859
0.0298591
0.029859
0.0298591
0.029859
0.0298591
0.029859
0.0298591
0.029859
0.0298591
0.029859
0.0298591
0.029859
0.0298591
0.029859
0.0298591
0.029859
0.0298591
0.029859
0.0298591
0.029859
0.0298591
0.029859
0.0298591
0.029859
0.0298591
0.029859
0.0298591
0.029859
0.0298591
0.029859
0.0298591
0.029859
0.0298591
0.029859
0.0298591
0.029859
0.0298591
0.029859
0.0298591
0.0298591
0.0298591
0.0298591
0.0298592
0.0298591
0.0298592
0.0298591
0.0298592
0.0298591
0.0298592
0.0298591
0.0298592
0.0298591
0.0298592
0.0298591
0.0298592
0.0298591
0.0298592
0.0298591
0.0298591
0.029859
0.0298591
0.029859
0.0298591
0.029859
0.0298591
0.029859
0.0298591
0.029859
0.0298591
0.029859
0.0298591
0.029859
0.0298591
0.029859
0.0298591
0.029859
0.0298591
0.029859
0.0298592
0.029859
0.0298592
0.029859
0.0298591
0.029859
0.0298591
0.029859
0.0298591
0.029859
0.0298591
0.029859
0.0298591
0.029859
0.0298591
0.029859
0.0298591
0.029859
0.0298591
0.029859
0.0298591
0.029859
0.0298591
0.029859
0.0298591
0.029859
0.0298591
0.029859
0.0298591
0.029859
0.029859
0.029859
0.029859
0.029859
0.029859
0.0298589
0.029859
0.0298589
0.0298589
0.0298589
0.0298589
0.0298589
0.0298589
0.0298589
0.029859
0.0298589
0.029859
0.0298589
0.0298589
0.0298589
0.0298589
0.0298587
0.0304399
0.0299118
0.0299083
0.0299081
0.0299081
0.0299081
0.0299081
0.0299081
0.0299081
0.0299081
0.0299081
0.0299081
0.0299081
0.0299081
0.0299081
0.0299081
0.0299081
0.0299081
0.0299081
0.0299081
0.0299081
0.0299081
0.0299081
0.0299081
0.0299081
0.0299081
0.0299081
0.0299081
0.0299081
0.0299081
0.0299081
0.0299081
0.0299081
0.0299081
0.0299081
0.0299081
0.0299081
0.0299081
0.0299081
0.0299081
0.0299081
0.0299081
0.0299081
0.0299081
0.0299081
0.0299081
0.0299081
0.0299081
0.0299081
0.0299081
0.0299081
0.0299081
0.0299081
0.0299081
0.0299081
0.0299081
0.0299081
0.0299082
0.0299081
0.0299082
0.0299081
0.0299082
0.0299081
0.0299082
0.0299081
0.0299082
0.0299081
0.0299082
0.0299081
0.0299082
0.0299081
0.0299082
0.0299081
0.0299082
0.0299081
0.0299082
0.0299081
0.0299082
0.0299081
0.0299082
0.0299081
0.0299082
0.0299081
0.0299082
0.0299082
0.0299082
0.0299081
0.0299082
0.0299081
0.0299082
0.0299081
0.0299082
0.0299081
0.0299082
0.0299081
0.0299082
0.0299081
0.0299082
0.0299081
0.0299082
0.0299081
0.0299082
0.0299081
0.0299082
0.0299081
0.0299082
0.0299082
0.0299082
0.0299082
0.0299082
0.0299082
0.0299082
0.0299082
0.0299082
0.0299082
0.0299082
0.0299082
0.0299082
0.0299082
0.0299082
0.0299082
0.0299082
0.0299082
0.0299082
0.0299082
0.0299082
0.0299082
0.0299082
0.0299082
0.0299082
0.0299082
0.0299082
0.0299081
0.0299082
0.0299081
0.0299082
0.0299081
0.0299082
0.0299081
0.0299082
0.0299081
0.0299082
0.0299081
0.0299082
0.0299081
0.0299082
0.0299082
0.0299082
0.0299082
0.0299082
0.0299082
0.0299082
0.0299082
0.0299082
0.0299081
0.0299082
0.0299081
0.0299082
0.0299081
0.0299082
0.0299081
0.0299082
0.0299081
0.0299082
0.0299081
0.0299082
0.0299081
0.0299082
0.0299081
0.0299082
0.0299081
0.0299082
0.0299081
0.0299082
0.0299081
0.0299082
0.0299081
0.0299082
0.0299081
0.0299081
0.0299081
0.0299081
0.0299081
0.0299081
0.0299081
0.0299081
0.0299081
0.0299081
0.0299081
0.0299081
0.0299081
0.0299081
0.0299081
0.0299081
0.0299081
0.0299081
0.0299081
0.0299081
0.0299081
0.029908
0.0302929
0.0299418
0.0299405
0.0299404
0.0299404
0.0299404
0.0299404
0.0299404
0.0299404
0.0299404
0.0299404
0.0299404
0.0299404
0.0299404
0.0299404
0.0299404
0.0299404
0.0299404
0.0299404
0.0299404
0.0299404
0.0299404
0.0299404
0.0299404
0.0299404
0.0299404
0.0299404
0.0299404
0.0299404
0.0299404
0.0299404
0.0299404
0.0299404
0.0299404
0.0299404
0.0299404
0.0299404
0.0299404
0.0299404
0.0299404
0.0299404
0.0299404
0.0299404
0.0299404
0.0299404
0.0299404
0.0299404
0.0299404
0.0299404
0.0299404
0.0299404
0.0299404
0.0299404
0.0299404
0.0299404
0.0299404
0.0299404
0.0299404
0.0299404
0.0299404
0.0299404
0.0299404
0.0299404
0.0299404
0.0299404
0.0299404
0.0299404
0.0299404
0.0299404
0.0299404
0.0299404
0.0299404
0.0299404
0.0299404
0.0299404
0.0299404
0.0299404
0.0299404
0.0299404
0.0299404
0.0299404
0.0299404
0.0299404
0.0299404
0.0299405
0.0299404
0.0299405
0.0299404
0.0299404
0.0299404
0.0299404
0.0299404
0.0299404
0.0299404
0.0299404
0.0299404
0.0299404
0.0299404
0.0299404
0.0299404
0.0299404
0.0299404
0.0299404
0.0299404
0.0299404
0.0299404
0.0299405
0.0299404
0.0299405
0.0299404
0.0299405
0.0299404
0.0299405
0.0299404
0.0299405
0.0299404
0.0299405
0.0299404
0.0299405
0.0299404
0.0299405
0.0299404
0.0299405
0.0299404
0.0299405
0.0299404
0.0299405
0.0299404
0.0299405
0.0299404
0.0299405
0.0299404
0.0299405
0.0299404
0.0299404
0.0299404
0.0299404
0.0299404
0.0299404
0.0299404
0.0299404
0.0299404
0.0299405
0.0299404
0.0299405
0.0299404
0.0299405
0.0299404
0.0299405
0.0299404
0.0299405
0.0299404
0.0299405
0.0299404
0.0299405
0.0299404
0.0299405
0.0299404
0.0299404
0.0299404
0.0299404
0.0299404
0.0299404
0.0299404
0.0299404
0.0299404
0.0299404
0.0299404
0.0299404
0.0299404
0.0299404
0.0299404
0.0299404
0.0299404
0.0299404
0.0299404
0.0299404
0.0299404
0.0299404
0.0299404
0.0299404
0.0299404
0.0299404
0.0299404
0.0299404
0.0299404
0.0299404
0.0299404
0.0299404
0.0299404
0.0299404
0.0299404
0.0299404
0.0299404
0.0299404
0.0299404
0.0299404
0.0299404
0.0299404
0.0299403
0.0301931
0.0299619
0.0299614
0.0299613
0.0299613
0.0299613
0.0299613
0.0299613
0.0299613
0.0299613
0.0299613
0.0299613
0.0299613
0.0299613
0.0299613
0.0299613
0.0299613
0.0299613
0.0299613
0.0299613
0.0299613
0.0299613
0.0299613
0.0299613
0.0299613
0.0299613
0.0299613
0.0299613
0.0299613
0.0299613
0.0299613
0.0299613
0.0299613
0.0299613
0.0299613
0.0299613
0.0299613
0.0299613
0.0299613
0.0299613
0.0299613
0.0299613
0.0299613
0.0299613
0.0299613
0.0299613
0.0299613
0.0299613
0.0299613
0.0299613
0.0299613
0.0299613
0.0299613
0.0299613
0.0299613
0.0299613
0.0299613
0.0299613
0.0299613
0.0299613
0.0299613
0.0299614
0.0299613
0.0299614
0.0299613
0.0299614
0.0299613
0.0299614
0.0299613
0.0299613
0.0299613
0.0299613
0.0299613
0.0299613
0.0299613
0.0299614
0.0299613
0.0299614
0.0299613
0.0299614
0.0299613
0.0299614
0.0299613
0.0299614
0.0299613
0.0299614
0.0299613
0.0299614
0.0299613
0.0299614
0.0299613
0.0299614
0.0299613
0.0299614
0.0299613
0.0299614
0.0299613
0.0299614
0.0299613
0.0299614
0.0299613
0.0299614
0.0299613
0.0299614
0.0299613
0.0299614
0.0299613
0.0299614
0.0299613
0.0299614
0.0299613
0.0299614
0.0299614
0.0299614
0.0299614
0.0299614
0.0299614
0.0299614
0.0299614
0.0299614
0.0299614
0.0299614
0.0299614
0.0299614
0.0299614
0.0299614
0.0299614
0.0299614
0.0299614
0.0299614
0.0299613
0.0299614
0.0299613
0.0299614
0.0299613
0.0299614
0.0299613
0.0299614
0.0299613
0.0299614
0.0299613
0.0299614
0.0299613
0.0299614
0.0299613
0.0299614
0.0299613
0.0299614
0.0299614
0.0299614
0.0299614
0.0299614
0.0299614
0.0299614
0.0299613
0.0299614
0.0299613
0.0299614
0.0299613
0.0299614
0.0299613
0.0299614
0.0299613
0.0299614
0.0299613
0.0299614
0.0299613
0.0299614
0.0299613
0.0299614
0.0299613
0.0299614
0.0299613
0.0299614
0.0299613
0.0299614
0.0299613
0.0299614
0.0299613
0.0299613
0.0299613
0.0299613
0.0299613
0.0299613
0.0299613
0.0299613
0.0299613
0.0299613
0.0299613
0.0299613
0.0299613
0.0299613
0.0299613
0.0299613
0.0299613
0.0299613
0.0299613
0.0299613
0.0299613
0.0299613
0.0301258
0.0299746
0.0299744
0.0299744
0.0299744
0.0299744
0.0299744
0.0299744
0.0299744
0.0299744
0.0299744
0.0299744
0.0299744
0.0299744
0.0299744
0.0299744
0.0299744
0.0299744
0.0299744
0.0299744
0.0299744
0.0299744
0.0299744
0.0299744
0.0299744
0.0299744
0.0299744
0.0299744
0.0299744
0.0299744
0.0299744
0.0299744
0.0299744
0.0299744
0.0299744
0.0299744
0.0299744
0.0299744
0.0299744
0.0299744
0.0299744
0.0299744
0.0299744
0.0299744
0.0299744
0.0299744
0.0299744
0.0299744
0.0299744
0.0299744
0.0299744
0.0299744
0.0299744
0.0299744
0.0299744
0.0299744
0.0299744
0.0299744
0.0299744
0.0299744
0.0299745
0.0299744
0.0299745
0.0299744
0.0299745
0.0299744
0.0299745
0.0299744
0.0299744
0.0299744
0.0299744
0.0299744
0.0299744
0.0299744
0.0299744
0.0299744
0.0299745
0.0299744
0.0299745
0.0299744
0.0299745
0.0299744
0.0299745
0.0299744
0.0299745
0.0299744
0.0299745
0.0299744
0.0299745
0.0299744
0.0299745
0.0299744
0.0299745
0.0299744
0.0299745
0.0299744
0.0299745
0.0299744
0.0299745
0.0299744
0.0299745
0.0299744
0.0299745
0.0299744
0.0299745
0.0299744
0.0299745
0.0299744
0.0299745
0.0299744
0.0299745
0.0299745
0.0299745
0.0299745
0.0299745
0.0299745
0.0299745
0.0299745
0.0299745
0.0299745
0.0299745
0.0299745
0.0299745
0.0299745
0.0299745
0.0299745
0.0299745
0.0299745
0.0299745
0.0299744
0.0299745
0.0299744
0.0299745
0.0299744
0.0299745
0.0299744
0.0299745
0.0299744
0.0299745
0.0299744
0.0299745
0.0299744
0.0299745
0.0299744
0.0299745
0.0299744
0.0299745
0.0299745
0.0299745
0.0299745
0.0299745
0.0299745
0.0299745
0.0299744
0.0299745
0.0299744
0.0299745
0.0299744
0.0299745
0.0299744
0.0299745
0.0299744
0.0299745
0.0299744
0.0299745
0.0299744
0.0299745
0.0299744
0.0299745
0.0299744
0.0299745
0.0299744
0.0299745
0.0299744
0.0299745
0.0299744
0.0299745
0.0299744
0.0299744
0.0299744
0.0299744
0.0299744
0.0299744
0.0299744
0.0299744
0.0299744
0.0299744
0.0299744
0.0299744
0.0299744
0.0299744
0.0299744
0.0299744
0.0299744
0.0299744
0.0299744
0.0299744
0.0299744
0.0299744
0.0299744
0.0300793
0.029981
0.029981
0.0299809
0.0299809
0.0299809
0.0299809
0.0299809
0.0299809
0.0299809
0.0299809
0.0299809
0.0299809
0.0299809
0.0299809
0.0299809
0.0299809
0.0299809
0.0299809
0.029981
0.0299809
0.029981
0.0299809
0.029981
0.0299809
0.029981
0.029981
0.029981
0.029981
0.029981
0.029981
0.029981
0.029981
0.029981
0.029981
0.029981
0.029981
0.029981
0.029981
0.029981
0.029981
0.029981
0.029981
0.029981
0.029981
0.029981
0.0299809
0.029981
0.0299809
0.0299809
0.0299809
0.0299809
0.0299809
0.029981
0.029981
0.029981
0.029981
0.029981
0.029981
0.029981
0.029981
0.029981
0.029981
0.029981
0.029981
0.029981
0.029981
0.029981
0.029981
0.029981
0.029981
0.029981
0.029981
0.029981
0.029981
0.029981
0.029981
0.029981
0.029981
0.029981
0.029981
0.029981
0.029981
0.029981
0.029981
0.029981
0.029981
0.029981
0.029981
0.029981
0.029981
0.029981
0.029981
0.029981
0.029981
0.029981
0.029981
0.029981
0.029981
0.029981
0.029981
0.029981
0.029981
0.029981
0.029981
0.029981
0.029981
0.029981
0.029981
0.029981
0.029981
0.029981
0.029981
0.029981
0.029981
0.029981
0.029981
0.029981
0.029981
0.029981
0.029981
0.029981
0.029981
0.029981
0.029981
0.029981
0.029981
0.029981
0.029981
0.029981
0.029981
0.029981
0.029981
0.029981
0.029981
0.029981
0.029981
0.029981
0.029981
0.029981
0.029981
0.029981
0.029981
0.029981
0.029981
0.029981
0.029981
0.029981
0.029981
0.029981
0.029981
0.029981
0.029981
0.029981
0.029981
0.029981
0.029981
0.029981
0.029981
0.029981
0.029981
0.029981
0.029981
0.029981
0.029981
0.029981
0.029981
0.029981
0.029981
0.029981
0.029981
0.029981
0.029981
0.029981
0.029981
0.029981
0.029981
0.029981
0.029981
0.029981
0.029981
0.029981
0.029981
0.029981
0.029981
0.029981
0.0299809
0.029981
0.0299809
0.029981
0.0299809
0.029981
0.029981
0.029981
0.029981
0.029981
0.0299809
0.029981
0.0299809
0.0299809
0.030042
0.0299784
0.0299784
0.0299784
0.0299784
0.0299784
0.0299784
0.0299784
0.0299784
0.0299784
0.0299784
0.0299784
0.0299784
0.0299784
0.0299784
0.0299784
0.0299784
0.0299784
0.0299784
0.0299784
0.0299784
0.0299784
0.0299784
0.0299784
0.0299784
0.0299784
0.0299784
0.0299784
0.0299784
0.0299784
0.0299784
0.0299784
0.0299784
0.0299784
0.0299784
0.0299784
0.0299784
0.0299784
0.0299784
0.0299784
0.0299784
0.0299784
0.0299784
0.0299784
0.0299784
0.0299784
0.0299784
0.0299784
0.0299784
0.0299784
0.0299784
0.0299784
0.0299784
0.0299784
0.0299784
0.0299784
0.0299784
0.0299784
0.0299784
0.0299784
0.0299784
0.0299784
0.0299784
0.0299784
0.0299784
0.0299784
0.0299784
0.0299784
0.0299784
0.0299784
0.0299784
0.0299784
0.0299784
0.0299784
0.0299784
0.0299784
0.0299784
0.0299784
0.0299784
0.0299784
0.0299784
0.0299784
0.0299784
0.0299784
0.0299784
0.0299784
0.0299784
0.0299784
0.0299784
0.0299784
0.0299784
0.0299784
0.0299784
0.0299784
0.0299784
0.0299784
0.0299784
0.0299784
0.0299784
0.0299784
0.0299784
0.0299784
0.0299784
0.0299784
0.0299784
0.0299784
0.0299784
0.0299784
0.0299784
0.0299784
0.0299784
0.0299784
0.0299784
0.0299784
0.0299784
0.0299784
0.0299784
0.0299784
0.0299784
0.0299784
0.0299784
0.0299784
0.0299784
0.0299784
0.0299784
0.0299784
0.0299784
0.0299784
0.0299784
0.0299784
0.0299784
0.0299784
0.0299784
0.0299784
0.0299784
0.0299784
0.0299784
0.0299784
0.0299784
0.0299784
0.0299784
0.0299784
0.0299784
0.0299784
0.0299784
0.0299784
0.0299784
0.0299784
0.0299784
0.0299784
0.0299784
0.0299784
0.0299784
0.0299784
0.0299784
0.0299784
0.0299784
0.0299784
0.0299784
0.0299784
0.0299784
0.0299784
0.0299784
0.0299784
0.0299784
0.0299784
0.0299784
0.0299784
0.0299784
0.0299784
0.0299784
0.0299784
0.0299784
0.0299784
0.0299784
0.0299784
0.0299784
0.0299784
0.0299784
0.0299784
0.0299784
0.0299784
0.0299784
0.0299784
0.0299784
0.0299784
0.0299784
0.0299784
0.0299784
0.0299784
0.0299784
0.0299784
0.0299784
0.0299784
0.0299784
0.0299784
0.0299784
0.0299784
0.0299784
0.0299784
0.0299855
0.0299445
0.0299444
0.0299444
0.0299444
0.0299444
0.0299444
0.0299444
0.0299444
0.0299444
0.0299444
0.0299444
0.0299444
0.0299444
0.0299444
0.0299444
0.0299444
0.0299444
0.0299444
0.0299444
0.0299444
0.0299444
0.0299444
0.0299444
0.0299444
0.0299444
0.0299444
0.0299444
0.0299444
0.0299444
0.0299444
0.0299444
0.0299444
0.0299444
0.0299444
0.0299444
0.0299444
0.0299444
0.0299444
0.0299444
0.0299444
0.0299444
0.0299444
0.0299444
0.0299444
0.0299444
0.0299444
0.0299444
0.0299444
0.0299444
0.0299444
0.0299444
0.0299444
0.0299444
0.0299444
0.0299444
0.0299444
0.0299444
0.0299444
0.0299444
0.0299444
0.0299444
0.0299444
0.0299444
0.0299444
0.0299444
0.0299444
0.0299444
0.0299444
0.0299444
0.0299444
0.0299444
0.0299444
0.0299444
0.0299444
0.0299444
0.0299444
0.0299444
0.0299444
0.0299444
0.0299444
0.0299444
0.0299444
0.0299444
0.0299444
0.0299444
0.0299444
0.0299444
0.0299444
0.0299444
0.0299444
0.0299444
0.0299444
0.0299444
0.0299444
0.0299444
0.0299444
0.0299444
0.0299444
0.0299444
0.0299444
0.0299444
0.0299444
0.0299444
0.0299444
0.0299444
0.0299444
0.0299444
0.0299444
0.0299444
0.0299444
0.0299444
0.0299444
0.0299444
0.0299444
0.0299445
0.0299444
0.0299445
0.0299444
0.0299445
0.0299444
0.0299445
0.0299444
0.0299445
0.0299444
0.0299445
0.0299444
0.0299444
0.0299444
0.0299444
0.0299444
0.0299444
0.0299444
0.0299444
0.0299444
0.0299444
0.0299444
0.0299444
0.0299444
0.0299444
0.0299444
0.0299444
0.0299444
0.0299444
0.0299444
0.0299444
0.0299444
0.0299444
0.0299444
0.0299445
0.0299444
0.0299444
0.0299444
0.0299444
0.0299444
0.0299444
0.0299444
0.0299444
0.0299444
0.0299444
0.0299444
0.0299444
0.0299444
0.0299444
0.0299444
0.0299444
0.0299444
0.0299444
0.0299444
0.0299444
0.0299444
0.0299444
0.0299444
0.0299444
0.0299444
0.0299444
0.0299444
0.0299444
0.0299444
0.0299444
0.0299444
0.0299444
0.0299444
0.0299444
0.0299444
0.0299444
0.0299444
0.0299444
0.0299444
0.0299444
0.0299444
0.0299444
0.0299444
0.0299444
0.0299444
0.0299444
0.0299444
0.0299444
0.0299444
0.0299444
0.0298722
0.0298456
0.0298456
0.0298456
0.0298456
0.0298456
0.0298456
0.0298456
0.0298456
0.0298456
0.0298456
0.0298456
0.0298456
0.0298456
0.0298456
0.0298456
0.0298456
0.0298456
0.0298456
0.0298456
0.0298456
0.0298456
0.0298456
0.0298456
0.0298456
0.0298456
0.0298456
0.0298456
0.0298456
0.0298456
0.0298456
0.0298456
0.0298456
0.0298456
0.0298456
0.0298456
0.0298456
0.0298456
0.0298456
0.0298456
0.0298456
0.0298456
0.0298456
0.0298456
0.0298456
0.0298456
0.0298456
0.0298456
0.0298456
0.0298456
0.0298456
0.0298456
0.0298456
0.0298456
0.0298456
0.0298456
0.0298456
0.0298456
0.0298456
0.0298456
0.0298456
0.0298456
0.0298456
0.0298456
0.0298456
0.0298456
0.0298456
0.0298456
0.0298456
0.0298456
0.0298456
0.0298456
0.0298456
0.0298456
0.0298456
0.0298456
0.0298456
0.0298456
0.0298456
0.0298456
0.0298456
0.0298456
0.0298456
0.0298456
0.0298456
0.0298456
0.0298456
0.0298456
0.0298456
0.0298456
0.0298456
0.0298456
0.0298456
0.0298456
0.0298456
0.0298456
0.0298456
0.0298456
0.0298456
0.0298456
0.0298456
0.0298456
0.0298456
0.0298456
0.0298456
0.0298456
0.0298456
0.0298456
0.0298456
0.0298456
0.0298456
0.0298456
0.0298456
0.0298456
0.0298456
0.0298456
0.0298456
0.0298456
0.0298456
0.0298456
0.0298456
0.0298456
0.0298456
0.0298456
0.0298456
0.0298456
0.0298456
0.0298456
0.0298456
0.0298456
0.0298456
0.0298456
0.0298456
0.0298456
0.0298456
0.0298456
0.0298456
0.0298456
0.0298456
0.0298456
0.0298456
0.0298456
0.0298456
0.0298456
0.0298456
0.0298456
0.0298456
0.0298456
0.0298456
0.0298456
0.0298456
0.0298456
0.0298456
0.0298456
0.0298456
0.0298456
0.0298456
0.0298456
0.0298456
0.0298456
0.0298456
0.0298456
0.0298456
0.0298456
0.0298456
0.0298456
0.0298456
0.0298456
0.0298456
0.0298456
0.0298456
0.0298456
0.0298456
0.0298456
0.0298456
0.0298456
0.0298456
0.0298456
0.0298456
0.0298456
0.0298456
0.0298456
0.0298456
0.0298456
0.0298456
0.0298456
0.0298456
0.0298456
0.0298456
0.0298456
0.0298456
0.0298456
0.0298456
0.0298456
0.0298456
0.0298456
0.0298456
0.0298456
0.0298456
0.0298456
0.0295588
0.0295411
0.0295411
0.0295411
0.0295411
0.0295411
0.0295411
0.0295411
0.0295411
0.0295411
0.0295411
0.0295411
0.0295411
0.0295411
0.0295411
0.0295411
0.0295411
0.0295411
0.0295411
0.0295411
0.0295411
0.0295411
0.0295411
0.0295411
0.0295411
0.0295411
0.0295411
0.0295411
0.0295411
0.0295411
0.0295411
0.0295411
0.0295411
0.0295411
0.0295411
0.0295411
0.0295411
0.0295411
0.0295411
0.0295411
0.0295411
0.0295411
0.0295411
0.0295411
0.0295411
0.0295411
0.0295411
0.0295411
0.0295411
0.0295411
0.0295411
0.0295411
0.0295411
0.0295411
0.0295411
0.0295411
0.0295411
0.0295411
0.0295411
0.0295411
0.0295411
0.0295411
0.0295411
0.0295411
0.0295411
0.0295411
0.0295411
0.0295411
0.0295411
0.0295411
0.0295411
0.0295411
0.0295411
0.0295411
0.0295411
0.0295411
0.0295411
0.0295411
0.0295411
0.0295411
0.0295411
0.0295411
0.0295411
0.0295411
0.0295411
0.0295411
0.0295411
0.0295411
0.0295411
0.0295411
0.0295411
0.0295411
0.0295411
0.0295411
0.0295411
0.0295411
0.0295411
0.0295411
0.0295411
0.0295411
0.0295411
0.0295411
0.0295411
0.0295411
0.0295411
0.0295411
0.0295411
0.0295411
0.0295411
0.0295411
0.0295411
0.0295411
0.0295411
0.0295411
0.0295411
0.0295411
0.0295411
0.0295411
0.0295411
0.0295411
0.0295411
0.0295411
0.0295411
0.0295411
0.0295411
0.0295411
0.0295411
0.0295411
0.0295411
0.0295411
0.0295411
0.0295411
0.0295411
0.0295411
0.0295411
0.0295411
0.0295411
0.0295411
0.0295411
0.0295411
0.0295411
0.0295411
0.0295411
0.0295411
0.0295411
0.0295411
0.0295411
0.0295411
0.0295411
0.0295411
0.0295411
0.0295411
0.0295411
0.0295411
0.0295411
0.0295411
0.0295411
0.0295411
0.0295411
0.0295411
0.0295411
0.0295411
0.0295411
0.0295411
0.0295411
0.0295411
0.0295411
0.0295411
0.0295411
0.0295411
0.0295411
0.0295411
0.0295411
0.0295411
0.0295411
0.0295411
0.0295411
0.0295411
0.0295411
0.0295411
0.0295411
0.0295411
0.0295411
0.0295411
0.0295411
0.0295411
0.0295411
0.0295411
0.0295411
0.0295411
0.0295411
0.0295411
0.0295411
0.0295411
0.0295411
0.0295411
0.0295411
0.0295411
0.0295411
0.0295411
0.0287324
0.0287197
0.0287197
0.0287197
0.0287197
0.0287197
0.0287197
0.0287197
0.0287197
0.0287197
0.0287197
0.0287197
0.0287197
0.0287197
0.0287197
0.0287197
0.0287197
0.0287197
0.0287197
0.0287197
0.0287197
0.0287197
0.0287197
0.0287197
0.0287197
0.0287197
0.0287197
0.0287197
0.0287197
0.0287197
0.0287197
0.0287197
0.0287197
0.0287197
0.0287197
0.0287197
0.0287197
0.0287197
0.0287197
0.0287197
0.0287197
0.0287197
0.0287197
0.0287197
0.0287197
0.0287197
0.0287197
0.0287197
0.0287197
0.0287197
0.0287197
0.0287197
0.0287197
0.0287197
0.0287197
0.0287197
0.0287197
0.0287197
0.0287197
0.0287197
0.0287197
0.0287197
0.0287197
0.0287197
0.0287197
0.0287197
0.0287197
0.0287197
0.0287197
0.0287197
0.0287197
0.0287197
0.0287197
0.0287197
0.0287197
0.0287197
0.0287197
0.0287197
0.0287197
0.0287197
0.0287197
0.0287197
0.0287197
0.0287197
0.0287197
0.0287197
0.0287197
0.0287197
0.0287197
0.0287197
0.0287197
0.0287197
0.0287197
0.0287197
0.0287197
0.0287197
0.0287197
0.0287197
0.0287197
0.0287197
0.0287197
0.0287197
0.0287197
0.0287197
0.0287197
0.0287197
0.0287197
0.0287197
0.0287197
0.0287197
0.0287197
0.0287197
0.0287197
0.0287197
0.0287197
0.0287197
0.0287197
0.0287197
0.0287197
0.0287197
0.0287197
0.0287197
0.0287197
0.0287197
0.0287197
0.0287197
0.0287197
0.0287197
0.0287197
0.0287197
0.0287197
0.0287197
0.0287197
0.0287197
0.0287197
0.0287197
0.0287197
0.0287197
0.0287197
0.0287197
0.0287197
0.0287197
0.0287197
0.0287197
0.0287197
0.0287197
0.0287197
0.0287197
0.0287197
0.0287197
0.0287197
0.0287197
0.0287197
0.0287197
0.0287197
0.0287197
0.0287197
0.0287197
0.0287197
0.0287197
0.0287197
0.0287197
0.0287197
0.0287197
0.0287197
0.0287197
0.0287197
0.0287197
0.0287197
0.0287197
0.0287197
0.0287197
0.0287197
0.0287197
0.0287197
0.0287197
0.0287197
0.0287197
0.0287197
0.0287197
0.0287197
0.0287197
0.0287197
0.0287197
0.0287197
0.0287197
0.0287197
0.0287197
0.0287197
0.0287197
0.0287197
0.0287197
0.0287197
0.0287197
0.0287197
0.0287197
0.0287197
0.0287197
0.0287197
0.0287197
0.0265318
0.0265211
0.0265211
0.0265211
0.0265211
0.0265211
0.0265211
0.0265211
0.0265211
0.0265211
0.0265211
0.0265211
0.0265211
0.0265211
0.0265211
0.0265211
0.0265211
0.0265211
0.0265211
0.0265211
0.0265211
0.0265211
0.0265211
0.0265211
0.0265211
0.0265211
0.0265211
0.0265211
0.0265211
0.0265211
0.0265211
0.0265211
0.0265211
0.0265211
0.0265211
0.0265211
0.0265211
0.0265211
0.0265211
0.0265211
0.0265211
0.0265211
0.0265211
0.0265211
0.0265211
0.0265211
0.0265211
0.0265211
0.0265211
0.0265211
0.0265211
0.0265211
0.0265211
0.0265211
0.0265211
0.0265211
0.0265211
0.0265211
0.0265211
0.0265211
0.0265211
0.0265211
0.0265211
0.0265211
0.0265211
0.0265211
0.0265211
0.0265211
0.0265211
0.0265211
0.0265211
0.0265211
0.0265211
0.0265211
0.0265211
0.0265211
0.0265211
0.0265211
0.0265211
0.0265211
0.0265211
0.0265211
0.0265211
0.0265211
0.0265211
0.0265211
0.0265211
0.0265211
0.0265211
0.0265211
0.0265211
0.0265211
0.0265211
0.0265211
0.0265211
0.0265211
0.0265211
0.0265211
0.0265211
0.0265211
0.0265211
0.0265211
0.0265211
0.0265211
0.0265211
0.0265211
0.0265211
0.0265211
0.0265211
0.0265211
0.0265211
0.0265211
0.0265211
0.0265211
0.0265211
0.0265211
0.0265211
0.0265211
0.0265211
0.0265211
0.0265211
0.0265211
0.0265211
0.0265211
0.0265211
0.0265211
0.0265211
0.0265211
0.0265211
0.0265211
0.0265211
0.0265211
0.0265211
0.0265211
0.0265211
0.0265211
0.0265211
0.0265211
0.0265211
0.0265211
0.0265211
0.0265211
0.0265211
0.0265211
0.0265211
0.0265211
0.0265211
0.0265211
0.0265211
0.0265211
0.0265211
0.0265211
0.0265211
0.0265211
0.0265211
0.0265211
0.0265211
0.0265211
0.0265211
0.0265211
0.0265211
0.0265211
0.0265211
0.0265211
0.0265211
0.0265211
0.0265211
0.0265211
0.0265211
0.0265211
0.0265211
0.0265211
0.0265211
0.0265211
0.0265211
0.0265211
0.0265211
0.0265211
0.0265211
0.0265211
0.0265211
0.0265211
0.0265211
0.0265211
0.0265211
0.0265211
0.0265211
0.0265211
0.0265211
0.0265211
0.0265211
0.0265211
0.0265211
0.0265211
0.0265211
0.0265211
0.0265211
0.0265211
0.0265211
0.0265211
0.017736
0.0177228
0.0177228
0.0177228
0.0177228
0.0177228
0.0177228
0.0177228
0.0177228
0.0177228
0.0177228
0.0177228
0.0177228
0.0177228
0.0177228
0.0177228
0.0177228
0.0177228
0.0177228
0.0177228
0.0177228
0.0177228
0.0177228
0.0177228
0.0177228
0.0177228
0.0177228
0.0177228
0.0177228
0.0177228
0.0177228
0.0177228
0.0177228
0.0177228
0.0177228
0.0177228
0.0177228
0.0177228
0.0177228
0.0177228
0.0177228
0.0177228
0.0177228
0.0177228
0.0177228
0.0177228
0.0177228
0.0177228
0.0177228
0.0177228
0.0177228
0.0177228
0.0177228
0.0177228
0.0177228
0.0177228
0.0177228
0.0177228
0.0177228
0.0177228
0.0177228
0.0177228
0.0177228
0.0177228
0.0177228
0.0177228
0.0177228
0.0177228
0.0177228
0.0177228
0.0177228
0.0177228
0.0177228
0.0177228
0.0177228
0.0177228
0.0177228
0.0177228
0.0177228
0.0177228
0.0177228
0.0177228
0.0177228
0.0177228
0.0177228
0.0177228
0.0177228
0.0177228
0.0177228
0.0177228
0.0177228
0.0177228
0.0177228
0.0177228
0.0177228
0.0177228
0.0177228
0.0177228
0.0177228
0.0177228
0.0177228
0.0177228
0.0177228
0.0177228
0.0177228
0.0177228
0.0177228
0.0177228
0.0177228
0.0177228
0.0177228
0.0177228
0.0177228
0.0177228
0.0177228
0.0177228
0.0177228
0.0177228
0.0177228
0.0177228
0.0177228
0.0177228
0.0177228
0.0177228
0.0177228
0.0177228
0.0177228
0.0177228
0.0177228
0.0177228
0.0177228
0.0177228
0.0177228
0.0177228
0.0177228
0.0177228
0.0177228
0.0177228
0.0177228
0.0177228
0.0177228
0.0177228
0.0177228
0.0177228
0.0177228
0.0177228
0.0177228
0.0177228
0.0177228
0.0177228
0.0177228
0.0177228
0.0177228
0.0177228
0.0177228
0.0177228
0.0177228
0.0177228
0.0177228
0.0177228
0.0177228
0.0177228
0.0177228
0.0177228
0.0177228
0.0177228
0.0177228
0.0177228
0.0177228
0.0177228
0.0177228
0.0177228
0.0177228
0.0177228
0.0177228
0.0177228
0.0177228
0.0177228
0.0177228
0.0177228
0.0177228
0.0177228
0.0177228
0.0177228
0.0177228
0.0177228
0.0177228
0.0177228
0.0177228
0.0177228
0.0177228
0.0177228
0.0177228
0.0177228
0.0177228
0.0177228
0.0177228
0.0177228
0.0177228
0.0177228
)
;
    }
}


// ************************************************************************* //
