/*---------------------------------------------------------------------------*\
| ofgpu  --  GPU-native finite volume CFD                                     |
|                                                                             |
| Written in the OpenFOAM ASCII case format so that existing pre- and         |
| post-processing tools can read it. A file format is not a work: ofgpu is    |
| an independent implementation, neither derived from nor affiliated with     |
| OpenFOAM.                                                                   |
\*---------------------------------------------------------------------------*/
FoamFile
{
    format      ascii;
    class       volScalarField;
    location    "0";
    object      nut;
}
// * * * * * * * * * * * * * * * * * * * * * * * * * * * * * * * * * * * * * //

dimensions      [0 2 -1 0 0 0 0];

internalField   nonuniform List<scalar> 
40000
(
3.79143e-09
3.78696e-09
3.78696e-09
3.78696e-09
3.78696e-09
3.78696e-09
3.78696e-09
3.78696e-09
3.78696e-09
3.78696e-09
3.78696e-09
3.78696e-09
3.78696e-09
3.78696e-09
3.78696e-09
3.78696e-09
3.78696e-09
3.78696e-09
3.78696e-09
3.78696e-09
3.78696e-09
3.78696e-09
3.78696e-09
3.78696e-09
3.78696e-09
3.78696e-09
3.78696e-09
3.78696e-09
3.78696e-09
3.78696e-09
3.78696e-09
3.78696e-09
3.78696e-09
3.78696e-09
3.78696e-09
3.78696e-09
3.78696e-09
3.78696e-09
3.78696e-09
3.78696e-09
3.78696e-09
3.78696e-09
3.78696e-09
3.78696e-09
3.78696e-09
3.78696e-09
3.78696e-09
3.78696e-09
3.78696e-09
3.78696e-09
3.78696e-09
3.78696e-09
3.78696e-09
3.78696e-09
3.78696e-09
3.78696e-09
3.78696e-09
3.78696e-09
3.78696e-09
3.78696e-09
3.78696e-09
3.78696e-09
3.78696e-09
3.78696e-09
3.78696e-09
3.78696e-09
3.78696e-09
3.78696e-09
3.78696e-09
3.78696e-09
3.78696e-09
3.78696e-09
3.78696e-09
3.78696e-09
3.78696e-09
3.78696e-09
3.78696e-09
3.78696e-09
3.78696e-09
3.78696e-09
3.78696e-09
3.78696e-09
3.78696e-09
3.78696e-09
3.78696e-09
3.78696e-09
3.78696e-09
3.78696e-09
3.78696e-09
3.78696e-09
3.78696e-09
3.78696e-09
3.78696e-09
3.78696e-09
3.78696e-09
3.78696e-09
3.78696e-09
3.78696e-09
3.78696e-09
3.78696e-09
3.78696e-09
3.78696e-09
3.78696e-09
3.78696e-09
3.78696e-09
3.78696e-09
3.78696e-09
3.78696e-09
3.78696e-09
3.78696e-09
3.78696e-09
3.78696e-09
3.78696e-09
3.78696e-09
3.78696e-09
3.78696e-09
3.78696e-09
3.78696e-09
3.78696e-09
3.78696e-09
3.78696e-09
3.78696e-09
3.78696e-09
3.78696e-09
3.78696e-09
3.78696e-09
3.78696e-09
3.78696e-09
3.78696e-09
3.78696e-09
3.78696e-09
3.78696e-09
3.78696e-09
3.78696e-09
3.78696e-09
3.78696e-09
3.78696e-09
3.78696e-09
3.78696e-09
3.78696e-09
3.78696e-09
3.78696e-09
3.78696e-09
3.78696e-09
3.78696e-09
3.78696e-09
3.78696e-09
3.78696e-09
3.78696e-09
3.78696e-09
3.78696e-09
3.78696e-09
3.78696e-09
3.78696e-09
3.78696e-09
3.78696e-09
3.78696e-09
3.78696e-09
3.78696e-09
3.78696e-09
3.78696e-09
3.78696e-09
3.78696e-09
3.78696e-09
3.78696e-09
3.78696e-09
3.78696e-09
3.78696e-09
3.78696e-09
3.78696e-09
3.78696e-09
3.78696e-09
3.78696e-09
3.78696e-09
3.78696e-09
3.78696e-09
3.78696e-09
3.78696e-09
3.78696e-09
3.78696e-09
3.78696e-09
3.78696e-09
3.78696e-09
3.78696e-09
3.78696e-09
3.78696e-09
3.78696e-09
3.78696e-09
3.78696e-09
3.78696e-09
3.78696e-09
3.78696e-09
3.78696e-09
3.78696e-09
3.78696e-09
3.78696e-09
3.78696e-09
3.78696e-09
3.78696e-09
3.78695e-09
0.000164327
0.000164266
0.000164266
0.000164266
0.000164266
0.000164266
0.000164266
0.000164266
0.000164266
0.000164266
0.000164266
0.000164266
0.000164266
0.000164266
0.000164266
0.000164266
0.000164266
0.000164266
0.000164266
0.000164266
0.000164266
0.000164266
0.000164266
0.000164266
0.000164266
0.000164266
0.000164266
0.000164266
0.000164266
0.000164266
0.000164266
0.000164266
0.000164266
0.000164266
0.000164266
0.000164266
0.000164266
0.000164266
0.000164266
0.000164266
0.000164266
0.000164266
0.000164266
0.000164266
0.000164266
0.000164266
0.000164266
0.000164266
0.000164266
0.000164266
0.000164266
0.000164266
0.000164266
0.000164266
0.000164266
0.000164266
0.000164266
0.000164266
0.000164266
0.000164266
0.000164266
0.000164266
0.000164266
0.000164266
0.000164266
0.000164266
0.000164266
0.000164266
0.000164266
0.000164266
0.000164266
0.000164266
0.000164266
0.000164266
0.000164266
0.000164266
0.000164266
0.000164266
0.000164266
0.000164266
0.000164266
0.000164266
0.000164266
0.000164266
0.000164266
0.000164266
0.000164266
0.000164266
0.000164266
0.000164266
0.000164266
0.000164266
0.000164266
0.000164266
0.000164266
0.000164266
0.000164266
0.000164266
0.000164266
0.000164266
0.000164266
0.000164266
0.000164266
0.000164266
0.000164266
0.000164266
0.000164266
0.000164266
0.000164266
0.000164266
0.000164266
0.000164266
0.000164266
0.000164266
0.000164266
0.000164266
0.000164266
0.000164266
0.000164266
0.000164266
0.000164266
0.000164266
0.000164266
0.000164266
0.000164266
0.000164266
0.000164266
0.000164266
0.000164266
0.000164266
0.000164266
0.000164266
0.000164266
0.000164266
0.000164266
0.000164266
0.000164266
0.000164266
0.000164266
0.000164266
0.000164266
0.000164266
0.000164266
0.000164266
0.000164266
0.000164266
0.000164266
0.000164266
0.000164266
0.000164266
0.000164266
0.000164266
0.000164266
0.000164266
0.000164266
0.000164266
0.000164266
0.000164266
0.000164266
0.000164266
0.000164266
0.000164266
0.000164266
0.000164266
0.000164266
0.000164266
0.000164266
0.000164266
0.000164266
0.000164266
0.000164266
0.000164266
0.000164266
0.000164266
0.000164266
0.000164266
0.000164266
0.000164266
0.000164266
0.000164266
0.000164266
0.000164266
0.000164266
0.000164266
0.000164266
0.000164266
0.000164266
0.000164266
0.000164266
0.000164266
0.000164266
0.000164266
0.000164266
0.000164266
0.000164266
0.000164266
0.000164266
0.000164266
0.000164266
0.000164266
0.000181851
0.000181794
0.000181794
0.000181794
0.000181794
0.000181794
0.000181794
0.000181794
0.000181794
0.000181794
0.000181794
0.000181794
0.000181794
0.000181794
0.000181794
0.000181794
0.000181794
0.000181794
0.000181794
0.000181794
0.000181794
0.000181794
0.000181794
0.000181794
0.000181794
0.000181794
0.000181794
0.000181794
0.000181794
0.000181794
0.000181794
0.000181794
0.000181794
0.000181794
0.000181794
0.000181794
0.000181794
0.000181794
0.000181794
0.000181794
0.000181794
0.000181794
0.000181794
0.000181794
0.000181794
0.000181794
0.000181794
0.000181794
0.000181794
0.000181794
0.000181794
0.000181794
0.000181794
0.000181794
0.000181794
0.000181794
0.000181794
0.000181794
0.000181794
0.000181794
0.000181794
0.000181794
0.000181794
0.000181794
0.000181794
0.000181794
0.000181794
0.000181794
0.000181794
0.000181794
0.000181794
0.000181794
0.000181794
0.000181794
0.000181794
0.000181794
0.000181794
0.000181794
0.000181794
0.000181794
0.000181794
0.000181794
0.000181794
0.000181794
0.000181794
0.000181794
0.000181794
0.000181794
0.000181794
0.000181794
0.000181794
0.000181794
0.000181794
0.000181794
0.000181794
0.000181794
0.000181794
0.000181794
0.000181794
0.000181794
0.000181794
0.000181794
0.000181794
0.000181794
0.000181794
0.000181794
0.000181794
0.000181794
0.000181794
0.000181794
0.000181794
0.000181794
0.000181794
0.000181794
0.000181794
0.000181794
0.000181794
0.000181794
0.000181794
0.000181794
0.000181794
0.000181794
0.000181794
0.000181794
0.000181794
0.000181794
0.000181794
0.000181794
0.000181794
0.000181794
0.000181794
0.000181794
0.000181794
0.000181794
0.000181794
0.000181794
0.000181794
0.000181794
0.000181794
0.000181794
0.000181794
0.000181794
0.000181794
0.000181794
0.000181794
0.000181794
0.000181794
0.000181794
0.000181794
0.000181794
0.000181794
0.000181794
0.000181794
0.000181794
0.000181794
0.000181794
0.000181794
0.000181794
0.000181794
0.000181794
0.000181794
0.000181794
0.000181794
0.000181794
0.000181794
0.000181794
0.000181794
0.000181794
0.000181794
0.000181794
0.000181794
0.000181794
0.000181794
0.000181794
0.000181794
0.000181794
0.000181794
0.000181794
0.000181794
0.000181794
0.000181794
0.000181794
0.000181794
0.000181794
0.000181794
0.000181794
0.000181794
0.000181794
0.000181794
0.000181794
0.000181794
0.000181794
0.000181794
0.000181794
0.000181794
0.000181794
0.000181794
0.000181794
0.000181794
0.000181794
0.000189235
0.000189166
0.000189166
0.000189166
0.000189166
0.000189166
0.000189166
0.000189166
0.000189166
0.000189166
0.000189166
0.000189166
0.000189166
0.000189166
0.000189166
0.000189166
0.000189166
0.000189166
0.000189166
0.000189166
0.000189166
0.000189166
0.000189166
0.000189166
0.000189166
0.000189166
0.000189166
0.000189166
0.000189166
0.000189166
0.000189166
0.000189166
0.000189166
0.000189166
0.000189166
0.000189166
0.000189166
0.000189166
0.000189166
0.000189166
0.000189166
0.000189166
0.000189166
0.000189166
0.000189166
0.000189166
0.000189166
0.000189166
0.000189166
0.000189166
0.000189166
0.000189166
0.000189166
0.000189166
0.000189166
0.000189166
0.000189166
0.000189166
0.000189166
0.000189166
0.000189166
0.000189166
0.000189166
0.000189166
0.000189166
0.000189166
0.000189166
0.000189166
0.000189166
0.000189166
0.000189166
0.000189166
0.000189166
0.000189166
0.000189166
0.000189166
0.000189166
0.000189166
0.000189166
0.000189166
0.000189166
0.000189166
0.000189166
0.000189166
0.000189166
0.000189166
0.000189166
0.000189166
0.000189166
0.000189166
0.000189166
0.000189166
0.000189166
0.000189166
0.000189166
0.000189166
0.000189166
0.000189166
0.000189166
0.000189166
0.000189166
0.000189166
0.000189166
0.000189166
0.000189166
0.000189166
0.000189166
0.000189166
0.000189166
0.000189166
0.000189166
0.000189166
0.000189166
0.000189166
0.000189166
0.000189166
0.000189166
0.000189166
0.000189166
0.000189166
0.000189166
0.000189166
0.000189166
0.000189166
0.000189166
0.000189166
0.000189166
0.000189166
0.000189166
0.000189166
0.000189166
0.000189166
0.000189166
0.000189166
0.000189166
0.000189166
0.000189166
0.000189166
0.000189166
0.000189166
0.000189166
0.000189166
0.000189166
0.000189166
0.000189166
0.000189166
0.000189166
0.000189166
0.000189166
0.000189166
0.000189166
0.000189166
0.000189166
0.000189166
0.000189166
0.000189166
0.000189166
0.000189166
0.000189166
0.000189166
0.000189166
0.000189166
0.000189166
0.000189166
0.000189166
0.000189166
0.000189166
0.000189166
0.000189166
0.000189166
0.000189166
0.000189166
0.000189166
0.000189166
0.000189166
0.000189166
0.000189166
0.000189166
0.000189166
0.000189166
0.000189166
0.000189166
0.000189166
0.000189166
0.000189166
0.000189166
0.000189166
0.000189166
0.000189166
0.000189166
0.000189166
0.000189166
0.000189166
0.000189166
0.000189166
0.000189166
0.000189166
0.000189166
0.000189166
0.000189166
0.000192213
0.000192114
0.000192114
0.000192114
0.000192114
0.000192114
0.000192114
0.000192114
0.000192114
0.000192114
0.000192114
0.000192114
0.000192114
0.000192114
0.000192114
0.000192114
0.000192114
0.000192114
0.000192114
0.000192114
0.000192114
0.000192114
0.000192114
0.000192114
0.000192114
0.000192114
0.000192114
0.000192114
0.000192114
0.000192114
0.000192114
0.000192114
0.000192114
0.000192114
0.000192114
0.000192114
0.000192114
0.000192114
0.000192114
0.000192114
0.000192114
0.000192114
0.000192114
0.000192114
0.000192114
0.000192114
0.000192114
0.000192114
0.000192114
0.000192114
0.000192114
0.000192114
0.000192114
0.000192114
0.000192114
0.000192114
0.000192114
0.000192114
0.000192114
0.000192114
0.000192114
0.000192114
0.000192114
0.000192114
0.000192114
0.000192114
0.000192114
0.000192114
0.000192114
0.000192114
0.000192114
0.000192114
0.000192114
0.000192114
0.000192114
0.000192114
0.000192114
0.000192114
0.000192114
0.000192114
0.000192114
0.000192114
0.000192114
0.000192114
0.000192114
0.000192114
0.000192114
0.000192114
0.000192114
0.000192114
0.000192114
0.000192114
0.000192114
0.000192114
0.000192114
0.000192114
0.000192114
0.000192114
0.000192114
0.000192114
0.000192114
0.000192114
0.000192114
0.000192114
0.000192114
0.000192114
0.000192114
0.000192114
0.000192114
0.000192114
0.000192114
0.000192114
0.000192114
0.000192114
0.000192114
0.000192114
0.000192114
0.000192114
0.000192114
0.000192114
0.000192114
0.000192114
0.000192114
0.000192114
0.000192114
0.000192114
0.000192114
0.000192114
0.000192114
0.000192114
0.000192114
0.000192114
0.000192114
0.000192114
0.000192114
0.000192114
0.000192114
0.000192114
0.000192114
0.000192114
0.000192114
0.000192114
0.000192114
0.000192114
0.000192114
0.000192114
0.000192114
0.000192114
0.000192114
0.000192114
0.000192114
0.000192114
0.000192114
0.000192114
0.000192114
0.000192114
0.000192114
0.000192114
0.000192114
0.000192114
0.000192114
0.000192114
0.000192114
0.000192114
0.000192114
0.000192114
0.000192114
0.000192114
0.000192114
0.000192114
0.000192114
0.000192114
0.000192114
0.000192114
0.000192114
0.000192114
0.000192114
0.000192114
0.000192114
0.000192114
0.000192114
0.000192114
0.000192114
0.000192114
0.000192114
0.000192114
0.000192114
0.000192114
0.000192114
0.000192114
0.000192114
0.000192114
0.000192114
0.000192114
0.000192114
0.000192114
0.000192114
0.000192114
0.000192114
0.000192114
0.000193301
0.000193149
0.000193149
0.000193149
0.000193149
0.000193149
0.000193149
0.000193149
0.000193149
0.000193149
0.000193149
0.000193149
0.000193149
0.000193149
0.000193149
0.000193149
0.000193149
0.000193149
0.000193149
0.000193149
0.000193149
0.000193149
0.000193149
0.000193149
0.000193149
0.000193149
0.000193149
0.000193149
0.000193149
0.000193149
0.000193149
0.000193149
0.000193149
0.000193149
0.000193149
0.000193149
0.000193149
0.000193149
0.000193149
0.000193149
0.000193149
0.000193149
0.000193149
0.000193149
0.000193149
0.000193149
0.000193149
0.000193149
0.000193149
0.000193149
0.000193149
0.000193149
0.000193149
0.000193149
0.000193149
0.000193149
0.000193149
0.000193149
0.000193149
0.000193149
0.000193149
0.000193149
0.000193149
0.000193149
0.000193149
0.000193149
0.000193149
0.000193149
0.000193149
0.000193149
0.000193149
0.000193149
0.000193149
0.000193149
0.000193149
0.000193149
0.000193149
0.000193149
0.000193149
0.000193149
0.000193149
0.000193149
0.000193149
0.000193149
0.000193149
0.000193149
0.000193149
0.000193149
0.000193149
0.000193149
0.000193149
0.000193149
0.000193149
0.000193149
0.000193149
0.000193149
0.000193149
0.000193149
0.000193149
0.000193149
0.000193149
0.000193149
0.000193149
0.000193149
0.000193149
0.000193149
0.000193149
0.000193149
0.000193149
0.000193149
0.000193149
0.000193149
0.000193149
0.000193149
0.000193149
0.000193149
0.000193149
0.000193149
0.000193149
0.000193149
0.000193149
0.000193149
0.000193149
0.000193149
0.000193149
0.000193149
0.000193149
0.000193149
0.000193149
0.000193149
0.000193149
0.000193149
0.000193149
0.000193149
0.000193149
0.000193149
0.000193149
0.000193149
0.000193149
0.000193149
0.000193149
0.000193149
0.000193149
0.000193149
0.000193149
0.000193149
0.000193149
0.000193149
0.000193149
0.000193149
0.000193149
0.000193149
0.000193149
0.000193149
0.000193149
0.000193149
0.000193149
0.000193149
0.000193149
0.000193149
0.000193149
0.000193149
0.000193149
0.000193149
0.000193149
0.000193149
0.000193149
0.000193149
0.000193149
0.000193149
0.000193149
0.000193149
0.000193149
0.000193149
0.000193149
0.000193149
0.000193149
0.000193149
0.000193149
0.000193149
0.000193149
0.000193149
0.000193149
0.000193149
0.000193149
0.000193149
0.000193149
0.000193149
0.000193149
0.000193149
0.000193149
0.000193149
0.000193149
0.000193149
0.000193149
0.000193149
0.000193149
0.000193149
0.000193149
0.000193149
0.000193754
0.00019352
0.00019352
0.00019352
0.00019352
0.00019352
0.00019352
0.00019352
0.00019352
0.00019352
0.00019352
0.00019352
0.00019352
0.00019352
0.00019352
0.00019352
0.00019352
0.00019352
0.00019352
0.00019352
0.00019352
0.00019352
0.00019352
0.00019352
0.00019352
0.00019352
0.00019352
0.00019352
0.00019352
0.00019352
0.00019352
0.00019352
0.00019352
0.00019352
0.00019352
0.00019352
0.00019352
0.00019352
0.00019352
0.00019352
0.00019352
0.00019352
0.00019352
0.00019352
0.00019352
0.00019352
0.00019352
0.00019352
0.00019352
0.00019352
0.00019352
0.00019352
0.00019352
0.00019352
0.00019352
0.00019352
0.00019352
0.00019352
0.00019352
0.00019352
0.00019352
0.00019352
0.00019352
0.00019352
0.00019352
0.00019352
0.00019352
0.00019352
0.00019352
0.00019352
0.00019352
0.00019352
0.00019352
0.00019352
0.00019352
0.00019352
0.00019352
0.00019352
0.00019352
0.00019352
0.00019352
0.00019352
0.00019352
0.00019352
0.00019352
0.00019352
0.00019352
0.00019352
0.00019352
0.00019352
0.00019352
0.00019352
0.00019352
0.00019352
0.00019352
0.00019352
0.00019352
0.00019352
0.00019352
0.00019352
0.00019352
0.00019352
0.00019352
0.00019352
0.00019352
0.00019352
0.00019352
0.00019352
0.00019352
0.00019352
0.00019352
0.00019352
0.00019352
0.00019352
0.00019352
0.00019352
0.00019352
0.00019352
0.00019352
0.00019352
0.00019352
0.00019352
0.00019352
0.00019352
0.00019352
0.00019352
0.00019352
0.00019352
0.00019352
0.00019352
0.00019352
0.00019352
0.00019352
0.00019352
0.00019352
0.00019352
0.00019352
0.00019352
0.00019352
0.00019352
0.00019352
0.00019352
0.00019352
0.00019352
0.00019352
0.00019352
0.00019352
0.00019352
0.00019352
0.00019352
0.00019352
0.00019352
0.00019352
0.00019352
0.00019352
0.00019352
0.00019352
0.00019352
0.00019352
0.00019352
0.00019352
0.00019352
0.00019352
0.00019352
0.00019352
0.00019352
0.00019352
0.00019352
0.00019352
0.00019352
0.00019352
0.00019352
0.00019352
0.00019352
0.00019352
0.00019352
0.00019352
0.00019352
0.00019352
0.00019352
0.00019352
0.00019352
0.00019352
0.00019352
0.00019352
0.00019352
0.00019352
0.00019352
0.00019352
0.00019352
0.00019352
0.00019352
0.00019352
0.00019352
0.00019352
0.00019352
0.00019352
0.00019352
0.00019352
0.00019352
0.000193936
0.000193577
0.000193576
0.000193576
0.000193576
0.000193576
0.000193576
0.000193576
0.000193576
0.000193576
0.000193576
0.000193576
0.000193576
0.000193576
0.000193576
0.000193576
0.000193576
0.000193576
0.000193576
0.000193576
0.000193576
0.000193576
0.000193576
0.000193576
0.000193576
0.000193576
0.000193576
0.000193576
0.000193576
0.000193576
0.000193576
0.000193576
0.000193576
0.000193576
0.000193576
0.000193576
0.000193576
0.000193576
0.000193576
0.000193576
0.000193576
0.000193576
0.000193576
0.000193576
0.000193576
0.000193576
0.000193576
0.000193576
0.000193576
0.000193576
0.000193576
0.000193576
0.000193576
0.000193576
0.000193576
0.000193576
0.000193576
0.000193576
0.000193576
0.000193576
0.000193576
0.000193576
0.000193576
0.000193576
0.000193576
0.000193576
0.000193576
0.000193576
0.000193576
0.000193576
0.000193576
0.000193576
0.000193576
0.000193576
0.000193576
0.000193576
0.000193576
0.000193576
0.000193576
0.000193576
0.000193576
0.000193576
0.000193576
0.000193576
0.000193576
0.000193576
0.000193576
0.000193576
0.000193576
0.000193576
0.000193576
0.000193576
0.000193576
0.000193576
0.000193576
0.000193576
0.000193576
0.000193576
0.000193576
0.000193576
0.000193576
0.000193576
0.000193576
0.000193576
0.000193576
0.000193576
0.000193576
0.000193576
0.000193576
0.000193576
0.000193576
0.000193576
0.000193576
0.000193576
0.000193576
0.000193576
0.000193576
0.000193576
0.000193576
0.000193576
0.000193576
0.000193576
0.000193576
0.000193576
0.000193576
0.000193576
0.000193576
0.000193576
0.000193576
0.000193576
0.000193576
0.000193576
0.000193576
0.000193576
0.000193576
0.000193576
0.000193576
0.000193576
0.000193576
0.000193576
0.000193576
0.000193576
0.000193576
0.000193576
0.000193576
0.000193576
0.000193576
0.000193576
0.000193576
0.000193576
0.000193576
0.000193576
0.000193576
0.000193576
0.000193576
0.000193576
0.000193576
0.000193576
0.000193576
0.000193576
0.000193576
0.000193576
0.000193576
0.000193576
0.000193576
0.000193576
0.000193576
0.000193576
0.000193576
0.000193576
0.000193576
0.000193576
0.000193576
0.000193576
0.000193576
0.000193576
0.000193576
0.000193576
0.000193576
0.000193576
0.000193576
0.000193576
0.000193576
0.000193576
0.000193576
0.000193576
0.000193576
0.000193576
0.000193576
0.000193576
0.000193576
0.000193576
0.000193576
0.000193576
0.000193576
0.000193576
0.000193576
0.000193576
0.000193576
0.000193576
0.000194075
0.00019353
0.000193527
0.000193527
0.000193527
0.000193527
0.000193527
0.000193527
0.000193527
0.000193527
0.000193527
0.000193527
0.000193527
0.000193527
0.000193527
0.000193527
0.000193527
0.000193527
0.000193527
0.000193527
0.000193527
0.000193527
0.000193527
0.000193527
0.000193527
0.000193527
0.000193527
0.000193527
0.000193527
0.000193527
0.000193527
0.000193527
0.000193527
0.000193527
0.000193527
0.000193527
0.000193527
0.000193527
0.000193527
0.000193527
0.000193527
0.000193527
0.000193527
0.000193527
0.000193527
0.000193527
0.000193527
0.000193527
0.000193527
0.000193527
0.000193527
0.000193527
0.000193527
0.000193527
0.000193527
0.000193527
0.000193527
0.000193527
0.000193527
0.000193527
0.000193527
0.000193527
0.000193527
0.000193527
0.000193527
0.000193527
0.000193527
0.000193527
0.000193527
0.000193527
0.000193527
0.000193527
0.000193527
0.000193527
0.000193527
0.000193527
0.000193527
0.000193527
0.000193527
0.000193527
0.000193527
0.000193527
0.000193527
0.000193527
0.000193527
0.000193527
0.000193527
0.000193527
0.000193527
0.000193527
0.000193527
0.000193527
0.000193527
0.000193527
0.000193527
0.000193527
0.000193527
0.000193527
0.000193527
0.000193527
0.000193527
0.000193527
0.000193527
0.000193527
0.000193527
0.000193527
0.000193527
0.000193527
0.000193527
0.000193527
0.000193527
0.000193527
0.000193527
0.000193527
0.000193527
0.000193527
0.000193527
0.000193527
0.000193527
0.000193527
0.000193527
0.000193527
0.000193527
0.000193527
0.000193527
0.000193527
0.000193527
0.000193527
0.000193527
0.000193527
0.000193527
0.000193527
0.000193527
0.000193527
0.000193527
0.000193527
0.000193527
0.000193527
0.000193527
0.000193527
0.000193527
0.000193527
0.000193527
0.000193527
0.000193527
0.000193527
0.000193527
0.000193527
0.000193527
0.000193527
0.000193527
0.000193527
0.000193527
0.000193527
0.000193527
0.000193527
0.000193527
0.000193527
0.000193527
0.000193527
0.000193527
0.000193527
0.000193527
0.000193527
0.000193527
0.000193527
0.000193527
0.000193527
0.000193527
0.000193527
0.000193527
0.000193527
0.000193527
0.000193527
0.000193527
0.000193527
0.000193527
0.000193527
0.000193527
0.000193527
0.000193527
0.000193527
0.000193527
0.000193527
0.000193527
0.000193527
0.000193527
0.000193527
0.000193527
0.000193527
0.000193527
0.000193527
0.000193527
0.000193527
0.000193527
0.000193527
0.000193527
0.000193527
0.000193527
0.000193527
0.000194239
0.000193419
0.000193413
0.000193413
0.000193413
0.000193413
0.000193413
0.000193413
0.000193413
0.000193413
0.000193413
0.000193413
0.000193413
0.000193413
0.000193413
0.000193413
0.000193413
0.000193413
0.000193413
0.000193413
0.000193413
0.000193413
0.000193413
0.000193413
0.000193413
0.000193413
0.000193413
0.000193413
0.000193413
0.000193413
0.000193413
0.000193413
0.000193413
0.000193413
0.000193413
0.000193413
0.000193413
0.000193413
0.000193413
0.000193413
0.000193413
0.000193413
0.000193413
0.000193413
0.000193413
0.000193413
0.000193413
0.000193413
0.000193413
0.000193413
0.000193413
0.000193413
0.000193413
0.000193413
0.000193413
0.000193413
0.000193413
0.000193413
0.000193413
0.000193413
0.000193413
0.000193413
0.000193413
0.000193413
0.000193413
0.000193413
0.000193413
0.000193413
0.000193413
0.000193413
0.000193413
0.000193413
0.000193413
0.000193413
0.000193413
0.000193413
0.000193413
0.000193413
0.000193413
0.000193413
0.000193413
0.000193413
0.000193413
0.000193413
0.000193413
0.000193413
0.000193413
0.000193413
0.000193413
0.000193413
0.000193413
0.000193413
0.000193413
0.000193413
0.000193413
0.000193413
0.000193413
0.000193413
0.000193413
0.000193413
0.000193413
0.000193413
0.000193413
0.000193413
0.000193413
0.000193413
0.000193413
0.000193413
0.000193413
0.000193413
0.000193414
0.000193413
0.000193414
0.000193413
0.000193414
0.000193413
0.000193414
0.000193413
0.000193414
0.000193413
0.000193414
0.000193413
0.000193414
0.000193413
0.000193414
0.000193413
0.000193414
0.000193413
0.000193414
0.000193413
0.000193413
0.000193413
0.000193413
0.000193413
0.000193413
0.000193413
0.000193413
0.000193413
0.000193413
0.000193413
0.000193413
0.000193413
0.000193413
0.000193413
0.000193413
0.000193413
0.000193414
0.000193413
0.000193414
0.000193413
0.000193414
0.000193413
0.000193414
0.000193413
0.000193413
0.000193413
0.000193413
0.000193413
0.000193413
0.000193413
0.000193413
0.000193413
0.000193413
0.000193413
0.000193413
0.000193413
0.000193413
0.000193413
0.000193413
0.000193413
0.000193413
0.000193413
0.000193413
0.000193413
0.000193413
0.000193413
0.000193413
0.000193413
0.000193413
0.000193413
0.000193413
0.000193413
0.000193413
0.000193413
0.000193413
0.000193413
0.000193413
0.000193413
0.000193413
0.000193413
0.000193413
0.000193413
0.000193413
0.000193413
0.000193413
0.000193413
0.000193413
0.000193413
0.000193413
0.000193413
0.00019446
0.000193245
0.000193229
0.000193228
0.000193228
0.000193228
0.000193228
0.000193228
0.000193228
0.000193228
0.000193228
0.000193228
0.000193228
0.000193228
0.000193228
0.000193228
0.000193228
0.000193228
0.000193228
0.000193228
0.000193228
0.000193228
0.000193228
0.000193228
0.000193228
0.000193228
0.000193228
0.000193228
0.000193228
0.000193228
0.000193228
0.000193228
0.000193228
0.000193228
0.000193228
0.000193228
0.000193228
0.000193229
0.000193228
0.000193228
0.000193228
0.000193228
0.000193228
0.000193228
0.000193228
0.000193228
0.000193228
0.000193228
0.000193228
0.000193228
0.000193228
0.000193228
0.000193228
0.000193228
0.000193228
0.000193228
0.000193228
0.000193229
0.000193228
0.000193229
0.000193228
0.000193229
0.000193228
0.000193229
0.000193228
0.000193229
0.000193228
0.000193229
0.000193228
0.000193229
0.000193228
0.000193229
0.000193228
0.000193229
0.000193228
0.000193229
0.000193228
0.000193229
0.000193228
0.000193229
0.000193229
0.000193229
0.000193229
0.000193229
0.000193229
0.000193229
0.000193229
0.000193229
0.000193229
0.000193229
0.000193229
0.000193229
0.000193228
0.000193229
0.000193228
0.000193229
0.000193228
0.000193229
0.000193228
0.000193229
0.000193228
0.000193229
0.000193229
0.000193229
0.000193229
0.000193229
0.000193229
0.000193229
0.000193229
0.000193229
0.000193229
0.000193229
0.000193229
0.000193229
0.000193229
0.000193229
0.000193229
0.000193229
0.000193229
0.000193229
0.000193229
0.000193229
0.000193229
0.000193229
0.000193229
0.000193229
0.000193229
0.000193229
0.000193229
0.000193229
0.000193229
0.000193229
0.000193229
0.000193229
0.000193229
0.000193229
0.000193228
0.000193229
0.000193228
0.000193229
0.000193229
0.000193229
0.000193229
0.000193229
0.000193229
0.000193229
0.000193229
0.000193229
0.000193229
0.000193229
0.000193229
0.000193229
0.000193229
0.000193229
0.000193229
0.000193229
0.000193229
0.000193229
0.000193228
0.000193229
0.000193228
0.000193229
0.000193228
0.000193229
0.000193228
0.000193229
0.000193228
0.000193229
0.000193228
0.000193229
0.000193228
0.000193229
0.000193229
0.000193229
0.000193228
0.000193229
0.000193228
0.000193229
0.000193228
0.000193229
0.000193228
0.000193228
0.000193228
0.000193228
0.000193228
0.000193228
0.000193228
0.000193228
0.000193228
0.000193228
0.000193228
0.000193228
0.000193228
0.000193228
0.000193228
0.000193228
0.000193228
0.000193228
0.000193228
0.000193228
0.000194759
0.00019299
0.000192947
0.000192944
0.000192944
0.000192944
0.000192944
0.000192944
0.000192944
0.000192944
0.000192944
0.000192944
0.000192944
0.000192944
0.000192944
0.000192944
0.000192944
0.000192944
0.000192944
0.000192944
0.000192944
0.000192944
0.000192944
0.000192944
0.000192944
0.000192944
0.000192944
0.000192944
0.000192944
0.000192944
0.000192944
0.000192944
0.000192945
0.000192944
0.000192945
0.000192944
0.000192945
0.000192944
0.000192945
0.000192944
0.000192945
0.000192944
0.000192944
0.000192944
0.000192944
0.000192944
0.000192944
0.000192944
0.000192944
0.000192944
0.000192944
0.000192944
0.000192944
0.000192944
0.000192944
0.000192944
0.000192945
0.000192944
0.000192945
0.000192945
0.000192945
0.000192945
0.000192945
0.000192945
0.000192945
0.000192945
0.000192945
0.000192945
0.000192945
0.000192944
0.000192945
0.000192944
0.000192945
0.000192944
0.000192945
0.000192945
0.000192945
0.000192945
0.000192945
0.000192945
0.000192945
0.000192945
0.000192945
0.000192945
0.000192945
0.000192945
0.000192945
0.000192945
0.000192945
0.000192945
0.000192945
0.000192945
0.000192945
0.000192945
0.000192945
0.000192945
0.000192945
0.000192945
0.000192945
0.000192945
0.000192945
0.000192945
0.000192945
0.000192945
0.000192945
0.000192945
0.000192945
0.000192945
0.000192945
0.000192945
0.000192946
0.000192945
0.000192946
0.000192945
0.000192946
0.000192945
0.000192946
0.000192945
0.000192946
0.000192945
0.000192946
0.000192945
0.000192946
0.000192945
0.000192946
0.000192945
0.000192946
0.000192945
0.000192946
0.000192945
0.000192945
0.000192945
0.000192945
0.000192945
0.000192945
0.000192945
0.000192945
0.000192945
0.000192945
0.000192945
0.000192945
0.000192945
0.000192945
0.000192945
0.000192945
0.000192945
0.000192946
0.000192945
0.000192946
0.000192945
0.000192946
0.000192945
0.000192946
0.000192945
0.000192945
0.000192945
0.000192945
0.000192945
0.000192945
0.000192944
0.000192945
0.000192944
0.000192945
0.000192944
0.000192945
0.000192944
0.000192945
0.000192944
0.000192945
0.000192945
0.000192945
0.000192945
0.000192945
0.000192945
0.000192945
0.000192944
0.000192945
0.000192944
0.000192945
0.000192944
0.000192944
0.000192944
0.000192944
0.000192944
0.000192944
0.000192944
0.000192944
0.000192944
0.000192944
0.000192944
0.000192944
0.000192944
0.000192944
0.000192944
0.000192944
0.000192944
0.000192944
0.000192944
0.000192944
0.000192943
0.000195166
0.000192638
0.000192523
0.000192516
0.000192516
0.000192516
0.000192516
0.000192516
0.000192516
0.000192516
0.000192516
0.000192516
0.000192516
0.000192516
0.000192516
0.000192516
0.000192516
0.000192516
0.000192516
0.000192516
0.000192516
0.000192516
0.000192516
0.000192516
0.000192516
0.000192516
0.000192516
0.000192516
0.000192516
0.000192516
0.000192516
0.000192516
0.000192516
0.000192516
0.000192516
0.000192516
0.000192516
0.000192516
0.000192516
0.000192516
0.000192516
0.000192516
0.000192516
0.000192516
0.000192516
0.000192516
0.000192516
0.000192516
0.000192516
0.000192516
0.000192516
0.000192516
0.000192516
0.000192516
0.000192516
0.000192516
0.000192516
0.000192517
0.000192516
0.000192517
0.000192516
0.000192517
0.000192516
0.000192517
0.000192516
0.000192517
0.000192516
0.000192517
0.000192516
0.000192517
0.000192516
0.000192517
0.000192516
0.000192517
0.000192516
0.000192517
0.000192516
0.000192517
0.000192516
0.000192517
0.000192516
0.000192517
0.000192516
0.000192517
0.000192517
0.000192517
0.000192516
0.000192517
0.000192516
0.000192517
0.000192516
0.000192517
0.000192516
0.000192517
0.000192516
0.000192517
0.000192516
0.000192517
0.000192516
0.000192517
0.000192516
0.000192517
0.000192516
0.000192517
0.000192516
0.000192517
0.000192516
0.000192518
0.000192517
0.000192518
0.000192517
0.000192518
0.000192517
0.000192518
0.000192517
0.000192518
0.000192517
0.000192518
0.000192517
0.000192518
0.000192517
0.000192518
0.000192517
0.000192518
0.000192517
0.000192518
0.000192517
0.000192518
0.000192517
0.000192518
0.000192516
0.000192517
0.000192516
0.000192517
0.000192516
0.000192517
0.000192516
0.000192517
0.000192516
0.000192517
0.000192516
0.000192517
0.000192516
0.000192517
0.000192516
0.000192518
0.000192516
0.000192518
0.000192517
0.000192518
0.000192517
0.000192518
0.000192516
0.000192518
0.000192516
0.000192517
0.000192516
0.000192517
0.000192516
0.000192517
0.000192516
0.000192517
0.000192516
0.000192517
0.000192516
0.000192517
0.000192516
0.000192517
0.000192516
0.000192517
0.000192516
0.000192517
0.000192516
0.000192517
0.000192516
0.000192517
0.000192516
0.000192516
0.000192516
0.000192516
0.000192515
0.000192516
0.000192515
0.000192515
0.000192515
0.000192515
0.000192515
0.000192515
0.000192515
0.000192515
0.000192515
0.000192515
0.000192515
0.000192515
0.000192515
0.000192515
0.000192515
0.000192515
0.000192514
0.000192513
0.000195739
0.000192208
0.000191904
0.000191885
0.000191883
0.000191883
0.000191883
0.000191883
0.000191883
0.000191883
0.000191883
0.000191883
0.000191883
0.000191883
0.000191883
0.000191883
0.000191883
0.000191883
0.000191883
0.000191883
0.000191883
0.000191883
0.000191883
0.000191883
0.000191883
0.000191883
0.000191883
0.000191883
0.000191884
0.000191883
0.000191884
0.000191883
0.000191884
0.000191884
0.000191884
0.000191884
0.000191884
0.000191884
0.000191884
0.000191884
0.000191884
0.000191883
0.000191884
0.000191883
0.000191883
0.000191883
0.000191883
0.000191883
0.000191883
0.000191883
0.000191883
0.000191883
0.000191883
0.000191883
0.000191884
0.000191883
0.000191884
0.000191884
0.000191885
0.000191884
0.000191885
0.000191884
0.000191885
0.000191884
0.000191885
0.000191884
0.000191885
0.000191884
0.000191885
0.000191884
0.000191885
0.000191884
0.000191885
0.000191884
0.000191885
0.000191884
0.000191885
0.000191884
0.000191885
0.000191884
0.000191885
0.000191884
0.000191886
0.000191884
0.000191886
0.000191884
0.000191886
0.000191884
0.000191885
0.000191884
0.000191885
0.000191884
0.000191885
0.000191884
0.000191885
0.000191884
0.000191885
0.000191884
0.000191885
0.000191884
0.000191885
0.000191884
0.000191885
0.000191884
0.000191885
0.000191884
0.000191886
0.000191884
0.000191886
0.000191884
0.000191886
0.000191884
0.000191886
0.000191884
0.000191887
0.000191885
0.000191887
0.000191885
0.000191887
0.000191885
0.000191887
0.000191885
0.000191887
0.000191884
0.000191886
0.000191884
0.000191886
0.000191884
0.000191886
0.000191884
0.000191886
0.000191884
0.000191885
0.000191884
0.000191885
0.000191883
0.000191885
0.000191883
0.000191885
0.000191883
0.000191885
0.000191883
0.000191885
0.000191884
0.000191885
0.000191884
0.000191886
0.000191884
0.000191886
0.000191884
0.000191886
0.000191884
0.000191886
0.000191884
0.000191885
0.000191883
0.000191885
0.000191883
0.000191884
0.000191883
0.000191884
0.000191883
0.000191884
0.000191883
0.000191884
0.000191883
0.000191884
0.000191883
0.000191884
0.000191883
0.000191884
0.000191883
0.000191884
0.000191883
0.000191884
0.000191883
0.000191884
0.000191882
0.000191883
0.000191882
0.000191883
0.000191882
0.000191882
0.000191882
0.000191882
0.000191881
0.000191882
0.000191881
0.000191882
0.000191881
0.000191882
0.000191881
0.000191882
0.000191881
0.000191882
0.000191881
0.000191882
0.000191881
0.00019188
0.000191876
0.000196598
0.000191819
0.000191045
0.000190989
0.000190983
0.000190983
0.000190982
0.000190982
0.000190982
0.000190982
0.000190982
0.000190982
0.000190982
0.000190982
0.000190982
0.000190982
0.000190982
0.000190982
0.000190982
0.000190982
0.000190982
0.000190983
0.000190983
0.000190983
0.000190983
0.000190983
0.000190983
0.000190983
0.000190983
0.000190983
0.000190983
0.000190984
0.000190983
0.000190984
0.000190983
0.000190984
0.000190983
0.000190984
0.000190983
0.000190984
0.000190983
0.000190984
0.000190983
0.000190983
0.000190983
0.000190983
0.000190982
0.000190982
0.000190982
0.000190982
0.000190982
0.000190982
0.000190982
0.000190983
0.000190983
0.000190984
0.000190983
0.000190984
0.000190983
0.000190985
0.000190984
0.000190985
0.000190984
0.000190985
0.000190984
0.000190985
0.000190984
0.000190985
0.000190983
0.000190985
0.000190983
0.000190985
0.000190983
0.000190985
0.000190983
0.000190985
0.000190983
0.000190985
0.000190984
0.000190986
0.000190984
0.000190986
0.000190984
0.000190986
0.000190984
0.000190986
0.000190984
0.000190986
0.000190984
0.000190986
0.000190983
0.000190985
0.000190983
0.000190985
0.000190983
0.000190985
0.000190983
0.000190985
0.000190983
0.000190985
0.000190983
0.000190985
0.000190983
0.000190985
0.000190983
0.000190986
0.000190983
0.000190986
0.000190984
0.000190986
0.000190984
0.000190987
0.000190984
0.000190987
0.000190984
0.000190987
0.000190984
0.000190987
0.000190984
0.000190987
0.000190984
0.000190987
0.000190984
0.000190987
0.000190984
0.000190987
0.000190983
0.000190986
0.000190983
0.000190986
0.000190983
0.000190985
0.000190982
0.000190985
0.000190982
0.000190984
0.000190982
0.000190984
0.000190982
0.000190984
0.000190982
0.000190984
0.000190982
0.000190985
0.000190982
0.000190985
0.000190982
0.000190985
0.000190982
0.000190986
0.000190982
0.000190985
0.000190982
0.000190985
0.000190982
0.000190984
0.000190981
0.000190983
0.000190981
0.000190983
0.000190981
0.000190982
0.00019098
0.000190982
0.00019098
0.000190982
0.00019098
0.000190983
0.000190981
0.000190983
0.000190981
0.000190983
0.000190981
0.000190983
0.00019098
0.000190982
0.00019098
0.000190982
0.00019098
0.000190981
0.000190979
0.00019098
0.000190979
0.000190979
0.000190978
0.000190979
0.000190978
0.000190978
0.000190978
0.000190979
0.000190978
0.000190979
0.000190978
0.000190979
0.000190978
0.000190979
0.000190978
0.000190978
0.000190975
0.000190965
0.000197969
0.000191823
0.000189969
0.000189805
0.000189785
0.000189782
0.000189782
0.000189782
0.000189782
0.000189782
0.000189782
0.000189782
0.000189782
0.000189782
0.000189782
0.000189782
0.000189782
0.000189782
0.000189782
0.000189782
0.000189782
0.000189782
0.000189782
0.000189782
0.000189783
0.000189782
0.000189783
0.000189782
0.000189783
0.000189783
0.000189784
0.000189783
0.000189784
0.000189783
0.000189784
0.000189783
0.000189784
0.000189783
0.000189784
0.000189783
0.000189784
0.000189782
0.000189783
0.000189782
0.000189783
0.000189782
0.000189782
0.000189781
0.000189781
0.000189781
0.000189781
0.000189781
0.000189782
0.000189782
0.000189783
0.000189782
0.000189784
0.000189783
0.000189785
0.000189783
0.000189786
0.000189784
0.000189786
0.000189783
0.000189786
0.000189783
0.000189786
0.000189783
0.000189785
0.000189783
0.000189785
0.000189783
0.000189785
0.000189783
0.000189785
0.000189783
0.000189785
0.000189783
0.000189786
0.000189783
0.000189786
0.000189783
0.000189787
0.000189783
0.000189787
0.000189783
0.000189786
0.000189783
0.000189786
0.000189783
0.000189786
0.000189782
0.000189785
0.000189782
0.000189785
0.000189782
0.000189784
0.000189782
0.000189784
0.000189782
0.000189784
0.000189782
0.000189785
0.000189782
0.000189785
0.000189782
0.000189786
0.000189782
0.000189786
0.000189782
0.000189787
0.000189782
0.000189787
0.000189782
0.000189787
0.000189782
0.000189787
0.000189782
0.000189787
0.000189782
0.000189787
0.000189782
0.000189787
0.000189782
0.000189786
0.000189781
0.000189786
0.000189781
0.000189785
0.00018978
0.000189784
0.000189779
0.000189783
0.000189779
0.000189782
0.000189778
0.000189782
0.000189778
0.000189781
0.000189778
0.000189782
0.000189778
0.000189782
0.000189778
0.000189783
0.000189779
0.000189783
0.000189779
0.000189784
0.000189779
0.000189783
0.000189778
0.000189783
0.000189778
0.000189782
0.000189777
0.000189781
0.000189776
0.000189779
0.000189776
0.000189778
0.000189775
0.000189778
0.000189775
0.000189778
0.000189775
0.000189778
0.000189775
0.000189779
0.000189775
0.000189779
0.000189775
0.000189779
0.000189775
0.000189778
0.000189775
0.000189777
0.000189774
0.000189776
0.000189773
0.000189774
0.000189772
0.000189773
0.000189772
0.000189772
0.000189771
0.000189772
0.000189771
0.000189772
0.000189771
0.000189772
0.000189771
0.000189772
0.000189771
0.000189772
0.000189771
0.000189771
0.00018977
0.000189763
0.000189743
0.000200228
0.000192978
0.000188925
0.000188457
0.000188388
0.000188378
0.000188376
0.000188376
0.000188375
0.000188375
0.000188375
0.000188376
0.000188375
0.000188376
0.000188375
0.000188375
0.000188376
0.000188376
0.000188376
0.000188376
0.000188376
0.000188376
0.000188376
0.000188377
0.000188376
0.000188377
0.000188376
0.000188377
0.000188376
0.000188378
0.000188377
0.000188378
0.000188377
0.000188379
0.000188377
0.000188379
0.000188377
0.00018838
0.000188377
0.000188378
0.000188376
0.000188378
0.000188376
0.000188377
0.000188375
0.000188375
0.000188375
0.000188375
0.000188374
0.000188374
0.000188374
0.000188375
0.000188375
0.000188376
0.000188375
0.000188378
0.000188376
0.000188379
0.000188377
0.00018838
0.000188377
0.000188381
0.000188377
0.000188381
0.000188377
0.000188381
0.000188377
0.00018838
0.000188376
0.000188379
0.000188376
0.000188378
0.000188375
0.000188379
0.000188375
0.000188379
0.000188376
0.00018838
0.000188376
0.000188381
0.000188376
0.000188381
0.000188376
0.000188381
0.000188376
0.000188381
0.000188375
0.00018838
0.000188375
0.000188379
0.000188374
0.000188378
0.000188373
0.000188378
0.000188373
0.000188377
0.000188372
0.000188377
0.000188372
0.000188377
0.000188372
0.000188377
0.000188372
0.000188377
0.000188372
0.000188378
0.000188372
0.000188378
0.000188372
0.000188379
0.000188372
0.000188379
0.000188372
0.00018838
0.000188372
0.00018838
0.000188372
0.00018838
0.000188372
0.00018838
0.000188371
0.000188379
0.00018837
0.000188378
0.00018837
0.000188377
0.000188369
0.000188376
0.000188368
0.000188374
0.000188367
0.000188372
0.000188365
0.000188371
0.000188364
0.000188369
0.000188364
0.000188369
0.000188363
0.000188369
0.000188363
0.000188369
0.000188363
0.00018837
0.000188364
0.000188371
0.000188364
0.000188371
0.000188364
0.000188371
0.000188363
0.00018837
0.000188362
0.000188369
0.000188361
0.000188367
0.00018836
0.000188365
0.000188359
0.000188363
0.000188358
0.000188362
0.000188357
0.000188361
0.000188357
0.000188361
0.000188357
0.000188362
0.000188357
0.000188362
0.000188357
0.000188362
0.000188356
0.000188362
0.000188356
0.00018836
0.000188355
0.000188358
0.000188353
0.000188356
0.000188352
0.000188354
0.000188351
0.000188352
0.00018835
0.000188351
0.00018835
0.000188351
0.00018835
0.000188351
0.00018835
0.000188351
0.00018835
0.000188351
0.00018835
0.00018835
0.000188349
0.000188348
0.000188333
0.000188292
0.000203922
0.000196524
0.000188684
0.000187455
0.000187225
0.000187182
0.000187175
0.000187173
0.000187173
0.000187172
0.000187172
0.000187172
0.000187173
0.000187172
0.000187172
0.000187172
0.000187173
0.000187173
0.000187173
0.000187173
0.000187173
0.000187173
0.000187174
0.000187173
0.000187174
0.000187173
0.000187175
0.000187174
0.000187175
0.000187174
0.000187176
0.000187174
0.000187177
0.000187174
0.000187178
0.000187174
0.000187177
0.000187174
0.000187177
0.000187173
0.000187176
0.000187173
0.000187174
0.000187172
0.000187173
0.000187171
0.000187171
0.00018717
0.00018717
0.00018717
0.000187171
0.00018717
0.000187171
0.000187171
0.000187174
0.000187172
0.000187175
0.000187173
0.000187178
0.000187173
0.000187179
0.000187173
0.00018718
0.000187173
0.000187179
0.000187172
0.000187177
0.000187171
0.000187176
0.00018717
0.000187175
0.00018717
0.000187174
0.000187169
0.000187174
0.000187169
0.000187176
0.000187169
0.000187176
0.00018717
0.000187177
0.000187169
0.000187177
0.000187169
0.000187177
0.000187168
0.000187176
0.000187167
0.000187174
0.000187166
0.000187173
0.000187165
0.000187171
0.000187163
0.00018717
0.000187163
0.000187169
0.000187162
0.000187168
0.000187161
0.000187168
0.000187161
0.000187168
0.000187161
0.000187169
0.00018716
0.000187169
0.00018716
0.00018717
0.00018716
0.00018717
0.00018716
0.000187171
0.000187159
0.000187171
0.000187158
0.00018717
0.000187157
0.000187169
0.000187156
0.000187168
0.000187155
0.000187167
0.000187153
0.000187165
0.000187152
0.000187163
0.00018715
0.00018716
0.000187148
0.000187157
0.000187146
0.000187154
0.000187144
0.000187152
0.000187143
0.00018715
0.000187141
0.000187149
0.000187141
0.000187149
0.00018714
0.000187149
0.00018714
0.00018715
0.00018714
0.000187151
0.00018714
0.000187151
0.000187139
0.00018715
0.000187137
0.000187148
0.000187136
0.000187145
0.000187133
0.000187141
0.000187131
0.000187138
0.000187129
0.000187136
0.000187128
0.000187134
0.000187127
0.000187134
0.000187127
0.000187134
0.000187126
0.000187134
0.000187126
0.000187134
0.000187126
0.000187134
0.000187124
0.000187132
0.000187123
0.000187129
0.000187121
0.000187125
0.000187119
0.000187122
0.000187117
0.000187119
0.000187115
0.000187117
0.000187115
0.000187116
0.000187114
0.000187115
0.000187114
0.000187115
0.000187114
0.000187115
0.000187114
0.000187115
0.000187113
0.000187114
0.00018711
0.000187081
0.000187005
0.000209797
0.000203897
0.000190897
0.000188033
0.000187354
0.000187187
0.000187154
0.000187147
0.000187146
0.000187146
0.000187145
0.000187145
0.000187145
0.000187145
0.000187145
0.000187146
0.000187145
0.000187146
0.000187145
0.000187146
0.000187146
0.000187146
0.000187146
0.000187147
0.000187146
0.000187148
0.000187146
0.000187149
0.000187147
0.00018715
0.000187147
0.000187151
0.000187147
0.000187151
0.000187147
0.000187151
0.000187146
0.000187151
0.000187146
0.00018715
0.000187145
0.000187148
0.000187143
0.000187145
0.000187142
0.000187143
0.000187141
0.000187141
0.00018714
0.000187141
0.00018714
0.000187141
0.000187141
0.000187143
0.000187141
0.000187146
0.000187143
0.000187149
0.000187143
0.000187151
0.000187144
0.000187152
0.000187143
0.000187152
0.000187142
0.00018715
0.00018714
0.000187147
0.000187138
0.000187145
0.000187137
0.000187144
0.000187136
0.000187143
0.000187135
0.000187143
0.000187135
0.000187144
0.000187135
0.000187145
0.000187134
0.000187145
0.000187133
0.000187144
0.000187132
0.000187143
0.00018713
0.00018714
0.000187127
0.000187138
0.000187125
0.000187135
0.000187123
0.000187132
0.000187121
0.00018713
0.00018712
0.000187129
0.000187118
0.000187128
0.000187117
0.000187128
0.000187116
0.000187127
0.000187115
0.000187128
0.000187114
0.000187128
0.000187113
0.000187128
0.000187112
0.000187128
0.000187111
0.000187127
0.000187109
0.000187126
0.000187107
0.000187124
0.000187105
0.000187122
0.000187102
0.000187119
0.000187099
0.000187116
0.000187096
0.000187112
0.000187093
0.000187108
0.000187089
0.000187103
0.000187086
0.000187099
0.000187083
0.000187094
0.00018708
0.000187091
0.000187077
0.000187088
0.000187075
0.000187087
0.000187074
0.000187086
0.000187073
0.000187087
0.000187072
0.000187087
0.000187071
0.000187087
0.000187069
0.000187086
0.000187067
0.000187083
0.000187064
0.000187078
0.00018706
0.000187073
0.000187057
0.000187068
0.000187053
0.000187063
0.00018705
0.00018706
0.000187048
0.000187058
0.000187047
0.000187057
0.000187046
0.000187057
0.000187045
0.000187057
0.000187044
0.000187056
0.000187042
0.000187053
0.00018704
0.00018705
0.000187037
0.000187045
0.000187034
0.000187039
0.00018703
0.000187034
0.000187028
0.00018703
0.000187026
0.000187028
0.000187025
0.000187027
0.000187024
0.000187026
0.000187024
0.000187026
0.000187024
0.000187026
0.000187024
0.000187025
0.000187024
0.000187022
0.000186963
0.000186847
0.000218907
0.00021618
0.000197915
0.000192264
0.00019054
0.000189995
0.00018985
0.000189821
0.000189815
0.000189813
0.000189813
0.000189812
0.000189813
0.000189812
0.000189813
0.000189813
0.000189813
0.000189813
0.000189813
0.000189813
0.000189813
0.000189813
0.000189814
0.000189813
0.000189815
0.000189813
0.000189816
0.000189813
0.000189817
0.000189813
0.000189818
0.000189813
0.000189819
0.000189813
0.000189819
0.000189812
0.000189818
0.000189811
0.000189817
0.00018981
0.000189814
0.000189808
0.000189811
0.000189806
0.000189808
0.000189804
0.000189805
0.000189803
0.000189804
0.000189803
0.000189804
0.000189803
0.000189806
0.000189804
0.000189808
0.000189804
0.000189812
0.000189805
0.000189814
0.000189805
0.000189816
0.000189804
0.000189815
0.000189803
0.000189813
0.0001898
0.00018981
0.000189797
0.000189806
0.000189795
0.000189803
0.000189793
0.000189802
0.000189791
0.000189801
0.00018979
0.000189801
0.000189788
0.000189801
0.000189787
0.000189801
0.000189785
0.0001898
0.000189783
0.000189798
0.00018978
0.000189794
0.000189776
0.00018979
0.000189773
0.000189786
0.000189769
0.000189782
0.000189766
0.000189778
0.000189763
0.000189775
0.00018976
0.000189773
0.000189758
0.000189771
0.000189756
0.00018977
0.000189754
0.000189769
0.000189752
0.000189768
0.000189749
0.000189768
0.000189747
0.000189766
0.000189744
0.000189765
0.000189741
0.000189762
0.000189737
0.000189759
0.000189733
0.000189756
0.000189728
0.000189751
0.000189724
0.000189746
0.000189718
0.00018974
0.000189713
0.000189734
0.000189707
0.000189727
0.000189702
0.000189719
0.000189697
0.000189712
0.000189692
0.000189706
0.000189687
0.000189701
0.000189683
0.000189698
0.00018968
0.000189696
0.000189678
0.000189695
0.000189676
0.000189695
0.000189673
0.000189694
0.00018967
0.000189692
0.000189667
0.000189688
0.000189662
0.000189682
0.000189657
0.000189674
0.000189651
0.000189666
0.000189645
0.000189659
0.000189641
0.000189653
0.000189637
0.000189649
0.000189634
0.000189646
0.000189631
0.000189645
0.000189629
0.000189644
0.000189627
0.000189643
0.000189624
0.00018964
0.000189621
0.000189635
0.000189617
0.000189628
0.000189612
0.000189621
0.000189607
0.000189614
0.000189604
0.000189607
0.0001896
0.000189603
0.000189599
0.000189601
0.000189597
0.000189599
0.000189597
0.000189599
0.000189596
0.000189599
0.000189596
0.000189598
0.000189596
0.000189601
0.000189601
0.000189501
0.000189373
0.000232945
0.000234165
0.000211276
0.00020193
0.000198222
0.000196835
0.000196319
0.000196196
0.000196171
0.000196165
0.000196164
0.000196163
0.000196163
0.000196163
0.000196163
0.000196164
0.000196163
0.000196164
0.000196163
0.000196163
0.000196163
0.000196164
0.000196163
0.000196165
0.000196163
0.000196166
0.000196163
0.000196167
0.000196163
0.000196168
0.000196163
0.000196168
0.000196162
0.000196169
0.000196161
0.000196168
0.00019616
0.000196166
0.000196158
0.000196165
0.000196156
0.000196161
0.000196154
0.000196156
0.000196152
0.000196153
0.00019615
0.000196151
0.00019615
0.000196151
0.00019615
0.000196152
0.00019615
0.000196153
0.00019615
0.000196156
0.00019615
0.000196159
0.000196149
0.00019616
0.000196148
0.00019616
0.000196146
0.000196158
0.000196143
0.000196154
0.00019614
0.00019615
0.000196136
0.000196145
0.000196133
0.000196143
0.00019613
0.00019614
0.000196128
0.000196139
0.000196125
0.000196139
0.000196123
0.000196138
0.00019612
0.000196136
0.000196117
0.000196133
0.000196113
0.000196129
0.000196108
0.000196124
0.000196104
0.000196119
0.000196099
0.000196113
0.000196094
0.000196108
0.00019609
0.000196103
0.000196086
0.000196099
0.000196082
0.000196096
0.000196079
0.000196094
0.000196075
0.000196092
0.000196072
0.00019609
0.000196068
0.000196087
0.000196064
0.000196085
0.00019606
0.000196082
0.000196055
0.000196078
0.00019605
0.000196074
0.000196044
0.000196068
0.000196037
0.000196062
0.000196031
0.000196056
0.000196024
0.000196048
0.000196016
0.00019604
0.000196009
0.000196031
0.000196002
0.000196022
0.000195995
0.000196013
0.000195988
0.000196005
0.000195982
0.000195997
0.000195976
0.000195992
0.000195971
0.000195988
0.000195967
0.000195985
0.000195963
0.000195983
0.000195959
0.000195981
0.000195955
0.000195978
0.00019595
0.000195973
0.000195943
0.000195966
0.000195937
0.000195957
0.00019593
0.000195948
0.000195923
0.000195938
0.000195916
0.00019593
0.00019591
0.000195924
0.000195906
0.000195919
0.000195902
0.000195916
0.000195898
0.000195914
0.000195895
0.000195912
0.000195891
0.000195908
0.000195886
0.000195903
0.000195881
0.000195895
0.000195876
0.000195887
0.00019587
0.000195878
0.000195865
0.000195871
0.000195861
0.000195865
0.000195859
0.000195861
0.000195857
0.000195859
0.000195855
0.000195858
0.000195854
0.000195857
0.000195854
0.000195857
0.000195853
0.000195858
0.000195864
0.000195883
0.000195737
0.000195705
0.000254791
0.000259692
0.000230394
0.000216151
0.000209185
0.00020628
0.000205019
0.000204573
0.000204497
0.000204478
0.000204474
0.000204472
0.000204472
0.000204472
0.000204472
0.000204472
0.000204472
0.000204472
0.000204473
0.000204472
0.000204473
0.000204472
0.000204473
0.000204472
0.000204474
0.000204472
0.000204474
0.000204471
0.000204475
0.000204471
0.000204475
0.00020447
0.000204475
0.000204469
0.000204475
0.000204468
0.000204474
0.000204466
0.000204472
0.000204464
0.000204468
0.000204462
0.000204466
0.00020446
0.000204462
0.000204458
0.000204459
0.000204458
0.000204459
0.000204458
0.000204459
0.000204458
0.000204461
0.000204457
0.000204461
0.000204456
0.000204463
0.000204456
0.000204464
0.000204454
0.000204465
0.000204452
0.000204463
0.000204449
0.00020446
0.000204446
0.000204456
0.000204442
0.000204452
0.000204439
0.000204448
0.000204436
0.000204445
0.000204433
0.000204443
0.000204431
0.000204441
0.000204427
0.00020444
0.000204424
0.000204438
0.000204421
0.000204435
0.000204417
0.000204431
0.000204412
0.000204427
0.000204407
0.000204421
0.000204403
0.000204416
0.000204398
0.00020441
0.000204393
0.000204405
0.000204389
0.000204401
0.000204385
0.000204397
0.000204381
0.000204394
0.000204377
0.000204391
0.000204373
0.000204388
0.000204369
0.000204386
0.000204365
0.000204383
0.00020436
0.000204379
0.000204354
0.000204375
0.000204349
0.00020437
0.000204342
0.000204365
0.000204336
0.000204358
0.000204329
0.000204351
0.000204322
0.000204344
0.000204314
0.000204336
0.000204307
0.000204327
0.000204299
0.000204318
0.000204292
0.000204309
0.000204285
0.000204301
0.000204279
0.000204293
0.000204273
0.000204287
0.000204268
0.000204282
0.000204263
0.000204278
0.000204258
0.000204275
0.000204254
0.000204272
0.000204249
0.000204269
0.000204243
0.000204264
0.000204237
0.000204257
0.00020423
0.000204249
0.000204223
0.000204241
0.000204216
0.000204232
0.00020421
0.000204223
0.000204204
0.000204216
0.000204199
0.000204211
0.000204194
0.000204207
0.00020419
0.000204204
0.000204186
0.000204201
0.000204182
0.000204197
0.000204177
0.000204192
0.000204172
0.000204186
0.000204167
0.000204178
0.000204162
0.000204171
0.000204157
0.000204163
0.000204153
0.000204157
0.00020415
0.000204153
0.000204148
0.00020415
0.000204146
0.000204148
0.000204145
0.000204148
0.000204144
0.000204147
0.000204143
0.000204146
0.000204148
0.00020417
0.000204218
0.000204073
0.000204296
0.000288587
0.000297346
0.000254789
0.000232175
0.000219771
0.000214136
0.000211826
0.000210713
0.000210549
0.00021051
0.0002105
0.000210497
0.000210496
0.000210496
0.000210496
0.000210496
0.000210496
0.000210497
0.000210496
0.000210497
0.000210496
0.000210497
0.000210496
0.000210498
0.000210496
0.000210498
0.000210496
0.000210498
0.000210495
0.000210498
0.000210495
0.000210498
0.000210494
0.000210498
0.000210493
0.000210497
0.000210492
0.000210497
0.00021049
0.000210494
0.000210489
0.000210492
0.000210487
0.00021049
0.000210486
0.000210487
0.000210485
0.000210486
0.000210486
0.000210486
0.000210486
0.000210487
0.000210485
0.000210487
0.000210484
0.000210488
0.000210483
0.000210489
0.000210482
0.00021049
0.00021048
0.000210489
0.000210478
0.000210487
0.000210476
0.000210484
0.000210474
0.000210481
0.000210471
0.000210478
0.000210469
0.000210476
0.000210466
0.000210474
0.000210464
0.000210472
0.000210462
0.000210471
0.000210459
0.00021047
0.000210456
0.000210468
0.000210453
0.000210465
0.00021045
0.000210462
0.000210446
0.000210458
0.000210443
0.000210453
0.000210439
0.000210449
0.000210436
0.000210445
0.000210432
0.000210441
0.000210429
0.000210438
0.000210426
0.000210436
0.000210423
0.000210433
0.000210419
0.000210431
0.000210416
0.000210429
0.000210413
0.000210427
0.000210409
0.000210424
0.000210405
0.000210421
0.0002104
0.000210417
0.000210396
0.000210413
0.000210391
0.000210408
0.000210385
0.000210403
0.00021038
0.000210398
0.000210374
0.000210391
0.000210368
0.000210385
0.000210363
0.000210378
0.000210357
0.000210371
0.000210352
0.000210365
0.000210347
0.000210359
0.000210342
0.000210353
0.000210338
0.000210349
0.000210334
0.000210345
0.00021033
0.000210343
0.000210326
0.00021034
0.000210322
0.000210337
0.000210318
0.000210334
0.000210313
0.00021033
0.000210308
0.000210324
0.000210303
0.000210318
0.000210297
0.000210311
0.000210292
0.000210304
0.000210288
0.000210298
0.000210284
0.000210293
0.00021028
0.00021029
0.000210277
0.000210287
0.000210273
0.000210284
0.00021027
0.000210282
0.000210266
0.000210278
0.000210262
0.000210274
0.000210258
0.000210269
0.000210255
0.000210263
0.000210251
0.000210257
0.000210248
0.000210252
0.000210246
0.000210248
0.000210244
0.000210245
0.000210242
0.000210244
0.000210241
0.000210243
0.00021024
0.000210242
0.000210239
0.000210241
0.000210239
0.00021025
0.000210279
0.000210378
0.00021032
0.00021094
0.000339025
0.000354974
0.000286103
0.000248941
0.000227956
0.000217672
0.000213989
0.00021201
0.000211763
0.000211711
0.000211697
0.000211694
0.000211693
0.000211693
0.000211693
0.000211693
0.000211693
0.000211693
0.000211693
0.000211693
0.000211693
0.000211693
0.000211694
0.000211693
0.000211694
0.000211693
0.000211694
0.000211693
0.000211695
0.000211692
0.000211695
0.000211692
0.000211695
0.000211692
0.000211695
0.000211691
0.000211694
0.00021169
0.000211693
0.000211689
0.000211692
0.000211688
0.00021169
0.000211687
0.000211688
0.000211686
0.000211687
0.000211686
0.000211687
0.000211686
0.000211687
0.000211686
0.000211688
0.000211686
0.000211688
0.000211685
0.000211689
0.000211685
0.00021169
0.000211684
0.00021169
0.000211683
0.00021169
0.000211682
0.000211688
0.000211681
0.000211686
0.000211679
0.000211684
0.000211677
0.000211682
0.000211676
0.000211681
0.000211674
0.00021168
0.000211673
0.00021168
0.000211671
0.000211679
0.00021167
0.000211678
0.000211668
0.000211677
0.000211666
0.000211675
0.000211664
0.000211672
0.000211662
0.00021167
0.000211659
0.000211667
0.000211657
0.000211664
0.000211655
0.000211662
0.000211652
0.000211659
0.00021165
0.000211657
0.000211648
0.000211656
0.000211646
0.000211655
0.000211644
0.000211654
0.000211642
0.000211652
0.00021164
0.000211651
0.000211638
0.000211649
0.000211635
0.000211648
0.000211633
0.000211645
0.00021163
0.000211643
0.000211626
0.00021164
0.000211623
0.000211636
0.000211619
0.000211632
0.000211616
0.000211628
0.000211612
0.000211624
0.000211608
0.000211619
0.000211604
0.000211615
0.000211601
0.00021161
0.000211598
0.000211606
0.000211595
0.000211603
0.000211592
0.0002116
0.000211589
0.000211598
0.000211587
0.000211597
0.000211585
0.000211596
0.000211582
0.000211594
0.000211579
0.000211592
0.000211576
0.000211589
0.000211573
0.000211585
0.00021157
0.00021158
0.000211566
0.000211575
0.000211563
0.000211571
0.00021156
0.000211567
0.000211557
0.000211564
0.000211555
0.000211562
0.000211552
0.00021156
0.00021155
0.000211559
0.000211548
0.000211557
0.000211546
0.000211555
0.000211544
0.000211552
0.000211541
0.000211548
0.000211538
0.000211544
0.000211536
0.00021154
0.000211534
0.000211536
0.000211532
0.000211534
0.000211531
0.000211532
0.00021153
0.000211531
0.000211529
0.00021153
0.000211529
0.00021153
0.000211528
0.000211531
0.000211539
0.000211576
0.000211703
0.000211745
0.000212819
0.000402923
0.00043498
0.000321933
0.000264763
0.000233673
0.000217335
0.000212
0.00020939
0.000209182
0.000209154
0.000209147
0.000209145
0.000209145
0.000209145
0.000209145
0.000209145
0.000209145
0.000209145
0.000209145
0.000209145
0.000209145
0.000209145
0.000209145
0.000209146
0.000209145
0.000209146
0.000209145
0.000209147
0.000209145
0.000209147
0.000209145
0.000209147
0.000209145
0.000209148
0.000209145
0.000209147
0.000209144
0.000209147
0.000209144
0.000209146
0.000209143
0.000209145
0.000209143
0.000209144
0.000209142
0.000209142
0.000209141
0.000209141
0.000209141
0.000209141
0.000209141
0.000209141
0.00020914
0.000209142
0.000209141
0.000209143
0.000209141
0.000209145
0.000209141
0.000209145
0.000209141
0.000209146
0.00020914
0.000209145
0.00020914
0.000209144
0.000209139
0.000209143
0.000209137
0.000209141
0.000209136
0.00020914
0.000209135
0.000209139
0.000209134
0.000209139
0.000209134
0.000209139
0.000209133
0.000209139
0.000209132
0.000209139
0.000209131
0.000209138
0.00020913
0.000209137
0.000209129
0.000209135
0.000209127
0.000209133
0.000209126
0.000209131
0.000209124
0.000209129
0.000209123
0.000209128
0.000209121
0.000209127
0.00020912
0.000209126
0.000209119
0.000209125
0.000209118
0.000209124
0.000209117
0.000209124
0.000209115
0.000209123
0.000209114
0.000209123
0.000209113
0.000209122
0.000209112
0.000209121
0.00020911
0.00020912
0.000209108
0.000209118
0.000209106
0.000209117
0.000209104
0.000209114
0.000209102
0.000209112
0.0002091
0.000209109
0.000209097
0.000209106
0.000209095
0.000209103
0.000209092
0.000209099
0.00020909
0.000209096
0.000209087
0.000209094
0.000209085
0.000209092
0.000209084
0.00020909
0.000209082
0.00020909
0.000209081
0.000209089
0.00020908
0.000209089
0.000209078
0.000209088
0.000209077
0.000209086
0.000209075
0.000209084
0.000209073
0.000209081
0.000209071
0.000209078
0.000209068
0.000209074
0.000209066
0.000209071
0.000209064
0.000209069
0.000209062
0.000209067
0.00020906
0.000209066
0.000209059
0.000209066
0.000209058
0.000209065
0.000209057
0.000209064
0.000209055
0.000209062
0.000209054
0.00020906
0.000209052
0.000209056
0.00020905
0.000209053
0.000209048
0.00020905
0.000209046
0.000209048
0.000209045
0.000209046
0.000209044
0.000209045
0.000209044
0.000209045
0.000209043
0.000209044
0.000209043
0.000209044
0.000209043
0.000209049
0.000209067
0.000209138
0.000209036
0.000210423
0.000402924
0.000434979
0.000321933
0.000264763
0.000233673
0.000217335
0.000212
0.00020939
0.000209183
0.000209154
0.000209147
0.000209145
0.000209145
0.000209145
0.000209145
0.000209145
0.000209145
0.000209145
0.000209145
0.000209145
0.000209145
0.000209145
0.000209146
0.000209145
0.000209146
0.000209145
0.000209146
0.000209145
0.000209147
0.000209145
0.000209147
0.000209145
0.000209148
0.000209145
0.000209148
0.000209145
0.000209147
0.000209144
0.000209147
0.000209144
0.000209146
0.000209143
0.000209144
0.000209142
0.000209143
0.000209141
0.000209142
0.000209141
0.000209141
0.000209141
0.000209141
0.000209141
0.000209142
0.00020914
0.000209143
0.000209141
0.000209144
0.000209141
0.000209145
0.000209141
0.000209146
0.000209141
0.000209146
0.00020914
0.000209145
0.000209139
0.000209143
0.000209138
0.000209142
0.000209137
0.000209141
0.000209136
0.00020914
0.000209135
0.000209139
0.000209134
0.000209139
0.000209133
0.000209139
0.000209133
0.000209139
0.000209132
0.000209138
0.000209131
0.000209137
0.000209129
0.000209136
0.000209128
0.000209134
0.000209126
0.000209132
0.000209125
0.00020913
0.000209123
0.000209129
0.000209122
0.000209127
0.000209121
0.000209126
0.000209119
0.000209125
0.000209118
0.000209125
0.000209117
0.000209124
0.000209116
0.000209124
0.000209115
0.000209123
0.000209114
0.000209123
0.000209112
0.000209122
0.000209111
0.000209121
0.000209109
0.000209119
0.000209107
0.000209118
0.000209105
0.000209115
0.000209103
0.000209113
0.000209101
0.00020911
0.000209098
0.000209108
0.000209096
0.000209104
0.000209093
0.000209101
0.000209091
0.000209098
0.000209089
0.000209095
0.000209086
0.000209093
0.000209085
0.000209091
0.000209083
0.00020909
0.000209082
0.000209089
0.00020908
0.000209089
0.000209079
0.000209088
0.000209078
0.000209087
0.000209076
0.000209085
0.000209074
0.000209083
0.000209072
0.00020908
0.000209069
0.000209076
0.000209067
0.000209073
0.000209065
0.00020907
0.000209063
0.000209068
0.000209061
0.000209067
0.00020906
0.000209066
0.000209059
0.000209065
0.000209057
0.000209064
0.000209056
0.000209063
0.000209055
0.000209061
0.000209053
0.000209058
0.000209051
0.000209055
0.000209049
0.000209052
0.000209047
0.000209049
0.000209046
0.000209047
0.000209045
0.000209045
0.000209044
0.000209045
0.000209043
0.000209044
0.000209043
0.000209044
0.000209043
0.000209045
0.000209048
0.000209068
0.000209137
0.000209037
0.000210423
0.000339026
0.000354974
0.000286103
0.000248941
0.000227956
0.000217672
0.000213989
0.00021201
0.000211763
0.000211711
0.000211697
0.000211694
0.000211693
0.000211693
0.000211693
0.000211693
0.000211693
0.000211693
0.000211693
0.000211693
0.000211693
0.000211693
0.000211693
0.000211694
0.000211693
0.000211694
0.000211693
0.000211695
0.000211693
0.000211695
0.000211692
0.000211695
0.000211692
0.000211695
0.000211691
0.000211695
0.000211691
0.000211694
0.00021169
0.000211693
0.000211689
0.000211691
0.000211688
0.000211689
0.000211687
0.000211688
0.000211686
0.000211687
0.000211686
0.000211687
0.000211687
0.000211687
0.000211686
0.000211688
0.000211685
0.000211689
0.000211685
0.00021169
0.000211685
0.00021169
0.000211684
0.00021169
0.000211683
0.000211689
0.000211681
0.000211687
0.00021168
0.000211685
0.000211678
0.000211683
0.000211676
0.000211682
0.000211675
0.00021168
0.000211673
0.00021168
0.000211672
0.000211679
0.000211671
0.000211678
0.000211669
0.000211678
0.000211667
0.000211676
0.000211665
0.000211674
0.000211663
0.000211671
0.00021166
0.000211668
0.000211658
0.000211666
0.000211656
0.000211663
0.000211654
0.000211661
0.000211651
0.000211658
0.000211649
0.000211657
0.000211647
0.000211655
0.000211645
0.000211654
0.000211643
0.000211653
0.000211641
0.000211652
0.000211639
0.00021165
0.000211637
0.000211648
0.000211634
0.000211646
0.000211631
0.000211644
0.000211628
0.000211641
0.000211625
0.000211638
0.000211621
0.000211634
0.000211618
0.00021163
0.000211614
0.000211626
0.00021161
0.000211622
0.000211606
0.000211617
0.000211603
0.000211612
0.000211599
0.000211608
0.000211596
0.000211604
0.000211593
0.000211602
0.000211591
0.000211599
0.000211588
0.000211598
0.000211586
0.000211596
0.000211583
0.000211595
0.000211581
0.000211593
0.000211578
0.00021159
0.000211575
0.000211587
0.000211571
0.000211582
0.000211568
0.000211578
0.000211565
0.000211573
0.000211561
0.000211569
0.000211558
0.000211565
0.000211556
0.000211563
0.000211554
0.000211561
0.000211551
0.00021156
0.000211549
0.000211558
0.000211547
0.000211556
0.000211545
0.000211553
0.000211542
0.00021155
0.00021154
0.000211546
0.000211537
0.000211542
0.000211535
0.000211538
0.000211533
0.000211535
0.000211531
0.000211533
0.00021153
0.000211531
0.000211529
0.000211531
0.000211529
0.00021153
0.000211528
0.00021153
0.000211529
0.00021154
0.000211575
0.000211704
0.000211744
0.00021282
0.000288587
0.000297346
0.000254788
0.000232176
0.00021977
0.000214136
0.000211826
0.000210713
0.000210549
0.00021051
0.0002105
0.000210497
0.000210496
0.000210496
0.000210496
0.000210496
0.000210496
0.000210496
0.000210497
0.000210496
0.000210497
0.000210496
0.000210497
0.000210496
0.000210498
0.000210496
0.000210498
0.000210495
0.000210498
0.000210495
0.000210498
0.000210494
0.000210498
0.000210493
0.000210498
0.000210492
0.000210497
0.000210491
0.000210496
0.00021049
0.000210493
0.000210488
0.000210491
0.000210487
0.000210488
0.000210486
0.000210486
0.000210485
0.000210486
0.000210486
0.000210487
0.000210486
0.000210487
0.000210485
0.000210487
0.000210483
0.000210489
0.000210483
0.000210489
0.000210481
0.00021049
0.00021048
0.000210488
0.000210477
0.000210486
0.000210475
0.000210483
0.000210472
0.00021048
0.00021047
0.000210477
0.000210468
0.000210475
0.000210465
0.000210473
0.000210463
0.000210472
0.00021046
0.00021047
0.000210458
0.000210469
0.000210455
0.000210466
0.000210452
0.000210463
0.000210448
0.00021046
0.000210445
0.000210455
0.000210441
0.000210451
0.000210437
0.000210447
0.000210434
0.000210443
0.000210431
0.00021044
0.000210427
0.000210437
0.000210424
0.000210434
0.000210421
0.000210432
0.000210418
0.00021043
0.000210415
0.000210428
0.000210411
0.000210425
0.000210407
0.000210422
0.000210403
0.000210419
0.000210398
0.000210415
0.000210393
0.000210411
0.000210388
0.000210406
0.000210383
0.0002104
0.000210377
0.000210395
0.000210371
0.000210388
0.000210365
0.000210382
0.00021036
0.000210375
0.000210354
0.000210368
0.000210349
0.000210362
0.000210344
0.000210356
0.00021034
0.000210351
0.000210336
0.000210347
0.000210332
0.000210344
0.000210328
0.000210341
0.000210324
0.000210339
0.00021032
0.000210336
0.000210315
0.000210332
0.00021031
0.000210327
0.000210305
0.000210321
0.0002103
0.000210314
0.000210295
0.000210307
0.00021029
0.000210301
0.000210286
0.000210296
0.000210282
0.000210291
0.000210278
0.000210288
0.000210275
0.000210286
0.000210272
0.000210283
0.000210268
0.00021028
0.000210264
0.000210276
0.00021026
0.000210271
0.000210257
0.000210266
0.000210253
0.00021026
0.00021025
0.000210255
0.000210247
0.00021025
0.000210244
0.000210247
0.000210243
0.000210244
0.000210242
0.000210243
0.000210241
0.000210242
0.00021024
0.000210242
0.000210239
0.000210242
0.000210248
0.000210281
0.000210377
0.000210321
0.00021094
0.000254791
0.000259693
0.000230394
0.000216151
0.000209185
0.000206279
0.000205019
0.000204573
0.000204497
0.000204479
0.000204474
0.000204472
0.000204472
0.000204472
0.000204472
0.000204472
0.000204472
0.000204472
0.000204472
0.000204473
0.000204472
0.000204473
0.000204472
0.000204474
0.000204472
0.000204474
0.000204472
0.000204474
0.000204471
0.000204475
0.00020447
0.000204475
0.00020447
0.000204475
0.000204468
0.000204474
0.000204467
0.000204473
0.000204465
0.00020447
0.000204463
0.000204467
0.000204461
0.000204464
0.000204459
0.00020446
0.000204458
0.000204459
0.000204458
0.000204459
0.000204458
0.00020446
0.000204458
0.00020446
0.000204457
0.000204462
0.000204456
0.000204464
0.000204455
0.000204465
0.000204453
0.000204464
0.000204451
0.000204461
0.000204447
0.000204458
0.000204444
0.000204453
0.000204441
0.00020445
0.000204438
0.000204446
0.000204435
0.000204444
0.000204432
0.000204442
0.000204429
0.000204441
0.000204426
0.000204439
0.000204423
0.000204437
0.000204419
0.000204434
0.000204414
0.000204429
0.00020441
0.000204424
0.000204405
0.000204418
0.0002044
0.000204413
0.000204396
0.000204408
0.000204391
0.000204403
0.000204387
0.000204399
0.000204383
0.000204396
0.000204379
0.000204393
0.000204375
0.00020439
0.000204371
0.000204387
0.000204367
0.000204384
0.000204362
0.000204381
0.000204357
0.000204377
0.000204352
0.000204373
0.000204346
0.000204367
0.000204339
0.000204362
0.000204332
0.000204355
0.000204325
0.000204348
0.000204318
0.00020434
0.000204311
0.000204331
0.000204303
0.000204323
0.000204296
0.000204314
0.000204289
0.000204305
0.000204282
0.000204297
0.000204276
0.00020429
0.00020427
0.000204284
0.000204265
0.00020428
0.000204261
0.000204277
0.000204256
0.000204274
0.000204251
0.000204271
0.000204246
0.000204266
0.00020424
0.000204261
0.000204233
0.000204254
0.000204227
0.000204245
0.00020422
0.000204236
0.000204213
0.000204227
0.000204207
0.000204219
0.000204201
0.000204213
0.000204196
0.000204208
0.000204192
0.000204205
0.000204188
0.000204202
0.000204184
0.000204199
0.000204179
0.000204195
0.000204175
0.000204189
0.000204169
0.000204182
0.000204164
0.000204174
0.000204159
0.000204167
0.000204155
0.00020416
0.000204151
0.000204155
0.000204149
0.000204151
0.000204147
0.000204149
0.000204146
0.000204148
0.000204145
0.000204147
0.000204144
0.000204146
0.000204143
0.000204151
0.000204168
0.000204219
0.000204072
0.000204297
0.000232945
0.000234165
0.000211277
0.00020193
0.000198222
0.000196835
0.000196319
0.000196196
0.000196172
0.000196165
0.000196164
0.000196163
0.000196164
0.000196163
0.000196163
0.000196163
0.000196164
0.000196163
0.000196163
0.000196163
0.000196164
0.000196163
0.000196165
0.000196163
0.000196165
0.000196163
0.000196167
0.000196163
0.000196167
0.000196163
0.000196168
0.000196163
0.000196168
0.000196162
0.000196169
0.000196161
0.000196167
0.000196159
0.000196165
0.000196157
0.000196163
0.000196155
0.000196159
0.000196153
0.000196155
0.000196151
0.000196152
0.00019615
0.000196151
0.00019615
0.000196151
0.00019615
0.000196152
0.00019615
0.000196155
0.00019615
0.000196157
0.00019615
0.00019616
0.000196149
0.00019616
0.000196147
0.00019616
0.000196145
0.000196156
0.000196141
0.000196152
0.000196138
0.000196148
0.000196134
0.000196144
0.000196131
0.000196141
0.000196129
0.000196139
0.000196126
0.000196139
0.000196124
0.000196138
0.000196122
0.000196137
0.000196119
0.000196135
0.000196115
0.000196131
0.000196111
0.000196126
0.000196106
0.000196121
0.000196101
0.000196116
0.000196097
0.00019611
0.000196092
0.000196105
0.000196088
0.000196101
0.000196084
0.000196098
0.00019608
0.000196095
0.000196077
0.000196092
0.000196074
0.000196091
0.00019607
0.000196089
0.000196066
0.000196086
0.000196062
0.000196083
0.000196057
0.00019608
0.000196052
0.000196076
0.000196047
0.000196071
0.000196041
0.000196065
0.000196034
0.000196059
0.000196027
0.000196052
0.00019602
0.000196044
0.000196013
0.000196035
0.000196005
0.000196026
0.000195998
0.000196017
0.000195991
0.000196009
0.000195985
0.000196001
0.000195979
0.000195994
0.000195974
0.00019599
0.000195969
0.000195986
0.000195965
0.000195984
0.000195961
0.000195982
0.000195957
0.00019598
0.000195952
0.000195976
0.000195947
0.00019597
0.00019594
0.000195962
0.000195933
0.000195953
0.000195926
0.000195943
0.000195919
0.000195934
0.000195913
0.000195927
0.000195908
0.000195921
0.000195904
0.000195918
0.0001959
0.000195915
0.000195897
0.000195913
0.000195893
0.00019591
0.000195889
0.000195905
0.000195884
0.000195899
0.000195879
0.000195891
0.000195873
0.000195883
0.000195868
0.000195875
0.000195863
0.000195868
0.00019586
0.000195863
0.000195858
0.00019586
0.000195856
0.000195858
0.000195855
0.000195858
0.000195854
0.000195857
0.000195853
0.000195856
0.000195855
0.000195867
0.000195881
0.000195738
0.000195705
0.000218907
0.00021618
0.000197915
0.000192263
0.00019054
0.000189995
0.00018985
0.000189821
0.000189815
0.000189813
0.000189812
0.000189812
0.000189812
0.000189813
0.000189812
0.000189813
0.000189813
0.000189813
0.000189812
0.000189813
0.000189813
0.000189814
0.000189813
0.000189814
0.000189813
0.000189815
0.000189813
0.000189817
0.000189813
0.000189818
0.000189813
0.000189818
0.000189813
0.000189819
0.000189813
0.000189819
0.000189812
0.000189818
0.000189811
0.000189816
0.000189809
0.000189813
0.000189807
0.00018981
0.000189805
0.000189806
0.000189803
0.000189804
0.000189803
0.000189804
0.000189803
0.000189805
0.000189803
0.000189807
0.000189804
0.00018981
0.000189805
0.000189813
0.000189805
0.000189815
0.000189805
0.000189816
0.000189804
0.000189815
0.000189801
0.000189812
0.000189799
0.000189808
0.000189796
0.000189805
0.000189794
0.000189802
0.000189792
0.000189801
0.00018979
0.000189801
0.000189789
0.000189801
0.000189788
0.000189802
0.000189786
0.000189801
0.000189784
0.000189799
0.000189781
0.000189796
0.000189778
0.000189792
0.000189775
0.000189788
0.000189771
0.000189784
0.000189768
0.00018978
0.000189764
0.000189776
0.000189762
0.000189774
0.000189759
0.000189772
0.000189757
0.000189771
0.000189755
0.00018977
0.000189753
0.000189769
0.00018975
0.000189768
0.000189748
0.000189767
0.000189745
0.000189766
0.000189742
0.000189763
0.000189739
0.000189761
0.000189735
0.000189758
0.000189731
0.000189754
0.000189726
0.000189749
0.000189721
0.000189743
0.000189716
0.000189737
0.00018971
0.00018973
0.000189705
0.000189723
0.000189699
0.000189716
0.000189694
0.000189709
0.000189689
0.000189704
0.000189685
0.000189699
0.000189682
0.000189697
0.000189679
0.000189696
0.000189677
0.000189695
0.000189675
0.000189695
0.000189672
0.000189693
0.000189669
0.00018969
0.000189664
0.000189685
0.000189659
0.000189678
0.000189654
0.00018967
0.000189648
0.000189662
0.000189643
0.000189656
0.000189639
0.000189651
0.000189635
0.000189647
0.000189632
0.000189646
0.00018963
0.000189645
0.000189628
0.000189644
0.000189626
0.000189641
0.000189623
0.000189637
0.000189619
0.000189632
0.000189614
0.000189625
0.00018961
0.000189617
0.000189605
0.00018961
0.000189602
0.000189605
0.000189599
0.000189602
0.000189598
0.0001896
0.000189597
0.000189599
0.000189596
0.000189599
0.000189596
0.000189599
0.000189595
0.000189598
0.000189598
0.000189602
0.0001895
0.000189374
0.000209797
0.000203897
0.000190897
0.000188033
0.000187354
0.000187187
0.000187154
0.000187147
0.000187146
0.000187145
0.000187145
0.000187145
0.000187145
0.000187145
0.000187145
0.000187145
0.000187146
0.000187145
0.000187146
0.000187146
0.000187146
0.000187146
0.000187147
0.000187146
0.000187147
0.000187146
0.000187148
0.000187147
0.000187149
0.000187147
0.00018715
0.000187147
0.000187151
0.000187147
0.000187151
0.000187147
0.000187151
0.000187146
0.00018715
0.000187145
0.000187149
0.000187144
0.000187147
0.000187142
0.000187144
0.000187141
0.000187142
0.00018714
0.000187141
0.00018714
0.000187141
0.00018714
0.000187142
0.000187141
0.000187145
0.000187142
0.000187148
0.000187143
0.00018715
0.000187144
0.000187152
0.000187143
0.000187152
0.000187143
0.000187151
0.000187141
0.000187148
0.000187139
0.000187146
0.000187138
0.000187144
0.000187136
0.000187143
0.000187135
0.000187143
0.000187135
0.000187144
0.000187135
0.000187145
0.000187134
0.000187145
0.000187134
0.000187145
0.000187132
0.000187144
0.000187131
0.000187142
0.000187129
0.000187139
0.000187126
0.000187136
0.000187124
0.000187134
0.000187122
0.000187131
0.00018712
0.00018713
0.000187119
0.000187128
0.000187118
0.000187128
0.000187117
0.000187127
0.000187116
0.000187128
0.000187115
0.000187128
0.000187114
0.000187128
0.000187113
0.000187128
0.000187112
0.000187127
0.00018711
0.000187127
0.000187108
0.000187125
0.000187106
0.000187123
0.000187104
0.000187121
0.000187101
0.000187118
0.000187098
0.000187114
0.000187095
0.00018711
0.000187091
0.000187106
0.000187088
0.000187101
0.000187084
0.000187096
0.000187081
0.000187092
0.000187078
0.000187089
0.000187076
0.000187087
0.000187075
0.000187086
0.000187073
0.000187087
0.000187073
0.000187087
0.000187072
0.000187087
0.00018707
0.000187087
0.000187068
0.000187084
0.000187066
0.000187081
0.000187062
0.000187076
0.000187059
0.00018707
0.000187055
0.000187065
0.000187052
0.000187061
0.000187049
0.000187058
0.000187048
0.000187057
0.000187046
0.000187057
0.000187046
0.000187057
0.000187045
0.000187057
0.000187043
0.000187055
0.000187041
0.000187052
0.000187038
0.000187047
0.000187035
0.000187042
0.000187032
0.000187037
0.000187029
0.000187032
0.000187027
0.000187029
0.000187026
0.000187027
0.000187025
0.000187026
0.000187024
0.000187026
0.000187024
0.000187026
0.000187024
0.000187026
0.000187023
0.000187025
0.000187021
0.000186964
0.000186847
0.000203923
0.000196524
0.000188684
0.000187455
0.000187224
0.000187182
0.000187175
0.000187173
0.000187173
0.000187172
0.000187172
0.000187173
0.000187172
0.000187172
0.000187172
0.000187173
0.000187172
0.000187173
0.000187173
0.000187173
0.000187173
0.000187173
0.000187173
0.000187174
0.000187173
0.000187174
0.000187173
0.000187175
0.000187174
0.000187176
0.000187174
0.000187177
0.000187174
0.000187177
0.000187174
0.000187178
0.000187174
0.000187177
0.000187174
0.000187177
0.000187173
0.000187175
0.000187172
0.000187173
0.000187171
0.000187172
0.00018717
0.00018717
0.00018717
0.00018717
0.00018717
0.000187171
0.00018717
0.000187173
0.000187171
0.000187174
0.000187172
0.000187177
0.000187173
0.000187178
0.000187174
0.000187179
0.000187173
0.000187179
0.000187173
0.000187178
0.000187172
0.000187177
0.000187171
0.000187175
0.00018717
0.000187175
0.000187169
0.000187174
0.000187169
0.000187175
0.000187169
0.000187176
0.000187169
0.000187177
0.000187169
0.000187177
0.000187169
0.000187177
0.000187168
0.000187176
0.000187168
0.000187175
0.000187166
0.000187174
0.000187165
0.000187172
0.000187164
0.00018717
0.000187163
0.000187169
0.000187162
0.000187169
0.000187162
0.000187168
0.000187161
0.000187168
0.000187161
0.000187168
0.000187161
0.000187169
0.00018716
0.00018717
0.00018716
0.00018717
0.00018716
0.000187171
0.000187159
0.000187171
0.000187159
0.00018717
0.000187158
0.00018717
0.000187157
0.000187169
0.000187156
0.000187168
0.000187154
0.000187166
0.000187153
0.000187164
0.000187151
0.000187161
0.000187149
0.000187158
0.000187147
0.000187156
0.000187145
0.000187153
0.000187143
0.000187151
0.000187142
0.000187149
0.000187141
0.000187149
0.00018714
0.000187149
0.00018714
0.00018715
0.00018714
0.000187151
0.00018714
0.000187151
0.000187139
0.000187151
0.000187138
0.000187149
0.000187137
0.000187146
0.000187135
0.000187143
0.000187132
0.00018714
0.00018713
0.000187137
0.000187129
0.000187135
0.000187127
0.000187134
0.000187127
0.000187134
0.000187127
0.000187134
0.000187126
0.000187134
0.000187126
0.000187134
0.000187125
0.000187133
0.000187124
0.00018713
0.000187122
0.000187127
0.00018712
0.000187124
0.000187118
0.00018712
0.000187116
0.000187118
0.000187115
0.000187116
0.000187114
0.000187115
0.000187114
0.000187115
0.000187114
0.000187115
0.000187114
0.000187115
0.000187114
0.000187115
0.000187113
0.000187111
0.00018708
0.000187005
0.000200229
0.000192978
0.000188925
0.000188457
0.000188388
0.000188378
0.000188376
0.000188376
0.000188375
0.000188375
0.000188376
0.000188375
0.000188375
0.000188375
0.000188376
0.000188376
0.000188375
0.000188376
0.000188376
0.000188376
0.000188376
0.000188376
0.000188376
0.000188376
0.000188377
0.000188376
0.000188377
0.000188376
0.000188378
0.000188377
0.000188378
0.000188377
0.000188379
0.000188377
0.000188379
0.000188377
0.00018838
0.000188377
0.000188379
0.000188377
0.000188378
0.000188376
0.000188377
0.000188376
0.000188376
0.000188375
0.000188375
0.000188374
0.000188375
0.000188374
0.000188374
0.000188375
0.000188375
0.000188375
0.000188376
0.000188376
0.000188379
0.000188377
0.00018838
0.000188377
0.000188381
0.000188377
0.000188381
0.000188377
0.000188381
0.000188377
0.00018838
0.000188376
0.000188379
0.000188376
0.000188379
0.000188375
0.000188378
0.000188375
0.000188379
0.000188375
0.000188379
0.000188376
0.00018838
0.000188376
0.000188381
0.000188376
0.000188381
0.000188376
0.000188381
0.000188375
0.000188381
0.000188375
0.00018838
0.000188374
0.000188379
0.000188374
0.000188378
0.000188373
0.000188377
0.000188373
0.000188377
0.000188372
0.000188377
0.000188372
0.000188377
0.000188372
0.000188377
0.000188372
0.000188377
0.000188372
0.000188378
0.000188372
0.000188379
0.000188372
0.000188379
0.000188372
0.00018838
0.000188372
0.00018838
0.000188372
0.00018838
0.000188372
0.00018838
0.000188371
0.000188379
0.000188371
0.000188379
0.00018837
0.000188378
0.000188369
0.000188376
0.000188368
0.000188375
0.000188367
0.000188373
0.000188366
0.000188371
0.000188365
0.00018837
0.000188364
0.000188369
0.000188364
0.000188369
0.000188363
0.000188369
0.000188363
0.000188369
0.000188363
0.00018837
0.000188364
0.000188371
0.000188364
0.000188371
0.000188363
0.000188371
0.000188363
0.00018837
0.000188362
0.000188368
0.00018836
0.000188366
0.000188359
0.000188364
0.000188358
0.000188362
0.000188357
0.000188361
0.000188357
0.000188361
0.000188357
0.000188362
0.000188357
0.000188362
0.000188357
0.000188362
0.000188357
0.000188362
0.000188356
0.000188361
0.000188355
0.000188359
0.000188354
0.000188357
0.000188353
0.000188355
0.000188352
0.000188353
0.000188351
0.000188351
0.00018835
0.000188351
0.00018835
0.000188351
0.00018835
0.000188351
0.00018835
0.000188351
0.00018835
0.000188351
0.000188349
0.00018835
0.000188347
0.000188333
0.000188292
0.000197969
0.000191823
0.000189969
0.000189805
0.000189785
0.000189783
0.000189782
0.000189782
0.000189782
0.000189782
0.000189782
0.000189782
0.000189782
0.000189782
0.000189782
0.000189782
0.000189782
0.000189782
0.000189782
0.000189782
0.000189782
0.000189782
0.000189782
0.000189782
0.000189782
0.000189783
0.000189782
0.000189783
0.000189782
0.000189783
0.000189783
0.000189784
0.000189783
0.000189784
0.000189783
0.000189784
0.000189783
0.000189784
0.000189783
0.000189784
0.000189783
0.000189784
0.000189782
0.000189783
0.000189782
0.000189782
0.000189782
0.000189782
0.000189781
0.000189781
0.000189781
0.000189782
0.000189782
0.000189782
0.000189782
0.000189783
0.000189783
0.000189785
0.000189783
0.000189786
0.000189783
0.000189786
0.000189784
0.000189786
0.000189783
0.000189786
0.000189783
0.000189785
0.000189783
0.000189785
0.000189783
0.000189784
0.000189782
0.000189785
0.000189783
0.000189785
0.000189783
0.000189786
0.000189783
0.000189786
0.000189783
0.000189787
0.000189783
0.000189787
0.000189783
0.000189787
0.000189783
0.000189786
0.000189783
0.000189786
0.000189782
0.000189785
0.000189782
0.000189785
0.000189782
0.000189784
0.000189782
0.000189784
0.000189782
0.000189784
0.000189782
0.000189785
0.000189782
0.000189785
0.000189782
0.000189785
0.000189782
0.000189786
0.000189782
0.000189786
0.000189782
0.000189787
0.000189782
0.000189787
0.000189782
0.000189787
0.000189782
0.000189787
0.000189782
0.000189787
0.000189782
0.000189787
0.000189782
0.000189787
0.000189781
0.000189786
0.000189781
0.000189785
0.00018978
0.000189784
0.00018978
0.000189783
0.000189779
0.000189783
0.000189779
0.000189782
0.000189778
0.000189781
0.000189778
0.000189781
0.000189778
0.000189782
0.000189778
0.000189782
0.000189778
0.000189783
0.000189779
0.000189783
0.000189779
0.000189784
0.000189779
0.000189783
0.000189778
0.000189782
0.000189777
0.000189781
0.000189777
0.00018978
0.000189776
0.000189779
0.000189775
0.000189778
0.000189775
0.000189778
0.000189775
0.000189778
0.000189775
0.000189778
0.000189775
0.000189779
0.000189775
0.000189779
0.000189775
0.000189779
0.000189775
0.000189778
0.000189774
0.000189776
0.000189773
0.000189775
0.000189773
0.000189774
0.000189772
0.000189773
0.000189771
0.000189772
0.000189771
0.000189772
0.000189771
0.000189772
0.000189771
0.000189772
0.000189771
0.000189772
0.000189771
0.000189772
0.000189771
0.00018977
0.000189763
0.000189743
0.000196598
0.00019182
0.000191045
0.000190989
0.000190983
0.000190983
0.000190982
0.000190982
0.000190982
0.000190982
0.000190982
0.000190982
0.000190982
0.000190982
0.000190982
0.000190982
0.000190983
0.000190982
0.000190982
0.000190982
0.000190982
0.000190982
0.000190983
0.000190983
0.000190983
0.000190983
0.000190983
0.000190983
0.000190983
0.000190983
0.000190984
0.000190983
0.000190984
0.000190983
0.000190984
0.000190983
0.000190984
0.000190983
0.000190984
0.000190983
0.000190984
0.000190983
0.000190983
0.000190983
0.000190983
0.000190982
0.000190983
0.000190982
0.000190982
0.000190982
0.000190982
0.000190982
0.000190983
0.000190982
0.000190983
0.000190983
0.000190984
0.000190983
0.000190985
0.000190984
0.000190985
0.000190984
0.000190986
0.000190984
0.000190985
0.000190984
0.000190985
0.000190983
0.000190985
0.000190983
0.000190985
0.000190983
0.000190985
0.000190983
0.000190985
0.000190983
0.000190985
0.000190984
0.000190985
0.000190984
0.000190986
0.000190984
0.000190986
0.000190984
0.000190986
0.000190984
0.000190986
0.000190984
0.000190986
0.000190984
0.000190985
0.000190983
0.000190985
0.000190983
0.000190985
0.000190983
0.000190985
0.000190983
0.000190985
0.000190983
0.000190985
0.000190983
0.000190985
0.000190983
0.000190986
0.000190983
0.000190986
0.000190984
0.000190986
0.000190984
0.000190987
0.000190984
0.000190987
0.000190984
0.000190987
0.000190984
0.000190987
0.000190984
0.000190987
0.000190984
0.000190987
0.000190984
0.000190987
0.000190984
0.000190987
0.000190983
0.000190986
0.000190983
0.000190986
0.000190983
0.000190985
0.000190982
0.000190985
0.000190982
0.000190984
0.000190982
0.000190984
0.000190982
0.000190984
0.000190982
0.000190984
0.000190982
0.000190984
0.000190982
0.000190985
0.000190982
0.000190985
0.000190982
0.000190986
0.000190982
0.000190986
0.000190982
0.000190985
0.000190982
0.000190985
0.000190982
0.000190984
0.000190981
0.000190983
0.000190981
0.000190982
0.00019098
0.000190982
0.00019098
0.000190982
0.00019098
0.000190982
0.000190981
0.000190983
0.000190981
0.000190983
0.000190981
0.000190983
0.000190981
0.000190983
0.00019098
0.000190982
0.00019098
0.000190981
0.000190979
0.00019098
0.000190979
0.000190979
0.000190978
0.000190979
0.000190978
0.000190979
0.000190978
0.000190978
0.000190978
0.000190979
0.000190978
0.000190979
0.000190978
0.000190979
0.000190978
0.000190978
0.000190977
0.000190975
0.000190965
0.000195739
0.000192209
0.000191904
0.000191885
0.000191883
0.000191883
0.000191883
0.000191883
0.000191883
0.000191883
0.000191883
0.000191883
0.000191883
0.000191883
0.000191883
0.000191883
0.000191883
0.000191883
0.000191883
0.000191883
0.000191883
0.000191883
0.000191883
0.000191883
0.000191883
0.000191883
0.000191883
0.000191884
0.000191883
0.000191884
0.000191883
0.000191884
0.000191883
0.000191884
0.000191884
0.000191884
0.000191884
0.000191884
0.000191884
0.000191884
0.000191884
0.000191884
0.000191883
0.000191884
0.000191883
0.000191883
0.000191883
0.000191883
0.000191883
0.000191883
0.000191883
0.000191883
0.000191883
0.000191883
0.000191883
0.000191884
0.000191884
0.000191884
0.000191884
0.000191885
0.000191884
0.000191885
0.000191884
0.000191885
0.000191884
0.000191885
0.000191884
0.000191885
0.000191884
0.000191885
0.000191884
0.000191884
0.000191884
0.000191885
0.000191884
0.000191885
0.000191884
0.000191885
0.000191884
0.000191885
0.000191884
0.000191886
0.000191884
0.000191886
0.000191884
0.000191886
0.000191884
0.000191886
0.000191884
0.000191885
0.000191884
0.000191885
0.000191884
0.000191885
0.000191884
0.000191885
0.000191884
0.000191885
0.000191884
0.000191885
0.000191884
0.000191885
0.000191884
0.000191885
0.000191884
0.000191885
0.000191884
0.000191886
0.000191884
0.000191886
0.000191884
0.000191886
0.000191884
0.000191886
0.000191884
0.000191887
0.000191885
0.000191887
0.000191885
0.000191887
0.000191885
0.000191887
0.000191884
0.000191887
0.000191884
0.000191886
0.000191884
0.000191886
0.000191884
0.000191886
0.000191884
0.000191885
0.000191884
0.000191885
0.000191883
0.000191885
0.000191883
0.000191885
0.000191883
0.000191885
0.000191883
0.000191885
0.000191883
0.000191885
0.000191884
0.000191886
0.000191884
0.000191886
0.000191884
0.000191886
0.000191884
0.000191886
0.000191884
0.000191886
0.000191884
0.000191885
0.000191883
0.000191885
0.000191883
0.000191884
0.000191883
0.000191884
0.000191883
0.000191884
0.000191883
0.000191884
0.000191883
0.000191884
0.000191883
0.000191884
0.000191883
0.000191884
0.000191883
0.000191884
0.000191883
0.000191884
0.000191883
0.000191884
0.000191882
0.000191883
0.000191882
0.000191882
0.000191882
0.000191882
0.000191882
0.000191882
0.000191881
0.000191882
0.000191881
0.000191882
0.000191881
0.000191882
0.000191881
0.000191882
0.000191881
0.000191882
0.000191881
0.000191881
0.00019188
0.000191876
0.000195166
0.000192638
0.000192523
0.000192516
0.000192516
0.000192516
0.000192516
0.000192516
0.000192516
0.000192516
0.000192516
0.000192516
0.000192516
0.000192516
0.000192516
0.000192516
0.000192516
0.000192516
0.000192516
0.000192516
0.000192516
0.000192516
0.000192516
0.000192516
0.000192516
0.000192516
0.000192516
0.000192516
0.000192516
0.000192516
0.000192516
0.000192516
0.000192516
0.000192516
0.000192516
0.000192516
0.000192516
0.000192516
0.000192516
0.000192516
0.000192516
0.000192516
0.000192516
0.000192516
0.000192516
0.000192516
0.000192516
0.000192516
0.000192516
0.000192516
0.000192516
0.000192516
0.000192516
0.000192516
0.000192516
0.000192516
0.000192516
0.000192516
0.000192517
0.000192516
0.000192517
0.000192516
0.000192517
0.000192516
0.000192517
0.000192516
0.000192517
0.000192516
0.000192517
0.000192516
0.000192517
0.000192516
0.000192517
0.000192516
0.000192517
0.000192516
0.000192517
0.000192516
0.000192517
0.000192516
0.000192517
0.000192516
0.000192517
0.000192517
0.000192517
0.000192517
0.000192517
0.000192516
0.000192517
0.000192516
0.000192517
0.000192516
0.000192517
0.000192516
0.000192517
0.000192516
0.000192517
0.000192516
0.000192517
0.000192516
0.000192517
0.000192516
0.000192517
0.000192516
0.000192517
0.000192516
0.000192517
0.000192517
0.000192518
0.000192517
0.000192518
0.000192517
0.000192518
0.000192517
0.000192518
0.000192517
0.000192518
0.000192517
0.000192518
0.000192517
0.000192518
0.000192517
0.000192518
0.000192517
0.000192518
0.000192517
0.000192518
0.000192517
0.000192518
0.000192517
0.000192518
0.000192516
0.000192517
0.000192516
0.000192517
0.000192516
0.000192517
0.000192516
0.000192517
0.000192516
0.000192517
0.000192516
0.000192517
0.000192516
0.000192517
0.000192516
0.000192518
0.000192516
0.000192518
0.000192517
0.000192518
0.000192516
0.000192518
0.000192516
0.000192517
0.000192516
0.000192517
0.000192516
0.000192517
0.000192516
0.000192517
0.000192516
0.000192517
0.000192516
0.000192517
0.000192516
0.000192517
0.000192516
0.000192517
0.000192516
0.000192517
0.000192516
0.000192517
0.000192516
0.000192517
0.000192516
0.000192517
0.000192516
0.000192516
0.000192516
0.000192516
0.000192515
0.000192516
0.000192515
0.000192515
0.000192515
0.000192515
0.000192515
0.000192515
0.000192515
0.000192515
0.000192515
0.000192515
0.000192515
0.000192515
0.000192515
0.000192515
0.000192515
0.000192514
0.000192513
0.000194759
0.00019299
0.000192947
0.000192944
0.000192944
0.000192944
0.000192944
0.000192944
0.000192944
0.000192944
0.000192944
0.000192944
0.000192944
0.000192944
0.000192944
0.000192944
0.000192944
0.000192944
0.000192944
0.000192944
0.000192944
0.000192944
0.000192944
0.000192944
0.000192944
0.000192944
0.000192944
0.000192944
0.000192944
0.000192944
0.000192944
0.000192944
0.000192944
0.000192945
0.000192944
0.000192945
0.000192944
0.000192945
0.000192944
0.000192945
0.000192944
0.000192945
0.000192944
0.000192944
0.000192944
0.000192944
0.000192944
0.000192944
0.000192944
0.000192944
0.000192944
0.000192944
0.000192944
0.000192944
0.000192944
0.000192945
0.000192944
0.000192945
0.000192944
0.000192945
0.000192945
0.000192945
0.000192945
0.000192945
0.000192945
0.000192945
0.000192945
0.000192945
0.000192944
0.000192945
0.000192944
0.000192945
0.000192944
0.000192945
0.000192944
0.000192945
0.000192945
0.000192945
0.000192945
0.000192945
0.000192945
0.000192945
0.000192945
0.000192945
0.000192945
0.000192945
0.000192945
0.000192945
0.000192945
0.000192945
0.000192945
0.000192945
0.000192945
0.000192945
0.000192945
0.000192945
0.000192945
0.000192945
0.000192945
0.000192945
0.000192945
0.000192945
0.000192945
0.000192945
0.000192945
0.000192945
0.000192945
0.000192945
0.000192945
0.000192946
0.000192945
0.000192946
0.000192945
0.000192946
0.000192945
0.000192946
0.000192945
0.000192946
0.000192945
0.000192946
0.000192945
0.000192946
0.000192945
0.000192946
0.000192945
0.000192946
0.000192945
0.000192946
0.000192945
0.000192946
0.000192945
0.000192945
0.000192945
0.000192945
0.000192945
0.000192945
0.000192945
0.000192945
0.000192945
0.000192945
0.000192945
0.000192945
0.000192945
0.000192945
0.000192945
0.000192946
0.000192945
0.000192946
0.000192945
0.000192946
0.000192945
0.000192946
0.000192945
0.000192946
0.000192945
0.000192945
0.000192945
0.000192945
0.000192944
0.000192945
0.000192944
0.000192945
0.000192944
0.000192945
0.000192944
0.000192945
0.000192944
0.000192945
0.000192944
0.000192945
0.000192945
0.000192945
0.000192945
0.000192945
0.000192944
0.000192945
0.000192944
0.000192945
0.000192944
0.000192945
0.000192944
0.000192944
0.000192944
0.000192944
0.000192944
0.000192944
0.000192944
0.000192944
0.000192944
0.000192944
0.000192944
0.000192944
0.000192944
0.000192944
0.000192944
0.000192944
0.000192944
0.000192944
0.000192944
0.000192943
0.00019446
0.000193245
0.000193229
0.000193228
0.000193228
0.000193228
0.000193228
0.000193228
0.000193228
0.000193228
0.000193228
0.000193228
0.000193228
0.000193228
0.000193228
0.000193228
0.000193228
0.000193228
0.000193228
0.000193228
0.000193228
0.000193228
0.000193228
0.000193228
0.000193228
0.000193228
0.000193228
0.000193228
0.000193228
0.000193228
0.000193228
0.000193228
0.000193228
0.000193228
0.000193228
0.000193228
0.000193229
0.000193228
0.000193229
0.000193228
0.000193228
0.000193228
0.000193228
0.000193228
0.000193228
0.000193228
0.000193228
0.000193228
0.000193228
0.000193228
0.000193228
0.000193228
0.000193228
0.000193228
0.000193228
0.000193228
0.000193229
0.000193228
0.000193229
0.000193228
0.000193229
0.000193228
0.000193229
0.000193228
0.000193229
0.000193228
0.000193229
0.000193228
0.000193229
0.000193228
0.000193229
0.000193228
0.000193229
0.000193228
0.000193229
0.000193228
0.000193229
0.000193228
0.000193229
0.000193229
0.000193229
0.000193229
0.000193229
0.000193229
0.000193229
0.000193229
0.000193229
0.000193229
0.000193229
0.000193229
0.000193229
0.000193229
0.000193229
0.000193228
0.000193229
0.000193228
0.000193229
0.000193228
0.000193229
0.000193228
0.000193229
0.000193229
0.000193229
0.000193229
0.000193229
0.000193229
0.000193229
0.000193229
0.000193229
0.000193229
0.000193229
0.000193229
0.000193229
0.000193229
0.000193229
0.000193229
0.000193229
0.000193229
0.000193229
0.000193229
0.000193229
0.000193229
0.000193229
0.000193229
0.000193229
0.000193229
0.000193229
0.000193229
0.000193229
0.000193229
0.000193229
0.000193229
0.000193229
0.000193229
0.000193229
0.000193229
0.000193229
0.000193228
0.000193229
0.000193228
0.000193229
0.000193229
0.000193229
0.000193229
0.000193229
0.000193229
0.000193229
0.000193229
0.000193229
0.000193229
0.000193229
0.000193229
0.000193229
0.000193229
0.000193229
0.000193229
0.000193229
0.000193228
0.000193229
0.000193228
0.000193229
0.000193228
0.000193229
0.000193228
0.000193229
0.000193228
0.000193229
0.000193228
0.000193229
0.000193228
0.000193229
0.000193229
0.000193229
0.000193228
0.000193229
0.000193228
0.000193229
0.000193228
0.000193229
0.000193228
0.000193228
0.000193228
0.000193228
0.000193228
0.000193228
0.000193228
0.000193228
0.000193228
0.000193228
0.000193228
0.000193228
0.000193228
0.000193228
0.000193228
0.000193228
0.000193228
0.000193228
0.000193228
0.000193228
0.000193228
0.000194239
0.000193419
0.000193413
0.000193413
0.000193413
0.000193413
0.000193413
0.000193413
0.000193413
0.000193413
0.000193413
0.000193413
0.000193413
0.000193413
0.000193413
0.000193413
0.000193413
0.000193413
0.000193413
0.000193413
0.000193413
0.000193413
0.000193413
0.000193413
0.000193413
0.000193413
0.000193413
0.000193413
0.000193413
0.000193413
0.000193413
0.000193413
0.000193413
0.000193413
0.000193413
0.000193413
0.000193413
0.000193413
0.000193413
0.000193413
0.000193413
0.000193413
0.000193413
0.000193413
0.000193413
0.000193413
0.000193413
0.000193413
0.000193413
0.000193413
0.000193413
0.000193413
0.000193413
0.000193413
0.000193413
0.000193413
0.000193413
0.000193413
0.000193413
0.000193413
0.000193413
0.000193413
0.000193413
0.000193413
0.000193413
0.000193413
0.000193413
0.000193413
0.000193413
0.000193413
0.000193413
0.000193413
0.000193413
0.000193413
0.000193413
0.000193413
0.000193413
0.000193413
0.000193413
0.000193413
0.000193413
0.000193413
0.000193413
0.000193413
0.000193413
0.000193413
0.000193413
0.000193413
0.000193413
0.000193413
0.000193413
0.000193413
0.000193413
0.000193413
0.000193413
0.000193413
0.000193413
0.000193413
0.000193413
0.000193413
0.000193413
0.000193413
0.000193413
0.000193413
0.000193413
0.000193413
0.000193413
0.000193413
0.000193413
0.000193413
0.000193413
0.000193414
0.000193413
0.000193414
0.000193413
0.000193414
0.000193413
0.000193414
0.000193413
0.000193414
0.000193413
0.000193414
0.000193413
0.000193414
0.000193413
0.000193414
0.000193413
0.000193414
0.000193413
0.000193414
0.000193413
0.000193413
0.000193413
0.000193413
0.000193413
0.000193413
0.000193413
0.000193413
0.000193413
0.000193413
0.000193413
0.000193413
0.000193413
0.000193413
0.000193413
0.000193413
0.000193413
0.000193414
0.000193413
0.000193414
0.000193413
0.000193414
0.000193413
0.000193414
0.000193413
0.000193413
0.000193413
0.000193413
0.000193413
0.000193413
0.000193413
0.000193413
0.000193413
0.000193413
0.000193413
0.000193413
0.000193413
0.000193413
0.000193413
0.000193413
0.000193413
0.000193413
0.000193413
0.000193413
0.000193413
0.000193413
0.000193413
0.000193413
0.000193413
0.000193413
0.000193413
0.000193413
0.000193413
0.000193413
0.000193413
0.000193413
0.000193413
0.000193413
0.000193413
0.000193413
0.000193413
0.000193413
0.000193413
0.000193413
0.000193413
0.000193413
0.000193413
0.000193413
0.000193413
0.000193413
0.000194075
0.00019353
0.000193527
0.000193527
0.000193527
0.000193527
0.000193527
0.000193527
0.000193527
0.000193527
0.000193527
0.000193527
0.000193527
0.000193527
0.000193527
0.000193527
0.000193527
0.000193527
0.000193527
0.000193527
0.000193527
0.000193527
0.000193527
0.000193527
0.000193527
0.000193527
0.000193527
0.000193527
0.000193527
0.000193527
0.000193527
0.000193527
0.000193527
0.000193527
0.000193527
0.000193527
0.000193527
0.000193527
0.000193527
0.000193527
0.000193527
0.000193527
0.000193527
0.000193527
0.000193527
0.000193527
0.000193527
0.000193527
0.000193527
0.000193527
0.000193527
0.000193527
0.000193527
0.000193527
0.000193527
0.000193527
0.000193527
0.000193527
0.000193527
0.000193527
0.000193527
0.000193527
0.000193527
0.000193527
0.000193527
0.000193527
0.000193527
0.000193527
0.000193527
0.000193527
0.000193527
0.000193527
0.000193527
0.000193527
0.000193527
0.000193527
0.000193527
0.000193527
0.000193527
0.000193527
0.000193527
0.000193527
0.000193527
0.000193527
0.000193527
0.000193527
0.000193527
0.000193527
0.000193527
0.000193527
0.000193527
0.000193527
0.000193527
0.000193527
0.000193527
0.000193527
0.000193527
0.000193527
0.000193527
0.000193527
0.000193527
0.000193527
0.000193527
0.000193527
0.000193527
0.000193527
0.000193527
0.000193527
0.000193527
0.000193527
0.000193527
0.000193527
0.000193527
0.000193527
0.000193527
0.000193527
0.000193527
0.000193527
0.000193527
0.000193527
0.000193527
0.000193527
0.000193527
0.000193527
0.000193527
0.000193527
0.000193527
0.000193527
0.000193527
0.000193527
0.000193527
0.000193527
0.000193527
0.000193527
0.000193527
0.000193527
0.000193527
0.000193527
0.000193527
0.000193527
0.000193527
0.000193527
0.000193527
0.000193527
0.000193527
0.000193527
0.000193527
0.000193527
0.000193527
0.000193527
0.000193527
0.000193527
0.000193527
0.000193527
0.000193527
0.000193527
0.000193527
0.000193527
0.000193527
0.000193527
0.000193527
0.000193527
0.000193527
0.000193527
0.000193527
0.000193527
0.000193527
0.000193527
0.000193527
0.000193527
0.000193527
0.000193527
0.000193527
0.000193527
0.000193527
0.000193527
0.000193527
0.000193527
0.000193527
0.000193527
0.000193527
0.000193527
0.000193527
0.000193527
0.000193527
0.000193527
0.000193527
0.000193527
0.000193527
0.000193527
0.000193527
0.000193527
0.000193527
0.000193527
0.000193527
0.000193527
0.000193527
0.000193527
0.000193527
0.000193527
0.000193936
0.000193577
0.000193576
0.000193576
0.000193576
0.000193576
0.000193576
0.000193576
0.000193576
0.000193576
0.000193576
0.000193576
0.000193576
0.000193576
0.000193576
0.000193576
0.000193576
0.000193576
0.000193576
0.000193576
0.000193576
0.000193576
0.000193576
0.000193576
0.000193576
0.000193576
0.000193576
0.000193576
0.000193576
0.000193576
0.000193576
0.000193576
0.000193576
0.000193576
0.000193576
0.000193576
0.000193576
0.000193576
0.000193576
0.000193576
0.000193576
0.000193576
0.000193576
0.000193576
0.000193576
0.000193576
0.000193576
0.000193576
0.000193576
0.000193576
0.000193576
0.000193576
0.000193576
0.000193576
0.000193576
0.000193576
0.000193576
0.000193576
0.000193576
0.000193576
0.000193576
0.000193576
0.000193576
0.000193576
0.000193576
0.000193576
0.000193576
0.000193576
0.000193576
0.000193576
0.000193576
0.000193576
0.000193576
0.000193576
0.000193576
0.000193576
0.000193576
0.000193576
0.000193576
0.000193576
0.000193576
0.000193576
0.000193576
0.000193576
0.000193576
0.000193576
0.000193576
0.000193576
0.000193576
0.000193576
0.000193576
0.000193576
0.000193576
0.000193576
0.000193576
0.000193576
0.000193576
0.000193576
0.000193576
0.000193576
0.000193576
0.000193576
0.000193576
0.000193576
0.000193576
0.000193576
0.000193576
0.000193576
0.000193576
0.000193576
0.000193576
0.000193576
0.000193576
0.000193576
0.000193576
0.000193576
0.000193576
0.000193576
0.000193576
0.000193576
0.000193576
0.000193576
0.000193576
0.000193576
0.000193576
0.000193576
0.000193576
0.000193576
0.000193576
0.000193576
0.000193576
0.000193576
0.000193576
0.000193576
0.000193576
0.000193576
0.000193576
0.000193576
0.000193576
0.000193576
0.000193576
0.000193576
0.000193576
0.000193576
0.000193576
0.000193576
0.000193576
0.000193576
0.000193576
0.000193576
0.000193576
0.000193576
0.000193576
0.000193576
0.000193576
0.000193576
0.000193576
0.000193576
0.000193576
0.000193576
0.000193576
0.000193576
0.000193576
0.000193576
0.000193576
0.000193576
0.000193576
0.000193576
0.000193576
0.000193576
0.000193576
0.000193576
0.000193576
0.000193576
0.000193576
0.000193576
0.000193576
0.000193576
0.000193576
0.000193576
0.000193576
0.000193576
0.000193576
0.000193576
0.000193576
0.000193576
0.000193576
0.000193576
0.000193576
0.000193576
0.000193576
0.000193576
0.000193576
0.000193576
0.000193576
0.000193576
0.000193576
0.000193576
0.000193576
0.000193576
0.000193754
0.00019352
0.00019352
0.00019352
0.00019352
0.00019352
0.00019352
0.00019352
0.00019352
0.00019352
0.00019352
0.00019352
0.00019352
0.00019352
0.00019352
0.00019352
0.00019352
0.00019352
0.00019352
0.00019352
0.00019352
0.00019352
0.00019352
0.00019352
0.00019352
0.00019352
0.00019352
0.00019352
0.00019352
0.00019352
0.00019352
0.00019352
0.00019352
0.00019352
0.00019352
0.00019352
0.00019352
0.00019352
0.00019352
0.00019352
0.00019352
0.00019352
0.00019352
0.00019352
0.00019352
0.00019352
0.00019352
0.00019352
0.00019352
0.00019352
0.00019352
0.00019352
0.00019352
0.00019352
0.00019352
0.00019352
0.00019352
0.00019352
0.00019352
0.00019352
0.00019352
0.00019352
0.00019352
0.00019352
0.00019352
0.00019352
0.00019352
0.00019352
0.00019352
0.00019352
0.00019352
0.00019352
0.00019352
0.00019352
0.00019352
0.00019352
0.00019352
0.00019352
0.00019352
0.00019352
0.00019352
0.00019352
0.00019352
0.00019352
0.00019352
0.00019352
0.00019352
0.00019352
0.00019352
0.00019352
0.00019352
0.00019352
0.00019352
0.00019352
0.00019352
0.00019352
0.00019352
0.00019352
0.00019352
0.00019352
0.00019352
0.00019352
0.00019352
0.00019352
0.00019352
0.00019352
0.00019352
0.00019352
0.00019352
0.00019352
0.00019352
0.00019352
0.00019352
0.00019352
0.00019352
0.00019352
0.00019352
0.00019352
0.00019352
0.00019352
0.00019352
0.00019352
0.00019352
0.00019352
0.00019352
0.00019352
0.00019352
0.00019352
0.00019352
0.00019352
0.00019352
0.00019352
0.00019352
0.00019352
0.00019352
0.00019352
0.00019352
0.00019352
0.00019352
0.00019352
0.00019352
0.00019352
0.00019352
0.00019352
0.00019352
0.00019352
0.00019352
0.00019352
0.00019352
0.00019352
0.00019352
0.00019352
0.00019352
0.00019352
0.00019352
0.00019352
0.00019352
0.00019352
0.00019352
0.00019352
0.00019352
0.00019352
0.00019352
0.00019352
0.00019352
0.00019352
0.00019352
0.00019352
0.00019352
0.00019352
0.00019352
0.00019352
0.00019352
0.00019352
0.00019352
0.00019352
0.00019352
0.00019352
0.00019352
0.00019352
0.00019352
0.00019352
0.00019352
0.00019352
0.00019352
0.00019352
0.00019352
0.00019352
0.00019352
0.00019352
0.00019352
0.00019352
0.00019352
0.00019352
0.00019352
0.00019352
0.00019352
0.00019352
0.00019352
0.00019352
0.000193301
0.000193149
0.000193149
0.000193149
0.000193149
0.000193149
0.000193149
0.000193149
0.000193149
0.000193149
0.000193149
0.000193149
0.000193149
0.000193149
0.000193149
0.000193149
0.000193149
0.000193149
0.000193149
0.000193149
0.000193149
0.000193149
0.000193149
0.000193149
0.000193149
0.000193149
0.000193149
0.000193149
0.000193149
0.000193149
0.000193149
0.000193149
0.000193149
0.000193149
0.000193149
0.000193149
0.000193149
0.000193149
0.000193149
0.000193149
0.000193149
0.000193149
0.000193149
0.000193149
0.000193149
0.000193149
0.000193149
0.000193149
0.000193149
0.000193149
0.000193149
0.000193149
0.000193149
0.000193149
0.000193149
0.000193149
0.000193149
0.000193149
0.000193149
0.000193149
0.000193149
0.000193149
0.000193149
0.000193149
0.000193149
0.000193149
0.000193149
0.000193149
0.000193149
0.000193149
0.000193149
0.000193149
0.000193149
0.000193149
0.000193149
0.000193149
0.000193149
0.000193149
0.000193149
0.000193149
0.000193149
0.000193149
0.000193149
0.000193149
0.000193149
0.000193149
0.000193149
0.000193149
0.000193149
0.000193149
0.000193149
0.000193149
0.000193149
0.000193149
0.000193149
0.000193149
0.000193149
0.000193149
0.000193149
0.000193149
0.000193149
0.000193149
0.000193149
0.000193149
0.000193149
0.000193149
0.000193149
0.000193149
0.000193149
0.000193149
0.000193149
0.000193149
0.000193149
0.000193149
0.000193149
0.000193149
0.000193149
0.000193149
0.000193149
0.000193149
0.000193149
0.000193149
0.000193149
0.000193149
0.000193149
0.000193149
0.000193149
0.000193149
0.000193149
0.000193149
0.000193149
0.000193149
0.000193149
0.000193149
0.000193149
0.000193149
0.000193149
0.000193149
0.000193149
0.000193149
0.000193149
0.000193149
0.000193149
0.000193149
0.000193149
0.000193149
0.000193149
0.000193149
0.000193149
0.000193149
0.000193149
0.000193149
0.000193149
0.000193149
0.000193149
0.000193149
0.000193149
0.000193149
0.000193149
0.000193149
0.000193149
0.000193149
0.000193149
0.000193149
0.000193149
0.000193149
0.000193149
0.000193149
0.000193149
0.000193149
0.000193149
0.000193149
0.000193149
0.000193149
0.000193149
0.000193149
0.000193149
0.000193149
0.000193149
0.000193149
0.000193149
0.000193149
0.000193149
0.000193149
0.000193149
0.000193149
0.000193149
0.000193149
0.000193149
0.000193149
0.000193149
0.000193149
0.000193149
0.000193149
0.000193149
0.000193149
0.000193149
0.000193149
0.000193149
0.000193149
0.000192213
0.000192114
0.000192114
0.000192114
0.000192114
0.000192114
0.000192114
0.000192114
0.000192114
0.000192114
0.000192114
0.000192114
0.000192114
0.000192114
0.000192114
0.000192114
0.000192114
0.000192114
0.000192114
0.000192114
0.000192114
0.000192114
0.000192114
0.000192114
0.000192114
0.000192114
0.000192114
0.000192114
0.000192114
0.000192114
0.000192114
0.000192114
0.000192114
0.000192114
0.000192114
0.000192114
0.000192114
0.000192114
0.000192114
0.000192114
0.000192114
0.000192114
0.000192114
0.000192114
0.000192114
0.000192114
0.000192114
0.000192114
0.000192114
0.000192114
0.000192114
0.000192114
0.000192114
0.000192114
0.000192114
0.000192114
0.000192114
0.000192114
0.000192114
0.000192114
0.000192114
0.000192114
0.000192114
0.000192114
0.000192114
0.000192114
0.000192114
0.000192114
0.000192114
0.000192114
0.000192114
0.000192114
0.000192114
0.000192114
0.000192114
0.000192114
0.000192114
0.000192114
0.000192114
0.000192114
0.000192114
0.000192114
0.000192114
0.000192114
0.000192114
0.000192114
0.000192114
0.000192114
0.000192114
0.000192114
0.000192114
0.000192114
0.000192114
0.000192114
0.000192114
0.000192114
0.000192114
0.000192114
0.000192114
0.000192114
0.000192114
0.000192114
0.000192114
0.000192114
0.000192114
0.000192114
0.000192114
0.000192114
0.000192114
0.000192114
0.000192114
0.000192114
0.000192114
0.000192114
0.000192114
0.000192114
0.000192114
0.000192114
0.000192114
0.000192114
0.000192114
0.000192114
0.000192114
0.000192114
0.000192114
0.000192114
0.000192114
0.000192114
0.000192114
0.000192114
0.000192114
0.000192114
0.000192114
0.000192114
0.000192114
0.000192114
0.000192114
0.000192114
0.000192114
0.000192114
0.000192114
0.000192114
0.000192114
0.000192114
0.000192114
0.000192114
0.000192114
0.000192114
0.000192114
0.000192114
0.000192114
0.000192114
0.000192114
0.000192114
0.000192114
0.000192114
0.000192114
0.000192114
0.000192114
0.000192114
0.000192114
0.000192114
0.000192114
0.000192114
0.000192114
0.000192114
0.000192114
0.000192114
0.000192114
0.000192114
0.000192114
0.000192114
0.000192114
0.000192114
0.000192114
0.000192114
0.000192114
0.000192114
0.000192114
0.000192114
0.000192114
0.000192114
0.000192114
0.000192114
0.000192114
0.000192114
0.000192114
0.000192114
0.000192114
0.000192114
0.000192114
0.000192114
0.000192114
0.000192114
0.000192114
0.000192114
0.000192114
0.000192114
0.000192114
0.000192114
0.000189235
0.000189166
0.000189166
0.000189166
0.000189166
0.000189166
0.000189166
0.000189166
0.000189166
0.000189166
0.000189166
0.000189166
0.000189166
0.000189166
0.000189166
0.000189166
0.000189166
0.000189166
0.000189166
0.000189166
0.000189166
0.000189166
0.000189166
0.000189166
0.000189166
0.000189166
0.000189166
0.000189166
0.000189166
0.000189166
0.000189166
0.000189166
0.000189166
0.000189166
0.000189166
0.000189166
0.000189166
0.000189166
0.000189166
0.000189166
0.000189166
0.000189166
0.000189166
0.000189166
0.000189166
0.000189166
0.000189166
0.000189166
0.000189166
0.000189166
0.000189166
0.000189166
0.000189166
0.000189166
0.000189166
0.000189166
0.000189166
0.000189166
0.000189166
0.000189166
0.000189166
0.000189166
0.000189166
0.000189166
0.000189166
0.000189166
0.000189166
0.000189166
0.000189166
0.000189166
0.000189166
0.000189166
0.000189166
0.000189166
0.000189166
0.000189166
0.000189166
0.000189166
0.000189166
0.000189166
0.000189166
0.000189166
0.000189166
0.000189166
0.000189166
0.000189166
0.000189166
0.000189166
0.000189166
0.000189166
0.000189166
0.000189166
0.000189166
0.000189166
0.000189166
0.000189166
0.000189166
0.000189166
0.000189166
0.000189166
0.000189166
0.000189166
0.000189166
0.000189166
0.000189166
0.000189166
0.000189166
0.000189166
0.000189166
0.000189166
0.000189166
0.000189166
0.000189166
0.000189166
0.000189166
0.000189166
0.000189166
0.000189166
0.000189166
0.000189166
0.000189166
0.000189166
0.000189166
0.000189166
0.000189166
0.000189166
0.000189166
0.000189166
0.000189166
0.000189166
0.000189166
0.000189166
0.000189166
0.000189166
0.000189166
0.000189166
0.000189166
0.000189166
0.000189166
0.000189166
0.000189166
0.000189166
0.000189166
0.000189166
0.000189166
0.000189166
0.000189166
0.000189166
0.000189166
0.000189166
0.000189166
0.000189166
0.000189166
0.000189166
0.000189166
0.000189166
0.000189166
0.000189166
0.000189166
0.000189166
0.000189166
0.000189166
0.000189166
0.000189166
0.000189166
0.000189166
0.000189166
0.000189166
0.000189166
0.000189166
0.000189166
0.000189166
0.000189166
0.000189166
0.000189166
0.000189166
0.000189166
0.000189166
0.000189166
0.000189166
0.000189166
0.000189166
0.000189166
0.000189166
0.000189166
0.000189166
0.000189166
0.000189166
0.000189166
0.000189166
0.000189166
0.000189166
0.000189166
0.000189166
0.000189166
0.000189166
0.000189166
0.000189166
0.000189166
0.000189166
0.000181851
0.000181794
0.000181794
0.000181794
0.000181794
0.000181794
0.000181794
0.000181794
0.000181794
0.000181794
0.000181794
0.000181794
0.000181794
0.000181794
0.000181794
0.000181794
0.000181794
0.000181794
0.000181794
0.000181794
0.000181794
0.000181794
0.000181794
0.000181794
0.000181794
0.000181794
0.000181794
0.000181794
0.000181794
0.000181794
0.000181794
0.000181794
0.000181794
0.000181794
0.000181794
0.000181794
0.000181794
0.000181794
0.000181794
0.000181794
0.000181794
0.000181794
0.000181794
0.000181794
0.000181794
0.000181794
0.000181794
0.000181794
0.000181794
0.000181794
0.000181794
0.000181794
0.000181794
0.000181794
0.000181794
0.000181794
0.000181794
0.000181794
0.000181794
0.000181794
0.000181794
0.000181794
0.000181794
0.000181794
0.000181794
0.000181794
0.000181794
0.000181794
0.000181794
0.000181794
0.000181794
0.000181794
0.000181794
0.000181794
0.000181794
0.000181794
0.000181794
0.000181794
0.000181794
0.000181794
0.000181794
0.000181794
0.000181794
0.000181794
0.000181794
0.000181794
0.000181794
0.000181794
0.000181794
0.000181794
0.000181794
0.000181794
0.000181794
0.000181794
0.000181794
0.000181794
0.000181794
0.000181794
0.000181794
0.000181794
0.000181794
0.000181794
0.000181794
0.000181794
0.000181794
0.000181794
0.000181794
0.000181794
0.000181794
0.000181794
0.000181794
0.000181794
0.000181794
0.000181794
0.000181794
0.000181794
0.000181794
0.000181794
0.000181794
0.000181794
0.000181794
0.000181794
0.000181794
0.000181794
0.000181794
0.000181794
0.000181794
0.000181794
0.000181794
0.000181794
0.000181794
0.000181794
0.000181794
0.000181794
0.000181794
0.000181794
0.000181794
0.000181794
0.000181794
0.000181794
0.000181794
0.000181794
0.000181794
0.000181794
0.000181794
0.000181794
0.000181794
0.000181794
0.000181794
0.000181794
0.000181794
0.000181794
0.000181794
0.000181794
0.000181794
0.000181794
0.000181794
0.000181794
0.000181794
0.000181794
0.000181794
0.000181794
0.000181794
0.000181794
0.000181794
0.000181794
0.000181794
0.000181794
0.000181794
0.000181794
0.000181794
0.000181794
0.000181794
0.000181794
0.000181794
0.000181794
0.000181794
0.000181794
0.000181794
0.000181794
0.000181794
0.000181794
0.000181794
0.000181794
0.000181794
0.000181794
0.000181794
0.000181794
0.000181794
0.000181794
0.000181794
0.000181794
0.000181794
0.000181794
0.000181794
0.000181794
0.000181794
0.000181794
0.000181794
0.000181794
0.000164327
0.000164266
0.000164266
0.000164266
0.000164266
0.000164266
0.000164266
0.000164266
0.000164266
0.000164266
0.000164266
0.000164266
0.000164266
0.000164266
0.000164266
0.000164266
0.000164266
0.000164266
0.000164266
0.000164266
0.000164266
0.000164266
0.000164266
0.000164266
0.000164266
0.000164266
0.000164266
0.000164266
0.000164266
0.000164266
0.000164266
0.000164266
0.000164266
0.000164266
0.000164266
0.000164266
0.000164266
0.000164266
0.000164266
0.000164266
0.000164266
0.000164266
0.000164266
0.000164266
0.000164266
0.000164266
0.000164266
0.000164266
0.000164266
0.000164266
0.000164266
0.000164266
0.000164266
0.000164266
0.000164266
0.000164266
0.000164266
0.000164266
0.000164266
0.000164266
0.000164266
0.000164266
0.000164266
0.000164266
0.000164266
0.000164266
0.000164266
0.000164266
0.000164266
0.000164266
0.000164266
0.000164266
0.000164266
0.000164266
0.000164266
0.000164266
0.000164266
0.000164266
0.000164266
0.000164266
0.000164266
0.000164266
0.000164266
0.000164266
0.000164266
0.000164266
0.000164266
0.000164266
0.000164266
0.000164266
0.000164266
0.000164266
0.000164266
0.000164266
0.000164266
0.000164266
0.000164266
0.000164266
0.000164266
0.000164266
0.000164266
0.000164266
0.000164266
0.000164266
0.000164266
0.000164266
0.000164266
0.000164266
0.000164266
0.000164266
0.000164266
0.000164266
0.000164266
0.000164266
0.000164266
0.000164266
0.000164266
0.000164266
0.000164266
0.000164266
0.000164266
0.000164266
0.000164266
0.000164266
0.000164266
0.000164266
0.000164266
0.000164266
0.000164266
0.000164266
0.000164266
0.000164266
0.000164266
0.000164266
0.000164266
0.000164266
0.000164266
0.000164266
0.000164266
0.000164266
0.000164266
0.000164266
0.000164266
0.000164266
0.000164266
0.000164266
0.000164266
0.000164266
0.000164266
0.000164266
0.000164266
0.000164266
0.000164266
0.000164266
0.000164266
0.000164266
0.000164266
0.000164266
0.000164266
0.000164266
0.000164266
0.000164266
0.000164266
0.000164266
0.000164266
0.000164266
0.000164266
0.000164266
0.000164266
0.000164266
0.000164266
0.000164266
0.000164266
0.000164266
0.000164266
0.000164266
0.000164266
0.000164266
0.000164266
0.000164266
0.000164266
0.000164266
0.000164266
0.000164266
0.000164266
0.000164266
0.000164266
0.000164266
0.000164266
0.000164266
0.000164266
0.000164266
0.000164266
0.000164266
0.000164266
0.000164266
0.000164266
0.000164266
0.000164266
0.000164266
3.79143e-09
3.78696e-09
3.78696e-09
3.78696e-09
3.78696e-09
3.78696e-09
3.78696e-09
3.78696e-09
3.78696e-09
3.78696e-09
3.78696e-09
3.78696e-09
3.78696e-09
3.78696e-09
3.78696e-09
3.78696e-09
3.78696e-09
3.78696e-09
3.78696e-09
3.78696e-09
3.78696e-09
3.78696e-09
3.78696e-09
3.78696e-09
3.78696e-09
3.78696e-09
3.78696e-09
3.78696e-09
3.78696e-09
3.78696e-09
3.78696e-09
3.78696e-09
3.78696e-09
3.78696e-09
3.78696e-09
3.78696e-09
3.78696e-09
3.78696e-09
3.78696e-09
3.78696e-09
3.78696e-09
3.78696e-09
3.78696e-09
3.78696e-09
3.78696e-09
3.78696e-09
3.78696e-09
3.78696e-09
3.78696e-09
3.78696e-09
3.78696e-09
3.78696e-09
3.78696e-09
3.78696e-09
3.78696e-09
3.78696e-09
3.78696e-09
3.78696e-09
3.78696e-09
3.78696e-09
3.78696e-09
3.78696e-09
3.78696e-09
3.78696e-09
3.78696e-09
3.78696e-09
3.78696e-09
3.78696e-09
3.78696e-09
3.78696e-09
3.78696e-09
3.78696e-09
3.78696e-09
3.78696e-09
3.78696e-09
3.78696e-09
3.78696e-09
3.78696e-09
3.78696e-09
3.78696e-09
3.78696e-09
3.78696e-09
3.78696e-09
3.78696e-09
3.78696e-09
3.78696e-09
3.78696e-09
3.78696e-09
3.78696e-09
3.78696e-09
3.78696e-09
3.78696e-09
3.78696e-09
3.78696e-09
3.78696e-09
3.78696e-09
3.78696e-09
3.78696e-09
3.78696e-09
3.78696e-09
3.78696e-09
3.78696e-09
3.78696e-09
3.78696e-09
3.78696e-09
3.78696e-09
3.78696e-09
3.78696e-09
3.78696e-09
3.78696e-09
3.78696e-09
3.78696e-09
3.78696e-09
3.78696e-09
3.78696e-09
3.78696e-09
3.78696e-09
3.78696e-09
3.78696e-09
3.78696e-09
3.78696e-09
3.78696e-09
3.78696e-09
3.78696e-09
3.78696e-09
3.78696e-09
3.78696e-09
3.78696e-09
3.78696e-09
3.78696e-09
3.78696e-09
3.78696e-09
3.78696e-09
3.78696e-09
3.78696e-09
3.78696e-09
3.78696e-09
3.78696e-09
3.78696e-09
3.78696e-09
3.78696e-09
3.78696e-09
3.78696e-09
3.78696e-09
3.78696e-09
3.78696e-09
3.78696e-09
3.78696e-09
3.78696e-09
3.78696e-09
3.78696e-09
3.78696e-09
3.78696e-09
3.78696e-09
3.78696e-09
3.78696e-09
3.78696e-09
3.78696e-09
3.78696e-09
3.78696e-09
3.78696e-09
3.78696e-09
3.78696e-09
3.78696e-09
3.78696e-09
3.78696e-09
3.78696e-09
3.78696e-09
3.78696e-09
3.78696e-09
3.78696e-09
3.78696e-09
3.78696e-09
3.78696e-09
3.78696e-09
3.78696e-09
3.78696e-09
3.78696e-09
3.78696e-09
3.78696e-09
3.78696e-09
3.78696e-09
3.78696e-09
3.78696e-09
3.78696e-09
3.78696e-09
3.78696e-09
3.78696e-09
3.78696e-09
3.78696e-09
3.78696e-09
3.78696e-09
3.78696e-09
3.78696e-09
3.78696e-09
3.78696e-09
3.78696e-09
3.78696e-09
3.78696e-09
3.78695e-09
2.05303e-09
2.04662e-09
2.04661e-09
2.04661e-09
2.04661e-09
2.04661e-09
2.04661e-09
2.04661e-09
2.04661e-09
2.04661e-09
2.04661e-09
2.04661e-09
2.04661e-09
2.04661e-09
2.04661e-09
2.04661e-09
2.04661e-09
2.04661e-09
2.04661e-09
2.04661e-09
2.04661e-09
2.04661e-09
2.04661e-09
2.04661e-09
2.04661e-09
2.04661e-09
2.04661e-09
2.04661e-09
2.04661e-09
2.04661e-09
2.04661e-09
2.04661e-09
2.04661e-09
2.04661e-09
2.04661e-09
2.04661e-09
2.04661e-09
2.04661e-09
2.04661e-09
2.04661e-09
2.04661e-09
2.04661e-09
2.04661e-09
2.04661e-09
2.04661e-09
2.04661e-09
2.04661e-09
2.04661e-09
2.04661e-09
2.04661e-09
2.04661e-09
2.04661e-09
2.04661e-09
2.04661e-09
2.04661e-09
2.04661e-09
2.04661e-09
2.04661e-09
2.04661e-09
2.04661e-09
2.04661e-09
2.04661e-09
2.04661e-09
2.04661e-09
2.04661e-09
2.04661e-09
2.04661e-09
2.04661e-09
2.04661e-09
2.04661e-09
2.04661e-09
2.04661e-09
2.04661e-09
2.04661e-09
2.04661e-09
2.04661e-09
2.04661e-09
2.04661e-09
2.04661e-09
2.04661e-09
2.04661e-09
2.04661e-09
2.04661e-09
2.04661e-09
2.04661e-09
2.04661e-09
2.04661e-09
2.04661e-09
2.04661e-09
2.04661e-09
2.04661e-09
2.04661e-09
2.04661e-09
2.04661e-09
2.04661e-09
2.04661e-09
2.04661e-09
2.04661e-09
2.04661e-09
2.04661e-09
2.04661e-09
2.04661e-09
2.04661e-09
2.04661e-09
2.04661e-09
2.04661e-09
2.04661e-09
2.04661e-09
2.04661e-09
2.04661e-09
2.04662e-09
2.04661e-09
2.04662e-09
2.04661e-09
2.04662e-09
2.04661e-09
2.04662e-09
2.04661e-09
2.04662e-09
2.04661e-09
2.04662e-09
2.04661e-09
2.04662e-09
2.04661e-09
2.04662e-09
2.04661e-09
2.04662e-09
2.04661e-09
2.04662e-09
2.04661e-09
2.04662e-09
2.04661e-09
2.04661e-09
2.04661e-09
2.04661e-09
2.04661e-09
2.04661e-09
2.04661e-09
2.04661e-09
2.04661e-09
2.04661e-09
2.04661e-09
2.04661e-09
2.04661e-09
2.04661e-09
2.04661e-09
2.04662e-09
2.04661e-09
2.04662e-09
2.04661e-09
2.04662e-09
2.04661e-09
2.04662e-09
2.04661e-09
2.04662e-09
2.04661e-09
2.04661e-09
2.04661e-09
2.04661e-09
2.04661e-09
2.04661e-09
2.04661e-09
2.04661e-09
2.04661e-09
2.04661e-09
2.04661e-09
2.04661e-09
2.04661e-09
2.04661e-09
2.04661e-09
2.04662e-09
2.04661e-09
2.04662e-09
2.04661e-09
2.04662e-09
2.04661e-09
2.04661e-09
2.04661e-09
2.04661e-09
2.04661e-09
2.04661e-09
2.04661e-09
2.04661e-09
2.04661e-09
2.04661e-09
2.04661e-09
2.04661e-09
2.04661e-09
2.04661e-09
2.04661e-09
2.04661e-09
2.04661e-09
2.04661e-09
2.04661e-09
2.04661e-09
2.04661e-09
2.04661e-09
2.04661e-09
2.04661e-09
2.0466e-09
1.429e-08
1.41959e-08
1.41957e-08
1.41957e-08
1.41957e-08
1.41957e-08
1.41957e-08
1.41957e-08
1.41957e-08
1.41957e-08
1.41957e-08
1.41957e-08
1.41957e-08
1.41957e-08
1.41957e-08
1.41957e-08
1.41957e-08
1.41957e-08
1.41957e-08
1.41957e-08
1.41957e-08
1.41957e-08
1.41957e-08
1.41957e-08
1.41957e-08
1.41957e-08
1.41957e-08
1.41957e-08
1.41957e-08
1.41957e-08
1.41957e-08
1.41957e-08
1.41957e-08
1.41958e-08
1.41957e-08
1.41958e-08
1.41958e-08
1.41958e-08
1.41958e-08
1.41958e-08
1.41958e-08
1.41958e-08
1.41958e-08
1.41958e-08
1.41957e-08
1.41957e-08
1.41957e-08
1.41957e-08
1.41957e-08
1.41957e-08
1.41957e-08
1.41957e-08
1.41957e-08
1.41957e-08
1.41957e-08
1.41957e-08
1.41958e-08
1.41958e-08
1.41958e-08
1.41958e-08
1.41958e-08
1.41958e-08
1.41958e-08
1.41958e-08
1.41958e-08
1.41958e-08
1.41958e-08
1.41958e-08
1.41958e-08
1.41958e-08
1.41957e-08
1.41957e-08
1.41957e-08
1.41958e-08
1.41957e-08
1.41958e-08
1.41958e-08
1.41958e-08
1.41958e-08
1.41958e-08
1.41958e-08
1.41958e-08
1.41958e-08
1.41958e-08
1.41958e-08
1.41958e-08
1.41958e-08
1.41958e-08
1.41958e-08
1.41958e-08
1.41958e-08
1.41958e-08
1.41958e-08
1.41958e-08
1.41958e-08
1.41958e-08
1.41958e-08
1.41958e-08
1.41958e-08
1.41958e-08
1.41958e-08
1.41958e-08
1.41958e-08
1.41958e-08
1.41958e-08
1.41958e-08
1.41958e-08
1.41958e-08
1.41958e-08
1.41958e-08
1.41958e-08
1.41959e-08
1.41958e-08
1.41959e-08
1.41958e-08
1.41959e-08
1.41958e-08
1.41959e-08
1.41958e-08
1.41959e-08
1.41958e-08
1.41959e-08
1.41959e-08
1.41959e-08
1.41959e-08
1.41959e-08
1.41958e-08
1.41959e-08
1.41958e-08
1.41959e-08
1.41958e-08
1.41958e-08
1.41958e-08
1.41958e-08
1.41958e-08
1.41958e-08
1.41958e-08
1.41958e-08
1.41958e-08
1.41958e-08
1.41958e-08
1.41958e-08
1.41958e-08
1.41958e-08
1.41958e-08
1.41959e-08
1.41958e-08
1.41959e-08
1.41959e-08
1.41959e-08
1.41959e-08
1.41959e-08
1.41959e-08
1.41959e-08
1.41958e-08
1.41958e-08
1.41958e-08
1.41958e-08
1.41958e-08
1.41958e-08
1.41958e-08
1.41958e-08
1.41957e-08
1.41958e-08
1.41958e-08
1.41958e-08
1.41958e-08
1.41958e-08
1.41958e-08
1.41958e-08
1.41958e-08
1.41959e-08
1.41958e-08
1.41959e-08
1.41958e-08
1.41958e-08
1.41958e-08
1.41958e-08
1.41958e-08
1.41958e-08
1.41957e-08
1.41957e-08
1.41957e-08
1.41957e-08
1.41957e-08
1.41957e-08
1.41957e-08
1.41957e-08
1.41957e-08
1.41957e-08
1.41957e-08
1.41957e-08
1.41958e-08
1.41958e-08
1.41958e-08
1.41958e-08
1.41957e-08
1.41957e-08
1.41957e-08
1.41957e-08
5.98597e-08
5.9355e-08
5.93539e-08
5.93538e-08
5.93538e-08
5.93538e-08
5.93538e-08
5.93538e-08
5.93538e-08
5.93538e-08
5.93539e-08
5.93538e-08
5.93539e-08
5.93538e-08
5.93538e-08
5.93538e-08
5.93538e-08
5.93538e-08
5.93538e-08
5.93538e-08
5.93538e-08
5.93538e-08
5.93539e-08
5.93539e-08
5.9354e-08
5.93539e-08
5.93541e-08
5.93539e-08
5.93541e-08
5.9354e-08
5.93541e-08
5.9354e-08
5.93542e-08
5.93541e-08
5.93544e-08
5.93541e-08
5.93546e-08
5.93542e-08
5.93547e-08
5.93542e-08
5.93547e-08
5.93542e-08
5.93546e-08
5.93541e-08
5.93542e-08
5.93539e-08
5.93538e-08
5.93538e-08
5.93537e-08
5.93537e-08
5.93536e-08
5.93537e-08
5.93537e-08
5.93538e-08
5.93539e-08
5.9354e-08
5.93545e-08
5.93543e-08
5.93551e-08
5.93545e-08
5.93555e-08
5.93546e-08
5.93555e-08
5.93545e-08
5.93553e-08
5.93544e-08
5.93549e-08
5.93542e-08
5.93545e-08
5.93541e-08
5.93542e-08
5.9354e-08
5.93542e-08
5.93541e-08
5.93545e-08
5.93542e-08
5.93548e-08
5.93544e-08
5.93552e-08
5.93545e-08
5.93555e-08
5.93546e-08
5.93556e-08
5.93547e-08
5.93556e-08
5.93546e-08
5.93554e-08
5.93546e-08
5.93552e-08
5.93545e-08
5.93551e-08
5.93544e-08
5.93549e-08
5.93544e-08
5.93549e-08
5.93543e-08
5.93549e-08
5.93544e-08
5.93549e-08
5.93544e-08
5.9355e-08
5.93544e-08
5.93551e-08
5.93545e-08
5.93552e-08
5.93546e-08
5.93554e-08
5.93546e-08
5.93556e-08
5.93547e-08
5.93558e-08
5.93548e-08
5.93559e-08
5.93549e-08
5.9356e-08
5.93549e-08
5.93561e-08
5.93549e-08
5.93561e-08
5.9355e-08
5.93561e-08
5.9355e-08
5.93562e-08
5.9355e-08
5.93562e-08
5.9355e-08
5.93561e-08
5.93549e-08
5.9356e-08
5.93548e-08
5.93558e-08
5.93547e-08
5.93555e-08
5.93546e-08
5.93552e-08
5.93544e-08
5.93549e-08
5.93544e-08
5.93548e-08
5.93544e-08
5.93549e-08
5.93544e-08
5.93552e-08
5.93546e-08
5.93556e-08
5.93548e-08
5.9356e-08
5.9355e-08
5.93564e-08
5.93551e-08
5.93565e-08
5.93551e-08
5.93564e-08
5.93549e-08
5.9356e-08
5.93547e-08
5.93554e-08
5.93545e-08
5.93549e-08
5.93543e-08
5.93545e-08
5.93542e-08
5.93544e-08
5.93542e-08
5.93546e-08
5.93543e-08
5.9355e-08
5.93545e-08
5.93554e-08
5.93547e-08
5.93558e-08
5.93548e-08
5.9356e-08
5.93548e-08
5.93559e-08
5.93547e-08
5.93555e-08
5.93545e-08
5.93549e-08
5.93542e-08
5.93543e-08
5.9354e-08
5.93538e-08
5.93538e-08
5.93537e-08
5.93538e-08
5.93537e-08
5.93538e-08
5.93538e-08
5.93539e-08
5.93542e-08
5.9354e-08
5.93544e-08
5.93541e-08
5.93545e-08
5.93541e-08
5.93544e-08
5.9354e-08
5.93541e-08
5.93535e-08
1.94077e-07
1.93168e-07
1.93165e-07
1.93165e-07
1.93165e-07
1.93165e-07
1.93165e-07
1.93165e-07
1.93165e-07
1.93165e-07
1.93166e-07
1.93166e-07
1.93166e-07
1.93165e-07
1.93165e-07
1.93165e-07
1.93165e-07
1.93165e-07
1.93165e-07
1.93165e-07
1.93165e-07
1.93166e-07
1.93166e-07
1.93166e-07
1.93166e-07
1.93166e-07
1.93166e-07
1.93167e-07
1.93167e-07
1.93167e-07
1.93167e-07
1.93168e-07
1.93167e-07
1.93168e-07
1.93168e-07
1.93169e-07
1.93169e-07
1.9317e-07
1.9317e-07
1.9317e-07
1.9317e-07
1.9317e-07
1.93169e-07
1.93168e-07
1.93167e-07
1.93166e-07
1.93165e-07
1.93165e-07
1.93164e-07
1.93164e-07
1.93163e-07
1.93164e-07
1.93164e-07
1.93165e-07
1.93166e-07
1.93168e-07
1.93169e-07
1.93171e-07
1.93171e-07
1.93173e-07
1.93173e-07
1.93175e-07
1.93173e-07
1.93174e-07
1.93172e-07
1.93173e-07
1.9317e-07
1.93171e-07
1.93168e-07
1.93169e-07
1.93167e-07
1.93168e-07
1.93167e-07
1.93169e-07
1.93168e-07
1.9317e-07
1.9317e-07
1.93172e-07
1.93172e-07
1.93174e-07
1.93173e-07
1.93175e-07
1.93174e-07
1.93176e-07
1.93174e-07
1.93175e-07
1.93173e-07
1.93175e-07
1.93172e-07
1.93174e-07
1.93171e-07
1.93173e-07
1.93171e-07
1.93172e-07
1.93171e-07
1.93172e-07
1.93171e-07
1.93172e-07
1.93171e-07
1.93172e-07
1.93171e-07
1.93173e-07
1.93172e-07
1.93174e-07
1.93172e-07
1.93175e-07
1.93173e-07
1.93176e-07
1.93174e-07
1.93177e-07
1.93175e-07
1.93177e-07
1.93175e-07
1.93178e-07
1.93176e-07
1.93179e-07
1.93176e-07
1.93179e-07
1.93176e-07
1.93179e-07
1.93177e-07
1.9318e-07
1.93177e-07
1.93179e-07
1.93177e-07
1.93179e-07
1.93176e-07
1.93179e-07
1.93176e-07
1.93178e-07
1.93175e-07
1.93176e-07
1.93173e-07
1.93174e-07
1.93172e-07
1.93173e-07
1.93171e-07
1.93172e-07
1.9317e-07
1.93172e-07
1.9317e-07
1.93173e-07
1.93172e-07
1.93175e-07
1.93174e-07
1.93177e-07
1.93176e-07
1.9318e-07
1.93178e-07
1.93181e-07
1.93178e-07
1.93181e-07
1.93178e-07
1.93179e-07
1.93176e-07
1.93177e-07
1.93173e-07
1.93174e-07
1.93171e-07
1.93171e-07
1.93169e-07
1.9317e-07
1.93168e-07
1.9317e-07
1.93169e-07
1.93171e-07
1.93171e-07
1.93174e-07
1.93173e-07
1.93176e-07
1.93175e-07
1.93177e-07
1.93176e-07
1.93177e-07
1.93175e-07
1.93176e-07
1.93173e-07
1.93173e-07
1.9317e-07
1.9317e-07
1.93168e-07
1.93167e-07
1.93165e-07
1.93165e-07
1.93164e-07
1.93165e-07
1.93164e-07
1.93165e-07
1.93165e-07
1.93166e-07
1.93167e-07
1.93168e-07
1.93168e-07
1.93169e-07
1.93169e-07
1.93169e-07
1.93168e-07
1.93167e-07
1.93166e-07
1.93164e-07
6.33526e-07
6.33713e-07
6.33697e-07
6.33696e-07
6.33696e-07
6.33696e-07
6.33696e-07
6.33696e-07
6.33697e-07
6.33697e-07
6.33699e-07
6.33698e-07
6.33699e-07
6.33697e-07
6.33698e-07
6.33697e-07
6.33696e-07
6.33696e-07
6.33696e-07
6.33697e-07
6.33696e-07
6.33698e-07
6.337e-07
6.337e-07
6.33704e-07
6.33702e-07
6.33706e-07
6.33703e-07
6.33708e-07
6.33705e-07
6.3371e-07
6.33707e-07
6.33712e-07
6.3371e-07
6.33717e-07
6.33714e-07
6.33726e-07
6.33717e-07
6.33731e-07
6.33719e-07
6.33732e-07
6.33716e-07
6.33726e-07
6.33709e-07
6.33712e-07
6.337e-07
6.33695e-07
6.33693e-07
6.33687e-07
6.33688e-07
6.33684e-07
6.33689e-07
6.33688e-07
6.33695e-07
6.33699e-07
6.33707e-07
6.33724e-07
6.3372e-07
6.33745e-07
6.33731e-07
6.3376e-07
6.33736e-07
6.33761e-07
6.33735e-07
6.33753e-07
6.33728e-07
6.33738e-07
6.3372e-07
6.33722e-07
6.33712e-07
6.33712e-07
6.33709e-07
6.33712e-07
6.33712e-07
6.33722e-07
6.33718e-07
6.33736e-07
6.33727e-07
6.33751e-07
6.33735e-07
6.33762e-07
6.3374e-07
6.33767e-07
6.33742e-07
6.33765e-07
6.3374e-07
6.3376e-07
6.33736e-07
6.33752e-07
6.33732e-07
6.33745e-07
6.33728e-07
6.33741e-07
6.33726e-07
6.33739e-07
6.33725e-07
6.33738e-07
6.33725e-07
6.3374e-07
6.33726e-07
6.33743e-07
6.33729e-07
6.33747e-07
6.33732e-07
6.33752e-07
6.33736e-07
6.33759e-07
6.3374e-07
6.33766e-07
6.33745e-07
6.33773e-07
6.33749e-07
6.33778e-07
6.33752e-07
6.33782e-07
6.33754e-07
6.33785e-07
6.33756e-07
6.33786e-07
6.33757e-07
6.33787e-07
6.33757e-07
6.33788e-07
6.33757e-07
6.33787e-07
6.33756e-07
6.33786e-07
6.33753e-07
6.33781e-07
6.33749e-07
6.33773e-07
6.33742e-07
6.33762e-07
6.33735e-07
6.3375e-07
6.33729e-07
6.3374e-07
6.33725e-07
6.33735e-07
6.33725e-07
6.33738e-07
6.33729e-07
6.33749e-07
6.33738e-07
6.33765e-07
6.33748e-07
6.33783e-07
6.33757e-07
6.33796e-07
6.33762e-07
6.33801e-07
6.33762e-07
6.33795e-07
6.33755e-07
6.3378e-07
6.33744e-07
6.33759e-07
6.33732e-07
6.33739e-07
6.33721e-07
6.33724e-07
6.33716e-07
6.3372e-07
6.33716e-07
6.33726e-07
6.33722e-07
6.33741e-07
6.33732e-07
6.33759e-07
6.33741e-07
6.33774e-07
6.33748e-07
6.3378e-07
6.33748e-07
6.33776e-07
6.33742e-07
6.3376e-07
6.3373e-07
6.33738e-07
6.33716e-07
6.33714e-07
6.33704e-07
6.33696e-07
6.33695e-07
6.33691e-07
6.33693e-07
6.33691e-07
6.33695e-07
6.33697e-07
6.33701e-07
6.33709e-07
6.33707e-07
6.3372e-07
6.33711e-07
6.33723e-07
6.3371e-07
6.33719e-07
6.33705e-07
6.33704e-07
6.33683e-07
2.43947e-06
2.44788e-06
2.44792e-06
2.44794e-06
2.44793e-06
2.44794e-06
2.44794e-06
2.44794e-06
2.44794e-06
2.44794e-06
2.44795e-06
2.44795e-06
2.44795e-06
2.44794e-06
2.44794e-06
2.44794e-06
2.44794e-06
2.44794e-06
2.44794e-06
2.44794e-06
2.44794e-06
2.44795e-06
2.44795e-06
2.44796e-06
2.44797e-06
2.44797e-06
2.44798e-06
2.44798e-06
2.44799e-06
2.448e-06
2.44799e-06
2.44801e-06
2.44801e-06
2.44803e-06
2.44803e-06
2.44806e-06
2.44806e-06
2.44808e-06
2.44808e-06
2.44809e-06
2.44808e-06
2.44807e-06
2.44806e-06
2.44802e-06
2.448e-06
2.44797e-06
2.44793e-06
2.44791e-06
2.44788e-06
2.44789e-06
2.44785e-06
2.44789e-06
2.44788e-06
2.44793e-06
2.44795e-06
2.44801e-06
2.44805e-06
2.4481e-06
2.44814e-06
2.44817e-06
2.4482e-06
2.44821e-06
2.44821e-06
2.4482e-06
2.44817e-06
2.44815e-06
2.44811e-06
2.44809e-06
2.44804e-06
2.44804e-06
2.448e-06
2.44803e-06
2.448e-06
2.44804e-06
2.44804e-06
2.44809e-06
2.4481e-06
2.44814e-06
2.44816e-06
2.4482e-06
2.44821e-06
2.44823e-06
2.44823e-06
2.44824e-06
2.44822e-06
2.44823e-06
2.4482e-06
2.4482e-06
2.44816e-06
2.44817e-06
2.44814e-06
2.44815e-06
2.44812e-06
2.44813e-06
2.44811e-06
2.44813e-06
2.44811e-06
2.44813e-06
2.44812e-06
2.44814e-06
2.44813e-06
2.44816e-06
2.44814e-06
2.44818e-06
2.44816e-06
2.4482e-06
2.44819e-06
2.44823e-06
2.44822e-06
2.44826e-06
2.44825e-06
2.44829e-06
2.44827e-06
2.44831e-06
2.44829e-06
2.44832e-06
2.4483e-06
2.44833e-06
2.4483e-06
2.44834e-06
2.44831e-06
2.44834e-06
2.44831e-06
2.44834e-06
2.44831e-06
2.44834e-06
2.4483e-06
2.44832e-06
2.44828e-06
2.44829e-06
2.44825e-06
2.44825e-06
2.4482e-06
2.4482e-06
2.44815e-06
2.44815e-06
2.44811e-06
2.44813e-06
2.44809e-06
2.44813e-06
2.44811e-06
2.44816e-06
2.44815e-06
2.44821e-06
2.44822e-06
2.44828e-06
2.44829e-06
2.44834e-06
2.44834e-06
2.44838e-06
2.44836e-06
2.44837e-06
2.44834e-06
2.44833e-06
2.44828e-06
2.44826e-06
2.44819e-06
2.44817e-06
2.44811e-06
2.4481e-06
2.44805e-06
2.44807e-06
2.44803e-06
2.44807e-06
2.44806e-06
2.44811e-06
2.44812e-06
2.44817e-06
2.44819e-06
2.44824e-06
2.44825e-06
2.44828e-06
2.44828e-06
2.44828e-06
2.44826e-06
2.44824e-06
2.44819e-06
2.44816e-06
2.4481e-06
2.44807e-06
2.44801e-06
2.44799e-06
2.44793e-06
2.44793e-06
2.4479e-06
2.44792e-06
2.4479e-06
2.44793e-06
2.44794e-06
2.44796e-06
2.44799e-06
2.44801e-06
2.44803e-06
2.44803e-06
2.44804e-06
2.44803e-06
2.44802e-06
2.44799e-06
2.44795e-06
2.44784e-06
1.56209e-05
1.54627e-05
1.54726e-05
1.54733e-05
1.54733e-05
1.54733e-05
1.54733e-05
1.54733e-05
1.54734e-05
1.54734e-05
1.54734e-05
1.54734e-05
1.54734e-05
1.54734e-05
1.54734e-05
1.54734e-05
1.54733e-05
1.54733e-05
1.54733e-05
1.54733e-05
1.54733e-05
1.54734e-05
1.54734e-05
1.54734e-05
1.54734e-05
1.54734e-05
1.54735e-05
1.54735e-05
1.54735e-05
1.54735e-05
1.54735e-05
1.54735e-05
1.54736e-05
1.54736e-05
1.54736e-05
1.54736e-05
1.54737e-05
1.54737e-05
1.54738e-05
1.54737e-05
1.54738e-05
1.54737e-05
1.54737e-05
1.54736e-05
1.54735e-05
1.54734e-05
1.54733e-05
1.54732e-05
1.54729e-05
1.5473e-05
1.54727e-05
1.5473e-05
1.54729e-05
1.54733e-05
1.54734e-05
1.54735e-05
1.54737e-05
1.54737e-05
1.5474e-05
1.54739e-05
1.54742e-05
1.5474e-05
1.54742e-05
1.5474e-05
1.54741e-05
1.54739e-05
1.54739e-05
1.54737e-05
1.54737e-05
1.54736e-05
1.54736e-05
1.54736e-05
1.54736e-05
1.54736e-05
1.54737e-05
1.54737e-05
1.54739e-05
1.54739e-05
1.54741e-05
1.5474e-05
1.54742e-05
1.54741e-05
1.54743e-05
1.54741e-05
1.54742e-05
1.54741e-05
1.54742e-05
1.5474e-05
1.54741e-05
1.54739e-05
1.5474e-05
1.54739e-05
1.54739e-05
1.54738e-05
1.54739e-05
1.54738e-05
1.54739e-05
1.54738e-05
1.54739e-05
1.54738e-05
1.54739e-05
1.54739e-05
1.5474e-05
1.54739e-05
1.54741e-05
1.5474e-05
1.54742e-05
1.54741e-05
1.54742e-05
1.54741e-05
1.54743e-05
1.54742e-05
1.54744e-05
1.54743e-05
1.54745e-05
1.54743e-05
1.54745e-05
1.54743e-05
1.54745e-05
1.54743e-05
1.54745e-05
1.54743e-05
1.54745e-05
1.54743e-05
1.54745e-05
1.54743e-05
1.54745e-05
1.54743e-05
1.54744e-05
1.54742e-05
1.54743e-05
1.54741e-05
1.54742e-05
1.5474e-05
1.5474e-05
1.54739e-05
1.54739e-05
1.54738e-05
1.54738e-05
1.54738e-05
1.54739e-05
1.54739e-05
1.5474e-05
1.5474e-05
1.54742e-05
1.54742e-05
1.54745e-05
1.54743e-05
1.54746e-05
1.54744e-05
1.54747e-05
1.54744e-05
1.54746e-05
1.54743e-05
1.54744e-05
1.54741e-05
1.54741e-05
1.54739e-05
1.54739e-05
1.54737e-05
1.54737e-05
1.54736e-05
1.54736e-05
1.54736e-05
1.54737e-05
1.54737e-05
1.54739e-05
1.54739e-05
1.54741e-05
1.54741e-05
1.54743e-05
1.54742e-05
1.54744e-05
1.54742e-05
1.54743e-05
1.54741e-05
1.54741e-05
1.54739e-05
1.54738e-05
1.54736e-05
1.54735e-05
1.54734e-05
1.54733e-05
1.54733e-05
1.54731e-05
1.54732e-05
1.54731e-05
1.54733e-05
1.54733e-05
1.54734e-05
1.54735e-05
1.54735e-05
1.54736e-05
1.54735e-05
1.54737e-05
1.54735e-05
1.54736e-05
1.54734e-05
1.54733e-05
1.54724e-05
8.27374e-05
7.73982e-05
7.75421e-05
7.75487e-05
7.75493e-05
7.75495e-05
7.75495e-05
7.75496e-05
7.75497e-05
7.75497e-05
7.75497e-05
7.75497e-05
7.75497e-05
7.75497e-05
7.75497e-05
7.75497e-05
7.75495e-05
7.75496e-05
7.75495e-05
7.75496e-05
7.75496e-05
7.75497e-05
7.75498e-05
7.75498e-05
7.75499e-05
7.75499e-05
7.755e-05
7.755e-05
7.75501e-05
7.75501e-05
7.75501e-05
7.75502e-05
7.75503e-05
7.75504e-05
7.75505e-05
7.75506e-05
7.75507e-05
7.75508e-05
7.7551e-05
7.75509e-05
7.7551e-05
7.75508e-05
7.75507e-05
7.75504e-05
7.75502e-05
7.75499e-05
7.75494e-05
7.75489e-05
7.75481e-05
7.75482e-05
7.75476e-05
7.75483e-05
7.75482e-05
7.75493e-05
7.75497e-05
7.75502e-05
7.75506e-05
7.7551e-05
7.75515e-05
7.75516e-05
7.7552e-05
7.75519e-05
7.75521e-05
7.75518e-05
7.75518e-05
7.75515e-05
7.75512e-05
7.7551e-05
7.75506e-05
7.75506e-05
7.75503e-05
7.75504e-05
7.75503e-05
7.75505e-05
7.75506e-05
7.75509e-05
7.75512e-05
7.75514e-05
7.75517e-05
7.75519e-05
7.75521e-05
7.75522e-05
7.75523e-05
7.75522e-05
7.75523e-05
7.75522e-05
7.7552e-05
7.75519e-05
7.75518e-05
7.75517e-05
7.75515e-05
7.75515e-05
7.75513e-05
7.75513e-05
7.75513e-05
7.75513e-05
7.75513e-05
7.75513e-05
7.75513e-05
7.75514e-05
7.75514e-05
7.75515e-05
7.75516e-05
7.75517e-05
7.75518e-05
7.75519e-05
7.7552e-05
7.75522e-05
7.75523e-05
7.75524e-05
7.75525e-05
7.75527e-05
7.75528e-05
7.75528e-05
7.75529e-05
7.7553e-05
7.7553e-05
7.75531e-05
7.75531e-05
7.75531e-05
7.75531e-05
7.75532e-05
7.75531e-05
7.75532e-05
7.75531e-05
7.75531e-05
7.75531e-05
7.7553e-05
7.75529e-05
7.75527e-05
7.75526e-05
7.75523e-05
7.75521e-05
7.75519e-05
7.75517e-05
7.75516e-05
7.75513e-05
7.75513e-05
7.75512e-05
7.75513e-05
7.75513e-05
7.75516e-05
7.75517e-05
7.75521e-05
7.75523e-05
7.75527e-05
7.7553e-05
7.75532e-05
7.75535e-05
7.75535e-05
7.75536e-05
7.75534e-05
7.75534e-05
7.75531e-05
7.75529e-05
7.75525e-05
7.75521e-05
7.75518e-05
7.75513e-05
7.75512e-05
7.75508e-05
7.75508e-05
7.75506e-05
7.75508e-05
7.75508e-05
7.75512e-05
7.75514e-05
7.75517e-05
7.75521e-05
7.75523e-05
7.75526e-05
7.75526e-05
7.75529e-05
7.75527e-05
7.75527e-05
7.75523e-05
7.75521e-05
7.75517e-05
7.75513e-05
7.75509e-05
7.75504e-05
7.75502e-05
7.75497e-05
7.75496e-05
7.75489e-05
7.75492e-05
7.7549e-05
7.75496e-05
7.75497e-05
7.755e-05
7.75502e-05
7.75503e-05
7.75506e-05
7.75505e-05
7.75507e-05
7.75505e-05
7.75505e-05
7.75502e-05
7.75499e-05
7.75458e-05
0.000173026
0.000153831
0.000153773
0.000153767
0.000153766
0.000153766
0.000153766
0.000153766
0.000153766
0.000153766
0.000153767
0.000153766
0.000153767
0.000153766
0.000153766
0.000153766
0.000153766
0.000153766
0.000153766
0.000153766
0.000153766
0.000153766
0.000153767
0.000153767
0.000153767
0.000153767
0.000153767
0.000153767
0.000153767
0.000153767
0.000153767
0.000153767
0.000153767
0.000153767
0.000153768
0.000153768
0.000153768
0.000153768
0.000153768
0.000153768
0.000153768
0.000153768
0.000153768
0.000153767
0.000153767
0.000153767
0.000153766
0.000153766
0.000153765
0.000153766
0.000153765
0.000153766
0.000153765
0.000153766
0.000153766
0.000153767
0.000153768
0.000153768
0.000153769
0.000153769
0.00015377
0.000153769
0.00015377
0.000153769
0.000153769
0.000153769
0.000153768
0.000153768
0.000153768
0.000153767
0.000153767
0.000153767
0.000153767
0.000153767
0.000153768
0.000153768
0.000153768
0.000153768
0.000153769
0.000153769
0.00015377
0.000153769
0.00015377
0.000153769
0.00015377
0.000153769
0.00015377
0.000153769
0.000153769
0.000153769
0.000153769
0.000153768
0.000153769
0.000153768
0.000153768
0.000153768
0.000153768
0.000153768
0.000153768
0.000153768
0.000153769
0.000153768
0.000153769
0.000153769
0.000153769
0.000153769
0.000153769
0.000153769
0.00015377
0.000153769
0.00015377
0.00015377
0.00015377
0.00015377
0.000153771
0.00015377
0.000153771
0.00015377
0.000153771
0.00015377
0.000153771
0.00015377
0.000153771
0.00015377
0.000153771
0.00015377
0.000153771
0.00015377
0.00015377
0.00015377
0.00015377
0.000153769
0.000153769
0.000153769
0.000153769
0.000153768
0.000153768
0.000153768
0.000153768
0.000153768
0.000153768
0.000153768
0.000153769
0.000153769
0.00015377
0.000153769
0.00015377
0.00015377
0.000153771
0.00015377
0.000153771
0.00015377
0.000153771
0.00015377
0.00015377
0.000153769
0.000153769
0.000153768
0.000153768
0.000153768
0.000153767
0.000153767
0.000153767
0.000153767
0.000153767
0.000153768
0.000153768
0.000153768
0.000153769
0.000153769
0.00015377
0.000153769
0.00015377
0.000153769
0.00015377
0.000153769
0.000153769
0.000153768
0.000153768
0.000153767
0.000153767
0.000153766
0.000153766
0.000153766
0.000153765
0.000153765
0.000153765
0.000153766
0.000153766
0.000153766
0.000153766
0.000153766
0.000153767
0.000153767
0.000153767
0.000153767
0.000153767
0.000153766
0.000153765
0.000153751
0.000294512
0.000270178
0.000269923
0.000269898
0.000269894
0.000269894
0.000269894
0.000269894
0.000269894
0.000269894
0.000269894
0.000269894
0.000269894
0.000269894
0.000269894
0.000269894
0.000269894
0.000269894
0.000269894
0.000269894
0.000269894
0.000269894
0.000269894
0.000269894
0.000269894
0.000269894
0.000269894
0.000269894
0.000269894
0.000269894
0.000269894
0.000269894
0.000269894
0.000269894
0.000269894
0.000269894
0.000269894
0.000269894
0.000269894
0.000269894
0.000269894
0.000269894
0.000269894
0.000269894
0.000269893
0.000269893
0.000269893
0.000269893
0.000269893
0.000269893
0.000269893
0.000269893
0.000269893
0.000269893
0.000269893
0.000269894
0.000269894
0.000269894
0.000269894
0.000269894
0.000269894
0.000269894
0.000269894
0.000269894
0.000269893
0.000269893
0.000269893
0.000269893
0.000269893
0.000269893
0.000269893
0.000269893
0.000269893
0.000269893
0.000269893
0.000269893
0.000269893
0.000269893
0.000269893
0.000269893
0.000269893
0.000269893
0.000269893
0.000269893
0.000269893
0.000269893
0.000269893
0.000269893
0.000269893
0.000269893
0.000269893
0.000269893
0.000269893
0.000269893
0.000269893
0.000269893
0.000269893
0.000269893
0.000269893
0.000269893
0.000269893
0.000269893
0.000269893
0.000269893
0.000269893
0.000269893
0.000269893
0.000269893
0.000269893
0.000269893
0.000269893
0.000269893
0.000269893
0.000269893
0.000269893
0.000269893
0.000269893
0.000269893
0.000269893
0.000269893
0.000269893
0.000269893
0.000269893
0.000269893
0.000269893
0.000269893
0.000269893
0.000269893
0.000269892
0.000269892
0.000269892
0.000269892
0.000269892
0.000269892
0.000269892
0.000269892
0.000269892
0.000269892
0.000269892
0.000269892
0.000269892
0.000269892
0.000269892
0.000269892
0.000269892
0.000269892
0.000269892
0.000269892
0.000269892
0.000269892
0.000269892
0.000269892
0.000269892
0.000269892
0.000269892
0.000269892
0.000269892
0.000269892
0.000269892
0.000269892
0.000269892
0.000269892
0.000269892
0.000269892
0.000269892
0.000269892
0.000269892
0.000269892
0.000269892
0.000269892
0.000269892
0.000269892
0.000269892
0.000269892
0.000269892
0.000269892
0.000269892
0.000269892
0.000269891
0.000269891
0.000269891
0.000269891
0.000269891
0.000269891
0.000269891
0.000269891
0.000269891
0.000269891
0.000269891
0.000269891
0.000269891
0.000269891
0.000269891
0.000269891
0.000269891
0.000269891
0.000269891
0.000269891
0.000269889
0.000269887
0.00030518
0.000270677
0.000270203
0.000270146
0.000270138
0.000270137
0.000270137
0.000270137
0.000270137
0.000270137
0.000270137
0.000270137
0.000270137
0.000270137
0.000270137
0.000270137
0.000270137
0.000270137
0.000270137
0.000270137
0.000270137
0.000270137
0.000270137
0.000270137
0.000270137
0.000270137
0.000270137
0.000270137
0.000270137
0.000270137
0.000270137
0.000270137
0.000270137
0.000270137
0.000270137
0.000270137
0.000270137
0.000270137
0.000270137
0.000270137
0.000270137
0.000270137
0.000270137
0.000270137
0.000270137
0.000270136
0.000270136
0.000270136
0.000270136
0.000270136
0.000270136
0.000270136
0.000270136
0.000270136
0.000270136
0.000270136
0.000270137
0.000270136
0.000270137
0.000270136
0.000270137
0.000270136
0.000270136
0.000270136
0.000270136
0.000270136
0.000270136
0.000270136
0.000270136
0.000270136
0.000270136
0.000270136
0.000270136
0.000270136
0.000270136
0.000270136
0.000270136
0.000270136
0.000270136
0.000270136
0.000270136
0.000270136
0.000270136
0.000270136
0.000270136
0.000270136
0.000270136
0.000270136
0.000270136
0.000270136
0.000270136
0.000270135
0.000270136
0.000270135
0.000270135
0.000270135
0.000270135
0.000270135
0.000270135
0.000270135
0.000270135
0.000270135
0.000270135
0.000270135
0.000270135
0.000270135
0.000270135
0.000270135
0.000270135
0.000270135
0.000270135
0.000270135
0.000270135
0.000270135
0.000270135
0.000270135
0.000270135
0.000270134
0.000270135
0.000270134
0.000270134
0.000270134
0.000270134
0.000270134
0.000270134
0.000270134
0.000270134
0.000270134
0.000270134
0.000270134
0.000270134
0.000270134
0.000270134
0.000270134
0.000270134
0.000270133
0.000270134
0.000270133
0.000270133
0.000270133
0.000270133
0.000270133
0.000270133
0.000270133
0.000270133
0.000270133
0.000270133
0.000270133
0.000270133
0.000270133
0.000270133
0.000270133
0.000270133
0.000270133
0.000270133
0.000270133
0.000270133
0.000270132
0.000270132
0.000270132
0.000270132
0.000270132
0.000270132
0.000270132
0.000270132
0.000270132
0.000270132
0.000270132
0.000270132
0.000270132
0.000270132
0.000270132
0.000270132
0.000270132
0.000270132
0.000270132
0.000270132
0.000270132
0.000270132
0.000270132
0.000270132
0.000270132
0.000270132
0.000270132
0.000270132
0.000270131
0.000270131
0.000270131
0.000270131
0.000270131
0.000270132
0.000270131
0.000270132
0.000270131
0.000270131
0.000270131
0.000270131
0.000270131
0.000270126
0.000270121
0.000321205
0.000271531
0.000270585
0.000270455
0.000270437
0.000270434
0.000270433
0.000270433
0.000270433
0.000270433
0.000270433
0.000270433
0.000270433
0.000270433
0.000270433
0.000270433
0.000270433
0.000270433
0.000270433
0.000270433
0.000270433
0.000270433
0.000270433
0.000270433
0.000270433
0.000270433
0.000270433
0.000270433
0.000270433
0.000270433
0.000270433
0.000270433
0.000270433
0.000270433
0.000270433
0.000270433
0.000270433
0.000270433
0.000270433
0.000270433
0.000270432
0.000270432
0.000270432
0.000270432
0.000270432
0.000270432
0.000270432
0.000270432
0.000270432
0.000270432
0.000270432
0.000270432
0.000270432
0.000270432
0.000270432
0.000270432
0.000270432
0.000270432
0.000270432
0.000270432
0.000270432
0.000270432
0.000270432
0.000270432
0.000270432
0.000270432
0.000270432
0.000270432
0.000270431
0.000270431
0.000270431
0.000270431
0.000270431
0.000270431
0.000270431
0.000270431
0.000270431
0.000270431
0.000270431
0.000270431
0.000270431
0.000270431
0.000270431
0.000270431
0.00027043
0.00027043
0.00027043
0.00027043
0.00027043
0.00027043
0.00027043
0.00027043
0.00027043
0.00027043
0.00027043
0.00027043
0.000270429
0.000270429
0.000270429
0.000270429
0.000270429
0.000270429
0.000270429
0.000270429
0.000270429
0.000270429
0.000270429
0.000270429
0.000270428
0.000270428
0.000270428
0.000270428
0.000270428
0.000270428
0.000270428
0.000270428
0.000270427
0.000270427
0.000270427
0.000270427
0.000270427
0.000270427
0.000270427
0.000270427
0.000270426
0.000270426
0.000270426
0.000270426
0.000270426
0.000270426
0.000270425
0.000270426
0.000270425
0.000270425
0.000270425
0.000270425
0.000270425
0.000270425
0.000270425
0.000270425
0.000270424
0.000270425
0.000270424
0.000270424
0.000270424
0.000270424
0.000270424
0.000270424
0.000270424
0.000270424
0.000270423
0.000270423
0.000270423
0.000270423
0.000270423
0.000270423
0.000270423
0.000270423
0.000270422
0.000270422
0.000270422
0.000270422
0.000270422
0.000270422
0.000270422
0.000270422
0.000270422
0.000270422
0.000270422
0.000270422
0.000270421
0.000270421
0.000270421
0.000270421
0.000270421
0.000270421
0.000270421
0.000270421
0.000270421
0.000270421
0.00027042
0.00027042
0.00027042
0.00027042
0.00027042
0.00027042
0.00027042
0.00027042
0.00027042
0.00027042
0.00027042
0.00027042
0.00027042
0.00027042
0.00027042
0.00027042
0.00027042
0.000270418
0.000270408
0.000270395
0.000343408
0.000273238
0.000271379
0.000271097
0.000271054
0.000271047
0.000271045
0.000271045
0.000271045
0.000271045
0.000271045
0.000271045
0.000271045
0.000271045
0.000271045
0.000271045
0.000271045
0.000271045
0.000271045
0.000271045
0.000271045
0.000271045
0.000271045
0.000271045
0.000271045
0.000271045
0.000271045
0.000271045
0.000271045
0.000271045
0.000271045
0.000271045
0.000271045
0.000271045
0.000271045
0.000271044
0.000271044
0.000271044
0.000271044
0.000271044
0.000271044
0.000271044
0.000271044
0.000271044
0.000271044
0.000271044
0.000271044
0.000271044
0.000271043
0.000271044
0.000271043
0.000271044
0.000271043
0.000271044
0.000271044
0.000271043
0.000271044
0.000271043
0.000271043
0.000271043
0.000271043
0.000271043
0.000271043
0.000271043
0.000271043
0.000271042
0.000271042
0.000271042
0.000271042
0.000271042
0.000271042
0.000271041
0.000271041
0.000271041
0.000271041
0.000271041
0.000271041
0.000271041
0.000271041
0.00027104
0.00027104
0.00027104
0.00027104
0.000271039
0.000271039
0.000271039
0.000271039
0.000271039
0.000271038
0.000271038
0.000271038
0.000271038
0.000271038
0.000271037
0.000271037
0.000271037
0.000271037
0.000271037
0.000271037
0.000271036
0.000271036
0.000271036
0.000271036
0.000271035
0.000271035
0.000271035
0.000271035
0.000271035
0.000271035
0.000271034
0.000271034
0.000271034
0.000271034
0.000271033
0.000271033
0.000271032
0.000271032
0.000271032
0.000271032
0.000271031
0.000271031
0.00027103
0.00027103
0.00027103
0.00027103
0.000271029
0.000271029
0.000271028
0.000271028
0.000271028
0.000271028
0.000271027
0.000271027
0.000271027
0.000271027
0.000271026
0.000271026
0.000271026
0.000271026
0.000271025
0.000271025
0.000271025
0.000271025
0.000271024
0.000271024
0.000271024
0.000271024
0.000271023
0.000271023
0.000271023
0.000271023
0.000271022
0.000271022
0.000271022
0.000271021
0.000271021
0.000271021
0.00027102
0.00027102
0.00027102
0.00027102
0.000271019
0.000271019
0.000271019
0.000271019
0.000271019
0.000271019
0.000271018
0.000271018
0.000271018
0.000271018
0.000271018
0.000271018
0.000271017
0.000271017
0.000271017
0.000271017
0.000271016
0.000271016
0.000271016
0.000271016
0.000271016
0.000271016
0.000271015
0.000271015
0.000271015
0.000271015
0.000271015
0.000271015
0.000271015
0.000271015
0.000271015
0.000271015
0.000271015
0.000271015
0.000271015
0.000271014
0.00027101
0.000270987
0.000270957
0.000373255
0.000276671
0.000273148
0.000272561
0.000272466
0.000272449
0.000272446
0.000272445
0.000272445
0.000272445
0.000272445
0.000272445
0.000272445
0.000272445
0.000272445
0.000272445
0.000272445
0.000272445
0.000272445
0.000272445
0.000272445
0.000272445
0.000272445
0.000272445
0.000272445
0.000272445
0.000272444
0.000272444
0.000272444
0.000272444
0.000272444
0.000272444
0.000272444
0.000272444
0.000272443
0.000272443
0.000272443
0.000272443
0.000272443
0.000272443
0.000272442
0.000272442
0.000272442
0.000272442
0.000272442
0.000272442
0.000272441
0.000272441
0.000272441
0.000272441
0.000272441
0.000272441
0.000272441
0.000272441
0.000272441
0.000272441
0.000272441
0.000272441
0.000272441
0.000272441
0.00027244
0.00027244
0.000272439
0.000272439
0.000272438
0.000272438
0.000272438
0.000272438
0.000272437
0.000272437
0.000272436
0.000272436
0.000272436
0.000272436
0.000272435
0.000272435
0.000272434
0.000272434
0.000272434
0.000272434
0.000272433
0.000272433
0.000272432
0.000272432
0.000272431
0.000272431
0.00027243
0.00027243
0.000272429
0.000272429
0.000272428
0.000272428
0.000272427
0.000272427
0.000272426
0.000272426
0.000272425
0.000272425
0.000272424
0.000272424
0.000272423
0.000272423
0.000272423
0.000272422
0.000272422
0.000272421
0.000272421
0.00027242
0.00027242
0.000272419
0.000272418
0.000272418
0.000272417
0.000272417
0.000272416
0.000272415
0.000272414
0.000272414
0.000272413
0.000272412
0.000272411
0.000272411
0.000272409
0.000272409
0.000272408
0.000272408
0.000272406
0.000272406
0.000272405
0.000272405
0.000272403
0.000272403
0.000272402
0.000272402
0.000272401
0.000272401
0.0002724
0.0002724
0.000272399
0.000272399
0.000272398
0.000272398
0.000272397
0.000272397
0.000272396
0.000272396
0.000272395
0.000272394
0.000272393
0.000272393
0.000272392
0.000272392
0.00027239
0.00027239
0.000272389
0.000272389
0.000272388
0.000272387
0.000272386
0.000272386
0.000272385
0.000272385
0.000272384
0.000272384
0.000272384
0.000272384
0.000272383
0.000272383
0.000272382
0.000272382
0.000272381
0.000272381
0.00027238
0.00027238
0.000272379
0.000272379
0.000272378
0.000272378
0.000272377
0.000272377
0.000272376
0.000272376
0.000272376
0.000272376
0.000272375
0.000272375
0.000272375
0.000272375
0.000272375
0.000272375
0.000272375
0.000272375
0.000272375
0.000272375
0.000272374
0.000272374
0.000272372
0.000272363
0.000272308
0.000272244
0.000411353
0.000283275
0.000276988
0.000275856
0.000275655
0.000275617
0.000275609
0.000275608
0.000275607
0.000275607
0.000275607
0.000275607
0.000275607
0.000275607
0.000275607
0.000275607
0.000275607
0.000275607
0.000275607
0.000275607
0.000275607
0.000275607
0.000275607
0.000275607
0.000275607
0.000275607
0.000275607
0.000275606
0.000275606
0.000275606
0.000275606
0.000275605
0.000275605
0.000275605
0.000275605
0.000275604
0.000275604
0.000275603
0.000275603
0.000275602
0.000275602
0.000275601
0.000275601
0.0002756
0.0002756
0.0002756
0.0002756
0.000275599
0.000275599
0.000275599
0.000275599
0.000275599
0.000275599
0.000275599
0.000275599
0.000275599
0.000275599
0.000275598
0.000275598
0.000275597
0.000275597
0.000275596
0.000275595
0.000275594
0.000275593
0.000275592
0.000275591
0.00027559
0.00027559
0.000275589
0.000275588
0.000275587
0.000275587
0.000275586
0.000275585
0.000275584
0.000275584
0.000275583
0.000275583
0.000275581
0.000275581
0.000275579
0.000275579
0.000275577
0.000275576
0.000275574
0.000275574
0.000275572
0.000275571
0.00027557
0.000275569
0.000275567
0.000275567
0.000275565
0.000275565
0.000275563
0.000275563
0.000275562
0.000275561
0.00027556
0.000275559
0.000275558
0.000275557
0.000275556
0.000275555
0.000275553
0.000275553
0.000275551
0.00027555
0.000275548
0.000275547
0.000275545
0.000275544
0.000275542
0.000275541
0.000275539
0.000275538
0.000275535
0.000275535
0.000275532
0.000275531
0.000275528
0.000275527
0.000275525
0.000275524
0.000275521
0.00027552
0.000275518
0.000275517
0.000275514
0.000275514
0.000275511
0.000275511
0.000275509
0.000275508
0.000275506
0.000275505
0.000275504
0.000275503
0.000275501
0.000275501
0.000275499
0.000275499
0.000275497
0.000275496
0.000275494
0.000275493
0.000275491
0.00027549
0.000275488
0.000275487
0.000275485
0.000275484
0.000275481
0.00027548
0.000275478
0.000275477
0.000275475
0.000275474
0.000275473
0.000275472
0.000275471
0.00027547
0.000275469
0.000275468
0.000275467
0.000275466
0.000275465
0.000275465
0.000275463
0.000275462
0.000275461
0.00027546
0.000275458
0.000275457
0.000275456
0.000275455
0.000275453
0.000275453
0.000275452
0.000275451
0.00027545
0.00027545
0.000275449
0.000275449
0.000275448
0.000275448
0.000275448
0.000275448
0.000275448
0.000275448
0.000275448
0.000275447
0.000275447
0.000275447
0.000275446
0.000275442
0.000275422
0.000275295
0.000275168
0.000457951
0.000295167
0.000284928
0.000282983
0.000282589
0.000282509
0.000282492
0.000282489
0.000282488
0.000282488
0.000282488
0.000282488
0.000282488
0.000282488
0.000282488
0.000282488
0.000282488
0.000282488
0.000282487
0.000282487
0.000282487
0.000282487
0.000282487
0.000282487
0.000282487
0.000282487
0.000282486
0.000282486
0.000282485
0.000282485
0.000282484
0.000282484
0.000282483
0.000282482
0.000282481
0.000282481
0.000282479
0.000282479
0.000282477
0.000282477
0.000282475
0.000282475
0.000282473
0.000282473
0.000282472
0.000282471
0.000282471
0.00028247
0.00028247
0.00028247
0.000282469
0.000282469
0.000282469
0.00028247
0.000282469
0.000282469
0.000282468
0.000282468
0.000282467
0.000282466
0.000282464
0.000282463
0.00028246
0.000282459
0.000282456
0.000282455
0.000282452
0.000282451
0.000282448
0.000282447
0.000282445
0.000282444
0.000282442
0.000282441
0.000282439
0.000282438
0.000282436
0.000282435
0.000282432
0.000282431
0.000282428
0.000282427
0.000282424
0.000282422
0.000282418
0.000282416
0.000282413
0.000282411
0.000282408
0.000282406
0.000282403
0.000282401
0.000282398
0.000282396
0.000282394
0.000282392
0.000282389
0.000282388
0.000282385
0.000282384
0.000282381
0.000282379
0.000282376
0.000282375
0.000282372
0.00028237
0.000282366
0.000282365
0.000282361
0.000282359
0.000282355
0.000282352
0.000282348
0.000282346
0.000282341
0.000282338
0.000282334
0.000282331
0.000282326
0.000282323
0.000282318
0.000282315
0.00028231
0.000282307
0.000282302
0.0002823
0.000282295
0.000282292
0.000282287
0.000282285
0.00028228
0.000282278
0.000282274
0.000282272
0.000282268
0.000282266
0.000282263
0.000282261
0.000282257
0.000282256
0.000282253
0.000282251
0.000282247
0.000282246
0.000282242
0.00028224
0.000282236
0.000282233
0.000282229
0.000282227
0.000282222
0.000282219
0.000282215
0.000282212
0.000282207
0.000282205
0.000282201
0.000282198
0.000282195
0.000282193
0.000282189
0.000282188
0.000282185
0.000282184
0.000282181
0.00028218
0.000282177
0.000282175
0.000282173
0.000282171
0.000282168
0.000282166
0.000282163
0.000282161
0.000282157
0.000282155
0.000282152
0.00028215
0.000282147
0.000282146
0.000282144
0.000282142
0.000282141
0.00028214
0.000282139
0.000282139
0.000282138
0.000282138
0.000282137
0.000282137
0.000282137
0.000282137
0.000282136
0.000282136
0.000282135
0.000282133
0.000282125
0.000282083
0.000281803
0.000281574
0.000513204
0.000314981
0.000300349
0.000297503
0.000296856
0.000296704
0.000296669
0.000296661
0.000296659
0.000296659
0.000296659
0.000296659
0.000296659
0.000296659
0.000296659
0.000296659
0.000296658
0.000296658
0.000296658
0.000296658
0.000296658
0.000296658
0.000296658
0.000296657
0.000296657
0.000296656
0.000296656
0.000296655
0.000296654
0.000296653
0.000296652
0.00029665
0.000296649
0.000296647
0.000296646
0.000296644
0.000296642
0.00029664
0.000296638
0.000296635
0.000296634
0.000296631
0.00029663
0.000296627
0.000296626
0.000296624
0.000296623
0.000296622
0.000296621
0.000296621
0.00029662
0.000296621
0.00029662
0.000296621
0.000296621
0.00029662
0.000296619
0.000296617
0.000296616
0.000296612
0.00029661
0.000296606
0.000296603
0.000296598
0.000296595
0.000296589
0.000296586
0.000296581
0.000296578
0.000296574
0.000296571
0.000296567
0.000296564
0.000296561
0.000296558
0.000296554
0.000296552
0.000296547
0.000296545
0.000296539
0.000296536
0.00029653
0.000296527
0.00029652
0.000296516
0.000296509
0.000296505
0.000296498
0.000296494
0.000296487
0.000296483
0.000296477
0.000296473
0.000296467
0.000296464
0.000296458
0.000296455
0.000296449
0.000296446
0.00029644
0.000296437
0.000296431
0.000296428
0.000296422
0.000296418
0.000296412
0.000296408
0.0002964
0.000296396
0.000296388
0.000296383
0.000296375
0.00029637
0.000296361
0.000296355
0.000296346
0.00029634
0.00029633
0.000296324
0.000296314
0.000296308
0.000296297
0.000296291
0.000296281
0.000296275
0.000296264
0.000296259
0.000296249
0.000296243
0.000296234
0.000296228
0.000296219
0.000296214
0.000296206
0.000296202
0.000296195
0.00029619
0.000296184
0.000296179
0.000296173
0.000296169
0.000296163
0.000296159
0.000296152
0.000296148
0.00029614
0.000296135
0.000296126
0.000296121
0.000296112
0.000296106
0.000296097
0.000296091
0.000296081
0.000296076
0.000296066
0.000296061
0.000296053
0.000296048
0.000296042
0.000296037
0.000296032
0.000296028
0.000296023
0.000296019
0.000296014
0.000296011
0.000296006
0.000296002
0.000295996
0.000295993
0.000295986
0.000295982
0.000295974
0.00029597
0.000295963
0.000295959
0.000295953
0.000295949
0.000295944
0.000295941
0.000295937
0.000295935
0.000295932
0.00029593
0.000295929
0.000295928
0.000295928
0.000295927
0.000295926
0.000295926
0.000295925
0.000295925
0.000295923
0.000295922
0.000295918
0.000295904
0.000295823
0.000295235
0.000294879
0.000577557
0.000345298
0.000328229
0.000324904
0.000324215
0.000323994
0.00032393
0.000323915
0.000323911
0.00032391
0.00032391
0.000323909
0.000323909
0.000323909
0.000323909
0.000323909
0.000323909
0.000323909
0.000323908
0.000323908
0.000323908
0.000323908
0.000323907
0.000323907
0.000323906
0.000323905
0.000323904
0.000323902
0.000323901
0.000323899
0.000323896
0.000323894
0.00032389
0.000323888
0.000323884
0.000323881
0.000323877
0.000323873
0.000323869
0.000323865
0.00032386
0.000323856
0.000323852
0.000323849
0.000323845
0.000323843
0.00032384
0.000323838
0.000323836
0.000323835
0.000323834
0.000323835
0.000323834
0.000323835
0.000323834
0.000323833
0.000323831
0.000323829
0.000323824
0.00032382
0.000323814
0.000323807
0.000323799
0.000323792
0.000323783
0.000323775
0.000323766
0.000323759
0.00032375
0.000323744
0.000323736
0.000323731
0.000323724
0.000323719
0.000323712
0.000323706
0.000323699
0.000323693
0.000323685
0.000323678
0.000323668
0.00032366
0.000323649
0.00032364
0.000323628
0.000323618
0.000323606
0.000323597
0.000323585
0.000323575
0.000323564
0.000323555
0.000323544
0.000323536
0.000323526
0.000323518
0.000323508
0.000323501
0.000323491
0.000323484
0.000323474
0.000323466
0.000323456
0.000323448
0.000323437
0.000323428
0.000323416
0.000323406
0.000323393
0.000323382
0.000323368
0.000323357
0.000323342
0.000323329
0.000323313
0.0003233
0.000323283
0.000323269
0.000323251
0.000323237
0.000323219
0.000323205
0.000323187
0.000323173
0.000323155
0.00032314
0.000323123
0.000323109
0.000323093
0.000323079
0.000323064
0.000323051
0.000323037
0.000323026
0.000323012
0.000323002
0.00032299
0.00032298
0.000322969
0.00032296
0.000322948
0.00032294
0.000322928
0.000322918
0.000322906
0.000322895
0.000322881
0.000322869
0.000322854
0.000322841
0.000322825
0.000322811
0.000322794
0.00032278
0.000322764
0.000322751
0.000322736
0.000322725
0.000322711
0.000322701
0.00032269
0.000322682
0.000322671
0.000322664
0.000322655
0.000322648
0.000322638
0.000322631
0.000322621
0.000322612
0.000322602
0.000322592
0.00032258
0.00032257
0.000322558
0.000322548
0.000322536
0.000322527
0.000322517
0.000322509
0.0003225
0.000322495
0.000322489
0.000322485
0.000322481
0.000322479
0.000322476
0.000322475
0.000322474
0.000322473
0.000322472
0.00032247
0.000322469
0.000322467
0.000322464
0.000322458
0.000322432
0.000322292
0.000321156
0.000320692
0.000652227
0.000387517
0.000374872
0.00037222
0.000372443
0.000372419
0.000372351
0.000372324
0.000372317
0.000372315
0.000372315
0.000372314
0.000372314
0.000372314
0.000372314
0.000372314
0.000372313
0.000372313
0.000372313
0.000372312
0.000372312
0.000372311
0.000372311
0.000372309
0.000372309
0.000372306
0.000372305
0.000372301
0.000372299
0.000372294
0.000372291
0.000372285
0.000372281
0.000372274
0.000372269
0.000372261
0.000372256
0.000372247
0.000372241
0.000372232
0.000372226
0.000372217
0.000372211
0.000372203
0.000372198
0.000372193
0.000372188
0.000372185
0.000372181
0.00037218
0.000372178
0.000372179
0.000372178
0.000372179
0.000372178
0.000372176
0.000372173
0.000372166
0.000372161
0.000372149
0.000372141
0.000372126
0.000372116
0.000372099
0.000372086
0.000372069
0.000372056
0.00037204
0.000372027
0.000372013
0.000372001
0.000371989
0.000371979
0.000371966
0.000371957
0.000371944
0.000371934
0.00037192
0.000371909
0.000371891
0.000371878
0.000371859
0.000371844
0.000371822
0.000371806
0.000371783
0.000371766
0.000371744
0.000371726
0.000371705
0.000371689
0.000371668
0.000371653
0.000371634
0.00037162
0.000371602
0.000371588
0.00037157
0.000371557
0.000371539
0.000371525
0.000371507
0.000371492
0.000371473
0.000371457
0.000371436
0.00037142
0.000371397
0.000371379
0.000371353
0.000371334
0.000371307
0.000371286
0.000371256
0.000371234
0.000371203
0.000371179
0.000371147
0.000371122
0.000371089
0.000371064
0.00037103
0.000371005
0.000370972
0.000370946
0.000370913
0.000370889
0.000370857
0.000370833
0.000370803
0.00037078
0.000370752
0.000370731
0.000370705
0.000370686
0.000370663
0.000370645
0.000370623
0.000370607
0.000370586
0.00037057
0.000370549
0.000370532
0.00037051
0.000370492
0.000370467
0.000370448
0.00037042
0.000370399
0.000370368
0.000370345
0.000370313
0.00037029
0.000370258
0.000370235
0.000370206
0.000370184
0.000370158
0.000370138
0.000370116
0.000370099
0.00037008
0.000370065
0.000370048
0.000370035
0.000370018
0.000370005
0.000369987
0.000369973
0.000369953
0.000369938
0.000369916
0.0003699
0.000369876
0.000369859
0.000369836
0.000369819
0.000369798
0.000369783
0.000369766
0.000369753
0.000369741
0.000369732
0.000369724
0.000369717
0.000369712
0.000369709
0.000369706
0.000369704
0.000369701
0.0003697
0.000369696
0.000369695
0.00036969
0.000369686
0.000369675
0.000369637
0.000369425
0.000367446
0.000366979
0.000739914
0.000440926
0.000445746
0.000445348
0.000448421
0.000449636
0.000449824
0.000449814
0.000449804
0.000449801
0.0004498
0.000449799
0.000449799
0.000449799
0.000449799
0.000449798
0.000449798
0.000449797
0.000449797
0.000449796
0.000449795
0.000449795
0.000449793
0.000449792
0.000449789
0.000449786
0.000449782
0.000449778
0.000449772
0.000449767
0.000449759
0.000449752
0.000449742
0.000449734
0.000449723
0.000449713
0.0004497
0.000449689
0.000449676
0.000449664
0.000449652
0.00044964
0.000449628
0.000449618
0.000449608
0.000449601
0.000449594
0.000449589
0.000449584
0.000449581
0.000449579
0.000449579
0.000449578
0.000449579
0.000449576
0.000449572
0.000449565
0.000449556
0.000449543
0.000449529
0.00044951
0.000449491
0.000449468
0.000449446
0.000449421
0.000449398
0.000449372
0.000449351
0.000449326
0.000449307
0.000449285
0.000449268
0.000449248
0.000449231
0.000449212
0.000449194
0.000449173
0.000449154
0.00044913
0.000449107
0.000449079
0.000449053
0.000449022
0.000448993
0.00044896
0.00044893
0.000448896
0.000448866
0.000448832
0.000448803
0.00044877
0.000448743
0.000448712
0.000448686
0.000448658
0.000448633
0.000448606
0.000448582
0.000448554
0.00044853
0.000448502
0.000448478
0.000448448
0.000448422
0.00044839
0.000448362
0.000448328
0.000448297
0.00044826
0.000448226
0.000448186
0.00044815
0.000448106
0.000448067
0.000448021
0.00044798
0.000447931
0.000447888
0.000447838
0.000447794
0.000447742
0.000447697
0.000447646
0.000447601
0.00044755
0.000447505
0.000447455
0.000447412
0.000447365
0.000447324
0.000447279
0.000447241
0.000447199
0.000447164
0.000447126
0.000447094
0.000447059
0.00044703
0.000446997
0.000446969
0.000446936
0.000446908
0.000446873
0.000446843
0.000446806
0.000446773
0.000446732
0.000446695
0.00044665
0.000446609
0.000446563
0.00044652
0.000446472
0.00044643
0.000446384
0.000446344
0.000446302
0.000446266
0.000446229
0.000446198
0.000446165
0.000446139
0.00044611
0.000446087
0.000446059
0.000446037
0.000446009
0.000445985
0.000445956
0.000445929
0.000445897
0.000445867
0.000445833
0.000445802
0.000445767
0.000445736
0.000445703
0.000445675
0.000445646
0.000445622
0.000445599
0.000445582
0.000445565
0.000445553
0.000445541
0.000445535
0.000445527
0.000445523
0.000445519
0.000445515
0.000445511
0.000445507
0.000445502
0.000445496
0.000445489
0.000445475
0.000445429
0.000445175
0.000442159
0.000442073
0.000845404
0.000503594
0.000541729
0.000543008
0.00055034
0.000554788
0.00055624
0.000556473
0.000556486
0.000556484
0.000556483
0.000556482
0.000556482
0.000556481
0.000556481
0.000556481
0.00055648
0.000556479
0.000556478
0.000556478
0.000556477
0.000556475
0.000556473
0.00055647
0.000556467
0.000556462
0.000556458
0.000556451
0.000556443
0.000556434
0.000556424
0.000556412
0.000556401
0.000556386
0.000556373
0.000556356
0.00055634
0.000556321
0.000556305
0.000556286
0.000556269
0.000556251
0.000556236
0.00055622
0.000556208
0.000556197
0.000556188
0.000556182
0.000556176
0.000556173
0.000556169
0.000556168
0.000556166
0.000556165
0.000556162
0.000556154
0.000556145
0.000556129
0.000556113
0.000556089
0.000556065
0.000556034
0.000556006
0.00055597
0.000555938
0.000555902
0.00055587
0.000555836
0.000555805
0.000555774
0.000555747
0.000555718
0.000555693
0.000555665
0.00055564
0.000555611
0.000555584
0.000555551
0.000555521
0.000555483
0.000555448
0.000555405
0.000555366
0.00055532
0.000555278
0.000555229
0.000555186
0.000555137
0.000555095
0.000555048
0.000555007
0.000554962
0.000554924
0.000554882
0.000554845
0.000554805
0.000554771
0.000554731
0.000554697
0.000554657
0.000554622
0.000554581
0.000554544
0.000554501
0.000554461
0.000554414
0.000554371
0.00055432
0.000554273
0.000554218
0.000554167
0.000554107
0.000554053
0.000553988
0.000553931
0.000553863
0.000553802
0.000553731
0.000553668
0.000553595
0.000553531
0.000553457
0.000553392
0.000553318
0.000553254
0.000553181
0.000553119
0.000553049
0.000552988
0.000552922
0.000552865
0.000552804
0.000552751
0.000552695
0.000552646
0.000552595
0.00055255
0.000552503
0.000552461
0.000552414
0.000552373
0.000552326
0.000552283
0.000552232
0.000552185
0.000552129
0.000552078
0.000552015
0.00055196
0.000551893
0.000551833
0.000551764
0.000551704
0.000551636
0.000551578
0.000551515
0.000551461
0.000551404
0.000551356
0.000551307
0.000551266
0.000551223
0.000551186
0.000551147
0.000551113
0.000551074
0.00055104
0.000550998
0.000550962
0.000550916
0.000550876
0.000550827
0.000550784
0.000550733
0.000550689
0.00055064
0.000550598
0.000550553
0.000550516
0.00055048
0.00055045
0.000550423
0.000550401
0.000550383
0.000550369
0.000550357
0.000550348
0.00055034
0.000550334
0.000550327
0.000550322
0.000550314
0.000550308
0.000550299
0.00055029
0.000550273
0.000550241
0.000550062
0.000546117
0.000547612
0.00097173
0.000574
0.00066099
0.000657002
0.000666427
0.000675564
0.000680233
0.000681611
0.000681815
0.000681834
0.000681835
0.000681835
0.000681834
0.000681834
0.000681833
0.000681833
0.000681832
0.000681832
0.00068183
0.000681829
0.000681828
0.000681826
0.000681823
0.000681819
0.000681814
0.000681808
0.000681801
0.000681793
0.000681782
0.000681771
0.000681758
0.000681743
0.000681726
0.000681709
0.000681689
0.000681669
0.000681646
0.000681624
0.000681601
0.000681577
0.000681555
0.000681533
0.000681513
0.000681495
0.000681479
0.000681466
0.000681455
0.000681447
0.000681442
0.000681438
0.000681435
0.000681433
0.000681429
0.000681426
0.00068142
0.00068141
0.000681394
0.000681375
0.00068135
0.000681321
0.000681286
0.000681249
0.000681208
0.000681167
0.000681122
0.00068108
0.000681036
0.000680995
0.000680955
0.000680917
0.00068088
0.000680845
0.00068081
0.000680777
0.000680741
0.000680706
0.000680667
0.000680627
0.000680582
0.000680537
0.000680487
0.000680436
0.00068038
0.000680325
0.000680265
0.000680208
0.000680147
0.00068009
0.000680031
0.000679975
0.000679918
0.000679865
0.000679811
0.000679761
0.00067971
0.000679662
0.000679613
0.000679566
0.000679517
0.00067947
0.00067942
0.000679371
0.000679318
0.000679266
0.00067921
0.000679154
0.000679092
0.000679032
0.000678965
0.000678899
0.000678826
0.000678755
0.000678677
0.000678601
0.000678518
0.000678438
0.000678351
0.000678267
0.000678177
0.000678091
0.000678
0.000677912
0.00067782
0.000677733
0.000677642
0.000677556
0.000677467
0.000677384
0.000677299
0.00067722
0.000677141
0.000677068
0.000676995
0.000676928
0.000676861
0.0006768
0.000676738
0.000676681
0.000676622
0.000676566
0.000676508
0.000676451
0.000676389
0.000676328
0.00067626
0.000676193
0.000676119
0.000676045
0.000675964
0.000675885
0.0006758
0.000675719
0.000675634
0.000675554
0.000675473
0.000675398
0.000675324
0.000675257
0.000675191
0.000675133
0.000675076
0.000675024
0.000674973
0.000674926
0.000674877
0.00067483
0.00067478
0.000674731
0.000674676
0.000674623
0.000674564
0.000674506
0.000674443
0.000674384
0.000674322
0.000674263
0.000674206
0.000674153
0.000674104
0.000674061
0.000674022
0.000673989
0.000673961
0.000673938
0.000673919
0.000673905
0.000673892
0.000673883
0.000673873
0.000673865
0.000673856
0.000673847
0.000673836
0.000673826
0.000673815
0.000673803
0.00067381
0.000673895
0.00066926
0.000674906
0.00110213
0.000649466
0.000802566
0.000778924
0.000784907
0.000796417
0.000804996
0.000809365
0.000810357
0.000810484
0.000810501
0.000810503
0.000810503
0.000810503
0.000810502
0.000810502
0.000810501
0.0008105
0.000810499
0.000810497
0.000810495
0.000810492
0.000810488
0.000810483
0.000810476
0.000810468
0.000810458
0.000810447
0.000810433
0.000810419
0.000810401
0.000810382
0.000810361
0.000810338
0.000810312
0.000810287
0.000810258
0.00081023
0.0008102
0.000810173
0.000810144
0.000810119
0.000810095
0.000810076
0.000810057
0.000810045
0.000810034
0.000810027
0.000810021
0.000810018
0.000810014
0.000810011
0.000810006
0.000809999
0.000809988
0.000809972
0.000809949
0.000809921
0.000809886
0.000809847
0.000809802
0.000809755
0.000809703
0.000809653
0.000809598
0.000809548
0.000809495
0.000809448
0.000809399
0.000809356
0.00080931
0.000809269
0.000809225
0.000809183
0.000809137
0.000809092
0.000809041
0.00080899
0.000808932
0.000808875
0.00080881
0.000808746
0.000808675
0.000808607
0.000808533
0.000808464
0.000808389
0.00080832
0.000808247
0.000808181
0.000808111
0.000808048
0.000807981
0.000807921
0.000807858
0.0008078
0.000807738
0.000807681
0.00080762
0.000807562
0.000807498
0.000807438
0.000807371
0.000807306
0.000807234
0.000807164
0.000807086
0.00080701
0.000806926
0.000806843
0.000806752
0.000806663
0.000806565
0.00080647
0.000806366
0.000806267
0.000806158
0.000806055
0.000805943
0.000805837
0.000805723
0.000805617
0.000805502
0.000805396
0.000805283
0.000805179
0.000805069
0.000804969
0.000804865
0.000804771
0.000804674
0.000804587
0.000804497
0.000804418
0.000804336
0.000804264
0.000804188
0.000804119
0.000804046
0.000803978
0.000803904
0.000803833
0.000803754
0.000803676
0.00080359
0.000803505
0.00080341
0.000803317
0.000803214
0.000803116
0.00080301
0.000802912
0.000802807
0.000802712
0.000802613
0.000802525
0.000802436
0.000802359
0.00080228
0.000802212
0.000802143
0.000802082
0.000802019
0.000801961
0.000801899
0.00080184
0.000801776
0.000801713
0.000801643
0.000801575
0.000801499
0.000801427
0.000801349
0.000801277
0.0008012
0.000801132
0.000801062
0.000801003
0.000800944
0.000800897
0.000800851
0.000800816
0.000800784
0.00080076
0.000800738
0.000800721
0.000800706
0.000800694
0.000800681
0.00080067
0.000800657
0.000800645
0.000800631
0.000800618
0.000800606
0.000800606
0.000800677
0.000801195
0.000795722
0.000810013
0.00118539
0.000708841
0.000932902
0.000864847
0.000852412
0.000852954
0.000857947
0.000865802
0.00086823
0.000868647
0.000868717
0.00086873
0.000868732
0.000868731
0.000868731
0.00086873
0.00086873
0.000868729
0.000868727
0.000868725
0.000868723
0.000868718
0.000868714
0.000868706
0.000868699
0.000868688
0.000868679
0.000868663
0.00086865
0.00086863
0.000868613
0.000868589
0.000868568
0.000868539
0.000868514
0.000868481
0.000868454
0.000868418
0.00086839
0.000868356
0.000868331
0.0008683
0.00086828
0.000868258
0.000868244
0.00086823
0.000868223
0.000868217
0.000868213
0.000868209
0.000868206
0.000868202
0.000868196
0.000868184
0.000868171
0.000868146
0.000868121
0.000868081
0.000868045
0.000867993
0.000867948
0.000867888
0.00086784
0.000867776
0.000867727
0.000867666
0.00086762
0.000867562
0.00086752
0.000867466
0.000867426
0.000867374
0.000867335
0.000867281
0.000867238
0.000867178
0.00086713
0.000867063
0.000867007
0.000866932
0.000866871
0.000866788
0.000866723
0.000866636
0.000866569
0.000866481
0.000866414
0.000866327
0.000866262
0.00086618
0.000866118
0.000866039
0.00086598
0.000865904
0.000865848
0.000865775
0.000865719
0.000865646
0.00086559
0.000865516
0.000865458
0.00086538
0.000865318
0.000865234
0.000865168
0.000865077
0.000865005
0.000864906
0.000864828
0.000864721
0.000864636
0.000864522
0.000864431
0.00086431
0.000864215
0.000864088
0.000863988
0.000863857
0.000863754
0.00086362
0.000863516
0.000863381
0.000863278
0.000863144
0.000863041
0.000862911
0.000862812
0.000862687
0.000862594
0.000862478
0.000862392
0.000862284
0.000862206
0.000862108
0.000862036
0.000861945
0.000861878
0.000861792
0.000861726
0.000861639
0.000861571
0.000861479
0.000861405
0.000861305
0.000861223
0.000861112
0.000861023
0.000860903
0.000860808
0.000860683
0.000860586
0.000860462
0.000860368
0.00086025
0.000860163
0.000860056
0.000859978
0.000859884
0.000859816
0.000859733
0.000859673
0.000859598
0.000859542
0.000859468
0.000859412
0.000859336
0.000859275
0.000859193
0.000859126
0.000859038
0.000858967
0.000858875
0.000858803
0.000858712
0.000858644
0.000858561
0.0008585
0.000858429
0.00085838
0.000858324
0.000858288
0.000858247
0.000858222
0.000858194
0.000858177
0.000858157
0.000858144
0.000858128
0.000858117
0.000858101
0.000858088
0.000858071
0.000858058
0.000858042
0.000858034
0.000858047
0.000858186
0.000859137
0.000853354
0.000878543
0.00113642
0.000701967
0.000935034
0.000805124
0.000700779
0.000640419
0.000611667
0.000611225
0.000612732
0.000613428
0.000613585
0.000613623
0.000613632
0.000613634
0.000613634
0.000613634
0.000613633
0.000613633
0.000613632
0.000613631
0.00061363
0.000613628
0.000613626
0.000613623
0.000613619
0.000613614
0.000613609
0.000613602
0.000613595
0.000613586
0.000613577
0.000613566
0.000613554
0.000613541
0.000613527
0.000613512
0.000613496
0.00061348
0.000613463
0.000613447
0.000613432
0.000613417
0.000613404
0.000613393
0.000613383
0.000613376
0.00061337
0.000613366
0.000613363
0.000613361
0.000613359
0.000613357
0.000613353
0.000613349
0.000613342
0.000613331
0.000613318
0.000613302
0.000613282
0.00061326
0.000613235
0.000613208
0.00061318
0.000613151
0.000613122
0.000613093
0.000613064
0.000613037
0.00061301
0.000612985
0.00061296
0.000612935
0.000612911
0.000612886
0.00061286
0.000612833
0.000612805
0.000612774
0.000612742
0.000612708
0.000612673
0.000612635
0.000612597
0.000612557
0.000612517
0.000612476
0.000612436
0.000612395
0.000612355
0.000612316
0.000612278
0.00061224
0.000612204
0.000612168
0.000612134
0.000612099
0.000612065
0.000612031
0.000611997
0.000611963
0.000611928
0.000611892
0.000611855
0.000611817
0.000611778
0.000611736
0.000611694
0.000611649
0.000611602
0.000611554
0.000611504
0.000611451
0.000611398
0.000611342
0.000611285
0.000611227
0.000611167
0.000611107
0.000611045
0.000610983
0.000610921
0.000610858
0.000610795
0.000610732
0.00061067
0.000610609
0.000610549
0.00061049
0.000610433
0.000610377
0.000610324
0.000610272
0.000610224
0.000610176
0.000610132
0.000610088
0.000610047
0.000610006
0.000609966
0.000609925
0.000609884
0.000609841
0.000609798
0.000609752
0.000609704
0.000609653
0.000609601
0.000609546
0.000609491
0.000609433
0.000609375
0.000609317
0.00060926
0.000609204
0.000609151
0.000609099
0.000609051
0.000609005
0.000608962
0.000608921
0.000608883
0.000608847
0.000608812
0.000608777
0.000608743
0.000608707
0.000608671
0.000608634
0.000608595
0.000608555
0.000608513
0.000608471
0.000608428
0.000608386
0.000608344
0.000608304
0.000608267
0.000608232
0.0006082
0.000608172
0.000608147
0.000608126
0.000608108
0.000608093
0.000608081
0.000608071
0.000608062
0.000608054
0.000608047
0.000608039
0.000608032
0.000608024
0.000608017
0.000608011
0.000608009
0.000608023
0.000608139
0.000608786
0.000607054
0.00062073
0.00113642
0.000701967
0.000935034
0.000805124
0.000700779
0.000640419
0.000611667
0.000611225
0.000612732
0.000613428
0.000613585
0.000613623
0.000613632
0.000613634
0.000613634
0.000613634
0.000613633
0.000613633
0.000613632
0.000613631
0.00061363
0.000613628
0.000613626
0.000613623
0.000613619
0.000613614
0.000613609
0.000613602
0.000613595
0.000613586
0.000613577
0.000613566
0.000613554
0.000613541
0.000613527
0.000613512
0.000613496
0.00061348
0.000613463
0.000613447
0.000613432
0.000613417
0.000613404
0.000613393
0.000613383
0.000613376
0.00061337
0.000613366
0.000613363
0.000613361
0.000613359
0.000613357
0.000613354
0.000613349
0.000613341
0.000613332
0.000613318
0.000613302
0.000613282
0.00061326
0.000613235
0.000613208
0.00061318
0.000613151
0.000613122
0.000613093
0.000613064
0.000613037
0.00061301
0.000612985
0.00061296
0.000612935
0.000612911
0.000612886
0.00061286
0.000612833
0.000612804
0.000612774
0.000612742
0.000612709
0.000612673
0.000612636
0.000612597
0.000612557
0.000612517
0.000612476
0.000612435
0.000612395
0.000612355
0.000612316
0.000612278
0.000612241
0.000612204
0.000612169
0.000612134
0.000612099
0.000612065
0.000612031
0.000611997
0.000611963
0.000611928
0.000611892
0.000611855
0.000611817
0.000611778
0.000611737
0.000611693
0.000611649
0.000611602
0.000611554
0.000611503
0.000611452
0.000611397
0.000611342
0.000611285
0.000611227
0.000611167
0.000611107
0.000611045
0.000610983
0.00061092
0.000610858
0.000610795
0.000610733
0.00061067
0.000610609
0.000610549
0.00061049
0.000610432
0.000610377
0.000610324
0.000610273
0.000610223
0.000610177
0.000610132
0.000610089
0.000610047
0.000610006
0.000609965
0.000609925
0.000609884
0.000609842
0.000609798
0.000609752
0.000609704
0.000609654
0.000609601
0.000609547
0.00060949
0.000609433
0.000609375
0.000609318
0.00060926
0.000609205
0.000609151
0.0006091
0.000609051
0.000609005
0.000608962
0.000608922
0.000608883
0.000608847
0.000608812
0.000608777
0.000608742
0.000608708
0.000608671
0.000608634
0.000608595
0.000608555
0.000608513
0.000608471
0.000608428
0.000608386
0.000608344
0.000608304
0.000608267
0.000608232
0.0006082
0.000608172
0.000608147
0.000608126
0.000608108
0.000608094
0.000608081
0.000608071
0.000608062
0.000608054
0.000608046
0.000608039
0.000608032
0.000608024
0.000608017
0.000608011
0.000608008
0.000608024
0.000608139
0.000608786
0.000607054
0.000620729
0.00118539
0.000708841
0.000932902
0.000864846
0.000852412
0.000852954
0.000857947
0.000865802
0.00086823
0.000868647
0.000868717
0.00086873
0.000868731
0.000868731
0.000868731
0.000868731
0.00086873
0.000868729
0.000868727
0.000868725
0.000868722
0.000868719
0.000868713
0.000868707
0.000868698
0.00086869
0.000868677
0.000868665
0.000868648
0.000868633
0.000868611
0.000868592
0.000868565
0.000868542
0.00086851
0.000868485
0.00086845
0.000868422
0.000868387
0.00086836
0.000868327
0.000868304
0.000868277
0.00086826
0.000868242
0.000868232
0.000868222
0.000868217
0.000868213
0.000868209
0.000868206
0.000868202
0.000868195
0.000868186
0.000868168
0.000868149
0.000868117
0.000868086
0.00086804
0.000867999
0.000867942
0.000867895
0.000867832
0.000867783
0.00086772
0.000867673
0.000867613
0.000867569
0.000867513
0.000867473
0.00086742
0.000867381
0.000867328
0.000867287
0.000867231
0.000867185
0.000867122
0.00086707
0.000866999
0.000866941
0.000866862
0.000866798
0.000866713
0.000866646
0.000866559
0.000866491
0.000866404
0.000866337
0.000866253
0.000866189
0.000866108
0.000866048
0.000865971
0.000865913
0.000865839
0.000865783
0.00086571
0.000865655
0.000865582
0.000865525
0.000865449
0.000865389
0.000865309
0.000865244
0.000865157
0.000865088
0.000864994
0.000864918
0.000864816
0.000864734
0.000864623
0.000864535
0.000864418
0.000864324
0.0008642
0.000864102
0.000863973
0.000863872
0.000863739
0.000863636
0.000863501
0.000863397
0.000863262
0.000863159
0.000863026
0.000862926
0.000862798
0.000862702
0.000862581
0.000862491
0.000862379
0.000862296
0.000862194
0.000862119
0.000862025
0.000861956
0.000861868
0.000861802
0.000861716
0.00086165
0.000861561
0.00086149
0.000861394
0.000861317
0.000861211
0.000861125
0.000861009
0.000860916
0.000860794
0.000860697
0.000860572
0.000860476
0.000860354
0.000860263
0.00086015
0.000860068
0.000859967
0.000859895
0.000859806
0.000859743
0.000859664
0.000859607
0.000859533
0.000859477
0.000859403
0.000859344
0.000859266
0.000859202
0.000859117
0.000859048
0.000858957
0.000858885
0.000858793
0.000858722
0.000858635
0.00085857
0.000858492
0.000858437
0.000858373
0.00085833
0.000858282
0.000858252
0.000858218
0.000858197
0.000858174
0.000858159
0.000858142
0.00085813
0.000858115
0.000858103
0.000858086
0.000858073
0.000858056
0.000858043
0.000858033
0.000858047
0.000858185
0.000859138
0.000853354
0.000878543
0.00110213
0.000649465
0.000802566
0.000778924
0.000784907
0.000796416
0.000804996
0.000809365
0.000810357
0.000810484
0.000810501
0.000810503
0.000810503
0.000810503
0.000810502
0.000810502
0.000810501
0.0008105
0.000810499
0.000810497
0.000810495
0.000810492
0.000810488
0.000810482
0.000810476
0.000810468
0.000810458
0.000810446
0.000810434
0.000810418
0.000810401
0.000810382
0.000810361
0.000810338
0.000810313
0.000810286
0.000810259
0.000810229
0.000810201
0.000810172
0.000810145
0.000810118
0.000810096
0.000810074
0.000810058
0.000810044
0.000810035
0.000810026
0.000810022
0.000810017
0.000810014
0.00081001
0.000810006
0.000809999
0.000809988
0.000809972
0.000809949
0.00080992
0.000809886
0.000809846
0.000809803
0.000809753
0.000809704
0.000809651
0.0008096
0.000809546
0.000809497
0.000809446
0.000809401
0.000809354
0.000809312
0.000809268
0.000809226
0.000809182
0.000809139
0.000809091
0.000809043
0.000808989
0.000808934
0.000808873
0.000808812
0.000808744
0.000808678
0.000808605
0.000808536
0.000808461
0.000808392
0.000808317
0.00080825
0.000808178
0.000808113
0.000808045
0.000807984
0.000807919
0.00080786
0.000807798
0.00080774
0.000807679
0.000807622
0.00080756
0.0008075
0.000807436
0.000807373
0.000807304
0.000807237
0.000807162
0.000807089
0.000807008
0.000806928
0.00080684
0.000806755
0.00080666
0.000806568
0.000806467
0.00080637
0.000806263
0.000806162
0.000806052
0.000805947
0.000805834
0.000805727
0.000805613
0.000805506
0.000805392
0.000805287
0.000805175
0.000805073
0.000804965
0.000804868
0.000804767
0.000804677
0.000804584
0.000804501
0.000804415
0.000804339
0.000804261
0.000804191
0.000804117
0.000804049
0.000803976
0.000803906
0.000803831
0.000803756
0.000803674
0.000803593
0.000803502
0.000803412
0.000803314
0.000803218
0.000803113
0.000803014
0.000802908
0.00080281
0.000802708
0.000802616
0.000802522
0.000802439
0.000802355
0.000802283
0.000802209
0.000802145
0.00080208
0.000802021
0.000801959
0.000801901
0.000801839
0.000801778
0.000801711
0.000801645
0.000801572
0.000801502
0.000801425
0.000801352
0.000801274
0.000801203
0.000801129
0.000801065
0.000801
0.000800947
0.000800894
0.000800853
0.000800814
0.000800785
0.000800758
0.000800739
0.000800721
0.000800707
0.000800693
0.000800682
0.00080067
0.000800658
0.000800644
0.000800631
0.000800617
0.000800607
0.000800605
0.000800677
0.000801195
0.000795723
0.000810012
0.000971729
0.000574
0.00066099
0.000657002
0.000666427
0.000675564
0.000680233
0.000681611
0.000681815
0.000681834
0.000681835
0.000681835
0.000681834
0.000681834
0.000681833
0.000681833
0.000681832
0.000681831
0.000681831
0.000681829
0.000681828
0.000681826
0.000681823
0.000681819
0.000681814
0.000681809
0.000681802
0.000681793
0.000681783
0.000681771
0.000681758
0.000681743
0.000681727
0.000681709
0.00068169
0.000681668
0.000681647
0.000681624
0.000681601
0.000681578
0.000681555
0.000681533
0.000681513
0.000681494
0.000681479
0.000681466
0.000681456
0.000681447
0.000681442
0.000681438
0.000681435
0.000681432
0.00068143
0.000681425
0.00068142
0.000681409
0.000681395
0.000681374
0.00068135
0.00068132
0.000681287
0.000681249
0.000681209
0.000681166
0.000681124
0.000681079
0.000681037
0.000680994
0.000680956
0.000680916
0.000680881
0.000680845
0.000680811
0.000680776
0.000680742
0.000680705
0.000680667
0.000680626
0.000680584
0.000680536
0.000680488
0.000680434
0.000680381
0.000680323
0.000680267
0.000680206
0.000680149
0.000680089
0.000680032
0.000679974
0.000679919
0.000679864
0.000679812
0.00067976
0.000679711
0.000679661
0.000679614
0.000679565
0.000679518
0.000679469
0.000679421
0.00067937
0.00067932
0.000679265
0.000679211
0.000679152
0.000679094
0.00067903
0.000678966
0.000678897
0.000678828
0.000678753
0.000678679
0.000678599
0.00067852
0.000678435
0.000678353
0.000678265
0.00067818
0.000678089
0.000678002
0.00067791
0.000677822
0.000677731
0.000677644
0.000677554
0.000677469
0.000677382
0.000677301
0.000677219
0.000677143
0.000677067
0.000676996
0.000676926
0.000676862
0.000676798
0.000676739
0.000676679
0.000676623
0.000676565
0.000676509
0.000676449
0.000676391
0.000676326
0.000676262
0.000676191
0.00067612
0.000676043
0.000675966
0.000675883
0.000675802
0.000675717
0.000675635
0.000675552
0.000675474
0.000675396
0.000675325
0.000675255
0.000675193
0.000675132
0.000675077
0.000675023
0.000674974
0.000674925
0.000674878
0.000674829
0.000674781
0.000674729
0.000674678
0.000674621
0.000674565
0.000674504
0.000674445
0.000674382
0.000674323
0.000674262
0.000674207
0.000674153
0.000674105
0.00067406
0.000674022
0.000673989
0.000673961
0.000673938
0.00067392
0.000673905
0.000673893
0.000673882
0.000673873
0.000673865
0.000673856
0.000673846
0.000673837
0.000673826
0.000673815
0.000673803
0.000673809
0.000673895
0.00066926
0.000674906
0.000845403
0.000503594
0.000541729
0.000543008
0.00055034
0.000554788
0.00055624
0.000556473
0.000556486
0.000556484
0.000556483
0.000556482
0.000556482
0.000556482
0.000556481
0.000556481
0.00055648
0.000556479
0.000556479
0.000556478
0.000556477
0.000556475
0.000556473
0.000556471
0.000556467
0.000556463
0.000556457
0.000556451
0.000556443
0.000556435
0.000556424
0.000556413
0.0005564
0.000556387
0.000556371
0.000556357
0.000556339
0.000556323
0.000556303
0.000556287
0.000556268
0.000556252
0.000556235
0.000556221
0.000556208
0.000556197
0.000556189
0.000556181
0.000556176
0.000556172
0.00055617
0.000556168
0.000556167
0.000556166
0.000556162
0.000556155
0.000556144
0.000556131
0.000556111
0.000556091
0.000556063
0.000556037
0.000556003
0.000555973
0.000555936
0.000555904
0.000555868
0.000555837
0.000555804
0.000555775
0.000555746
0.000555719
0.000555691
0.000555667
0.000555638
0.000555613
0.000555582
0.000555554
0.000555518
0.000555486
0.000555445
0.000555408
0.000555363
0.000555323
0.000555275
0.000555232
0.000555183
0.00055514
0.000555092
0.00055505
0.000555005
0.000554965
0.000554922
0.000554884
0.000554843
0.000554808
0.000554768
0.000554734
0.000554694
0.00055466
0.000554619
0.000554584
0.000554541
0.000554503
0.000554458
0.000554417
0.000554368
0.000554323
0.00055427
0.000554221
0.000554164
0.000554111
0.000554049
0.000553993
0.000553926
0.000553867
0.000553797
0.000553735
0.000553663
0.0005536
0.000553526
0.000553461
0.000553387
0.000553323
0.000553249
0.000553186
0.000553114
0.000553053
0.000552984
0.000552926
0.000552862
0.000552807
0.000552748
0.000552698
0.000552644
0.000552597
0.000552548
0.000552505
0.000552458
0.000552417
0.00055237
0.000552329
0.000552279
0.000552235
0.000552181
0.000552133
0.000552073
0.00055202
0.000551955
0.000551897
0.000551829
0.000551769
0.0005517
0.00055164
0.000551574
0.000551518
0.000551458
0.000551407
0.000551354
0.000551309
0.000551264
0.000551225
0.000551184
0.000551149
0.000551111
0.000551077
0.000551037
0.000551001
0.000550958
0.00055092
0.000550872
0.00055083
0.00055078
0.000550736
0.000550686
0.000550642
0.000550595
0.000550555
0.000550515
0.000550481
0.00055045
0.000550424
0.000550401
0.000550383
0.000550368
0.000550357
0.000550347
0.00055034
0.000550333
0.000550328
0.000550321
0.000550315
0.000550307
0.000550299
0.000550289
0.000550274
0.00055024
0.000550062
0.000546117
0.000547612
0.000739912
0.000440925
0.000445746
0.000445347
0.000448421
0.000449636
0.000449824
0.000449814
0.000449804
0.000449801
0.0004498
0.000449799
0.000449799
0.000449799
0.000449799
0.000449798
0.000449798
0.000449797
0.000449797
0.000449796
0.000449796
0.000449794
0.000449793
0.000449791
0.000449789
0.000449786
0.000449783
0.000449778
0.000449773
0.000449766
0.00044976
0.000449751
0.000449743
0.000449733
0.000449724
0.000449712
0.000449701
0.000449689
0.000449677
0.000449664
0.000449652
0.00044964
0.000449628
0.000449618
0.000449608
0.0004496
0.000449594
0.000449588
0.000449585
0.00044958
0.00044958
0.000449578
0.000449578
0.000449578
0.000449577
0.000449572
0.000449565
0.000449555
0.000449544
0.000449528
0.000449511
0.00044949
0.000449469
0.000449445
0.000449422
0.000449396
0.000449374
0.000449349
0.000449328
0.000449305
0.000449287
0.000449266
0.000449249
0.00044923
0.000449213
0.000449193
0.000449175
0.000449152
0.000449131
0.000449105
0.000449081
0.000449051
0.000449024
0.000448992
0.000448962
0.000448928
0.000448898
0.000448863
0.000448834
0.000448801
0.000448772
0.000448741
0.000448714
0.000448685
0.000448659
0.000448631
0.000448607
0.00044858
0.000448556
0.000448528
0.000448504
0.000448476
0.00044845
0.00044842
0.000448393
0.00044836
0.00044833
0.000448295
0.000448262
0.000448224
0.000448189
0.000448147
0.000448109
0.000448064
0.000448024
0.000447977
0.000447934
0.000447885
0.000447841
0.00044779
0.000447746
0.000447694
0.000447649
0.000447598
0.000447553
0.000447502
0.000447458
0.00044741
0.000447367
0.000447321
0.000447282
0.000447238
0.000447202
0.000447162
0.000447129
0.000447092
0.000447062
0.000447028
0.000446999
0.000446966
0.000446938
0.000446905
0.000446876
0.000446841
0.000446809
0.00044677
0.000446735
0.000446692
0.000446653
0.000446607
0.000446565
0.000446518
0.000446475
0.000446428
0.000446387
0.000446342
0.000446304
0.000446264
0.000446231
0.000446196
0.000446168
0.000446137
0.000446112
0.000446084
0.000446061
0.000446034
0.000446011
0.000445983
0.000445957
0.000445927
0.000445898
0.000445865
0.000445835
0.0004458
0.000445768
0.000445734
0.000445704
0.000445673
0.000445647
0.000445621
0.0004456
0.00044558
0.000445566
0.000445552
0.000445543
0.000445533
0.000445528
0.000445523
0.000445519
0.000445515
0.000445511
0.000445507
0.000445502
0.000445496
0.000445489
0.000445475
0.000445429
0.000445175
0.000442159
0.000442073
0.000652226
0.000387516
0.000374872
0.000372219
0.000372443
0.000372419
0.000372351
0.000372324
0.000372317
0.000372315
0.000372314
0.000372315
0.000372314
0.000372314
0.000372314
0.000372314
0.000372313
0.000372313
0.000372313
0.000372312
0.000372312
0.000372311
0.000372311
0.00037231
0.000372308
0.000372307
0.000372304
0.000372302
0.000372298
0.000372295
0.00037229
0.000372286
0.00037228
0.000372275
0.000372268
0.000372262
0.000372254
0.000372248
0.000372239
0.000372233
0.000372224
0.000372218
0.00037221
0.000372204
0.000372198
0.000372193
0.000372189
0.000372184
0.000372182
0.000372179
0.000372179
0.000372178
0.000372179
0.000372179
0.000372178
0.000372176
0.000372171
0.000372168
0.000372159
0.000372152
0.000372139
0.000372129
0.000372113
0.000372101
0.000372084
0.000372071
0.000372054
0.000372041
0.000372026
0.000372014
0.000372001
0.00037199
0.000371978
0.000371968
0.000371956
0.000371946
0.000371932
0.000371922
0.000371906
0.000371894
0.000371875
0.000371861
0.000371841
0.000371825
0.000371803
0.000371786
0.000371763
0.000371746
0.000371724
0.000371707
0.000371686
0.000371671
0.000371651
0.000371636
0.000371618
0.000371604
0.000371586
0.000371572
0.000371555
0.000371541
0.000371523
0.000371509
0.00037149
0.000371475
0.000371455
0.000371439
0.000371417
0.0003714
0.000371375
0.000371357
0.00037133
0.00037131
0.000371282
0.00037126
0.00037123
0.000371207
0.000371175
0.000371151
0.000371118
0.000371093
0.00037106
0.000371034
0.000371001
0.000370976
0.000370942
0.000370917
0.000370885
0.000370861
0.000370829
0.000370806
0.000370777
0.000370755
0.000370728
0.000370708
0.000370683
0.000370665
0.000370643
0.000370625
0.000370605
0.000370588
0.000370568
0.000370551
0.00037053
0.000370513
0.000370489
0.000370471
0.000370444
0.000370424
0.000370394
0.000370372
0.000370341
0.000370318
0.000370286
0.000370262
0.000370232
0.000370209
0.000370181
0.00037016
0.000370136
0.000370118
0.000370097
0.000370082
0.000370064
0.00037005
0.000370033
0.00037002
0.000370003
0.00036999
0.00036997
0.000369956
0.000369935
0.000369919
0.000369896
0.000369879
0.000369856
0.000369839
0.000369816
0.0003698
0.000369781
0.000369767
0.000369753
0.000369741
0.000369731
0.000369723
0.000369717
0.000369712
0.000369709
0.000369706
0.000369704
0.000369702
0.000369699
0.000369697
0.000369694
0.000369691
0.000369685
0.000369676
0.000369636
0.000369426
0.000367446
0.000366979
0.000577556
0.000345297
0.000328229
0.000324904
0.000324215
0.000323994
0.00032393
0.000323915
0.000323911
0.00032391
0.00032391
0.00032391
0.000323909
0.000323909
0.000323909
0.000323909
0.000323909
0.000323909
0.000323909
0.000323908
0.000323908
0.000323908
0.000323907
0.000323907
0.000323906
0.000323905
0.000323904
0.000323902
0.000323901
0.000323898
0.000323896
0.000323893
0.000323891
0.000323887
0.000323884
0.00032388
0.000323877
0.000323873
0.000323869
0.000323864
0.00032386
0.000323856
0.000323852
0.000323849
0.000323845
0.000323842
0.00032384
0.000323838
0.000323836
0.000323834
0.000323835
0.000323834
0.000323835
0.000323835
0.000323835
0.000323833
0.000323831
0.000323828
0.000323825
0.00032382
0.000323814
0.000323807
0.0003238
0.000323791
0.000323784
0.000323774
0.000323767
0.000323758
0.000323751
0.000323743
0.000323737
0.00032373
0.000323725
0.000323718
0.000323713
0.000323706
0.0003237
0.000323693
0.000323686
0.000323677
0.000323669
0.000323659
0.00032365
0.000323639
0.000323629
0.000323617
0.000323607
0.000323595
0.000323586
0.000323574
0.000323565
0.000323554
0.000323545
0.000323535
0.000323527
0.000323517
0.000323509
0.0003235
0.000323492
0.000323483
0.000323475
0.000323465
0.000323457
0.000323446
0.000323438
0.000323426
0.000323417
0.000323405
0.000323394
0.000323381
0.00032337
0.000323355
0.000323343
0.000323327
0.000323315
0.000323298
0.000323284
0.000323267
0.000323253
0.000323235
0.000323221
0.000323203
0.000323189
0.000323171
0.000323156
0.000323139
0.000323125
0.000323108
0.000323094
0.000323078
0.000323065
0.00032305
0.000323038
0.000323024
0.000323014
0.000323001
0.000322991
0.000322979
0.00032297
0.000322958
0.00032295
0.000322938
0.000322929
0.000322917
0.000322907
0.000322894
0.000322882
0.000322868
0.000322855
0.00032284
0.000322826
0.00032281
0.000322796
0.000322779
0.000322766
0.00032275
0.000322738
0.000322723
0.000322713
0.0003227
0.000322691
0.00032268
0.000322673
0.000322663
0.000322656
0.000322647
0.000322639
0.00032263
0.000322622
0.000322612
0.000322602
0.000322591
0.000322581
0.000322569
0.000322559
0.000322547
0.000322537
0.000322526
0.000322517
0.000322508
0.000322501
0.000322494
0.000322489
0.000322484
0.000322482
0.000322478
0.000322477
0.000322475
0.000322474
0.000322473
0.000322472
0.000322471
0.000322469
0.000322467
0.000322464
0.000322458
0.000322432
0.000322293
0.000321156
0.000320692
0.000513202
0.000314981
0.000300349
0.000297502
0.000296857
0.000296704
0.000296669
0.000296661
0.000296659
0.000296659
0.000296659
0.000296659
0.000296659
0.000296659
0.000296659
0.000296659
0.000296659
0.000296658
0.000296658
0.000296658
0.000296658
0.000296658
0.000296658
0.000296658
0.000296657
0.000296657
0.000296656
0.000296655
0.000296654
0.000296653
0.000296652
0.000296651
0.000296649
0.000296648
0.000296645
0.000296644
0.000296642
0.00029664
0.000296637
0.000296636
0.000296633
0.000296632
0.000296629
0.000296628
0.000296626
0.000296625
0.000296623
0.000296622
0.000296621
0.00029662
0.000296621
0.00029662
0.000296621
0.000296621
0.00029662
0.00029662
0.000296618
0.000296618
0.000296615
0.000296613
0.000296609
0.000296607
0.000296602
0.000296599
0.000296593
0.00029659
0.000296585
0.000296582
0.000296577
0.000296574
0.00029657
0.000296567
0.000296564
0.000296561
0.000296557
0.000296555
0.000296551
0.000296549
0.000296543
0.000296541
0.000296535
0.000296532
0.000296525
0.000296521
0.000296514
0.00029651
0.000296503
0.000296499
0.000296492
0.000296488
0.000296482
0.000296478
0.000296472
0.000296468
0.000296462
0.000296459
0.000296454
0.00029645
0.000296445
0.000296442
0.000296436
0.000296433
0.000296427
0.000296423
0.000296417
0.000296413
0.000296406
0.000296402
0.000296394
0.00029639
0.000296382
0.000296377
0.000296368
0.000296363
0.000296353
0.000296348
0.000296338
0.000296332
0.000296322
0.000296316
0.000296305
0.000296299
0.000296289
0.000296283
0.000296273
0.000296267
0.000296256
0.000296251
0.000296241
0.000296235
0.000296226
0.000296221
0.000296213
0.000296208
0.0002962
0.000296196
0.000296189
0.000296185
0.000296178
0.000296174
0.000296168
0.000296164
0.000296157
0.000296153
0.000296146
0.000296142
0.000296133
0.000296128
0.000296119
0.000296114
0.000296104
0.000296099
0.000296089
0.000296083
0.000296074
0.000296068
0.00029606
0.000296054
0.000296047
0.000296043
0.000296036
0.000296032
0.000296027
0.000296024
0.000296018
0.000296015
0.00029601
0.000296007
0.000296001
0.000295998
0.000295991
0.000295987
0.00029598
0.000295976
0.000295969
0.000295965
0.000295958
0.000295954
0.000295948
0.000295945
0.00029594
0.000295937
0.000295934
0.000295932
0.000295931
0.000295929
0.000295928
0.000295928
0.000295927
0.000295927
0.000295926
0.000295925
0.000295924
0.000295924
0.000295922
0.000295919
0.000295903
0.000295823
0.000295235
0.000294879
0.000457951
0.000295167
0.000284928
0.000282983
0.000282589
0.000282509
0.000282493
0.000282489
0.000282488
0.000282488
0.000282488
0.000282488
0.000282488
0.000282488
0.000282488
0.000282488
0.000282488
0.000282487
0.000282487
0.000282487
0.000282487
0.000282487
0.000282487
0.000282487
0.000282487
0.000282487
0.000282486
0.000282486
0.000282486
0.000282485
0.000282484
0.000282484
0.000282483
0.000282482
0.000282481
0.00028248
0.00028248
0.000282478
0.000282478
0.000282476
0.000282476
0.000282474
0.000282474
0.000282473
0.000282472
0.000282471
0.000282471
0.00028247
0.00028247
0.000282469
0.000282469
0.000282469
0.00028247
0.000282469
0.000282469
0.000282469
0.000282469
0.000282468
0.000282467
0.000282465
0.000282464
0.000282462
0.000282461
0.000282458
0.000282457
0.000282454
0.000282453
0.00028245
0.000282449
0.000282447
0.000282446
0.000282443
0.000282442
0.000282441
0.000282439
0.000282438
0.000282436
0.000282434
0.000282433
0.00028243
0.000282429
0.000282426
0.000282424
0.000282421
0.000282419
0.000282416
0.000282414
0.00028241
0.000282408
0.000282405
0.000282403
0.0002824
0.000282399
0.000282396
0.000282394
0.000282391
0.00028239
0.000282387
0.000282386
0.000282383
0.000282381
0.000282379
0.000282377
0.000282374
0.000282372
0.000282369
0.000282367
0.000282364
0.000282362
0.000282358
0.000282356
0.000282352
0.000282349
0.000282345
0.000282342
0.000282338
0.000282335
0.00028233
0.000282327
0.000282322
0.000282319
0.000282314
0.000282311
0.000282306
0.000282303
0.000282299
0.000282296
0.000282291
0.000282288
0.000282284
0.000282281
0.000282277
0.000282275
0.000282271
0.000282269
0.000282265
0.000282263
0.00028226
0.000282258
0.000282255
0.000282253
0.00028225
0.000282248
0.000282245
0.000282243
0.000282239
0.000282237
0.000282233
0.00028223
0.000282226
0.000282223
0.000282218
0.000282215
0.000282211
0.000282208
0.000282204
0.000282201
0.000282198
0.000282195
0.000282192
0.00028219
0.000282187
0.000282186
0.000282183
0.000282182
0.000282179
0.000282178
0.000282175
0.000282173
0.00028217
0.000282169
0.000282165
0.000282163
0.00028216
0.000282158
0.000282155
0.000282153
0.00028215
0.000282148
0.000282145
0.000282144
0.000282142
0.000282141
0.00028214
0.000282139
0.000282138
0.000282138
0.000282138
0.000282137
0.000282137
0.000282137
0.000282136
0.000282136
0.000282136
0.000282135
0.000282133
0.000282125
0.000282083
0.000281803
0.000281574
0.000411353
0.000283274
0.000276988
0.000275856
0.000275655
0.000275617
0.000275609
0.000275608
0.000275607
0.000275607
0.000275607
0.000275607
0.000275607
0.000275607
0.000275607
0.000275607
0.000275607
0.000275607
0.000275607
0.000275607
0.000275607
0.000275607
0.000275607
0.000275607
0.000275607
0.000275607
0.000275607
0.000275607
0.000275606
0.000275606
0.000275606
0.000275606
0.000275605
0.000275605
0.000275604
0.000275604
0.000275603
0.000275603
0.000275603
0.000275602
0.000275602
0.000275601
0.000275601
0.000275601
0.0002756
0.0002756
0.0002756
0.000275599
0.000275599
0.000275599
0.000275599
0.000275599
0.000275599
0.000275599
0.000275599
0.000275599
0.000275598
0.000275598
0.000275598
0.000275597
0.000275596
0.000275596
0.000275595
0.000275594
0.000275593
0.000275592
0.000275591
0.000275591
0.000275589
0.000275589
0.000275588
0.000275587
0.000275586
0.000275586
0.000275585
0.000275585
0.000275584
0.000275583
0.000275582
0.000275582
0.00027558
0.00027558
0.000275578
0.000275577
0.000275576
0.000275575
0.000275573
0.000275573
0.000275571
0.00027557
0.000275569
0.000275568
0.000275566
0.000275566
0.000275564
0.000275564
0.000275562
0.000275562
0.000275561
0.00027556
0.000275559
0.000275558
0.000275557
0.000275556
0.000275554
0.000275554
0.000275552
0.000275551
0.00027555
0.000275549
0.000275547
0.000275546
0.000275544
0.000275543
0.000275541
0.00027554
0.000275537
0.000275536
0.000275534
0.000275533
0.00027553
0.000275529
0.000275526
0.000275526
0.000275523
0.000275522
0.000275519
0.000275519
0.000275516
0.000275515
0.000275513
0.000275512
0.00027551
0.000275509
0.000275507
0.000275507
0.000275505
0.000275504
0.000275503
0.000275502
0.0002755
0.0002755
0.000275498
0.000275497
0.000275495
0.000275495
0.000275493
0.000275492
0.00027549
0.000275489
0.000275486
0.000275485
0.000275483
0.000275482
0.00027548
0.000275479
0.000275477
0.000275476
0.000275474
0.000275473
0.000275472
0.000275471
0.00027547
0.000275469
0.000275468
0.000275467
0.000275466
0.000275465
0.000275464
0.000275463
0.000275462
0.000275461
0.000275459
0.000275459
0.000275457
0.000275456
0.000275455
0.000275454
0.000275452
0.000275452
0.000275451
0.00027545
0.00027545
0.000275449
0.000275449
0.000275448
0.000275448
0.000275448
0.000275448
0.000275448
0.000275448
0.000275448
0.000275447
0.000275447
0.000275447
0.000275446
0.000275442
0.000275422
0.000275295
0.000275168
0.000373254
0.000276671
0.000273148
0.000272561
0.000272466
0.000272449
0.000272446
0.000272445
0.000272445
0.000272445
0.000272445
0.000272445
0.000272445
0.000272445
0.000272445
0.000272445
0.000272445
0.000272445
0.000272445
0.000272445
0.000272445
0.000272445
0.000272445
0.000272445
0.000272445
0.000272445
0.000272445
0.000272444
0.000272444
0.000272444
0.000272444
0.000272444
0.000272444
0.000272444
0.000272444
0.000272443
0.000272443
0.000272443
0.000272443
0.000272443
0.000272442
0.000272442
0.000272442
0.000272442
0.000272442
0.000272441
0.000272441
0.000272441
0.000272441
0.000272441
0.000272441
0.000272441
0.000272441
0.000272441
0.000272441
0.000272441
0.000272441
0.000272441
0.000272441
0.00027244
0.00027244
0.00027244
0.00027244
0.000272439
0.000272439
0.000272438
0.000272438
0.000272437
0.000272437
0.000272437
0.000272436
0.000272436
0.000272436
0.000272435
0.000272435
0.000272435
0.000272435
0.000272434
0.000272434
0.000272433
0.000272433
0.000272432
0.000272432
0.000272431
0.000272431
0.00027243
0.00027243
0.000272429
0.000272429
0.000272428
0.000272428
0.000272427
0.000272427
0.000272426
0.000272426
0.000272426
0.000272425
0.000272425
0.000272425
0.000272424
0.000272424
0.000272423
0.000272423
0.000272422
0.000272422
0.000272421
0.000272421
0.00027242
0.00027242
0.000272419
0.000272419
0.000272418
0.000272417
0.000272416
0.000272416
0.000272415
0.000272415
0.000272413
0.000272413
0.000272412
0.000272412
0.00027241
0.00027241
0.000272409
0.000272408
0.000272407
0.000272407
0.000272406
0.000272405
0.000272404
0.000272404
0.000272403
0.000272403
0.000272402
0.000272401
0.0002724
0.0002724
0.000272399
0.000272399
0.000272398
0.000272398
0.000272397
0.000272397
0.000272396
0.000272396
0.000272395
0.000272395
0.000272394
0.000272394
0.000272393
0.000272392
0.000272391
0.000272391
0.00027239
0.000272389
0.000272388
0.000272388
0.000272387
0.000272387
0.000272386
0.000272386
0.000272385
0.000272385
0.000272384
0.000272384
0.000272383
0.000272383
0.000272382
0.000272382
0.000272382
0.000272381
0.000272381
0.00027238
0.000272379
0.000272379
0.000272378
0.000272378
0.000272377
0.000272377
0.000272377
0.000272376
0.000272376
0.000272376
0.000272375
0.000272375
0.000272375
0.000272375
0.000272375
0.000272375
0.000272375
0.000272375
0.000272375
0.000272375
0.000272375
0.000272374
0.000272374
0.000272372
0.000272363
0.000272308
0.000272244
0.000343407
0.000273238
0.000271379
0.000271097
0.000271054
0.000271047
0.000271045
0.000271045
0.000271045
0.000271045
0.000271045
0.000271045
0.000271045
0.000271045
0.000271045
0.000271045
0.000271045
0.000271045
0.000271045
0.000271045
0.000271045
0.000271045
0.000271045
0.000271045
0.000271045
0.000271045
0.000271045
0.000271045
0.000271045
0.000271045
0.000271045
0.000271045
0.000271045
0.000271045
0.000271045
0.000271045
0.000271044
0.000271044
0.000271044
0.000271044
0.000271044
0.000271044
0.000271044
0.000271044
0.000271044
0.000271044
0.000271044
0.000271044
0.000271044
0.000271043
0.000271043
0.000271043
0.000271044
0.000271044
0.000271043
0.000271044
0.000271043
0.000271043
0.000271043
0.000271043
0.000271043
0.000271043
0.000271043
0.000271043
0.000271042
0.000271042
0.000271042
0.000271042
0.000271042
0.000271042
0.000271041
0.000271041
0.000271041
0.000271041
0.000271041
0.000271041
0.000271041
0.000271041
0.00027104
0.00027104
0.00027104
0.00027104
0.00027104
0.00027104
0.000271039
0.000271039
0.000271039
0.000271039
0.000271038
0.000271038
0.000271038
0.000271038
0.000271037
0.000271037
0.000271037
0.000271037
0.000271037
0.000271037
0.000271036
0.000271036
0.000271036
0.000271036
0.000271036
0.000271036
0.000271035
0.000271035
0.000271035
0.000271035
0.000271034
0.000271034
0.000271034
0.000271034
0.000271033
0.000271033
0.000271033
0.000271033
0.000271032
0.000271032
0.000271031
0.000271031
0.000271031
0.000271031
0.00027103
0.00027103
0.000271029
0.000271029
0.000271029
0.000271029
0.000271028
0.000271028
0.000271027
0.000271027
0.000271027
0.000271027
0.000271026
0.000271026
0.000271026
0.000271026
0.000271025
0.000271025
0.000271025
0.000271025
0.000271025
0.000271025
0.000271024
0.000271024
0.000271024
0.000271024
0.000271023
0.000271023
0.000271022
0.000271022
0.000271022
0.000271022
0.000271021
0.000271021
0.000271021
0.000271021
0.00027102
0.00027102
0.00027102
0.00027102
0.000271019
0.000271019
0.000271019
0.000271019
0.000271019
0.000271019
0.000271018
0.000271018
0.000271018
0.000271018
0.000271017
0.000271017
0.000271017
0.000271017
0.000271016
0.000271016
0.000271016
0.000271016
0.000271016
0.000271016
0.000271015
0.000271015
0.000271015
0.000271015
0.000271015
0.000271015
0.000271015
0.000271015
0.000271015
0.000271015
0.000271015
0.000271015
0.000271015
0.000271015
0.000271014
0.00027101
0.000270987
0.000270957
0.000321205
0.000271531
0.000270585
0.000270455
0.000270437
0.000270434
0.000270433
0.000270433
0.000270433
0.000270433
0.000270433
0.000270433
0.000270433
0.000270433
0.000270433
0.000270433
0.000270433
0.000270433
0.000270433
0.000270433
0.000270433
0.000270433
0.000270433
0.000270433
0.000270433
0.000270433
0.000270433
0.000270433
0.000270433
0.000270433
0.000270433
0.000270433
0.000270433
0.000270433
0.000270433
0.000270433
0.000270433
0.000270433
0.000270433
0.000270432
0.000270432
0.000270432
0.000270432
0.000270432
0.000270432
0.000270432
0.000270432
0.000270432
0.000270432
0.000270432
0.000270432
0.000270432
0.000270432
0.000270432
0.000270432
0.000270432
0.000270432
0.000270432
0.000270432
0.000270432
0.000270432
0.000270432
0.000270432
0.000270432
0.000270432
0.000270432
0.000270432
0.000270432
0.000270432
0.000270431
0.000270431
0.000270431
0.000270431
0.000270431
0.000270431
0.000270431
0.000270431
0.000270431
0.000270431
0.000270431
0.000270431
0.000270431
0.000270431
0.000270431
0.000270431
0.00027043
0.00027043
0.00027043
0.00027043
0.00027043
0.00027043
0.00027043
0.00027043
0.00027043
0.00027043
0.000270429
0.000270429
0.000270429
0.000270429
0.000270429
0.000270429
0.000270429
0.000270429
0.000270429
0.000270429
0.000270429
0.000270429
0.000270428
0.000270429
0.000270428
0.000270428
0.000270428
0.000270428
0.000270428
0.000270428
0.000270428
0.000270428
0.000270427
0.000270427
0.000270427
0.000270427
0.000270427
0.000270427
0.000270426
0.000270427
0.000270426
0.000270426
0.000270426
0.000270426
0.000270426
0.000270426
0.000270425
0.000270425
0.000270425
0.000270425
0.000270425
0.000270425
0.000270425
0.000270425
0.000270425
0.000270425
0.000270424
0.000270424
0.000270424
0.000270424
0.000270424
0.000270424
0.000270424
0.000270424
0.000270424
0.000270424
0.000270423
0.000270423
0.000270423
0.000270423
0.000270423
0.000270423
0.000270422
0.000270422
0.000270422
0.000270422
0.000270422
0.000270422
0.000270422
0.000270422
0.000270422
0.000270422
0.000270422
0.000270422
0.000270422
0.000270422
0.000270421
0.000270421
0.000270421
0.000270421
0.000270421
0.000270421
0.000270421
0.000270421
0.000270421
0.000270421
0.00027042
0.00027042
0.00027042
0.00027042
0.00027042
0.00027042
0.00027042
0.00027042
0.00027042
0.00027042
0.00027042
0.00027042
0.00027042
0.00027042
0.00027042
0.00027042
0.000270418
0.000270408
0.000270395
0.00030518
0.000270677
0.000270203
0.000270146
0.000270138
0.000270137
0.000270137
0.000270137
0.000270137
0.000270137
0.000270137
0.000270137
0.000270137
0.000270137
0.000270137
0.000270137
0.000270137
0.000270137
0.000270137
0.000270137
0.000270137
0.000270137
0.000270137
0.000270137
0.000270137
0.000270137
0.000270137
0.000270137
0.000270137
0.000270137
0.000270137
0.000270137
0.000270137
0.000270137
0.000270137
0.000270137
0.000270137
0.000270137
0.000270137
0.000270137
0.000270137
0.000270137
0.000270137
0.000270137
0.000270137
0.000270136
0.000270136
0.000270136
0.000270136
0.000270136
0.000270136
0.000270136
0.000270136
0.000270136
0.000270136
0.000270137
0.000270136
0.000270137
0.000270136
0.000270137
0.000270136
0.000270137
0.000270136
0.000270136
0.000270136
0.000270136
0.000270136
0.000270136
0.000270136
0.000270136
0.000270136
0.000270136
0.000270136
0.000270136
0.000270136
0.000270136
0.000270136
0.000270136
0.000270136
0.000270136
0.000270136
0.000270136
0.000270136
0.000270136
0.000270136
0.000270136
0.000270136
0.000270136
0.000270136
0.000270136
0.000270136
0.000270136
0.000270135
0.000270135
0.000270135
0.000270135
0.000270135
0.000270135
0.000270135
0.000270135
0.000270135
0.000270135
0.000270135
0.000270135
0.000270135
0.000270135
0.000270135
0.000270135
0.000270135
0.000270135
0.000270135
0.000270135
0.000270135
0.000270135
0.000270135
0.000270135
0.000270135
0.000270135
0.000270134
0.000270135
0.000270134
0.000270134
0.000270134
0.000270134
0.000270134
0.000270134
0.000270134
0.000270134
0.000270134
0.000270134
0.000270134
0.000270134
0.000270134
0.000270134
0.000270134
0.000270134
0.000270133
0.000270133
0.000270133
0.000270133
0.000270133
0.000270133
0.000270133
0.000270133
0.000270133
0.000270133
0.000270133
0.000270133
0.000270133
0.000270133
0.000270133
0.000270133
0.000270133
0.000270133
0.000270133
0.000270133
0.000270133
0.000270133
0.000270132
0.000270132
0.000270132
0.000270132
0.000270132
0.000270132
0.000270132
0.000270132
0.000270132
0.000270132
0.000270132
0.000270132
0.000270132
0.000270132
0.000270132
0.000270132
0.000270132
0.000270132
0.000270132
0.000270132
0.000270132
0.000270132
0.000270132
0.000270132
0.000270132
0.000270132
0.000270132
0.000270131
0.000270131
0.000270131
0.000270131
0.000270131
0.000270131
0.000270132
0.000270131
0.000270132
0.000270131
0.000270131
0.000270131
0.000270131
0.000270126
0.000270121
0.000294512
0.000270178
0.000269923
0.000269898
0.000269894
0.000269894
0.000269894
0.000269894
0.000269894
0.000269894
0.000269894
0.000269894
0.000269894
0.000269894
0.000269894
0.000269894
0.000269894
0.000269894
0.000269894
0.000269894
0.000269894
0.000269894
0.000269894
0.000269894
0.000269894
0.000269894
0.000269894
0.000269894
0.000269894
0.000269894
0.000269894
0.000269894
0.000269894
0.000269894
0.000269894
0.000269894
0.000269894
0.000269894
0.000269894
0.000269894
0.000269894
0.000269894
0.000269894
0.000269894
0.000269894
0.000269893
0.000269893
0.000269893
0.000269893
0.000269893
0.000269893
0.000269893
0.000269893
0.000269893
0.000269893
0.000269893
0.000269894
0.000269894
0.000269894
0.000269894
0.000269894
0.000269894
0.000269894
0.000269893
0.000269894
0.000269893
0.000269893
0.000269893
0.000269893
0.000269893
0.000269893
0.000269893
0.000269893
0.000269893
0.000269893
0.000269893
0.000269893
0.000269893
0.000269893
0.000269893
0.000269893
0.000269893
0.000269893
0.000269893
0.000269893
0.000269893
0.000269893
0.000269893
0.000269893
0.000269893
0.000269893
0.000269893
0.000269893
0.000269893
0.000269893
0.000269893
0.000269893
0.000269893
0.000269893
0.000269893
0.000269893
0.000269893
0.000269893
0.000269893
0.000269893
0.000269893
0.000269893
0.000269893
0.000269893
0.000269893
0.000269893
0.000269893
0.000269893
0.000269893
0.000269893
0.000269893
0.000269893
0.000269893
0.000269893
0.000269893
0.000269893
0.000269893
0.000269893
0.000269893
0.000269893
0.000269893
0.000269893
0.000269892
0.000269893
0.000269892
0.000269892
0.000269892
0.000269892
0.000269892
0.000269892
0.000269892
0.000269892
0.000269892
0.000269892
0.000269892
0.000269892
0.000269892
0.000269892
0.000269892
0.000269892
0.000269892
0.000269892
0.000269892
0.000269892
0.000269892
0.000269892
0.000269892
0.000269892
0.000269892
0.000269892
0.000269892
0.000269892
0.000269892
0.000269892
0.000269892
0.000269892
0.000269892
0.000269892
0.000269892
0.000269892
0.000269892
0.000269892
0.000269892
0.000269892
0.000269892
0.000269892
0.000269892
0.000269892
0.000269892
0.000269892
0.000269892
0.000269892
0.000269892
0.000269892
0.000269891
0.000269891
0.000269891
0.000269891
0.000269891
0.000269891
0.000269891
0.000269891
0.000269891
0.000269891
0.000269891
0.000269891
0.000269891
0.000269891
0.000269891
0.000269891
0.000269891
0.000269891
0.000269891
0.000269889
0.000269887
0.000173025
0.000153831
0.000153773
0.000153767
0.000153767
0.000153766
0.000153766
0.000153766
0.000153766
0.000153766
0.000153766
0.000153767
0.000153766
0.000153767
0.000153766
0.000153766
0.000153766
0.000153766
0.000153766
0.000153766
0.000153766
0.000153766
0.000153767
0.000153767
0.000153767
0.000153767
0.000153767
0.000153767
0.000153767
0.000153767
0.000153767
0.000153767
0.000153767
0.000153767
0.000153767
0.000153768
0.000153768
0.000153768
0.000153768
0.000153768
0.000153768
0.000153768
0.000153768
0.000153768
0.000153767
0.000153767
0.000153766
0.000153766
0.000153766
0.000153765
0.000153766
0.000153765
0.000153766
0.000153766
0.000153767
0.000153767
0.000153768
0.000153768
0.000153768
0.000153769
0.000153769
0.00015377
0.000153769
0.00015377
0.000153769
0.000153769
0.000153768
0.000153768
0.000153768
0.000153767
0.000153767
0.000153767
0.000153767
0.000153767
0.000153768
0.000153768
0.000153768
0.000153769
0.000153769
0.000153769
0.000153769
0.00015377
0.000153769
0.00015377
0.000153769
0.00015377
0.000153769
0.000153769
0.000153769
0.000153769
0.000153769
0.000153769
0.000153768
0.000153768
0.000153768
0.000153768
0.000153768
0.000153768
0.000153768
0.000153769
0.000153768
0.000153769
0.000153769
0.000153769
0.000153769
0.000153769
0.000153769
0.00015377
0.000153769
0.00015377
0.00015377
0.00015377
0.00015377
0.000153771
0.00015377
0.000153771
0.00015377
0.000153771
0.00015377
0.000153771
0.00015377
0.000153771
0.00015377
0.000153771
0.00015377
0.000153771
0.00015377
0.000153771
0.00015377
0.00015377
0.000153769
0.00015377
0.000153769
0.000153769
0.000153768
0.000153768
0.000153768
0.000153768
0.000153768
0.000153768
0.000153768
0.000153768
0.000153768
0.000153769
0.000153769
0.00015377
0.00015377
0.000153771
0.00015377
0.000153771
0.00015377
0.000153771
0.00015377
0.000153771
0.00015377
0.00015377
0.000153769
0.000153769
0.000153768
0.000153768
0.000153767
0.000153767
0.000153767
0.000153767
0.000153767
0.000153768
0.000153768
0.000153769
0.000153769
0.000153769
0.000153769
0.00015377
0.000153769
0.00015377
0.000153769
0.000153769
0.000153768
0.000153768
0.000153768
0.000153767
0.000153767
0.000153766
0.000153766
0.000153765
0.000153765
0.000153765
0.000153765
0.000153765
0.000153766
0.000153766
0.000153766
0.000153767
0.000153767
0.000153767
0.000153767
0.000153767
0.000153766
0.000153766
0.000153765
0.000153751
8.27382e-05
7.73982e-05
7.75421e-05
7.75485e-05
7.75494e-05
7.75494e-05
7.75495e-05
7.75496e-05
7.75497e-05
7.75497e-05
7.75497e-05
7.75497e-05
7.75497e-05
7.75497e-05
7.75497e-05
7.75496e-05
7.75496e-05
7.75495e-05
7.75496e-05
7.75496e-05
7.75497e-05
7.75497e-05
7.75498e-05
7.75498e-05
7.75499e-05
7.755e-05
7.755e-05
7.75501e-05
7.75501e-05
7.75501e-05
7.75502e-05
7.75502e-05
7.75503e-05
7.75503e-05
7.75505e-05
7.75506e-05
7.75508e-05
7.75509e-05
7.75509e-05
7.7551e-05
7.75509e-05
7.75509e-05
7.75506e-05
7.75505e-05
7.75501e-05
7.75499e-05
7.75495e-05
7.75487e-05
7.75485e-05
7.75477e-05
7.75481e-05
7.75478e-05
7.75487e-05
7.75489e-05
7.75498e-05
7.75502e-05
7.75506e-05
7.75511e-05
7.75514e-05
7.75518e-05
7.75518e-05
7.75521e-05
7.75519e-05
7.7552e-05
7.75517e-05
7.75515e-05
7.75512e-05
7.75509e-05
7.75508e-05
7.75504e-05
7.75504e-05
7.75502e-05
7.75504e-05
7.75504e-05
7.75507e-05
7.75509e-05
7.75511e-05
7.75514e-05
7.75516e-05
7.7552e-05
7.7552e-05
7.75523e-05
7.75522e-05
7.75523e-05
7.75522e-05
7.75522e-05
7.75521e-05
7.75519e-05
7.75518e-05
7.75516e-05
7.75516e-05
7.75514e-05
7.75514e-05
7.75513e-05
7.75513e-05
7.75512e-05
7.75513e-05
7.75513e-05
7.75513e-05
7.75514e-05
7.75515e-05
7.75515e-05
7.75516e-05
7.75517e-05
7.75518e-05
7.75519e-05
7.75521e-05
7.75522e-05
7.75523e-05
7.75524e-05
7.75526e-05
7.75527e-05
7.75528e-05
7.75528e-05
7.75529e-05
7.7553e-05
7.7553e-05
7.7553e-05
7.75531e-05
7.75531e-05
7.75532e-05
7.75531e-05
7.75532e-05
7.75531e-05
7.75531e-05
7.75531e-05
7.7553e-05
7.7553e-05
7.75528e-05
7.75527e-05
7.75525e-05
7.75524e-05
7.75521e-05
7.75519e-05
7.75517e-05
7.75515e-05
7.75514e-05
7.75512e-05
7.75513e-05
7.75512e-05
7.75514e-05
7.75515e-05
7.75518e-05
7.7552e-05
7.75524e-05
7.75526e-05
7.75529e-05
7.75532e-05
7.75534e-05
7.75536e-05
7.75535e-05
7.75536e-05
7.75533e-05
7.75532e-05
7.75528e-05
7.75525e-05
7.75521e-05
7.75517e-05
7.75514e-05
7.7551e-05
7.75509e-05
7.75506e-05
7.75508e-05
7.75507e-05
7.7551e-05
7.75511e-05
7.75515e-05
7.75517e-05
7.7552e-05
7.75524e-05
7.75525e-05
7.75528e-05
7.75527e-05
7.75528e-05
7.75525e-05
7.75524e-05
7.7552e-05
7.75517e-05
7.75513e-05
7.75508e-05
7.75505e-05
7.755e-05
7.75499e-05
7.75492e-05
7.75493e-05
7.75488e-05
7.75493e-05
7.75493e-05
7.75498e-05
7.755e-05
7.75501e-05
7.75504e-05
7.75505e-05
7.75507e-05
7.75506e-05
7.75507e-05
7.75504e-05
7.75503e-05
7.75498e-05
7.75459e-05
1.56211e-05
1.54627e-05
1.54726e-05
1.54732e-05
1.54733e-05
1.54733e-05
1.54733e-05
1.54733e-05
1.54734e-05
1.54734e-05
1.54734e-05
1.54734e-05
1.54734e-05
1.54734e-05
1.54734e-05
1.54733e-05
1.54733e-05
1.54733e-05
1.54733e-05
1.54733e-05
1.54734e-05
1.54734e-05
1.54734e-05
1.54734e-05
1.54734e-05
1.54735e-05
1.54735e-05
1.54735e-05
1.54735e-05
1.54735e-05
1.54735e-05
1.54735e-05
1.54735e-05
1.54736e-05
1.54736e-05
1.54737e-05
1.54737e-05
1.54738e-05
1.54737e-05
1.54738e-05
1.54737e-05
1.54738e-05
1.54736e-05
1.54737e-05
1.54735e-05
1.54734e-05
1.54733e-05
1.54731e-05
1.54731e-05
1.54728e-05
1.5473e-05
1.54728e-05
1.54731e-05
1.54731e-05
1.54734e-05
1.54735e-05
1.54736e-05
1.54739e-05
1.54738e-05
1.54741e-05
1.5474e-05
1.54742e-05
1.5474e-05
1.54742e-05
1.54739e-05
1.5474e-05
1.54738e-05
1.54738e-05
1.54737e-05
1.54736e-05
1.54736e-05
1.54735e-05
1.54736e-05
1.54736e-05
1.54736e-05
1.54738e-05
1.54738e-05
1.5474e-05
1.54739e-05
1.54741e-05
1.5474e-05
1.54742e-05
1.54741e-05
1.54743e-05
1.54741e-05
1.54742e-05
1.5474e-05
1.54741e-05
1.5474e-05
1.5474e-05
1.54739e-05
1.54739e-05
1.54738e-05
1.54739e-05
1.54738e-05
1.54739e-05
1.54738e-05
1.54739e-05
1.54738e-05
1.54739e-05
1.54739e-05
1.5474e-05
1.54739e-05
1.5474e-05
1.5474e-05
1.54741e-05
1.5474e-05
1.54742e-05
1.54741e-05
1.54743e-05
1.54742e-05
1.54744e-05
1.54742e-05
1.54744e-05
1.54743e-05
1.54745e-05
1.54743e-05
1.54745e-05
1.54743e-05
1.54745e-05
1.54743e-05
1.54745e-05
1.54743e-05
1.54745e-05
1.54743e-05
1.54745e-05
1.54743e-05
1.54745e-05
1.54742e-05
1.54744e-05
1.54741e-05
1.54743e-05
1.5474e-05
1.54741e-05
1.54739e-05
1.54739e-05
1.54738e-05
1.54738e-05
1.54738e-05
1.54738e-05
1.54738e-05
1.54739e-05
1.54739e-05
1.54741e-05
1.54741e-05
1.54743e-05
1.54743e-05
1.54745e-05
1.54744e-05
1.54747e-05
1.54744e-05
1.54747e-05
1.54744e-05
1.54745e-05
1.54742e-05
1.54743e-05
1.5474e-05
1.5474e-05
1.54738e-05
1.54738e-05
1.54737e-05
1.54736e-05
1.54736e-05
1.54736e-05
1.54737e-05
1.54738e-05
1.54738e-05
1.5474e-05
1.5474e-05
1.54742e-05
1.54741e-05
1.54744e-05
1.54742e-05
1.54744e-05
1.54741e-05
1.54743e-05
1.5474e-05
1.5474e-05
1.54738e-05
1.54737e-05
1.54735e-05
1.54734e-05
1.54733e-05
1.54731e-05
1.54732e-05
1.5473e-05
1.54732e-05
1.54732e-05
1.54733e-05
1.54734e-05
1.54734e-05
1.54735e-05
1.54735e-05
1.54736e-05
1.54735e-05
1.54736e-05
1.54735e-05
1.54735e-05
1.54733e-05
1.54724e-05
2.43943e-06
2.44788e-06
2.44792e-06
2.44793e-06
2.44794e-06
2.44793e-06
2.44794e-06
2.44794e-06
2.44794e-06
2.44795e-06
2.44795e-06
2.44795e-06
2.44795e-06
2.44795e-06
2.44794e-06
2.44794e-06
2.44794e-06
2.44793e-06
2.44794e-06
2.44794e-06
2.44794e-06
2.44795e-06
2.44795e-06
2.44796e-06
2.44797e-06
2.44797e-06
2.44798e-06
2.44798e-06
2.44799e-06
2.44799e-06
2.448e-06
2.448e-06
2.44802e-06
2.44801e-06
2.44805e-06
2.44804e-06
2.44807e-06
2.44807e-06
2.44809e-06
2.44809e-06
2.44808e-06
2.44808e-06
2.44805e-06
2.44803e-06
2.448e-06
2.44797e-06
2.44793e-06
2.4479e-06
2.4479e-06
2.44786e-06
2.44789e-06
2.44786e-06
2.44791e-06
2.44791e-06
2.44796e-06
2.448e-06
2.44805e-06
2.4481e-06
2.44814e-06
2.44818e-06
2.44819e-06
2.44821e-06
2.44821e-06
2.44819e-06
2.44818e-06
2.44814e-06
2.44812e-06
2.44807e-06
2.44807e-06
2.44802e-06
2.44803e-06
2.448e-06
2.44803e-06
2.44802e-06
2.44806e-06
2.44807e-06
2.44811e-06
2.44813e-06
2.44817e-06
2.44819e-06
2.44822e-06
2.44822e-06
2.44824e-06
2.44823e-06
2.44824e-06
2.44821e-06
2.44822e-06
2.44818e-06
2.44819e-06
2.44815e-06
2.44816e-06
2.44813e-06
2.44814e-06
2.44811e-06
2.44813e-06
2.44811e-06
2.44813e-06
2.44811e-06
2.44813e-06
2.44812e-06
2.44815e-06
2.44814e-06
2.44816e-06
2.44815e-06
2.44819e-06
2.44818e-06
2.44822e-06
2.44821e-06
2.44825e-06
2.44824e-06
2.44827e-06
2.44826e-06
2.4483e-06
2.44828e-06
2.44832e-06
2.44829e-06
2.44833e-06
2.4483e-06
2.44834e-06
2.44831e-06
2.44834e-06
2.44831e-06
2.44834e-06
2.44831e-06
2.44834e-06
2.44831e-06
2.44833e-06
2.44829e-06
2.44831e-06
2.44827e-06
2.44827e-06
2.44823e-06
2.44822e-06
2.44818e-06
2.44817e-06
2.44813e-06
2.44814e-06
2.4481e-06
2.44812e-06
2.4481e-06
2.44814e-06
2.44813e-06
2.44818e-06
2.44818e-06
2.44825e-06
2.44825e-06
2.44831e-06
2.44832e-06
2.44836e-06
2.44836e-06
2.44838e-06
2.44836e-06
2.44836e-06
2.44831e-06
2.4483e-06
2.44824e-06
2.44822e-06
2.44815e-06
2.44814e-06
2.44807e-06
2.44808e-06
2.44803e-06
2.44806e-06
2.44804e-06
2.44809e-06
2.44808e-06
2.44814e-06
2.44815e-06
2.44821e-06
2.44822e-06
2.44826e-06
2.44827e-06
2.44829e-06
2.44827e-06
2.44826e-06
2.44823e-06
2.4482e-06
2.44815e-06
2.44812e-06
2.44805e-06
2.44803e-06
2.44797e-06
2.44795e-06
2.44791e-06
2.44792e-06
2.4479e-06
2.44792e-06
2.44792e-06
2.44794e-06
2.44796e-06
2.44799e-06
2.44801e-06
2.44802e-06
2.44804e-06
2.44804e-06
2.44804e-06
2.44802e-06
2.448e-06
2.44795e-06
2.44784e-06
6.335e-07
6.33713e-07
6.33697e-07
6.33696e-07
6.33696e-07
6.33696e-07
6.33696e-07
6.33696e-07
6.33697e-07
6.33698e-07
6.33698e-07
6.337e-07
6.33697e-07
6.33698e-07
6.33697e-07
6.33697e-07
6.33697e-07
6.33696e-07
6.33696e-07
6.33696e-07
6.33697e-07
6.33698e-07
6.33699e-07
6.33702e-07
6.33701e-07
6.33705e-07
6.33702e-07
6.33707e-07
6.33704e-07
6.33709e-07
6.33706e-07
6.33711e-07
6.33709e-07
6.33714e-07
6.33712e-07
6.33722e-07
6.33716e-07
6.33729e-07
6.33718e-07
6.33732e-07
6.33718e-07
6.3373e-07
6.33713e-07
6.3372e-07
6.33705e-07
6.33703e-07
6.33696e-07
6.33691e-07
6.3369e-07
6.33685e-07
6.33688e-07
6.33685e-07
6.33691e-07
6.33692e-07
6.337e-07
6.33711e-07
6.33714e-07
6.33735e-07
6.33726e-07
6.33754e-07
6.33735e-07
6.33763e-07
6.33737e-07
6.33759e-07
6.33732e-07
6.33746e-07
6.33724e-07
6.33729e-07
6.33716e-07
6.33716e-07
6.3371e-07
6.33711e-07
6.3371e-07
6.33716e-07
6.33715e-07
6.33729e-07
6.33723e-07
6.33744e-07
6.33731e-07
6.33758e-07
6.33738e-07
6.33765e-07
6.33741e-07
6.33767e-07
6.33741e-07
6.33763e-07
6.33738e-07
6.33756e-07
6.33734e-07
6.33748e-07
6.3373e-07
6.33742e-07
6.33727e-07
6.33739e-07
6.33725e-07
6.33738e-07
6.33725e-07
6.33739e-07
6.33726e-07
6.33742e-07
6.33728e-07
6.33745e-07
6.3373e-07
6.33749e-07
6.33734e-07
6.33755e-07
6.33738e-07
6.33762e-07
6.33743e-07
6.33769e-07
6.33747e-07
6.33776e-07
6.3375e-07
6.3378e-07
6.33753e-07
6.33784e-07
6.33755e-07
6.33786e-07
6.33756e-07
6.33787e-07
6.33757e-07
6.33787e-07
6.33757e-07
6.33788e-07
6.33757e-07
6.33787e-07
6.33755e-07
6.33784e-07
6.33751e-07
6.33777e-07
6.33746e-07
6.33767e-07
6.33739e-07
6.33756e-07
6.33732e-07
6.33744e-07
6.33726e-07
6.33737e-07
6.33724e-07
6.33736e-07
6.33727e-07
6.33743e-07
6.33733e-07
6.33757e-07
6.33743e-07
6.33774e-07
6.33753e-07
6.3379e-07
6.3376e-07
6.338e-07
6.33763e-07
6.338e-07
6.33759e-07
6.33789e-07
6.3375e-07
6.3377e-07
6.33738e-07
6.33749e-07
6.33726e-07
6.3373e-07
6.33718e-07
6.3372e-07
6.33715e-07
6.33721e-07
6.33719e-07
6.33733e-07
6.33727e-07
6.3375e-07
6.33737e-07
6.33767e-07
6.33745e-07
6.33779e-07
6.33749e-07
6.33779e-07
6.33746e-07
6.33769e-07
6.33736e-07
6.33749e-07
6.33723e-07
6.33726e-07
6.3371e-07
6.33704e-07
6.33699e-07
6.33693e-07
6.33694e-07
6.3369e-07
6.33694e-07
6.33693e-07
6.33697e-07
6.33703e-07
6.33704e-07
6.33715e-07
6.33709e-07
6.33723e-07
6.33711e-07
6.33722e-07
6.33708e-07
6.33713e-07
6.33699e-07
6.33685e-07
1.94074e-07
1.93168e-07
1.93165e-07
1.93165e-07
1.93165e-07
1.93165e-07
1.93165e-07
1.93165e-07
1.93165e-07
1.93165e-07
1.93165e-07
1.93166e-07
1.93165e-07
1.93166e-07
1.93165e-07
1.93165e-07
1.93165e-07
1.93165e-07
1.93165e-07
1.93165e-07
1.93165e-07
1.93165e-07
1.93166e-07
1.93166e-07
1.93166e-07
1.93166e-07
1.93167e-07
1.93167e-07
1.93167e-07
1.93167e-07
1.93167e-07
1.93167e-07
1.93168e-07
1.93168e-07
1.93169e-07
1.93168e-07
1.9317e-07
1.93169e-07
1.9317e-07
1.9317e-07
1.9317e-07
1.93169e-07
1.93169e-07
1.93168e-07
1.93167e-07
1.93166e-07
1.93165e-07
1.93164e-07
1.93165e-07
1.93163e-07
1.93164e-07
1.93163e-07
1.93165e-07
1.93164e-07
1.93166e-07
1.93167e-07
1.93169e-07
1.9317e-07
1.93172e-07
1.93172e-07
1.93174e-07
1.93174e-07
1.93175e-07
1.93173e-07
1.93174e-07
1.93171e-07
1.93172e-07
1.93169e-07
1.9317e-07
1.93168e-07
1.93168e-07
1.93167e-07
1.93168e-07
1.93168e-07
1.93169e-07
1.93169e-07
1.93171e-07
1.93171e-07
1.93173e-07
1.93173e-07
1.93175e-07
1.93174e-07
1.93176e-07
1.93174e-07
1.93176e-07
1.93174e-07
1.93175e-07
1.93173e-07
1.93174e-07
1.93172e-07
1.93173e-07
1.93171e-07
1.93172e-07
1.93171e-07
1.93172e-07
1.9317e-07
1.93172e-07
1.93171e-07
1.93172e-07
1.93171e-07
1.93173e-07
1.93171e-07
1.93173e-07
1.93172e-07
1.93174e-07
1.93173e-07
1.93175e-07
1.93173e-07
1.93176e-07
1.93174e-07
1.93177e-07
1.93175e-07
1.93178e-07
1.93176e-07
1.93179e-07
1.93176e-07
1.93179e-07
1.93176e-07
1.93179e-07
1.93177e-07
1.93179e-07
1.93177e-07
1.9318e-07
1.93177e-07
1.93179e-07
1.93177e-07
1.93179e-07
1.93176e-07
1.93178e-07
1.93175e-07
1.93177e-07
1.93174e-07
1.93175e-07
1.93173e-07
1.93174e-07
1.93171e-07
1.93172e-07
1.9317e-07
1.93172e-07
1.9317e-07
1.93172e-07
1.93171e-07
1.93174e-07
1.93173e-07
1.93176e-07
1.93175e-07
1.93179e-07
1.93177e-07
1.9318e-07
1.93178e-07
1.93181e-07
1.93178e-07
1.9318e-07
1.93177e-07
1.93178e-07
1.93174e-07
1.93175e-07
1.93172e-07
1.93172e-07
1.93169e-07
1.9317e-07
1.93168e-07
1.9317e-07
1.93168e-07
1.93171e-07
1.9317e-07
1.93172e-07
1.93172e-07
1.93175e-07
1.93174e-07
1.93177e-07
1.93176e-07
1.93178e-07
1.93176e-07
1.93177e-07
1.93174e-07
1.93175e-07
1.93172e-07
1.93172e-07
1.93169e-07
1.93169e-07
1.93166e-07
1.93166e-07
1.93165e-07
1.93165e-07
1.93164e-07
1.93165e-07
1.93165e-07
1.93166e-07
1.93166e-07
1.93167e-07
1.93168e-07
1.93168e-07
1.93169e-07
1.93169e-07
1.93169e-07
1.93168e-07
1.93167e-07
1.93166e-07
1.93164e-07
5.98594e-08
5.9355e-08
5.93539e-08
5.93538e-08
5.93538e-08
5.93538e-08
5.93538e-08
5.93538e-08
5.93538e-08
5.93538e-08
5.93538e-08
5.93539e-08
5.93538e-08
5.93539e-08
5.93538e-08
5.93538e-08
5.93538e-08
5.93538e-08
5.93538e-08
5.93538e-08
5.93538e-08
5.93538e-08
5.93539e-08
5.93539e-08
5.93539e-08
5.9354e-08
5.93539e-08
5.93541e-08
5.93539e-08
5.93541e-08
5.9354e-08
5.93542e-08
5.9354e-08
5.93543e-08
5.93541e-08
5.93545e-08
5.93542e-08
5.93546e-08
5.93542e-08
5.93547e-08
5.93542e-08
5.93547e-08
5.93541e-08
5.93544e-08
5.9354e-08
5.9354e-08
5.93538e-08
5.93537e-08
5.93537e-08
5.93536e-08
5.93537e-08
5.93536e-08
5.93537e-08
5.93537e-08
5.93539e-08
5.93542e-08
5.93541e-08
5.93548e-08
5.93544e-08
5.93553e-08
5.93545e-08
5.93555e-08
5.93546e-08
5.93554e-08
5.93545e-08
5.93551e-08
5.93543e-08
5.93546e-08
5.93542e-08
5.93543e-08
5.93541e-08
5.93542e-08
5.93541e-08
5.93543e-08
5.93542e-08
5.93546e-08
5.93543e-08
5.9355e-08
5.93545e-08
5.93554e-08
5.93546e-08
5.93556e-08
5.93547e-08
5.93556e-08
5.93547e-08
5.93555e-08
5.93546e-08
5.93553e-08
5.93545e-08
5.93551e-08
5.93544e-08
5.9355e-08
5.93544e-08
5.93549e-08
5.93544e-08
5.93549e-08
5.93543e-08
5.93549e-08
5.93544e-08
5.9355e-08
5.93544e-08
5.93551e-08
5.93545e-08
5.93552e-08
5.93545e-08
5.93553e-08
5.93546e-08
5.93555e-08
5.93547e-08
5.93557e-08
5.93548e-08
5.93558e-08
5.93548e-08
5.9356e-08
5.93549e-08
5.93561e-08
5.93549e-08
5.93561e-08
5.9355e-08
5.93561e-08
5.9355e-08
5.93562e-08
5.9355e-08
5.93562e-08
5.9355e-08
5.93561e-08
5.93549e-08
5.93561e-08
5.93549e-08
5.93559e-08
5.93548e-08
5.93556e-08
5.93546e-08
5.93553e-08
5.93545e-08
5.9355e-08
5.93544e-08
5.93548e-08
5.93543e-08
5.93548e-08
5.93544e-08
5.9355e-08
5.93545e-08
5.93554e-08
5.93547e-08
5.93558e-08
5.93549e-08
5.93562e-08
5.9355e-08
5.93565e-08
5.93551e-08
5.93565e-08
5.9355e-08
5.93562e-08
5.93548e-08
5.93557e-08
5.93546e-08
5.93552e-08
5.93544e-08
5.93547e-08
5.93542e-08
5.93544e-08
5.93542e-08
5.93545e-08
5.93542e-08
5.93547e-08
5.93544e-08
5.93552e-08
5.93546e-08
5.93556e-08
5.93548e-08
5.93559e-08
5.93548e-08
5.9356e-08
5.93548e-08
5.93557e-08
5.93546e-08
5.93552e-08
5.93543e-08
5.93546e-08
5.93541e-08
5.9354e-08
5.93539e-08
5.93538e-08
5.93538e-08
5.93537e-08
5.93538e-08
5.93538e-08
5.93538e-08
5.9354e-08
5.9354e-08
5.93543e-08
5.93541e-08
5.93545e-08
5.93541e-08
5.93545e-08
5.9354e-08
5.93543e-08
5.93539e-08
5.93535e-08
1.429e-08
1.41959e-08
1.41957e-08
1.41957e-08
1.41957e-08
1.41957e-08
1.41957e-08
1.41957e-08
1.41957e-08
1.41957e-08
1.41957e-08
1.41957e-08
1.41957e-08
1.41957e-08
1.41957e-08
1.41957e-08
1.41957e-08
1.41957e-08
1.41957e-08
1.41957e-08
1.41957e-08
1.41957e-08
1.41957e-08
1.41957e-08
1.41957e-08
1.41957e-08
1.41957e-08
1.41957e-08
1.41957e-08
1.41957e-08
1.41957e-08
1.41957e-08
1.41957e-08
1.41957e-08
1.41958e-08
1.41958e-08
1.41958e-08
1.41958e-08
1.41958e-08
1.41958e-08
1.41958e-08
1.41958e-08
1.41958e-08
1.41957e-08
1.41957e-08
1.41957e-08
1.41957e-08
1.41957e-08
1.41957e-08
1.41957e-08
1.41957e-08
1.41957e-08
1.41957e-08
1.41957e-08
1.41957e-08
1.41957e-08
1.41958e-08
1.41958e-08
1.41958e-08
1.41958e-08
1.41958e-08
1.41958e-08
1.41958e-08
1.41958e-08
1.41958e-08
1.41958e-08
1.41958e-08
1.41958e-08
1.41958e-08
1.41957e-08
1.41958e-08
1.41957e-08
1.41958e-08
1.41957e-08
1.41958e-08
1.41958e-08
1.41958e-08
1.41958e-08
1.41958e-08
1.41958e-08
1.41958e-08
1.41958e-08
1.41958e-08
1.41958e-08
1.41958e-08
1.41958e-08
1.41958e-08
1.41958e-08
1.41958e-08
1.41958e-08
1.41958e-08
1.41958e-08
1.41958e-08
1.41958e-08
1.41958e-08
1.41958e-08
1.41958e-08
1.41958e-08
1.41958e-08
1.41958e-08
1.41958e-08
1.41958e-08
1.41958e-08
1.41958e-08
1.41958e-08
1.41958e-08
1.41958e-08
1.41958e-08
1.41958e-08
1.41958e-08
1.41959e-08
1.41958e-08
1.41959e-08
1.41958e-08
1.41959e-08
1.41958e-08
1.41959e-08
1.41958e-08
1.41959e-08
1.41958e-08
1.41959e-08
1.41959e-08
1.41959e-08
1.41959e-08
1.41959e-08
1.41958e-08
1.41959e-08
1.41958e-08
1.41959e-08
1.41958e-08
1.41959e-08
1.41958e-08
1.41958e-08
1.41958e-08
1.41958e-08
1.41958e-08
1.41958e-08
1.41958e-08
1.41958e-08
1.41958e-08
1.41958e-08
1.41958e-08
1.41958e-08
1.41958e-08
1.41958e-08
1.41958e-08
1.41959e-08
1.41959e-08
1.41959e-08
1.41959e-08
1.41959e-08
1.41959e-08
1.41959e-08
1.41959e-08
1.41959e-08
1.41958e-08
1.41958e-08
1.41958e-08
1.41958e-08
1.41958e-08
1.41958e-08
1.41958e-08
1.41958e-08
1.41958e-08
1.41958e-08
1.41958e-08
1.41958e-08
1.41958e-08
1.41958e-08
1.41958e-08
1.41959e-08
1.41958e-08
1.41959e-08
1.41958e-08
1.41959e-08
1.41958e-08
1.41958e-08
1.41958e-08
1.41958e-08
1.41958e-08
1.41958e-08
1.41957e-08
1.41957e-08
1.41957e-08
1.41957e-08
1.41957e-08
1.41957e-08
1.41957e-08
1.41957e-08
1.41957e-08
1.41957e-08
1.41957e-08
1.41958e-08
1.41958e-08
1.41958e-08
1.41958e-08
1.41958e-08
1.41957e-08
1.41957e-08
1.41957e-08
2.05303e-09
2.04662e-09
2.04661e-09
2.04661e-09
2.04661e-09
2.04661e-09
2.04661e-09
2.04661e-09
2.04661e-09
2.04661e-09
2.04661e-09
2.04661e-09
2.04661e-09
2.04661e-09
2.04661e-09
2.04661e-09
2.04661e-09
2.04661e-09
2.04661e-09
2.04661e-09
2.04661e-09
2.04661e-09
2.04661e-09
2.04661e-09
2.04661e-09
2.04661e-09
2.04661e-09
2.04661e-09
2.04661e-09
2.04661e-09
2.04661e-09
2.04661e-09
2.04661e-09
2.04661e-09
2.04661e-09
2.04661e-09
2.04661e-09
2.04661e-09
2.04661e-09
2.04661e-09
2.04661e-09
2.04661e-09
2.04661e-09
2.04661e-09
2.04661e-09
2.04661e-09
2.04661e-09
2.04661e-09
2.04661e-09
2.04661e-09
2.04661e-09
2.04661e-09
2.04661e-09
2.04661e-09
2.04661e-09
2.04661e-09
2.04661e-09
2.04661e-09
2.04661e-09
2.04661e-09
2.04661e-09
2.04661e-09
2.04661e-09
2.04661e-09
2.04661e-09
2.04661e-09
2.04661e-09
2.04661e-09
2.04661e-09
2.04661e-09
2.04661e-09
2.04661e-09
2.04661e-09
2.04661e-09
2.04661e-09
2.04661e-09
2.04661e-09
2.04661e-09
2.04661e-09
2.04661e-09
2.04661e-09
2.04661e-09
2.04661e-09
2.04661e-09
2.04661e-09
2.04661e-09
2.04661e-09
2.04661e-09
2.04661e-09
2.04661e-09
2.04661e-09
2.04661e-09
2.04661e-09
2.04661e-09
2.04661e-09
2.04661e-09
2.04661e-09
2.04661e-09
2.04661e-09
2.04661e-09
2.04661e-09
2.04661e-09
2.04661e-09
2.04661e-09
2.04661e-09
2.04661e-09
2.04661e-09
2.04661e-09
2.04661e-09
2.04662e-09
2.04661e-09
2.04662e-09
2.04661e-09
2.04662e-09
2.04661e-09
2.04662e-09
2.04661e-09
2.04662e-09
2.04661e-09
2.04662e-09
2.04661e-09
2.04662e-09
2.04661e-09
2.04662e-09
2.04661e-09
2.04662e-09
2.04661e-09
2.04662e-09
2.04661e-09
2.04662e-09
2.04661e-09
2.04662e-09
2.04661e-09
2.04661e-09
2.04661e-09
2.04661e-09
2.04661e-09
2.04661e-09
2.04661e-09
2.04661e-09
2.04661e-09
2.04661e-09
2.04661e-09
2.04661e-09
2.04661e-09
2.04662e-09
2.04661e-09
2.04662e-09
2.04661e-09
2.04662e-09
2.04661e-09
2.04662e-09
2.04661e-09
2.04662e-09
2.04661e-09
2.04662e-09
2.04661e-09
2.04661e-09
2.04661e-09
2.04661e-09
2.04661e-09
2.04661e-09
2.04661e-09
2.04661e-09
2.04661e-09
2.04661e-09
2.04661e-09
2.04661e-09
2.04661e-09
2.04662e-09
2.04661e-09
2.04662e-09
2.04661e-09
2.04662e-09
2.04661e-09
2.04662e-09
2.04661e-09
2.04661e-09
2.04661e-09
2.04661e-09
2.04661e-09
2.04661e-09
2.04661e-09
2.04661e-09
2.04661e-09
2.04661e-09
2.04661e-09
2.04661e-09
2.04661e-09
2.04661e-09
2.04661e-09
2.04661e-09
2.04661e-09
2.04661e-09
2.04661e-09
2.04661e-09
2.04661e-09
2.04661e-09
2.04661e-09
2.0466e-09
2.05303e-09
2.04662e-09
2.04661e-09
2.04661e-09
2.04661e-09
2.04661e-09
2.04661e-09
2.04661e-09
2.04661e-09
2.04661e-09
2.04661e-09
2.04661e-09
2.04661e-09
2.04661e-09
2.04661e-09
2.04661e-09
2.04661e-09
2.04661e-09
2.04661e-09
2.04661e-09
2.04661e-09
2.04661e-09
2.04661e-09
2.04661e-09
2.04661e-09
2.04661e-09
2.04661e-09
2.04661e-09
2.04661e-09
2.04661e-09
2.04661e-09
2.04661e-09
2.04661e-09
2.04661e-09
2.04661e-09
2.04661e-09
2.04661e-09
2.04661e-09
2.04661e-09
2.04661e-09
2.04661e-09
2.04661e-09
2.04661e-09
2.04661e-09
2.04661e-09
2.04661e-09
2.04661e-09
2.04661e-09
2.04661e-09
2.04661e-09
2.04661e-09
2.04661e-09
2.04661e-09
2.04661e-09
2.04661e-09
2.04661e-09
2.04661e-09
2.04661e-09
2.04661e-09
2.04661e-09
2.04661e-09
2.04661e-09
2.04661e-09
2.04661e-09
2.04661e-09
2.04661e-09
2.04661e-09
2.04661e-09
2.04661e-09
2.04661e-09
2.04661e-09
2.04661e-09
2.04661e-09
2.04661e-09
2.04661e-09
2.04661e-09
2.04661e-09
2.04661e-09
2.04661e-09
2.04661e-09
2.04661e-09
2.04661e-09
2.04661e-09
2.04661e-09
2.04661e-09
2.04661e-09
2.04661e-09
2.04661e-09
2.04661e-09
2.04661e-09
2.04661e-09
2.04661e-09
2.04661e-09
2.04661e-09
2.04661e-09
2.04661e-09
2.04661e-09
2.04661e-09
2.04661e-09
2.04661e-09
2.04661e-09
2.04661e-09
2.04661e-09
2.04661e-09
2.04661e-09
2.04661e-09
2.04661e-09
2.04661e-09
2.04661e-09
2.04662e-09
2.04661e-09
2.04662e-09
2.04661e-09
2.04662e-09
2.04661e-09
2.04662e-09
2.04661e-09
2.04662e-09
2.04661e-09
2.04662e-09
2.04661e-09
2.04662e-09
2.04661e-09
2.04662e-09
2.04661e-09
2.04662e-09
2.04661e-09
2.04662e-09
2.04661e-09
2.04662e-09
2.04661e-09
2.04662e-09
2.04661e-09
2.04661e-09
2.04661e-09
2.04661e-09
2.04661e-09
2.04661e-09
2.04661e-09
2.04661e-09
2.04661e-09
2.04661e-09
2.04661e-09
2.04661e-09
2.04661e-09
2.04662e-09
2.04661e-09
2.04662e-09
2.04661e-09
2.04662e-09
2.04661e-09
2.04662e-09
2.04661e-09
2.04662e-09
2.04661e-09
2.04662e-09
2.04661e-09
2.04661e-09
2.04661e-09
2.04661e-09
2.04661e-09
2.04661e-09
2.04661e-09
2.04661e-09
2.04661e-09
2.04661e-09
2.04661e-09
2.04661e-09
2.04661e-09
2.04662e-09
2.04661e-09
2.04662e-09
2.04661e-09
2.04662e-09
2.04661e-09
2.04662e-09
2.04661e-09
2.04661e-09
2.04661e-09
2.04661e-09
2.04661e-09
2.04661e-09
2.04661e-09
2.04661e-09
2.04661e-09
2.04661e-09
2.04661e-09
2.04661e-09
2.04661e-09
2.04661e-09
2.04661e-09
2.04661e-09
2.04661e-09
2.04661e-09
2.04661e-09
2.04661e-09
2.04661e-09
2.04661e-09
2.04661e-09
2.0466e-09
1.429e-08
1.41959e-08
1.41957e-08
1.41957e-08
1.41957e-08
1.41957e-08
1.41957e-08
1.41957e-08
1.41957e-08
1.41957e-08
1.41957e-08
1.41957e-08
1.41957e-08
1.41957e-08
1.41957e-08
1.41957e-08
1.41957e-08
1.41957e-08
1.41957e-08
1.41957e-08
1.41957e-08
1.41957e-08
1.41957e-08
1.41957e-08
1.41957e-08
1.41957e-08
1.41957e-08
1.41957e-08
1.41957e-08
1.41957e-08
1.41957e-08
1.41957e-08
1.41957e-08
1.41957e-08
1.41958e-08
1.41958e-08
1.41958e-08
1.41958e-08
1.41958e-08
1.41958e-08
1.41958e-08
1.41958e-08
1.41958e-08
1.41958e-08
1.41957e-08
1.41957e-08
1.41957e-08
1.41957e-08
1.41957e-08
1.41957e-08
1.41957e-08
1.41957e-08
1.41957e-08
1.41957e-08
1.41957e-08
1.41957e-08
1.41958e-08
1.41958e-08
1.41958e-08
1.41958e-08
1.41958e-08
1.41958e-08
1.41958e-08
1.41958e-08
1.41958e-08
1.41958e-08
1.41958e-08
1.41958e-08
1.41958e-08
1.41957e-08
1.41958e-08
1.41957e-08
1.41958e-08
1.41957e-08
1.41958e-08
1.41958e-08
1.41958e-08
1.41958e-08
1.41958e-08
1.41958e-08
1.41958e-08
1.41958e-08
1.41958e-08
1.41958e-08
1.41958e-08
1.41958e-08
1.41958e-08
1.41958e-08
1.41958e-08
1.41958e-08
1.41958e-08
1.41958e-08
1.41958e-08
1.41958e-08
1.41958e-08
1.41958e-08
1.41958e-08
1.41958e-08
1.41958e-08
1.41958e-08
1.41958e-08
1.41958e-08
1.41958e-08
1.41958e-08
1.41958e-08
1.41958e-08
1.41958e-08
1.41958e-08
1.41958e-08
1.41958e-08
1.41959e-08
1.41958e-08
1.41959e-08
1.41958e-08
1.41959e-08
1.41958e-08
1.41959e-08
1.41958e-08
1.41959e-08
1.41958e-08
1.41959e-08
1.41959e-08
1.41959e-08
1.41959e-08
1.41959e-08
1.41958e-08
1.41959e-08
1.41958e-08
1.41959e-08
1.41958e-08
1.41959e-08
1.41958e-08
1.41958e-08
1.41958e-08
1.41958e-08
1.41958e-08
1.41958e-08
1.41958e-08
1.41958e-08
1.41958e-08
1.41958e-08
1.41958e-08
1.41958e-08
1.41958e-08
1.41958e-08
1.41958e-08
1.41959e-08
1.41959e-08
1.41959e-08
1.41959e-08
1.41959e-08
1.41959e-08
1.41959e-08
1.41959e-08
1.41959e-08
1.41958e-08
1.41958e-08
1.41958e-08
1.41958e-08
1.41958e-08
1.41958e-08
1.41958e-08
1.41958e-08
1.41958e-08
1.41958e-08
1.41958e-08
1.41958e-08
1.41958e-08
1.41958e-08
1.41958e-08
1.41959e-08
1.41958e-08
1.41959e-08
1.41958e-08
1.41959e-08
1.41958e-08
1.41958e-08
1.41958e-08
1.41958e-08
1.41958e-08
1.41958e-08
1.41957e-08
1.41957e-08
1.41957e-08
1.41957e-08
1.41957e-08
1.41957e-08
1.41957e-08
1.41957e-08
1.41957e-08
1.41957e-08
1.41957e-08
1.41958e-08
1.41958e-08
1.41958e-08
1.41958e-08
1.41958e-08
1.41957e-08
1.41957e-08
1.41957e-08
5.98594e-08
5.9355e-08
5.93539e-08
5.93538e-08
5.93538e-08
5.93538e-08
5.93538e-08
5.93538e-08
5.93538e-08
5.93538e-08
5.93538e-08
5.93539e-08
5.93538e-08
5.93538e-08
5.93538e-08
5.93538e-08
5.93538e-08
5.93538e-08
5.93538e-08
5.93538e-08
5.93538e-08
5.93538e-08
5.93539e-08
5.93539e-08
5.93539e-08
5.9354e-08
5.93539e-08
5.93541e-08
5.9354e-08
5.93541e-08
5.9354e-08
5.93542e-08
5.9354e-08
5.93543e-08
5.93541e-08
5.93545e-08
5.93542e-08
5.93546e-08
5.93542e-08
5.93547e-08
5.93542e-08
5.93547e-08
5.93541e-08
5.93544e-08
5.9354e-08
5.9354e-08
5.93538e-08
5.93537e-08
5.93537e-08
5.93536e-08
5.93537e-08
5.93536e-08
5.93537e-08
5.93537e-08
5.93539e-08
5.93542e-08
5.93541e-08
5.93548e-08
5.93544e-08
5.93553e-08
5.93545e-08
5.93555e-08
5.93546e-08
5.93554e-08
5.93545e-08
5.93551e-08
5.93543e-08
5.93546e-08
5.93542e-08
5.93543e-08
5.93541e-08
5.93542e-08
5.93541e-08
5.93543e-08
5.93542e-08
5.93546e-08
5.93543e-08
5.9355e-08
5.93545e-08
5.93554e-08
5.93546e-08
5.93556e-08
5.93547e-08
5.93556e-08
5.93547e-08
5.93555e-08
5.93546e-08
5.93553e-08
5.93545e-08
5.93551e-08
5.93544e-08
5.9355e-08
5.93544e-08
5.93549e-08
5.93544e-08
5.93549e-08
5.93543e-08
5.93549e-08
5.93544e-08
5.9355e-08
5.93544e-08
5.93551e-08
5.93545e-08
5.93552e-08
5.93545e-08
5.93553e-08
5.93546e-08
5.93555e-08
5.93547e-08
5.93557e-08
5.93548e-08
5.93558e-08
5.93548e-08
5.9356e-08
5.93549e-08
5.93561e-08
5.93549e-08
5.93561e-08
5.9355e-08
5.93561e-08
5.9355e-08
5.93562e-08
5.9355e-08
5.93562e-08
5.9355e-08
5.93561e-08
5.93549e-08
5.93561e-08
5.93549e-08
5.93559e-08
5.93548e-08
5.93556e-08
5.93546e-08
5.93553e-08
5.93545e-08
5.9355e-08
5.93544e-08
5.93548e-08
5.93543e-08
5.93548e-08
5.93544e-08
5.9355e-08
5.93545e-08
5.93554e-08
5.93547e-08
5.93558e-08
5.93549e-08
5.93562e-08
5.9355e-08
5.93565e-08
5.93551e-08
5.93565e-08
5.9355e-08
5.93562e-08
5.93548e-08
5.93557e-08
5.93546e-08
5.93552e-08
5.93544e-08
5.93547e-08
5.93542e-08
5.93544e-08
5.93542e-08
5.93545e-08
5.93542e-08
5.93547e-08
5.93544e-08
5.93552e-08
5.93546e-08
5.93556e-08
5.93547e-08
5.93559e-08
5.93548e-08
5.9356e-08
5.93548e-08
5.93557e-08
5.93546e-08
5.93552e-08
5.93543e-08
5.93546e-08
5.93541e-08
5.9354e-08
5.93539e-08
5.93538e-08
5.93538e-08
5.93537e-08
5.93538e-08
5.93538e-08
5.93538e-08
5.9354e-08
5.9354e-08
5.93543e-08
5.93541e-08
5.93545e-08
5.93541e-08
5.93545e-08
5.9354e-08
5.93543e-08
5.93539e-08
5.93535e-08
1.94074e-07
1.93168e-07
1.93165e-07
1.93165e-07
1.93165e-07
1.93165e-07
1.93165e-07
1.93165e-07
1.93165e-07
1.93165e-07
1.93165e-07
1.93166e-07
1.93165e-07
1.93165e-07
1.93165e-07
1.93165e-07
1.93165e-07
1.93165e-07
1.93165e-07
1.93165e-07
1.93165e-07
1.93165e-07
1.93166e-07
1.93166e-07
1.93166e-07
1.93166e-07
1.93167e-07
1.93167e-07
1.93167e-07
1.93167e-07
1.93167e-07
1.93167e-07
1.93168e-07
1.93168e-07
1.93169e-07
1.93168e-07
1.9317e-07
1.93169e-07
1.9317e-07
1.9317e-07
1.9317e-07
1.93169e-07
1.93169e-07
1.93168e-07
1.93167e-07
1.93166e-07
1.93165e-07
1.93164e-07
1.93165e-07
1.93163e-07
1.93164e-07
1.93163e-07
1.93165e-07
1.93164e-07
1.93166e-07
1.93167e-07
1.93169e-07
1.9317e-07
1.93172e-07
1.93172e-07
1.93174e-07
1.93174e-07
1.93175e-07
1.93173e-07
1.93174e-07
1.93171e-07
1.93172e-07
1.93169e-07
1.9317e-07
1.93168e-07
1.93168e-07
1.93167e-07
1.93168e-07
1.93168e-07
1.93169e-07
1.93169e-07
1.93171e-07
1.93171e-07
1.93173e-07
1.93173e-07
1.93175e-07
1.93174e-07
1.93176e-07
1.93174e-07
1.93176e-07
1.93174e-07
1.93175e-07
1.93173e-07
1.93174e-07
1.93172e-07
1.93173e-07
1.93171e-07
1.93172e-07
1.93171e-07
1.93172e-07
1.9317e-07
1.93172e-07
1.93171e-07
1.93172e-07
1.93171e-07
1.93173e-07
1.93171e-07
1.93173e-07
1.93172e-07
1.93174e-07
1.93173e-07
1.93175e-07
1.93173e-07
1.93176e-07
1.93174e-07
1.93177e-07
1.93175e-07
1.93178e-07
1.93176e-07
1.93179e-07
1.93176e-07
1.93179e-07
1.93176e-07
1.93179e-07
1.93176e-07
1.93179e-07
1.93177e-07
1.9318e-07
1.93177e-07
1.93179e-07
1.93177e-07
1.93179e-07
1.93176e-07
1.93178e-07
1.93175e-07
1.93177e-07
1.93174e-07
1.93175e-07
1.93173e-07
1.93174e-07
1.93171e-07
1.93172e-07
1.9317e-07
1.93172e-07
1.9317e-07
1.93172e-07
1.93171e-07
1.93174e-07
1.93173e-07
1.93176e-07
1.93175e-07
1.93179e-07
1.93177e-07
1.9318e-07
1.93178e-07
1.93181e-07
1.93178e-07
1.9318e-07
1.93177e-07
1.93178e-07
1.93174e-07
1.93175e-07
1.93172e-07
1.93172e-07
1.93169e-07
1.9317e-07
1.93168e-07
1.9317e-07
1.93168e-07
1.93171e-07
1.9317e-07
1.93172e-07
1.93172e-07
1.93175e-07
1.93174e-07
1.93177e-07
1.93176e-07
1.93178e-07
1.93176e-07
1.93177e-07
1.93174e-07
1.93175e-07
1.93172e-07
1.93172e-07
1.93169e-07
1.93169e-07
1.93166e-07
1.93166e-07
1.93165e-07
1.93165e-07
1.93164e-07
1.93165e-07
1.93165e-07
1.93166e-07
1.93166e-07
1.93167e-07
1.93168e-07
1.93168e-07
1.93169e-07
1.93169e-07
1.93169e-07
1.93168e-07
1.93167e-07
1.93166e-07
1.93164e-07
6.335e-07
6.33713e-07
6.33697e-07
6.33696e-07
6.33696e-07
6.33696e-07
6.33696e-07
6.33696e-07
6.33697e-07
6.33697e-07
6.33698e-07
6.337e-07
6.33698e-07
6.33698e-07
6.33697e-07
6.33697e-07
6.33697e-07
6.33696e-07
6.33696e-07
6.33696e-07
6.33697e-07
6.33697e-07
6.33699e-07
6.33702e-07
6.33701e-07
6.33705e-07
6.33702e-07
6.33707e-07
6.33704e-07
6.33709e-07
6.33706e-07
6.33711e-07
6.33708e-07
6.33714e-07
6.33712e-07
6.33721e-07
6.33716e-07
6.33728e-07
6.33718e-07
6.33733e-07
6.33718e-07
6.3373e-07
6.33713e-07
6.33719e-07
6.33705e-07
6.33703e-07
6.33696e-07
6.33691e-07
6.3369e-07
6.33685e-07
6.33688e-07
6.33685e-07
6.33691e-07
6.33692e-07
6.337e-07
6.33711e-07
6.33714e-07
6.33735e-07
6.33726e-07
6.33754e-07
6.33735e-07
6.33763e-07
6.33737e-07
6.33759e-07
6.33732e-07
6.33746e-07
6.33724e-07
6.33729e-07
6.33716e-07
6.33716e-07
6.3371e-07
6.33711e-07
6.3371e-07
6.33716e-07
6.33715e-07
6.33729e-07
6.33723e-07
6.33744e-07
6.33731e-07
6.33757e-07
6.33738e-07
6.33765e-07
6.33741e-07
6.33767e-07
6.33741e-07
6.33763e-07
6.33738e-07
6.33756e-07
6.33734e-07
6.33748e-07
6.3373e-07
6.33742e-07
6.33727e-07
6.33739e-07
6.33725e-07
6.33738e-07
6.33725e-07
6.33739e-07
6.33726e-07
6.33742e-07
6.33728e-07
6.33744e-07
6.3373e-07
6.33749e-07
6.33734e-07
6.33755e-07
6.33738e-07
6.33762e-07
6.33742e-07
6.33769e-07
6.33747e-07
6.33776e-07
6.3375e-07
6.33781e-07
6.33753e-07
6.33784e-07
6.33755e-07
6.33786e-07
6.33756e-07
6.33787e-07
6.33757e-07
6.33787e-07
6.33757e-07
6.33788e-07
6.33757e-07
6.33787e-07
6.33755e-07
6.33784e-07
6.33751e-07
6.33777e-07
6.33746e-07
6.33767e-07
6.33739e-07
6.33755e-07
6.33732e-07
6.33744e-07
6.33726e-07
6.33737e-07
6.33724e-07
6.33736e-07
6.33727e-07
6.33743e-07
6.33733e-07
6.33757e-07
6.33743e-07
6.33774e-07
6.33753e-07
6.3379e-07
6.3376e-07
6.338e-07
6.33763e-07
6.338e-07
6.33759e-07
6.33789e-07
6.3375e-07
6.3377e-07
6.33738e-07
6.33749e-07
6.33726e-07
6.3373e-07
6.33718e-07
6.3372e-07
6.33715e-07
6.33721e-07
6.33719e-07
6.33733e-07
6.33727e-07
6.3375e-07
6.33737e-07
6.33767e-07
6.33745e-07
6.33779e-07
6.33749e-07
6.33779e-07
6.33746e-07
6.33769e-07
6.33736e-07
6.33749e-07
6.33723e-07
6.33726e-07
6.3371e-07
6.33704e-07
6.33699e-07
6.33693e-07
6.33694e-07
6.3369e-07
6.33694e-07
6.33693e-07
6.33697e-07
6.33703e-07
6.33704e-07
6.33715e-07
6.33709e-07
6.33723e-07
6.33711e-07
6.33722e-07
6.33708e-07
6.33713e-07
6.33699e-07
6.33685e-07
2.43943e-06
2.44787e-06
2.44793e-06
2.44793e-06
2.44794e-06
2.44793e-06
2.44794e-06
2.44794e-06
2.44794e-06
2.44794e-06
2.44795e-06
2.44795e-06
2.44795e-06
2.44795e-06
2.44794e-06
2.44794e-06
2.44794e-06
2.44794e-06
2.44794e-06
2.44794e-06
2.44794e-06
2.44794e-06
2.44795e-06
2.44796e-06
2.44797e-06
2.44797e-06
2.44798e-06
2.44798e-06
2.44799e-06
2.44799e-06
2.448e-06
2.448e-06
2.44802e-06
2.44801e-06
2.44804e-06
2.44804e-06
2.44807e-06
2.44807e-06
2.44809e-06
2.44809e-06
2.44808e-06
2.44808e-06
2.44805e-06
2.44803e-06
2.448e-06
2.44797e-06
2.44793e-06
2.4479e-06
2.4479e-06
2.44786e-06
2.44789e-06
2.44786e-06
2.44791e-06
2.44791e-06
2.44796e-06
2.448e-06
2.44805e-06
2.4481e-06
2.44814e-06
2.44817e-06
2.44819e-06
2.44821e-06
2.44821e-06
2.4482e-06
2.44818e-06
2.44814e-06
2.44812e-06
2.44807e-06
2.44807e-06
2.44802e-06
2.44803e-06
2.448e-06
2.44803e-06
2.44802e-06
2.44806e-06
2.44807e-06
2.44811e-06
2.44813e-06
2.44817e-06
2.44819e-06
2.44822e-06
2.44822e-06
2.44824e-06
2.44823e-06
2.44824e-06
2.44821e-06
2.44822e-06
2.44818e-06
2.44819e-06
2.44815e-06
2.44816e-06
2.44813e-06
2.44814e-06
2.44811e-06
2.44813e-06
2.44811e-06
2.44813e-06
2.44811e-06
2.44813e-06
2.44812e-06
2.44815e-06
2.44813e-06
2.44816e-06
2.44815e-06
2.44819e-06
2.44818e-06
2.44822e-06
2.44821e-06
2.44825e-06
2.44823e-06
2.44827e-06
2.44826e-06
2.4483e-06
2.44828e-06
2.44832e-06
2.44829e-06
2.44833e-06
2.4483e-06
2.44834e-06
2.44831e-06
2.44834e-06
2.44831e-06
2.44834e-06
2.44831e-06
2.44834e-06
2.44831e-06
2.44833e-06
2.44829e-06
2.44831e-06
2.44827e-06
2.44827e-06
2.44823e-06
2.44822e-06
2.44818e-06
2.44817e-06
2.44813e-06
2.44814e-06
2.4481e-06
2.44812e-06
2.4481e-06
2.44814e-06
2.44813e-06
2.44818e-06
2.44818e-06
2.44825e-06
2.44825e-06
2.44831e-06
2.44832e-06
2.44836e-06
2.44836e-06
2.44838e-06
2.44836e-06
2.44836e-06
2.44831e-06
2.4483e-06
2.44824e-06
2.44822e-06
2.44815e-06
2.44814e-06
2.44807e-06
2.44808e-06
2.44803e-06
2.44806e-06
2.44804e-06
2.44809e-06
2.44808e-06
2.44814e-06
2.44815e-06
2.44821e-06
2.44822e-06
2.44826e-06
2.44827e-06
2.44828e-06
2.44827e-06
2.44826e-06
2.44823e-06
2.4482e-06
2.44815e-06
2.44812e-06
2.44805e-06
2.44803e-06
2.44797e-06
2.44795e-06
2.44791e-06
2.44792e-06
2.4479e-06
2.44792e-06
2.44792e-06
2.44794e-06
2.44796e-06
2.44799e-06
2.44801e-06
2.44802e-06
2.44804e-06
2.44804e-06
2.44804e-06
2.44802e-06
2.448e-06
2.44795e-06
2.44784e-06
1.56211e-05
1.54627e-05
1.54726e-05
1.54732e-05
1.54733e-05
1.54733e-05
1.54733e-05
1.54734e-05
1.54734e-05
1.54734e-05
1.54734e-05
1.54734e-05
1.54734e-05
1.54734e-05
1.54734e-05
1.54733e-05
1.54733e-05
1.54733e-05
1.54733e-05
1.54733e-05
1.54734e-05
1.54734e-05
1.54734e-05
1.54734e-05
1.54734e-05
1.54735e-05
1.54735e-05
1.54735e-05
1.54735e-05
1.54735e-05
1.54735e-05
1.54735e-05
1.54736e-05
1.54736e-05
1.54736e-05
1.54737e-05
1.54737e-05
1.54738e-05
1.54737e-05
1.54738e-05
1.54737e-05
1.54738e-05
1.54736e-05
1.54736e-05
1.54735e-05
1.54734e-05
1.54733e-05
1.54731e-05
1.54731e-05
1.54728e-05
1.5473e-05
1.54728e-05
1.54731e-05
1.54731e-05
1.54734e-05
1.54735e-05
1.54736e-05
1.54739e-05
1.54738e-05
1.54741e-05
1.5474e-05
1.54742e-05
1.5474e-05
1.54742e-05
1.54739e-05
1.5474e-05
1.54738e-05
1.54738e-05
1.54737e-05
1.54736e-05
1.54736e-05
1.54735e-05
1.54736e-05
1.54736e-05
1.54736e-05
1.54738e-05
1.54738e-05
1.5474e-05
1.54739e-05
1.54741e-05
1.5474e-05
1.54742e-05
1.54741e-05
1.54743e-05
1.54741e-05
1.54742e-05
1.5474e-05
1.54741e-05
1.5474e-05
1.5474e-05
1.54739e-05
1.54739e-05
1.54738e-05
1.54739e-05
1.54738e-05
1.54739e-05
1.54738e-05
1.54739e-05
1.54738e-05
1.54739e-05
1.54739e-05
1.5474e-05
1.54739e-05
1.5474e-05
1.5474e-05
1.54741e-05
1.5474e-05
1.54742e-05
1.54741e-05
1.54743e-05
1.54742e-05
1.54744e-05
1.54742e-05
1.54744e-05
1.54743e-05
1.54745e-05
1.54743e-05
1.54745e-05
1.54743e-05
1.54745e-05
1.54743e-05
1.54745e-05
1.54743e-05
1.54745e-05
1.54743e-05
1.54745e-05
1.54743e-05
1.54745e-05
1.54742e-05
1.54744e-05
1.54741e-05
1.54743e-05
1.5474e-05
1.54741e-05
1.54739e-05
1.54739e-05
1.54738e-05
1.54738e-05
1.54738e-05
1.54738e-05
1.54738e-05
1.54739e-05
1.54739e-05
1.54741e-05
1.54741e-05
1.54743e-05
1.54743e-05
1.54745e-05
1.54744e-05
1.54747e-05
1.54744e-05
1.54747e-05
1.54744e-05
1.54745e-05
1.54742e-05
1.54743e-05
1.5474e-05
1.5474e-05
1.54738e-05
1.54738e-05
1.54737e-05
1.54736e-05
1.54736e-05
1.54736e-05
1.54737e-05
1.54738e-05
1.54738e-05
1.5474e-05
1.5474e-05
1.54742e-05
1.54741e-05
1.54744e-05
1.54742e-05
1.54744e-05
1.54741e-05
1.54743e-05
1.5474e-05
1.5474e-05
1.54738e-05
1.54737e-05
1.54735e-05
1.54734e-05
1.54733e-05
1.54731e-05
1.54732e-05
1.5473e-05
1.54732e-05
1.54732e-05
1.54733e-05
1.54734e-05
1.54734e-05
1.54735e-05
1.54735e-05
1.54736e-05
1.54735e-05
1.54736e-05
1.54735e-05
1.54735e-05
1.54733e-05
1.54724e-05
8.27382e-05
7.73982e-05
7.75421e-05
7.75485e-05
7.75494e-05
7.75495e-05
7.75496e-05
7.75496e-05
7.75497e-05
7.75497e-05
7.75497e-05
7.75498e-05
7.75497e-05
7.75497e-05
7.75497e-05
7.75496e-05
7.75496e-05
7.75495e-05
7.75496e-05
7.75495e-05
7.75497e-05
7.75497e-05
7.75498e-05
7.75498e-05
7.75499e-05
7.755e-05
7.755e-05
7.75501e-05
7.75501e-05
7.75501e-05
7.75502e-05
7.75502e-05
7.75503e-05
7.75503e-05
7.75505e-05
7.75506e-05
7.75508e-05
7.75509e-05
7.75509e-05
7.7551e-05
7.75509e-05
7.75509e-05
7.75506e-05
7.75505e-05
7.75501e-05
7.75499e-05
7.75495e-05
7.75487e-05
7.75485e-05
7.75477e-05
7.75481e-05
7.75478e-05
7.75487e-05
7.75489e-05
7.75498e-05
7.75502e-05
7.75506e-05
7.75511e-05
7.75514e-05
7.75518e-05
7.75518e-05
7.75521e-05
7.75519e-05
7.7552e-05
7.75517e-05
7.75515e-05
7.75512e-05
7.75509e-05
7.75508e-05
7.75504e-05
7.75504e-05
7.75502e-05
7.75504e-05
7.75504e-05
7.75507e-05
7.75509e-05
7.75511e-05
7.75514e-05
7.75516e-05
7.7552e-05
7.7552e-05
7.75523e-05
7.75522e-05
7.75523e-05
7.75522e-05
7.75522e-05
7.75521e-05
7.75519e-05
7.75518e-05
7.75516e-05
7.75516e-05
7.75514e-05
7.75514e-05
7.75513e-05
7.75513e-05
7.75513e-05
7.75513e-05
7.75513e-05
7.75513e-05
7.75514e-05
7.75515e-05
7.75515e-05
7.75516e-05
7.75517e-05
7.75518e-05
7.75519e-05
7.75521e-05
7.75522e-05
7.75523e-05
7.75524e-05
7.75526e-05
7.75527e-05
7.75528e-05
7.75529e-05
7.75529e-05
7.7553e-05
7.7553e-05
7.7553e-05
7.75531e-05
7.75531e-05
7.75532e-05
7.75531e-05
7.75532e-05
7.75531e-05
7.75531e-05
7.75531e-05
7.7553e-05
7.7553e-05
7.75528e-05
7.75527e-05
7.75525e-05
7.75524e-05
7.75521e-05
7.75519e-05
7.75517e-05
7.75515e-05
7.75514e-05
7.75512e-05
7.75513e-05
7.75512e-05
7.75514e-05
7.75515e-05
7.75518e-05
7.7552e-05
7.75524e-05
7.75526e-05
7.75529e-05
7.75532e-05
7.75534e-05
7.75536e-05
7.75535e-05
7.75536e-05
7.75533e-05
7.75532e-05
7.75528e-05
7.75525e-05
7.75521e-05
7.75517e-05
7.75514e-05
7.7551e-05
7.75509e-05
7.75506e-05
7.75508e-05
7.75507e-05
7.7551e-05
7.75511e-05
7.75515e-05
7.75517e-05
7.7552e-05
7.75524e-05
7.75525e-05
7.75528e-05
7.75527e-05
7.75528e-05
7.75525e-05
7.75524e-05
7.7552e-05
7.75517e-05
7.75513e-05
7.75508e-05
7.75505e-05
7.755e-05
7.75499e-05
7.75492e-05
7.75493e-05
7.75488e-05
7.75493e-05
7.75493e-05
7.75498e-05
7.755e-05
7.75501e-05
7.75504e-05
7.75505e-05
7.75507e-05
7.75506e-05
7.75507e-05
7.75504e-05
7.75503e-05
7.75498e-05
7.75459e-05
0.000173025
0.000153831
0.000153773
0.000153767
0.000153767
0.000153766
0.000153766
0.000153766
0.000153766
0.000153766
0.000153766
0.000153767
0.000153766
0.000153767
0.000153766
0.000153766
0.000153766
0.000153766
0.000153766
0.000153766
0.000153766
0.000153766
0.000153767
0.000153767
0.000153767
0.000153767
0.000153767
0.000153767
0.000153767
0.000153767
0.000153767
0.000153767
0.000153767
0.000153767
0.000153767
0.000153768
0.000153768
0.000153768
0.000153768
0.000153768
0.000153768
0.000153768
0.000153768
0.000153768
0.000153767
0.000153767
0.000153766
0.000153766
0.000153766
0.000153765
0.000153766
0.000153765
0.000153766
0.000153766
0.000153767
0.000153767
0.000153768
0.000153768
0.000153768
0.000153769
0.000153769
0.00015377
0.000153769
0.00015377
0.000153769
0.000153769
0.000153768
0.000153768
0.000153768
0.000153767
0.000153767
0.000153767
0.000153767
0.000153767
0.000153768
0.000153768
0.000153768
0.000153769
0.000153769
0.000153769
0.000153769
0.00015377
0.000153769
0.00015377
0.000153769
0.00015377
0.000153769
0.000153769
0.000153769
0.000153769
0.000153769
0.000153769
0.000153768
0.000153768
0.000153768
0.000153768
0.000153768
0.000153768
0.000153768
0.000153769
0.000153768
0.000153769
0.000153769
0.000153769
0.000153769
0.000153769
0.000153769
0.00015377
0.000153769
0.00015377
0.00015377
0.00015377
0.00015377
0.000153771
0.00015377
0.000153771
0.00015377
0.000153771
0.00015377
0.000153771
0.00015377
0.000153771
0.00015377
0.000153771
0.00015377
0.000153771
0.00015377
0.000153771
0.00015377
0.00015377
0.000153769
0.00015377
0.000153769
0.000153769
0.000153768
0.000153768
0.000153768
0.000153768
0.000153768
0.000153768
0.000153768
0.000153768
0.000153768
0.000153769
0.000153769
0.00015377
0.00015377
0.000153771
0.00015377
0.000153771
0.00015377
0.000153771
0.00015377
0.000153771
0.00015377
0.00015377
0.000153769
0.000153769
0.000153768
0.000153768
0.000153767
0.000153767
0.000153767
0.000153767
0.000153767
0.000153768
0.000153768
0.000153769
0.000153769
0.000153769
0.000153769
0.00015377
0.000153769
0.00015377
0.000153769
0.000153769
0.000153768
0.000153768
0.000153768
0.000153767
0.000153767
0.000153766
0.000153766
0.000153765
0.000153765
0.000153765
0.000153765
0.000153765
0.000153766
0.000153766
0.000153766
0.000153767
0.000153767
0.000153767
0.000153767
0.000153767
0.000153766
0.000153766
0.000153765
0.000153751
0.000294512
0.000270178
0.000269923
0.000269898
0.000269894
0.000269894
0.000269894
0.000269894
0.000269894
0.000269894
0.000269894
0.000269894
0.000269894
0.000269894
0.000269894
0.000269894
0.000269894
0.000269894
0.000269894
0.000269894
0.000269894
0.000269894
0.000269894
0.000269894
0.000269894
0.000269894
0.000269894
0.000269894
0.000269894
0.000269894
0.000269894
0.000269894
0.000269894
0.000269894
0.000269894
0.000269894
0.000269894
0.000269894
0.000269894
0.000269894
0.000269894
0.000269894
0.000269894
0.000269894
0.000269894
0.000269893
0.000269893
0.000269893
0.000269893
0.000269893
0.000269893
0.000269893
0.000269893
0.000269893
0.000269893
0.000269893
0.000269894
0.000269894
0.000269894
0.000269894
0.000269894
0.000269894
0.000269894
0.000269893
0.000269894
0.000269893
0.000269893
0.000269893
0.000269893
0.000269893
0.000269893
0.000269893
0.000269893
0.000269893
0.000269893
0.000269893
0.000269893
0.000269893
0.000269893
0.000269893
0.000269893
0.000269893
0.000269893
0.000269893
0.000269893
0.000269893
0.000269893
0.000269893
0.000269893
0.000269893
0.000269893
0.000269893
0.000269893
0.000269893
0.000269893
0.000269893
0.000269893
0.000269893
0.000269893
0.000269893
0.000269893
0.000269893
0.000269893
0.000269893
0.000269893
0.000269893
0.000269893
0.000269893
0.000269893
0.000269893
0.000269893
0.000269893
0.000269893
0.000269893
0.000269893
0.000269893
0.000269893
0.000269893
0.000269893
0.000269893
0.000269893
0.000269893
0.000269893
0.000269893
0.000269893
0.000269893
0.000269893
0.000269892
0.000269893
0.000269892
0.000269892
0.000269892
0.000269892
0.000269892
0.000269892
0.000269892
0.000269892
0.000269892
0.000269892
0.000269892
0.000269892
0.000269892
0.000269892
0.000269892
0.000269892
0.000269892
0.000269892
0.000269892
0.000269892
0.000269892
0.000269892
0.000269892
0.000269892
0.000269892
0.000269892
0.000269892
0.000269892
0.000269892
0.000269892
0.000269892
0.000269892
0.000269892
0.000269892
0.000269892
0.000269892
0.000269892
0.000269892
0.000269892
0.000269892
0.000269892
0.000269892
0.000269892
0.000269892
0.000269892
0.000269892
0.000269892
0.000269892
0.000269892
0.000269892
0.000269891
0.000269891
0.000269891
0.000269891
0.000269891
0.000269891
0.000269891
0.000269891
0.000269891
0.000269891
0.000269891
0.000269891
0.000269891
0.000269891
0.000269891
0.000269891
0.000269891
0.000269891
0.000269891
0.000269889
0.000269887
0.00030518
0.000270677
0.000270203
0.000270146
0.000270138
0.000270137
0.000270137
0.000270137
0.000270137
0.000270137
0.000270137
0.000270137
0.000270137
0.000270137
0.000270137
0.000270137
0.000270137
0.000270137
0.000270137
0.000270137
0.000270137
0.000270137
0.000270137
0.000270137
0.000270137
0.000270137
0.000270137
0.000270137
0.000270137
0.000270137
0.000270137
0.000270137
0.000270137
0.000270137
0.000270137
0.000270137
0.000270137
0.000270137
0.000270137
0.000270137
0.000270137
0.000270137
0.000270137
0.000270137
0.000270137
0.000270136
0.000270136
0.000270136
0.000270136
0.000270136
0.000270136
0.000270136
0.000270136
0.000270136
0.000270136
0.000270137
0.000270136
0.000270137
0.000270136
0.000270137
0.000270136
0.000270137
0.000270136
0.000270136
0.000270136
0.000270136
0.000270136
0.000270136
0.000270136
0.000270136
0.000270136
0.000270136
0.000270136
0.000270136
0.000270136
0.000270136
0.000270136
0.000270136
0.000270136
0.000270136
0.000270136
0.000270136
0.000270136
0.000270136
0.000270136
0.000270136
0.000270136
0.000270136
0.000270136
0.000270136
0.000270136
0.000270136
0.000270135
0.000270135
0.000270135
0.000270135
0.000270135
0.000270135
0.000270135
0.000270135
0.000270135
0.000270135
0.000270135
0.000270135
0.000270135
0.000270135
0.000270135
0.000270135
0.000270135
0.000270135
0.000270135
0.000270135
0.000270135
0.000270135
0.000270135
0.000270135
0.000270135
0.000270135
0.000270134
0.000270135
0.000270134
0.000270134
0.000270134
0.000270134
0.000270134
0.000270134
0.000270134
0.000270134
0.000270134
0.000270134
0.000270134
0.000270134
0.000270134
0.000270134
0.000270134
0.000270134
0.000270133
0.000270133
0.000270133
0.000270133
0.000270133
0.000270133
0.000270133
0.000270133
0.000270133
0.000270133
0.000270133
0.000270133
0.000270133
0.000270133
0.000270133
0.000270133
0.000270133
0.000270133
0.000270133
0.000270133
0.000270133
0.000270133
0.000270132
0.000270132
0.000270132
0.000270132
0.000270132
0.000270132
0.000270132
0.000270132
0.000270132
0.000270132
0.000270132
0.000270132
0.000270132
0.000270132
0.000270132
0.000270132
0.000270132
0.000270132
0.000270132
0.000270132
0.000270132
0.000270132
0.000270132
0.000270132
0.000270132
0.000270132
0.000270132
0.000270131
0.000270131
0.000270131
0.000270131
0.000270131
0.000270131
0.000270132
0.000270131
0.000270132
0.000270131
0.000270131
0.000270131
0.000270131
0.000270126
0.000270121
0.000321205
0.000271531
0.000270585
0.000270455
0.000270437
0.000270434
0.000270433
0.000270433
0.000270433
0.000270433
0.000270433
0.000270433
0.000270433
0.000270433
0.000270433
0.000270433
0.000270433
0.000270433
0.000270433
0.000270433
0.000270433
0.000270433
0.000270433
0.000270433
0.000270433
0.000270433
0.000270433
0.000270433
0.000270433
0.000270433
0.000270433
0.000270433
0.000270433
0.000270433
0.000270433
0.000270433
0.000270433
0.000270433
0.000270433
0.000270432
0.000270432
0.000270432
0.000270432
0.000270432
0.000270432
0.000270432
0.000270432
0.000270432
0.000270432
0.000270432
0.000270432
0.000270432
0.000270432
0.000270432
0.000270432
0.000270432
0.000270432
0.000270432
0.000270432
0.000270432
0.000270432
0.000270432
0.000270432
0.000270432
0.000270432
0.000270432
0.000270432
0.000270432
0.000270432
0.000270431
0.000270431
0.000270431
0.000270431
0.000270431
0.000270431
0.000270431
0.000270431
0.000270431
0.000270431
0.000270431
0.000270431
0.000270431
0.000270431
0.000270431
0.000270431
0.00027043
0.00027043
0.00027043
0.00027043
0.00027043
0.00027043
0.00027043
0.00027043
0.00027043
0.00027043
0.000270429
0.000270429
0.000270429
0.000270429
0.000270429
0.000270429
0.000270429
0.000270429
0.000270429
0.000270429
0.000270429
0.000270429
0.000270428
0.000270429
0.000270428
0.000270428
0.000270428
0.000270428
0.000270428
0.000270428
0.000270428
0.000270428
0.000270427
0.000270427
0.000270427
0.000270427
0.000270427
0.000270427
0.000270426
0.000270427
0.000270426
0.000270426
0.000270426
0.000270426
0.000270426
0.000270426
0.000270425
0.000270425
0.000270425
0.000270425
0.000270425
0.000270425
0.000270425
0.000270425
0.000270425
0.000270425
0.000270424
0.000270424
0.000270424
0.000270424
0.000270424
0.000270424
0.000270424
0.000270424
0.000270424
0.000270424
0.000270423
0.000270423
0.000270423
0.000270423
0.000270423
0.000270423
0.000270422
0.000270422
0.000270422
0.000270422
0.000270422
0.000270422
0.000270422
0.000270422
0.000270422
0.000270422
0.000270422
0.000270422
0.000270422
0.000270422
0.000270421
0.000270421
0.000270421
0.000270421
0.000270421
0.000270421
0.000270421
0.000270421
0.000270421
0.000270421
0.00027042
0.00027042
0.00027042
0.00027042
0.00027042
0.00027042
0.00027042
0.00027042
0.00027042
0.00027042
0.00027042
0.00027042
0.00027042
0.00027042
0.00027042
0.00027042
0.000270418
0.000270408
0.000270395
0.000343407
0.000273238
0.000271379
0.000271097
0.000271054
0.000271047
0.000271045
0.000271045
0.000271045
0.000271045
0.000271045
0.000271045
0.000271045
0.000271045
0.000271045
0.000271045
0.000271045
0.000271045
0.000271045
0.000271045
0.000271045
0.000271045
0.000271045
0.000271045
0.000271045
0.000271045
0.000271045
0.000271045
0.000271045
0.000271045
0.000271045
0.000271045
0.000271045
0.000271045
0.000271045
0.000271045
0.000271044
0.000271044
0.000271044
0.000271044
0.000271044
0.000271044
0.000271044
0.000271044
0.000271044
0.000271044
0.000271044
0.000271044
0.000271044
0.000271043
0.000271043
0.000271043
0.000271044
0.000271044
0.000271043
0.000271044
0.000271043
0.000271043
0.000271043
0.000271043
0.000271043
0.000271043
0.000271043
0.000271043
0.000271042
0.000271042
0.000271042
0.000271042
0.000271042
0.000271042
0.000271041
0.000271041
0.000271041
0.000271041
0.000271041
0.000271041
0.000271041
0.000271041
0.00027104
0.00027104
0.00027104
0.00027104
0.00027104
0.00027104
0.000271039
0.000271039
0.000271039
0.000271039
0.000271038
0.000271038
0.000271038
0.000271038
0.000271037
0.000271037
0.000271037
0.000271037
0.000271037
0.000271037
0.000271036
0.000271036
0.000271036
0.000271036
0.000271036
0.000271036
0.000271035
0.000271035
0.000271035
0.000271035
0.000271034
0.000271034
0.000271034
0.000271034
0.000271033
0.000271033
0.000271033
0.000271033
0.000271032
0.000271032
0.000271031
0.000271031
0.000271031
0.000271031
0.00027103
0.00027103
0.000271029
0.000271029
0.000271029
0.000271029
0.000271028
0.000271028
0.000271027
0.000271027
0.000271027
0.000271027
0.000271026
0.000271026
0.000271026
0.000271026
0.000271025
0.000271025
0.000271025
0.000271025
0.000271025
0.000271025
0.000271024
0.000271024
0.000271024
0.000271024
0.000271023
0.000271023
0.000271022
0.000271022
0.000271022
0.000271022
0.000271021
0.000271021
0.000271021
0.000271021
0.00027102
0.00027102
0.00027102
0.00027102
0.000271019
0.000271019
0.000271019
0.000271019
0.000271019
0.000271019
0.000271018
0.000271018
0.000271018
0.000271018
0.000271017
0.000271017
0.000271017
0.000271017
0.000271016
0.000271016
0.000271016
0.000271016
0.000271016
0.000271016
0.000271015
0.000271015
0.000271015
0.000271015
0.000271015
0.000271015
0.000271015
0.000271015
0.000271015
0.000271015
0.000271015
0.000271015
0.000271015
0.000271015
0.000271014
0.00027101
0.000270987
0.000270957
0.000373254
0.000276671
0.000273148
0.000272561
0.000272466
0.000272449
0.000272446
0.000272445
0.000272445
0.000272445
0.000272445
0.000272445
0.000272445
0.000272445
0.000272445
0.000272445
0.000272445
0.000272445
0.000272445
0.000272445
0.000272445
0.000272445
0.000272445
0.000272445
0.000272445
0.000272445
0.000272445
0.000272444
0.000272444
0.000272444
0.000272444
0.000272444
0.000272444
0.000272444
0.000272444
0.000272443
0.000272443
0.000272443
0.000272443
0.000272443
0.000272442
0.000272442
0.000272442
0.000272442
0.000272442
0.000272441
0.000272441
0.000272441
0.000272441
0.000272441
0.000272441
0.000272441
0.000272441
0.000272441
0.000272441
0.000272441
0.000272441
0.000272441
0.000272441
0.00027244
0.00027244
0.00027244
0.00027244
0.000272439
0.000272439
0.000272438
0.000272438
0.000272437
0.000272437
0.000272437
0.000272436
0.000272436
0.000272436
0.000272435
0.000272435
0.000272435
0.000272435
0.000272434
0.000272434
0.000272433
0.000272433
0.000272432
0.000272432
0.000272431
0.000272431
0.00027243
0.00027243
0.000272429
0.000272429
0.000272428
0.000272428
0.000272427
0.000272427
0.000272426
0.000272426
0.000272426
0.000272425
0.000272425
0.000272425
0.000272424
0.000272424
0.000272423
0.000272423
0.000272422
0.000272422
0.000272421
0.000272421
0.00027242
0.00027242
0.000272419
0.000272419
0.000272418
0.000272417
0.000272416
0.000272416
0.000272415
0.000272415
0.000272413
0.000272413
0.000272412
0.000272412
0.00027241
0.00027241
0.000272409
0.000272408
0.000272407
0.000272407
0.000272406
0.000272405
0.000272404
0.000272404
0.000272403
0.000272403
0.000272402
0.000272401
0.0002724
0.0002724
0.000272399
0.000272399
0.000272398
0.000272398
0.000272397
0.000272397
0.000272396
0.000272396
0.000272395
0.000272395
0.000272394
0.000272394
0.000272393
0.000272392
0.000272391
0.000272391
0.00027239
0.000272389
0.000272388
0.000272388
0.000272387
0.000272387
0.000272386
0.000272386
0.000272385
0.000272385
0.000272384
0.000272384
0.000272383
0.000272383
0.000272382
0.000272382
0.000272382
0.000272381
0.000272381
0.00027238
0.000272379
0.000272379
0.000272378
0.000272378
0.000272377
0.000272377
0.000272377
0.000272376
0.000272376
0.000272376
0.000272375
0.000272375
0.000272375
0.000272375
0.000272375
0.000272375
0.000272375
0.000272375
0.000272375
0.000272375
0.000272375
0.000272374
0.000272374
0.000272372
0.000272363
0.000272308
0.000272244
0.000411353
0.000283274
0.000276988
0.000275856
0.000275655
0.000275617
0.000275609
0.000275608
0.000275607
0.000275607
0.000275607
0.000275607
0.000275607
0.000275607
0.000275607
0.000275607
0.000275607
0.000275607
0.000275607
0.000275607
0.000275607
0.000275607
0.000275607
0.000275607
0.000275607
0.000275607
0.000275607
0.000275607
0.000275606
0.000275606
0.000275606
0.000275606
0.000275605
0.000275605
0.000275604
0.000275604
0.000275603
0.000275603
0.000275603
0.000275602
0.000275602
0.000275601
0.000275601
0.000275601
0.0002756
0.0002756
0.0002756
0.000275599
0.000275599
0.000275599
0.000275599
0.000275599
0.000275599
0.000275599
0.000275599
0.000275599
0.000275598
0.000275598
0.000275598
0.000275597
0.000275596
0.000275596
0.000275595
0.000275594
0.000275593
0.000275592
0.000275591
0.000275591
0.000275589
0.000275589
0.000275588
0.000275587
0.000275586
0.000275586
0.000275585
0.000275585
0.000275584
0.000275583
0.000275582
0.000275582
0.00027558
0.00027558
0.000275578
0.000275577
0.000275576
0.000275575
0.000275573
0.000275573
0.000275571
0.00027557
0.000275569
0.000275568
0.000275566
0.000275566
0.000275564
0.000275564
0.000275562
0.000275562
0.000275561
0.00027556
0.000275559
0.000275558
0.000275557
0.000275556
0.000275554
0.000275554
0.000275552
0.000275551
0.00027555
0.000275549
0.000275547
0.000275546
0.000275544
0.000275543
0.000275541
0.00027554
0.000275537
0.000275536
0.000275534
0.000275533
0.00027553
0.000275529
0.000275526
0.000275526
0.000275523
0.000275522
0.000275519
0.000275519
0.000275516
0.000275515
0.000275513
0.000275512
0.00027551
0.000275509
0.000275507
0.000275507
0.000275505
0.000275504
0.000275503
0.000275502
0.0002755
0.0002755
0.000275498
0.000275497
0.000275495
0.000275495
0.000275493
0.000275492
0.00027549
0.000275489
0.000275486
0.000275485
0.000275483
0.000275482
0.00027548
0.000275479
0.000275477
0.000275476
0.000275474
0.000275473
0.000275472
0.000275471
0.00027547
0.000275469
0.000275468
0.000275467
0.000275466
0.000275465
0.000275464
0.000275463
0.000275462
0.000275461
0.000275459
0.000275459
0.000275457
0.000275456
0.000275455
0.000275454
0.000275452
0.000275452
0.000275451
0.00027545
0.00027545
0.000275449
0.000275449
0.000275448
0.000275448
0.000275448
0.000275448
0.000275448
0.000275448
0.000275448
0.000275447
0.000275447
0.000275447
0.000275446
0.000275442
0.000275422
0.000275295
0.000275168
0.000457951
0.000295167
0.000284928
0.000282983
0.000282589
0.000282509
0.000282492
0.000282489
0.000282488
0.000282488
0.000282488
0.000282488
0.000282488
0.000282488
0.000282488
0.000282488
0.000282488
0.000282487
0.000282487
0.000282487
0.000282487
0.000282487
0.000282487
0.000282487
0.000282487
0.000282487
0.000282486
0.000282486
0.000282486
0.000282485
0.000282484
0.000282484
0.000282483
0.000282482
0.000282482
0.00028248
0.00028248
0.000282478
0.000282478
0.000282476
0.000282476
0.000282474
0.000282474
0.000282473
0.000282472
0.000282471
0.000282471
0.00028247
0.00028247
0.000282469
0.000282469
0.000282469
0.00028247
0.000282469
0.000282469
0.000282469
0.000282469
0.000282468
0.000282467
0.000282465
0.000282464
0.000282462
0.000282461
0.000282458
0.000282457
0.000282454
0.000282453
0.00028245
0.000282449
0.000282447
0.000282446
0.000282443
0.000282442
0.000282441
0.000282439
0.000282438
0.000282436
0.000282434
0.000282433
0.00028243
0.000282429
0.000282426
0.000282424
0.000282421
0.000282419
0.000282416
0.000282414
0.00028241
0.000282408
0.000282405
0.000282403
0.0002824
0.000282399
0.000282396
0.000282394
0.000282391
0.00028239
0.000282387
0.000282386
0.000282383
0.000282381
0.000282379
0.000282377
0.000282374
0.000282372
0.000282369
0.000282367
0.000282364
0.000282362
0.000282358
0.000282356
0.000282352
0.000282349
0.000282345
0.000282342
0.000282338
0.000282335
0.00028233
0.000282327
0.000282322
0.000282319
0.000282314
0.000282311
0.000282306
0.000282303
0.000282299
0.000282296
0.000282291
0.000282288
0.000282284
0.000282281
0.000282277
0.000282275
0.000282271
0.000282269
0.000282265
0.000282263
0.00028226
0.000282258
0.000282255
0.000282253
0.00028225
0.000282248
0.000282245
0.000282243
0.000282239
0.000282237
0.000282233
0.00028223
0.000282226
0.000282223
0.000282218
0.000282215
0.000282211
0.000282208
0.000282204
0.000282201
0.000282198
0.000282195
0.000282192
0.00028219
0.000282187
0.000282186
0.000282183
0.000282182
0.000282179
0.000282178
0.000282175
0.000282173
0.00028217
0.000282169
0.000282165
0.000282163
0.00028216
0.000282158
0.000282155
0.000282153
0.00028215
0.000282148
0.000282145
0.000282144
0.000282142
0.000282141
0.00028214
0.000282139
0.000282138
0.000282138
0.000282138
0.000282137
0.000282137
0.000282137
0.000282136
0.000282136
0.000282136
0.000282135
0.000282133
0.000282125
0.000282083
0.000281803
0.000281574
0.000513202
0.000314981
0.000300349
0.000297502
0.000296857
0.000296704
0.000296669
0.000296661
0.000296659
0.000296659
0.000296659
0.000296659
0.000296659
0.000296659
0.000296659
0.000296659
0.000296659
0.000296658
0.000296658
0.000296658
0.000296658
0.000296658
0.000296658
0.000296658
0.000296657
0.000296657
0.000296656
0.000296655
0.000296654
0.000296653
0.000296652
0.000296651
0.000296649
0.000296648
0.000296645
0.000296644
0.000296642
0.00029664
0.000296637
0.000296636
0.000296633
0.000296632
0.000296629
0.000296628
0.000296626
0.000296625
0.000296623
0.000296622
0.000296621
0.00029662
0.000296621
0.00029662
0.000296621
0.000296621
0.00029662
0.00029662
0.000296618
0.000296618
0.000296615
0.000296613
0.000296609
0.000296607
0.000296602
0.000296599
0.000296594
0.00029659
0.000296585
0.000296582
0.000296577
0.000296574
0.00029657
0.000296567
0.000296564
0.000296561
0.000296557
0.000296555
0.000296551
0.000296549
0.000296543
0.000296541
0.000296535
0.000296532
0.000296525
0.000296521
0.000296514
0.00029651
0.000296503
0.000296499
0.000296492
0.000296488
0.000296482
0.000296478
0.000296472
0.000296468
0.000296462
0.000296459
0.000296454
0.00029645
0.000296445
0.000296442
0.000296436
0.000296433
0.000296427
0.000296423
0.000296417
0.000296413
0.000296406
0.000296402
0.000296394
0.00029639
0.000296382
0.000296377
0.000296368
0.000296363
0.000296353
0.000296348
0.000296338
0.000296332
0.000296322
0.000296316
0.000296305
0.000296299
0.000296289
0.000296283
0.000296273
0.000296267
0.000296256
0.000296251
0.000296241
0.000296235
0.000296226
0.000296221
0.000296213
0.000296208
0.0002962
0.000296196
0.000296189
0.000296185
0.000296178
0.000296174
0.000296168
0.000296164
0.000296157
0.000296153
0.000296146
0.000296142
0.000296133
0.000296128
0.000296119
0.000296114
0.000296104
0.000296099
0.000296089
0.000296083
0.000296074
0.000296068
0.00029606
0.000296054
0.000296047
0.000296043
0.000296036
0.000296032
0.000296027
0.000296024
0.000296018
0.000296015
0.00029601
0.000296007
0.000296001
0.000295998
0.000295991
0.000295987
0.00029598
0.000295976
0.000295969
0.000295965
0.000295958
0.000295954
0.000295948
0.000295945
0.00029594
0.000295937
0.000295934
0.000295932
0.000295931
0.000295929
0.000295928
0.000295928
0.000295927
0.000295927
0.000295926
0.000295925
0.000295924
0.000295924
0.000295922
0.000295919
0.000295903
0.000295823
0.000295235
0.000294879
0.000577556
0.000345297
0.000328229
0.000324904
0.000324215
0.000323994
0.00032393
0.000323915
0.000323911
0.00032391
0.00032391
0.00032391
0.000323909
0.000323909
0.000323909
0.000323909
0.000323909
0.000323909
0.000323909
0.000323908
0.000323908
0.000323908
0.000323907
0.000323907
0.000323906
0.000323905
0.000323904
0.000323902
0.000323901
0.000323898
0.000323896
0.000323893
0.000323891
0.000323887
0.000323884
0.00032388
0.000323877
0.000323873
0.000323869
0.000323864
0.00032386
0.000323856
0.000323852
0.000323849
0.000323845
0.000323842
0.00032384
0.000323838
0.000323836
0.000323834
0.000323835
0.000323834
0.000323835
0.000323835
0.000323835
0.000323833
0.000323831
0.000323828
0.000323825
0.00032382
0.000323814
0.000323807
0.0003238
0.000323791
0.000323784
0.000323774
0.000323767
0.000323758
0.000323751
0.000323743
0.000323737
0.00032373
0.000323725
0.000323718
0.000323713
0.000323706
0.0003237
0.000323692
0.000323686
0.000323677
0.000323669
0.000323659
0.00032365
0.000323639
0.000323629
0.000323617
0.000323607
0.000323595
0.000323586
0.000323574
0.000323565
0.000323554
0.000323545
0.000323535
0.000323527
0.000323517
0.000323509
0.0003235
0.000323492
0.000323483
0.000323475
0.000323465
0.000323457
0.000323446
0.000323438
0.000323426
0.000323417
0.000323405
0.000323394
0.000323381
0.00032337
0.000323355
0.000323343
0.000323327
0.000323315
0.000323298
0.000323284
0.000323267
0.000323253
0.000323235
0.000323221
0.000323203
0.000323189
0.000323171
0.000323156
0.000323139
0.000323125
0.000323108
0.000323094
0.000323078
0.000323065
0.00032305
0.000323038
0.000323024
0.000323014
0.000323001
0.000322991
0.000322979
0.00032297
0.000322958
0.00032295
0.000322938
0.000322929
0.000322917
0.000322907
0.000322894
0.000322882
0.000322868
0.000322855
0.00032284
0.000322826
0.00032281
0.000322796
0.000322779
0.000322766
0.00032275
0.000322738
0.000322723
0.000322713
0.0003227
0.000322691
0.00032268
0.000322673
0.000322663
0.000322656
0.000322647
0.000322639
0.00032263
0.000322622
0.000322612
0.000322602
0.000322591
0.000322581
0.000322569
0.000322559
0.000322547
0.000322537
0.000322526
0.000322517
0.000322508
0.000322501
0.000322494
0.000322489
0.000322484
0.000322482
0.000322478
0.000322477
0.000322475
0.000322474
0.000322473
0.000322472
0.000322471
0.000322469
0.000322467
0.000322464
0.000322458
0.000322432
0.000322293
0.000321156
0.000320692
0.000652226
0.000387516
0.000374872
0.000372219
0.000372443
0.000372419
0.000372351
0.000372324
0.000372317
0.000372315
0.000372314
0.000372315
0.000372314
0.000372314
0.000372314
0.000372314
0.000372313
0.000372313
0.000372313
0.000372312
0.000372312
0.000372311
0.000372311
0.00037231
0.000372308
0.000372307
0.000372304
0.000372302
0.000372298
0.000372295
0.00037229
0.000372286
0.00037228
0.000372275
0.000372268
0.000372262
0.000372254
0.000372248
0.000372239
0.000372233
0.000372224
0.000372218
0.00037221
0.000372204
0.000372198
0.000372193
0.000372189
0.000372184
0.000372182
0.000372179
0.000372179
0.000372178
0.000372179
0.000372179
0.000372178
0.000372176
0.000372172
0.000372168
0.000372159
0.000372152
0.000372139
0.000372129
0.000372113
0.000372101
0.000372084
0.000372071
0.000372054
0.000372041
0.000372026
0.000372014
0.000372001
0.00037199
0.000371978
0.000371968
0.000371955
0.000371946
0.000371932
0.000371922
0.000371906
0.000371894
0.000371875
0.000371862
0.000371841
0.000371825
0.000371803
0.000371786
0.000371763
0.000371746
0.000371724
0.000371707
0.000371686
0.000371671
0.000371651
0.000371636
0.000371618
0.000371604
0.000371586
0.000371572
0.000371555
0.000371541
0.000371523
0.000371509
0.00037149
0.000371475
0.000371455
0.000371439
0.000371417
0.0003714
0.000371375
0.000371357
0.00037133
0.00037131
0.000371282
0.00037126
0.00037123
0.000371207
0.000371175
0.000371151
0.000371118
0.000371093
0.00037106
0.000371034
0.000371001
0.000370976
0.000370942
0.000370917
0.000370885
0.000370861
0.000370829
0.000370806
0.000370777
0.000370755
0.000370728
0.000370708
0.000370683
0.000370665
0.000370643
0.000370625
0.000370605
0.000370588
0.000370568
0.000370551
0.00037053
0.000370513
0.000370489
0.000370471
0.000370444
0.000370424
0.000370394
0.000370372
0.000370341
0.000370318
0.000370286
0.000370262
0.000370232
0.000370209
0.000370181
0.00037016
0.000370136
0.000370118
0.000370097
0.000370082
0.000370064
0.00037005
0.000370033
0.00037002
0.000370003
0.00036999
0.00036997
0.000369956
0.000369935
0.000369919
0.000369896
0.000369879
0.000369856
0.000369839
0.000369816
0.0003698
0.000369781
0.000369767
0.000369753
0.000369741
0.000369731
0.000369723
0.000369717
0.000369712
0.000369709
0.000369706
0.000369704
0.000369702
0.000369699
0.000369697
0.000369694
0.000369691
0.000369685
0.000369676
0.000369636
0.000369426
0.000367446
0.000366979
0.000739912
0.000440925
0.000445746
0.000445347
0.000448421
0.000449636
0.000449824
0.000449814
0.000449804
0.000449801
0.0004498
0.000449799
0.000449799
0.000449799
0.000449799
0.000449798
0.000449798
0.000449797
0.000449797
0.000449796
0.000449796
0.000449794
0.000449793
0.000449791
0.000449789
0.000449786
0.000449783
0.000449778
0.000449773
0.000449766
0.00044976
0.000449751
0.000449743
0.000449733
0.000449724
0.000449712
0.000449701
0.000449689
0.000449677
0.000449664
0.000449652
0.000449639
0.000449628
0.000449618
0.000449608
0.0004496
0.000449594
0.000449588
0.000449585
0.00044958
0.00044958
0.000449578
0.000449578
0.000449578
0.000449577
0.000449572
0.000449565
0.000449555
0.000449544
0.000449528
0.000449511
0.00044949
0.000449469
0.000449445
0.000449422
0.000449396
0.000449374
0.000449349
0.000449328
0.000449305
0.000449287
0.000449266
0.000449249
0.00044923
0.000449213
0.000449193
0.000449175
0.000449152
0.000449131
0.000449105
0.000449081
0.000449051
0.000449024
0.000448992
0.000448962
0.000448928
0.000448898
0.000448863
0.000448834
0.000448801
0.000448772
0.000448741
0.000448714
0.000448685
0.000448659
0.000448631
0.000448607
0.00044858
0.000448556
0.000448528
0.000448504
0.000448476
0.00044845
0.00044842
0.000448393
0.00044836
0.00044833
0.000448295
0.000448262
0.000448224
0.000448189
0.000448147
0.000448109
0.000448064
0.000448024
0.000447977
0.000447934
0.000447885
0.000447841
0.00044779
0.000447746
0.000447694
0.000447649
0.000447597
0.000447553
0.000447502
0.000447458
0.00044741
0.000447367
0.000447321
0.000447282
0.000447238
0.000447202
0.000447162
0.000447129
0.000447092
0.000447062
0.000447028
0.000446999
0.000446966
0.000446938
0.000446905
0.000446876
0.000446841
0.000446809
0.00044677
0.000446735
0.000446692
0.000446653
0.000446607
0.000446565
0.000446518
0.000446475
0.000446428
0.000446387
0.000446342
0.000446304
0.000446264
0.000446231
0.000446196
0.000446168
0.000446137
0.000446112
0.000446084
0.000446061
0.000446034
0.000446011
0.000445983
0.000445957
0.000445927
0.000445898
0.000445865
0.000445835
0.0004458
0.000445768
0.000445734
0.000445704
0.000445673
0.000445647
0.000445621
0.0004456
0.00044558
0.000445566
0.000445552
0.000445543
0.000445533
0.000445528
0.000445523
0.000445519
0.000445515
0.000445511
0.000445507
0.000445502
0.000445496
0.000445489
0.000445475
0.000445429
0.000445175
0.000442159
0.000442073
0.000845403
0.000503594
0.000541729
0.000543008
0.000550341
0.000554788
0.00055624
0.000556473
0.000556486
0.000556484
0.000556483
0.000556482
0.000556482
0.000556482
0.000556481
0.00055648
0.00055648
0.000556479
0.000556479
0.000556478
0.000556476
0.000556475
0.000556473
0.000556471
0.000556467
0.000556463
0.000556457
0.000556451
0.000556443
0.000556434
0.000556424
0.000556413
0.0005564
0.000556387
0.000556371
0.000556357
0.000556339
0.000556323
0.000556303
0.000556287
0.000556268
0.000556252
0.000556235
0.000556221
0.000556208
0.000556197
0.000556188
0.000556181
0.000556176
0.000556172
0.00055617
0.000556168
0.000556167
0.000556166
0.000556162
0.000556155
0.000556144
0.000556131
0.000556111
0.000556091
0.000556063
0.000556037
0.000556003
0.000555972
0.000555936
0.000555904
0.000555868
0.000555837
0.000555804
0.000555775
0.000555746
0.00055572
0.000555691
0.000555667
0.000555639
0.000555613
0.000555582
0.000555554
0.000555518
0.000555486
0.000555445
0.000555408
0.000555363
0.000555323
0.000555275
0.000555232
0.000555183
0.00055514
0.000555092
0.00055505
0.000555005
0.000554965
0.000554922
0.000554884
0.000554843
0.000554808
0.000554768
0.000554734
0.000554694
0.00055466
0.000554619
0.000554584
0.000554541
0.000554503
0.000554458
0.000554417
0.000554368
0.000554323
0.00055427
0.000554222
0.000554164
0.000554111
0.000554049
0.000553993
0.000553926
0.000553867
0.000553797
0.000553735
0.000553663
0.0005536
0.000553526
0.000553461
0.000553387
0.000553323
0.000553249
0.000553186
0.000553114
0.000553053
0.000552984
0.000552926
0.000552862
0.000552807
0.000552748
0.000552698
0.000552644
0.000552597
0.000552548
0.000552505
0.000552458
0.000552417
0.00055237
0.000552329
0.00055228
0.000552235
0.000552182
0.000552133
0.000552073
0.00055202
0.000551955
0.000551897
0.000551829
0.000551769
0.0005517
0.00055164
0.000551574
0.000551518
0.000551458
0.000551407
0.000551354
0.000551309
0.000551264
0.000551225
0.000551184
0.000551149
0.000551111
0.000551077
0.000551037
0.000551001
0.000550958
0.00055092
0.000550872
0.00055083
0.00055078
0.000550736
0.000550686
0.000550642
0.000550595
0.000550555
0.000550515
0.000550481
0.00055045
0.000550424
0.000550401
0.000550383
0.000550368
0.000550357
0.000550347
0.00055034
0.000550333
0.000550328
0.000550321
0.000550315
0.000550307
0.000550299
0.000550289
0.000550274
0.00055024
0.000550062
0.000546117
0.000547612
0.000971729
0.000574
0.00066099
0.000657002
0.000666427
0.000675563
0.000680233
0.000681611
0.000681815
0.000681834
0.000681835
0.000681835
0.000681834
0.000681834
0.000681833
0.000681833
0.000681832
0.000681831
0.000681831
0.000681829
0.000681828
0.000681826
0.000681823
0.000681819
0.000681814
0.000681809
0.000681802
0.000681793
0.000681783
0.000681771
0.000681758
0.000681743
0.000681727
0.000681708
0.00068169
0.000681668
0.000681647
0.000681624
0.000681601
0.000681577
0.000681555
0.000681533
0.000681513
0.000681494
0.000681479
0.000681466
0.000681455
0.000681447
0.000681442
0.000681438
0.000681435
0.000681432
0.00068143
0.000681425
0.00068142
0.000681409
0.000681395
0.000681374
0.00068135
0.00068132
0.000681287
0.000681248
0.000681209
0.000681166
0.000681123
0.000681079
0.000681037
0.000680994
0.000680956
0.000680917
0.000680881
0.000680845
0.000680811
0.000680776
0.000680742
0.000680705
0.000680667
0.000680626
0.000680584
0.000680536
0.000680488
0.000680434
0.000680381
0.000680323
0.000680267
0.000680206
0.000680149
0.000680089
0.000680032
0.000679974
0.000679919
0.000679864
0.000679812
0.00067976
0.000679711
0.000679661
0.000679614
0.000679565
0.000679518
0.000679469
0.000679421
0.00067937
0.00067932
0.000679265
0.000679211
0.000679152
0.000679094
0.00067903
0.000678966
0.000678897
0.000678828
0.000678753
0.000678679
0.000678599
0.00067852
0.000678435
0.000678353
0.000678265
0.00067818
0.000678089
0.000678002
0.00067791
0.000677822
0.000677731
0.000677644
0.000677554
0.000677469
0.000677382
0.000677301
0.000677219
0.000677143
0.000677067
0.000676996
0.000676926
0.000676862
0.000676798
0.000676739
0.000676679
0.000676623
0.000676565
0.000676509
0.000676449
0.000676391
0.000676326
0.000676262
0.000676191
0.000676121
0.000676043
0.000675966
0.000675883
0.000675802
0.000675717
0.000675635
0.000675552
0.000675474
0.000675396
0.000675325
0.000675255
0.000675193
0.000675132
0.000675077
0.000675023
0.000674974
0.000674925
0.000674878
0.000674829
0.000674781
0.000674729
0.000674678
0.000674621
0.000674565
0.000674504
0.000674445
0.000674382
0.000674323
0.000674262
0.000674207
0.000674153
0.000674105
0.00067406
0.000674022
0.000673989
0.000673961
0.000673938
0.00067392
0.000673905
0.000673893
0.000673882
0.000673873
0.000673865
0.000673856
0.000673846
0.000673837
0.000673826
0.000673815
0.000673803
0.000673809
0.000673895
0.00066926
0.000674906
0.00110213
0.000649465
0.000802566
0.000778925
0.000784907
0.000796416
0.000804996
0.000809365
0.000810357
0.000810484
0.000810501
0.000810503
0.000810503
0.000810503
0.000810502
0.000810502
0.000810501
0.0008105
0.000810499
0.000810497
0.000810495
0.000810492
0.000810488
0.000810482
0.000810476
0.000810468
0.000810458
0.000810446
0.000810434
0.000810418
0.000810401
0.000810382
0.000810361
0.000810337
0.000810313
0.000810286
0.000810259
0.000810229
0.000810201
0.000810172
0.000810145
0.000810118
0.000810096
0.000810074
0.000810058
0.000810044
0.000810035
0.000810026
0.000810022
0.000810017
0.000810014
0.00081001
0.000810006
0.000809999
0.000809988
0.000809972
0.000809949
0.00080992
0.000809886
0.000809846
0.000809803
0.000809753
0.000809705
0.000809651
0.0008096
0.000809546
0.000809497
0.000809446
0.000809401
0.000809354
0.000809312
0.000809268
0.000809226
0.000809182
0.000809139
0.000809091
0.000809043
0.000808989
0.000808934
0.000808873
0.000808812
0.000808744
0.000808678
0.000808605
0.000808536
0.000808461
0.000808392
0.000808317
0.00080825
0.000808178
0.000808113
0.000808045
0.000807984
0.000807919
0.00080786
0.000807798
0.00080774
0.000807679
0.000807622
0.00080756
0.0008075
0.000807436
0.000807373
0.000807304
0.000807237
0.000807162
0.000807089
0.000807008
0.000806928
0.00080684
0.000806755
0.00080666
0.000806568
0.000806467
0.00080637
0.000806263
0.000806162
0.000806052
0.000805947
0.000805834
0.000805727
0.000805613
0.000805506
0.000805392
0.000805287
0.000805175
0.000805073
0.000804965
0.000804868
0.000804767
0.000804677
0.000804584
0.000804501
0.000804415
0.000804339
0.000804261
0.000804191
0.000804117
0.000804049
0.000803976
0.000803906
0.000803831
0.000803756
0.000803674
0.000803593
0.000803502
0.000803412
0.000803314
0.000803218
0.000803113
0.000803014
0.000802908
0.00080281
0.000802708
0.000802616
0.000802522
0.000802439
0.000802355
0.000802283
0.000802209
0.000802145
0.00080208
0.000802021
0.000801959
0.000801901
0.000801839
0.000801778
0.000801711
0.000801645
0.000801572
0.000801502
0.000801425
0.000801352
0.000801274
0.000801203
0.000801129
0.000801065
0.000801
0.000800947
0.000800894
0.000800853
0.000800814
0.000800785
0.000800758
0.000800739
0.000800721
0.000800707
0.000800693
0.000800682
0.00080067
0.000800658
0.000800644
0.000800631
0.000800617
0.000800607
0.000800605
0.000800677
0.000801195
0.000795723
0.000810012
0.00118539
0.000708841
0.000932902
0.000864846
0.000852412
0.000852954
0.000857947
0.000865802
0.00086823
0.000868647
0.000868717
0.000868729
0.000868732
0.000868732
0.000868731
0.000868731
0.00086873
0.000868729
0.000868727
0.000868725
0.000868722
0.000868719
0.000868713
0.000868707
0.000868698
0.00086869
0.000868677
0.000868665
0.000868648
0.000868633
0.000868611
0.000868592
0.000868565
0.000868542
0.00086851
0.000868485
0.00086845
0.000868422
0.000868386
0.00086836
0.000868327
0.000868303
0.000868277
0.00086826
0.000868242
0.000868232
0.000868222
0.000868217
0.000868212
0.000868209
0.000868206
0.000868202
0.000868195
0.000868186
0.000868168
0.000868149
0.000868117
0.000868086
0.00086804
0.000867999
0.000867942
0.000867895
0.000867832
0.000867783
0.00086772
0.000867673
0.000867613
0.000867569
0.000867513
0.000867473
0.00086742
0.000867381
0.000867328
0.000867287
0.000867231
0.000867185
0.000867122
0.00086707
0.000866999
0.000866941
0.000866862
0.000866798
0.000866713
0.000866646
0.000866559
0.000866491
0.000866404
0.000866337
0.000866253
0.000866189
0.000866108
0.000866048
0.000865971
0.000865913
0.000865839
0.000865783
0.000865711
0.000865655
0.000865582
0.000865525
0.000865449
0.000865389
0.000865309
0.000865244
0.000865157
0.000865088
0.000864994
0.000864918
0.000864816
0.000864734
0.000864623
0.000864535
0.000864418
0.000864324
0.0008642
0.000864102
0.000863973
0.000863872
0.000863739
0.000863636
0.000863501
0.000863397
0.000863262
0.000863159
0.000863026
0.000862926
0.000862798
0.000862702
0.000862581
0.000862491
0.000862379
0.000862296
0.000862194
0.000862119
0.000862025
0.000861956
0.000861868
0.000861802
0.000861716
0.00086165
0.000861561
0.00086149
0.000861394
0.000861317
0.000861211
0.000861125
0.000861009
0.000860916
0.000860794
0.000860697
0.000860572
0.000860476
0.000860354
0.000860263
0.00086015
0.000860068
0.000859967
0.000859895
0.000859806
0.000859743
0.000859664
0.000859607
0.000859533
0.000859477
0.000859403
0.000859344
0.000859266
0.000859202
0.000859117
0.000859048
0.000858957
0.000858885
0.000858793
0.000858722
0.000858635
0.00085857
0.000858492
0.000858437
0.000858373
0.00085833
0.000858282
0.000858252
0.000858218
0.000858197
0.000858174
0.000858159
0.000858142
0.00085813
0.000858115
0.000858103
0.000858086
0.000858073
0.000858056
0.000858043
0.000858033
0.000858047
0.000858185
0.000859138
0.000853354
0.000878543
0.00113642
0.000701967
0.000935034
0.000805124
0.000700779
0.000640419
0.000611667
0.000611225
0.000612732
0.000613427
0.000613585
0.000613622
0.000613632
0.000613634
0.000613634
0.000613634
0.000613633
0.000613633
0.000613632
0.000613631
0.00061363
0.000613628
0.000613626
0.000613623
0.000613619
0.000613614
0.000613609
0.000613602
0.000613595
0.000613586
0.000613577
0.000613566
0.000613554
0.000613541
0.000613527
0.000613512
0.000613496
0.00061348
0.000613463
0.000613447
0.000613432
0.000613417
0.000613404
0.000613393
0.000613383
0.000613376
0.00061337
0.000613366
0.000613363
0.000613361
0.000613359
0.000613357
0.000613354
0.000613349
0.000613341
0.000613332
0.000613318
0.000613302
0.000613282
0.00061326
0.000613235
0.000613208
0.00061318
0.000613151
0.000613122
0.000613093
0.000613064
0.000613037
0.00061301
0.000612985
0.00061296
0.000612935
0.000612911
0.000612886
0.00061286
0.000612833
0.000612805
0.000612774
0.000612742
0.000612709
0.000612673
0.000612636
0.000612597
0.000612557
0.000612517
0.000612476
0.000612435
0.000612395
0.000612355
0.000612316
0.000612278
0.000612241
0.000612204
0.000612169
0.000612134
0.000612099
0.000612065
0.000612031
0.000611997
0.000611963
0.000611928
0.000611892
0.000611855
0.000611817
0.000611778
0.000611737
0.000611693
0.000611649
0.000611602
0.000611554
0.000611503
0.000611452
0.000611397
0.000611342
0.000611285
0.000611227
0.000611167
0.000611107
0.000611045
0.000610983
0.00061092
0.000610858
0.000610795
0.000610733
0.00061067
0.000610609
0.000610549
0.00061049
0.000610432
0.000610377
0.000610324
0.000610273
0.000610223
0.000610177
0.000610132
0.000610089
0.000610047
0.000610006
0.000609965
0.000609925
0.000609884
0.000609842
0.000609798
0.000609752
0.000609704
0.000609654
0.000609601
0.000609547
0.00060949
0.000609433
0.000609375
0.000609318
0.00060926
0.000609205
0.000609151
0.0006091
0.000609051
0.000609005
0.000608962
0.000608922
0.000608883
0.000608847
0.000608812
0.000608777
0.000608742
0.000608708
0.000608671
0.000608634
0.000608595
0.000608555
0.000608513
0.000608471
0.000608428
0.000608386
0.000608344
0.000608305
0.000608267
0.000608232
0.0006082
0.000608172
0.000608147
0.000608126
0.000608108
0.000608094
0.000608081
0.000608071
0.000608062
0.000608054
0.000608046
0.000608039
0.000608032
0.000608024
0.000608017
0.000608011
0.000608008
0.000608024
0.000608139
0.000608786
0.000607054
0.000620729
0.00113642
0.000701967
0.000935034
0.000805124
0.000700779
0.000640419
0.000611667
0.000611226
0.000612732
0.000613428
0.000613585
0.000613622
0.000613631
0.000613634
0.000613634
0.000613634
0.000613633
0.000613633
0.000613632
0.000613631
0.00061363
0.000613628
0.000613626
0.000613623
0.000613619
0.000613614
0.000613609
0.000613602
0.000613595
0.000613586
0.000613577
0.000613566
0.000613554
0.000613541
0.000613527
0.000613512
0.000613496
0.00061348
0.000613463
0.000613447
0.000613432
0.000613417
0.000613404
0.000613393
0.000613383
0.000613376
0.00061337
0.000613366
0.000613363
0.000613361
0.000613359
0.000613357
0.000613353
0.000613349
0.000613342
0.000613331
0.000613318
0.000613302
0.000613282
0.00061326
0.000613235
0.000613208
0.00061318
0.000613151
0.000613122
0.000613093
0.000613064
0.000613037
0.000613011
0.000612985
0.00061296
0.000612935
0.000612911
0.000612886
0.00061286
0.000612833
0.000612805
0.000612774
0.000612742
0.000612708
0.000612673
0.000612635
0.000612597
0.000612557
0.000612517
0.000612476
0.000612436
0.000612395
0.000612355
0.000612316
0.000612278
0.00061224
0.000612204
0.000612168
0.000612134
0.000612099
0.000612065
0.000612031
0.000611997
0.000611963
0.000611928
0.000611892
0.000611855
0.000611817
0.000611778
0.000611736
0.000611694
0.000611649
0.000611602
0.000611554
0.000611504
0.000611451
0.000611398
0.000611342
0.000611285
0.000611227
0.000611167
0.000611107
0.000611045
0.000610983
0.000610921
0.000610858
0.000610795
0.000610732
0.00061067
0.000610609
0.000610549
0.00061049
0.000610433
0.000610377
0.000610324
0.000610272
0.000610224
0.000610176
0.000610132
0.000610088
0.000610047
0.000610006
0.000609966
0.000609925
0.000609884
0.000609841
0.000609798
0.000609752
0.000609704
0.000609653
0.000609601
0.000609546
0.000609491
0.000609433
0.000609375
0.000609317
0.00060926
0.000609204
0.000609151
0.000609099
0.000609051
0.000609005
0.000608962
0.000608921
0.000608883
0.000608847
0.000608812
0.000608777
0.000608743
0.000608707
0.000608671
0.000608634
0.000608595
0.000608555
0.000608513
0.000608471
0.000608428
0.000608386
0.000608344
0.000608304
0.000608267
0.000608232
0.0006082
0.000608172
0.000608147
0.000608126
0.000608108
0.000608093
0.000608081
0.000608071
0.000608062
0.000608054
0.000608047
0.000608039
0.000608032
0.000608024
0.000608017
0.000608011
0.000608009
0.000608023
0.000608139
0.000608786
0.000607054
0.00062073
0.00118539
0.000708841
0.000932902
0.000864847
0.000852412
0.000852954
0.000857947
0.000865802
0.00086823
0.000868647
0.000868717
0.000868729
0.000868731
0.000868731
0.000868731
0.00086873
0.00086873
0.000868729
0.000868727
0.000868725
0.000868723
0.000868718
0.000868714
0.000868706
0.000868699
0.000868688
0.000868678
0.000868663
0.00086865
0.00086863
0.000868613
0.000868589
0.000868568
0.000868539
0.000868514
0.000868481
0.000868454
0.000868418
0.00086839
0.000868356
0.00086833
0.0008683
0.00086828
0.000868257
0.000868244
0.00086823
0.000868223
0.000868217
0.000868213
0.000868209
0.000868206
0.000868202
0.000868196
0.000868184
0.000868171
0.000868146
0.00086812
0.000868081
0.000868045
0.000867993
0.000867948
0.000867888
0.000867839
0.000867776
0.000867727
0.000867666
0.00086762
0.000867562
0.00086752
0.000867466
0.000867427
0.000867375
0.000867335
0.000867281
0.000867238
0.000867178
0.00086713
0.000867063
0.000867007
0.000866932
0.000866871
0.000866788
0.000866723
0.000866636
0.000866569
0.000866481
0.000866414
0.000866328
0.000866263
0.00086618
0.000866118
0.000866039
0.00086598
0.000865904
0.000865848
0.000865775
0.000865719
0.000865646
0.00086559
0.000865516
0.000865458
0.00086538
0.000865318
0.000865235
0.000865168
0.000865077
0.000865005
0.000864906
0.000864828
0.000864721
0.000864636
0.000864522
0.000864431
0.00086431
0.000864215
0.000864088
0.000863988
0.000863857
0.000863754
0.00086362
0.000863517
0.000863381
0.000863278
0.000863144
0.000863041
0.000862911
0.000862812
0.000862687
0.000862594
0.000862478
0.000862391
0.000862284
0.000862205
0.000862108
0.000862036
0.000861945
0.000861878
0.000861792
0.000861726
0.000861639
0.000861571
0.000861479
0.000861405
0.000861305
0.000861223
0.000861112
0.000861023
0.000860903
0.000860808
0.000860683
0.000860586
0.000860462
0.000860368
0.00086025
0.000860163
0.000860056
0.000859978
0.000859884
0.000859816
0.000859733
0.000859673
0.000859598
0.000859542
0.000859468
0.000859412
0.000859336
0.000859275
0.000859193
0.000859126
0.000859038
0.000858967
0.000858875
0.000858803
0.000858712
0.000858644
0.000858561
0.0008585
0.000858429
0.00085838
0.000858324
0.000858288
0.000858247
0.000858222
0.000858194
0.000858177
0.000858157
0.000858144
0.000858128
0.000858117
0.000858101
0.000858088
0.000858071
0.000858058
0.000858042
0.000858034
0.000858047
0.000858186
0.000859137
0.000853354
0.000878543
0.00110213
0.000649466
0.000802566
0.000778924
0.000784907
0.000796417
0.000804996
0.000809365
0.000810357
0.000810484
0.000810501
0.000810504
0.000810503
0.000810503
0.000810502
0.000810502
0.000810501
0.0008105
0.000810499
0.000810497
0.000810495
0.000810492
0.000810488
0.000810483
0.000810476
0.000810468
0.000810458
0.000810447
0.000810433
0.000810419
0.000810401
0.000810382
0.000810361
0.000810338
0.000810312
0.000810287
0.000810258
0.00081023
0.0008102
0.000810173
0.000810144
0.000810119
0.000810095
0.000810075
0.000810057
0.000810045
0.000810034
0.000810027
0.000810021
0.000810018
0.000810014
0.000810011
0.000810006
0.000809999
0.000809988
0.000809972
0.000809949
0.000809921
0.000809886
0.000809847
0.000809801
0.000809755
0.000809703
0.000809653
0.000809598
0.000809548
0.000809495
0.000809448
0.000809399
0.000809356
0.000809311
0.000809269
0.000809225
0.000809183
0.000809137
0.000809092
0.000809041
0.00080899
0.000808932
0.000808875
0.00080881
0.000808746
0.000808675
0.000808607
0.000808533
0.000808464
0.000808389
0.00080832
0.000808247
0.000808181
0.000808111
0.000808048
0.000807981
0.000807921
0.000807858
0.0008078
0.000807738
0.000807681
0.00080762
0.000807562
0.000807498
0.000807438
0.000807371
0.000807306
0.000807235
0.000807164
0.000807086
0.00080701
0.000806926
0.000806843
0.000806752
0.000806663
0.000806565
0.00080647
0.000806366
0.000806267
0.000806158
0.000806055
0.000805943
0.000805837
0.000805723
0.000805616
0.000805502
0.000805396
0.000805283
0.000805179
0.000805069
0.000804969
0.000804865
0.000804771
0.000804674
0.000804587
0.000804497
0.000804418
0.000804336
0.000804264
0.000804188
0.000804119
0.000804046
0.000803978
0.000803904
0.000803833
0.000803754
0.000803676
0.00080359
0.000803505
0.00080341
0.000803317
0.000803214
0.000803116
0.00080301
0.000802912
0.000802807
0.000802712
0.000802613
0.000802525
0.000802436
0.000802359
0.00080228
0.000802212
0.000802143
0.000802082
0.000802019
0.000801961
0.000801899
0.00080184
0.000801776
0.000801713
0.000801643
0.000801575
0.000801499
0.000801427
0.000801349
0.000801277
0.0008012
0.000801132
0.000801062
0.000801003
0.000800944
0.000800897
0.000800851
0.000800816
0.000800784
0.00080076
0.000800738
0.000800721
0.000800706
0.000800694
0.000800681
0.00080067
0.000800657
0.000800645
0.000800631
0.000800618
0.000800606
0.000800606
0.000800677
0.000801195
0.000795722
0.000810013
0.00097173
0.000574
0.00066099
0.000657002
0.000666427
0.000675564
0.000680233
0.000681611
0.000681815
0.000681834
0.000681835
0.000681835
0.000681834
0.000681834
0.000681833
0.000681833
0.000681832
0.000681832
0.00068183
0.000681829
0.000681828
0.000681826
0.000681823
0.000681819
0.000681814
0.000681808
0.000681801
0.000681793
0.000681782
0.000681771
0.000681758
0.000681743
0.000681726
0.000681709
0.000681689
0.000681669
0.000681646
0.000681624
0.000681601
0.000681578
0.000681555
0.000681533
0.000681513
0.000681494
0.000681479
0.000681466
0.000681455
0.000681447
0.000681442
0.000681438
0.000681435
0.000681433
0.000681429
0.000681426
0.00068142
0.00068141
0.000681394
0.000681375
0.00068135
0.000681321
0.000681286
0.000681249
0.000681208
0.000681167
0.000681122
0.00068108
0.000681036
0.000680995
0.000680955
0.000680918
0.00068088
0.000680846
0.00068081
0.000680777
0.000680741
0.000680706
0.000680667
0.000680627
0.000680582
0.000680537
0.000680487
0.000680436
0.00068038
0.000680325
0.000680265
0.000680208
0.000680147
0.00068009
0.000680031
0.000679975
0.000679918
0.000679865
0.000679811
0.000679761
0.00067971
0.000679662
0.000679613
0.000679566
0.000679517
0.00067947
0.00067942
0.000679371
0.000679318
0.000679267
0.00067921
0.000679154
0.000679092
0.000679031
0.000678965
0.000678899
0.000678826
0.000678755
0.000678677
0.000678601
0.000678518
0.000678438
0.000678351
0.000678267
0.000678177
0.000678091
0.000678
0.000677912
0.00067782
0.000677733
0.000677642
0.000677556
0.000677467
0.000677384
0.000677299
0.00067722
0.000677141
0.000677068
0.000676995
0.000676928
0.000676861
0.0006768
0.000676738
0.000676681
0.000676622
0.000676566
0.000676508
0.000676451
0.000676389
0.000676328
0.00067626
0.000676193
0.000676119
0.000676045
0.000675964
0.000675885
0.0006758
0.000675719
0.000675634
0.000675554
0.000675473
0.000675398
0.000675324
0.000675257
0.000675191
0.000675133
0.000675076
0.000675024
0.000674973
0.000674926
0.000674877
0.00067483
0.00067478
0.000674731
0.000674676
0.000674623
0.000674564
0.000674506
0.000674443
0.000674384
0.000674322
0.000674263
0.000674206
0.000674153
0.000674104
0.000674061
0.000674022
0.000673989
0.000673961
0.000673938
0.000673919
0.000673905
0.000673892
0.000673883
0.000673873
0.000673865
0.000673856
0.000673847
0.000673836
0.000673826
0.000673815
0.000673803
0.00067381
0.000673895
0.00066926
0.000674906
0.000845404
0.000503594
0.000541729
0.000543008
0.00055034
0.000554788
0.00055624
0.000556473
0.000556486
0.000556484
0.000556483
0.000556482
0.000556482
0.000556481
0.000556481
0.000556481
0.00055648
0.000556479
0.000556478
0.000556478
0.000556477
0.000556475
0.000556473
0.00055647
0.000556467
0.000556462
0.000556458
0.000556451
0.000556443
0.000556434
0.000556424
0.000556412
0.000556401
0.000556386
0.000556373
0.000556356
0.00055634
0.000556321
0.000556305
0.000556286
0.000556269
0.000556251
0.000556236
0.00055622
0.000556208
0.000556197
0.000556188
0.000556182
0.000556176
0.000556173
0.000556169
0.000556168
0.000556166
0.000556165
0.000556162
0.000556154
0.000556145
0.000556129
0.000556113
0.000556089
0.000556066
0.000556034
0.000556006
0.00055597
0.000555938
0.000555902
0.00055587
0.000555836
0.000555805
0.000555774
0.000555747
0.000555718
0.000555693
0.000555665
0.00055564
0.000555611
0.000555584
0.000555551
0.000555521
0.000555483
0.000555448
0.000555405
0.000555366
0.00055532
0.000555278
0.000555229
0.000555186
0.000555137
0.000555095
0.000555048
0.000555007
0.000554962
0.000554924
0.000554882
0.000554845
0.000554805
0.00055477
0.000554731
0.000554697
0.000554657
0.000554622
0.000554581
0.000554544
0.000554501
0.000554461
0.000554414
0.000554371
0.00055432
0.000554274
0.000554218
0.000554167
0.000554107
0.000554053
0.000553988
0.000553931
0.000553863
0.000553802
0.000553731
0.000553668
0.000553595
0.000553531
0.000553457
0.000553392
0.000553318
0.000553254
0.000553181
0.000553119
0.000553049
0.000552988
0.000552922
0.000552865
0.000552804
0.000552751
0.000552695
0.000552646
0.000552595
0.00055255
0.000552503
0.000552461
0.000552414
0.000552373
0.000552326
0.000552283
0.000552232
0.000552185
0.000552129
0.000552078
0.000552015
0.00055196
0.000551893
0.000551833
0.000551764
0.000551704
0.000551636
0.000551578
0.000551515
0.000551461
0.000551404
0.000551356
0.000551307
0.000551266
0.000551223
0.000551186
0.000551147
0.000551113
0.000551074
0.00055104
0.000550998
0.000550962
0.000550916
0.000550876
0.000550827
0.000550784
0.000550733
0.000550689
0.00055064
0.000550598
0.000550553
0.000550516
0.00055048
0.00055045
0.000550423
0.000550401
0.000550383
0.000550369
0.000550357
0.000550348
0.00055034
0.000550334
0.000550327
0.000550322
0.000550314
0.000550308
0.000550299
0.00055029
0.000550273
0.000550241
0.000550062
0.000546117
0.000547612
0.000739914
0.000440926
0.000445746
0.000445348
0.000448421
0.000449636
0.000449823
0.000449814
0.000449804
0.000449801
0.0004498
0.000449799
0.000449799
0.000449799
0.000449799
0.000449798
0.000449798
0.000449797
0.000449797
0.000449796
0.000449795
0.000449795
0.000449793
0.000449792
0.000449789
0.000449786
0.000449782
0.000449778
0.000449772
0.000449767
0.000449759
0.000449752
0.000449742
0.000449734
0.000449723
0.000449713
0.0004497
0.000449689
0.000449676
0.000449664
0.000449651
0.00044964
0.000449628
0.000449618
0.000449608
0.000449601
0.000449594
0.000449589
0.000449584
0.000449581
0.000449579
0.000449579
0.000449578
0.000449579
0.000449576
0.000449572
0.000449565
0.000449556
0.000449543
0.000449529
0.00044951
0.000449491
0.000449468
0.000449446
0.000449421
0.000449398
0.000449372
0.000449351
0.000449327
0.000449307
0.000449285
0.000449268
0.000449248
0.000449231
0.000449212
0.000449194
0.000449173
0.000449154
0.00044913
0.000449107
0.000449079
0.000449053
0.000449022
0.000448993
0.00044896
0.00044893
0.000448896
0.000448866
0.000448832
0.000448803
0.00044877
0.000448743
0.000448712
0.000448686
0.000448658
0.000448633
0.000448606
0.000448582
0.000448554
0.00044853
0.000448502
0.000448478
0.000448448
0.000448422
0.00044839
0.000448362
0.000448328
0.000448297
0.00044826
0.000448226
0.000448186
0.00044815
0.000448106
0.000448067
0.000448021
0.00044798
0.000447931
0.000447888
0.000447838
0.000447794
0.000447742
0.000447697
0.000447646
0.000447601
0.00044755
0.000447505
0.000447455
0.000447412
0.000447365
0.000447324
0.000447279
0.000447241
0.000447199
0.000447164
0.000447126
0.000447094
0.000447059
0.00044703
0.000446997
0.000446969
0.000446936
0.000446908
0.000446873
0.000446843
0.000446806
0.000446773
0.000446732
0.000446694
0.00044665
0.000446609
0.000446563
0.00044652
0.000446472
0.00044643
0.000446384
0.000446344
0.000446302
0.000446267
0.000446229
0.000446198
0.000446165
0.000446139
0.00044611
0.000446087
0.000446059
0.000446037
0.000446009
0.000445985
0.000445956
0.000445929
0.000445897
0.000445867
0.000445833
0.000445801
0.000445767
0.000445736
0.000445703
0.000445675
0.000445646
0.000445622
0.000445599
0.000445582
0.000445565
0.000445553
0.000445541
0.000445535
0.000445527
0.000445523
0.000445519
0.000445515
0.000445511
0.000445507
0.000445502
0.000445496
0.000445489
0.000445475
0.000445429
0.000445175
0.000442159
0.000442073
0.000652228
0.000387517
0.000374872
0.00037222
0.000372443
0.000372419
0.000372351
0.000372324
0.000372317
0.000372315
0.000372315
0.000372314
0.000372314
0.000372314
0.000372314
0.000372314
0.000372313
0.000372313
0.000372313
0.000372312
0.000372312
0.000372311
0.000372311
0.000372309
0.000372309
0.000372306
0.000372304
0.000372301
0.000372299
0.000372294
0.000372291
0.000372285
0.000372281
0.000372274
0.000372269
0.000372261
0.000372255
0.000372247
0.000372241
0.000372232
0.000372226
0.000372217
0.000372211
0.000372203
0.000372198
0.000372193
0.000372188
0.000372185
0.000372181
0.00037218
0.000372178
0.000372179
0.000372178
0.000372179
0.000372179
0.000372176
0.000372173
0.000372166
0.000372161
0.000372149
0.000372141
0.000372126
0.000372116
0.000372099
0.000372086
0.000372069
0.000372056
0.00037204
0.000372027
0.000372013
0.000372001
0.000371989
0.000371979
0.000371966
0.000371957
0.000371944
0.000371934
0.00037192
0.000371909
0.000371891
0.000371878
0.000371859
0.000371844
0.000371822
0.000371806
0.000371783
0.000371766
0.000371744
0.000371727
0.000371705
0.000371689
0.000371668
0.000371653
0.000371634
0.00037162
0.000371602
0.000371588
0.00037157
0.000371557
0.000371539
0.000371525
0.000371507
0.000371492
0.000371473
0.000371457
0.000371436
0.00037142
0.000371397
0.000371379
0.000371353
0.000371334
0.000371307
0.000371286
0.000371256
0.000371234
0.000371203
0.000371179
0.000371147
0.000371122
0.000371089
0.000371064
0.00037103
0.000371005
0.000370971
0.000370946
0.000370913
0.000370889
0.000370857
0.000370833
0.000370803
0.00037078
0.000370752
0.000370731
0.000370705
0.000370686
0.000370663
0.000370645
0.000370623
0.000370607
0.000370586
0.00037057
0.000370549
0.000370532
0.00037051
0.000370492
0.000370467
0.000370448
0.00037042
0.000370399
0.000370368
0.000370345
0.000370313
0.00037029
0.000370258
0.000370235
0.000370206
0.000370184
0.000370158
0.000370138
0.000370116
0.000370099
0.00037008
0.000370065
0.000370048
0.000370035
0.000370018
0.000370005
0.000369987
0.000369973
0.000369953
0.000369938
0.000369916
0.0003699
0.000369876
0.000369859
0.000369836
0.000369819
0.000369798
0.000369783
0.000369766
0.000369753
0.000369741
0.000369732
0.000369724
0.000369717
0.000369712
0.000369709
0.000369706
0.000369704
0.000369701
0.0003697
0.000369696
0.000369695
0.00036969
0.000369686
0.000369675
0.000369637
0.000369425
0.000367446
0.000366979
0.000577557
0.000345298
0.000328229
0.000324904
0.000324215
0.000323994
0.00032393
0.000323915
0.000323911
0.00032391
0.00032391
0.000323909
0.000323909
0.000323909
0.000323909
0.000323909
0.000323909
0.000323909
0.000323908
0.000323908
0.000323908
0.000323908
0.000323907
0.000323907
0.000323906
0.000323905
0.000323904
0.000323902
0.000323901
0.000323899
0.000323896
0.000323894
0.00032389
0.000323888
0.000323884
0.000323881
0.000323877
0.000323873
0.000323869
0.000323865
0.00032386
0.000323856
0.000323852
0.000323849
0.000323845
0.000323843
0.00032384
0.000323838
0.000323836
0.000323835
0.000323834
0.000323835
0.000323834
0.000323835
0.000323834
0.000323833
0.000323831
0.000323829
0.000323824
0.00032382
0.000323814
0.000323807
0.000323799
0.000323792
0.000323783
0.000323775
0.000323766
0.000323759
0.00032375
0.000323744
0.000323736
0.000323731
0.000323723
0.000323719
0.000323712
0.000323706
0.000323699
0.000323693
0.000323685
0.000323678
0.000323668
0.00032366
0.000323649
0.00032364
0.000323628
0.000323618
0.000323606
0.000323597
0.000323585
0.000323575
0.000323564
0.000323555
0.000323544
0.000323536
0.000323526
0.000323518
0.000323508
0.000323501
0.000323491
0.000323484
0.000323474
0.000323466
0.000323456
0.000323448
0.000323437
0.000323428
0.000323416
0.000323406
0.000323393
0.000323382
0.000323368
0.000323357
0.000323342
0.000323329
0.000323313
0.0003233
0.000323283
0.000323269
0.000323251
0.000323237
0.000323219
0.000323205
0.000323187
0.000323173
0.000323155
0.00032314
0.000323123
0.000323109
0.000323093
0.000323079
0.000323064
0.000323051
0.000323037
0.000323026
0.000323012
0.000323002
0.00032299
0.00032298
0.000322969
0.00032296
0.000322948
0.00032294
0.000322928
0.000322918
0.000322906
0.000322895
0.000322881
0.000322869
0.000322854
0.000322841
0.000322825
0.000322811
0.000322794
0.00032278
0.000322764
0.000322751
0.000322736
0.000322725
0.000322711
0.000322701
0.00032269
0.000322682
0.000322671
0.000322664
0.000322655
0.000322648
0.000322638
0.000322631
0.000322621
0.000322612
0.000322602
0.000322592
0.00032258
0.00032257
0.000322558
0.000322548
0.000322536
0.000322527
0.000322517
0.000322509
0.0003225
0.000322495
0.000322489
0.000322485
0.000322481
0.000322479
0.000322476
0.000322475
0.000322474
0.000322473
0.000322472
0.00032247
0.000322469
0.000322467
0.000322464
0.000322458
0.000322432
0.000322292
0.000321156
0.000320692
0.000513203
0.000314981
0.000300349
0.000297503
0.000296856
0.000296704
0.000296669
0.000296661
0.000296659
0.000296659
0.000296659
0.000296659
0.000296659
0.000296659
0.000296659
0.000296659
0.000296658
0.000296658
0.000296658
0.000296658
0.000296658
0.000296658
0.000296658
0.000296657
0.000296657
0.000296656
0.000296656
0.000296655
0.000296654
0.000296653
0.000296652
0.00029665
0.000296649
0.000296647
0.000296646
0.000296644
0.000296642
0.00029664
0.000296638
0.000296635
0.000296634
0.000296631
0.00029663
0.000296627
0.000296626
0.000296624
0.000296623
0.000296622
0.000296621
0.000296621
0.00029662
0.000296621
0.00029662
0.000296621
0.000296621
0.00029662
0.000296619
0.000296617
0.000296616
0.000296612
0.00029661
0.000296606
0.000296603
0.000296598
0.000296595
0.000296589
0.000296586
0.000296581
0.000296578
0.000296574
0.000296571
0.000296567
0.000296564
0.000296561
0.000296558
0.000296554
0.000296552
0.000296547
0.000296545
0.000296539
0.000296536
0.00029653
0.000296527
0.00029652
0.000296516
0.000296509
0.000296505
0.000296498
0.000296494
0.000296487
0.000296483
0.000296477
0.000296473
0.000296467
0.000296464
0.000296458
0.000296455
0.000296449
0.000296446
0.00029644
0.000296437
0.000296431
0.000296428
0.000296422
0.000296418
0.000296412
0.000296408
0.0002964
0.000296396
0.000296388
0.000296383
0.000296375
0.00029637
0.000296361
0.000296355
0.000296346
0.00029634
0.00029633
0.000296324
0.000296314
0.000296308
0.000296297
0.000296291
0.000296281
0.000296275
0.000296264
0.000296259
0.000296249
0.000296243
0.000296234
0.000296228
0.000296219
0.000296214
0.000296206
0.000296202
0.000296195
0.00029619
0.000296184
0.000296179
0.000296173
0.000296169
0.000296163
0.000296159
0.000296152
0.000296148
0.00029614
0.000296135
0.000296126
0.000296121
0.000296112
0.000296106
0.000296097
0.000296091
0.000296081
0.000296076
0.000296066
0.000296061
0.000296053
0.000296048
0.000296042
0.000296037
0.000296032
0.000296028
0.000296023
0.000296019
0.000296014
0.000296011
0.000296006
0.000296002
0.000295996
0.000295993
0.000295986
0.000295982
0.000295974
0.00029597
0.000295963
0.000295959
0.000295953
0.000295949
0.000295944
0.000295941
0.000295937
0.000295935
0.000295932
0.00029593
0.000295929
0.000295928
0.000295928
0.000295927
0.000295926
0.000295926
0.000295925
0.000295925
0.000295923
0.000295922
0.000295918
0.000295904
0.000295823
0.000295235
0.000294879
0.000457952
0.000295167
0.000284928
0.000282983
0.000282589
0.000282509
0.000282492
0.000282489
0.000282488
0.000282488
0.000282488
0.000282488
0.000282488
0.000282488
0.000282488
0.000282488
0.000282488
0.000282488
0.000282487
0.000282487
0.000282487
0.000282487
0.000282487
0.000282487
0.000282487
0.000282487
0.000282486
0.000282486
0.000282485
0.000282485
0.000282484
0.000282484
0.000282483
0.000282482
0.000282481
0.000282481
0.000282479
0.000282479
0.000282477
0.000282477
0.000282475
0.000282475
0.000282474
0.000282473
0.000282472
0.000282471
0.000282471
0.00028247
0.00028247
0.00028247
0.000282469
0.000282469
0.000282469
0.00028247
0.000282469
0.000282469
0.000282468
0.000282468
0.000282467
0.000282466
0.000282464
0.000282463
0.00028246
0.000282459
0.000282456
0.000282455
0.000282452
0.000282451
0.000282448
0.000282447
0.000282445
0.000282444
0.000282442
0.000282441
0.000282439
0.000282438
0.000282436
0.000282435
0.000282432
0.000282431
0.000282428
0.000282427
0.000282424
0.000282422
0.000282418
0.000282416
0.000282413
0.000282411
0.000282408
0.000282406
0.000282403
0.000282401
0.000282398
0.000282396
0.000282394
0.000282392
0.000282389
0.000282388
0.000282385
0.000282384
0.000282381
0.000282379
0.000282376
0.000282375
0.000282372
0.00028237
0.000282366
0.000282365
0.000282361
0.000282359
0.000282355
0.000282352
0.000282348
0.000282346
0.000282341
0.000282339
0.000282334
0.000282331
0.000282326
0.000282323
0.000282318
0.000282315
0.00028231
0.000282307
0.000282302
0.0002823
0.000282295
0.000282292
0.000282287
0.000282285
0.00028228
0.000282278
0.000282274
0.000282272
0.000282268
0.000282266
0.000282263
0.000282261
0.000282257
0.000282256
0.000282253
0.000282251
0.000282247
0.000282246
0.000282242
0.00028224
0.000282236
0.000282233
0.000282229
0.000282227
0.000282222
0.000282219
0.000282215
0.000282212
0.000282207
0.000282205
0.000282201
0.000282198
0.000282195
0.000282193
0.000282189
0.000282188
0.000282185
0.000282184
0.000282181
0.00028218
0.000282177
0.000282175
0.000282173
0.000282171
0.000282168
0.000282166
0.000282163
0.000282161
0.000282157
0.000282155
0.000282152
0.00028215
0.000282147
0.000282146
0.000282144
0.000282142
0.000282141
0.00028214
0.000282139
0.000282139
0.000282138
0.000282138
0.000282137
0.000282137
0.000282137
0.000282137
0.000282136
0.000282136
0.000282135
0.000282133
0.000282125
0.000282083
0.000281803
0.000281574
0.000411354
0.000283275
0.000276988
0.000275856
0.000275655
0.000275617
0.000275609
0.000275608
0.000275607
0.000275607
0.000275607
0.000275607
0.000275607
0.000275607
0.000275607
0.000275607
0.000275607
0.000275607
0.000275607
0.000275607
0.000275607
0.000275607
0.000275607
0.000275607
0.000275607
0.000275607
0.000275607
0.000275606
0.000275606
0.000275606
0.000275606
0.000275605
0.000275605
0.000275605
0.000275605
0.000275604
0.000275604
0.000275603
0.000275603
0.000275602
0.000275602
0.000275601
0.000275601
0.0002756
0.0002756
0.0002756
0.0002756
0.000275599
0.000275599
0.000275599
0.000275599
0.000275599
0.000275599
0.000275599
0.000275599
0.000275599
0.000275599
0.000275598
0.000275598
0.000275597
0.000275597
0.000275596
0.000275595
0.000275594
0.000275593
0.000275592
0.000275591
0.00027559
0.00027559
0.000275589
0.000275588
0.000275587
0.000275587
0.000275586
0.000275585
0.000275584
0.000275584
0.000275583
0.000275583
0.000275581
0.000275581
0.000275579
0.000275579
0.000275577
0.000275576
0.000275574
0.000275574
0.000275572
0.000275571
0.00027557
0.000275569
0.000275567
0.000275567
0.000275565
0.000275565
0.000275563
0.000275563
0.000275562
0.000275561
0.00027556
0.000275559
0.000275558
0.000275557
0.000275556
0.000275555
0.000275553
0.000275553
0.000275551
0.00027555
0.000275548
0.000275547
0.000275545
0.000275544
0.000275542
0.000275541
0.000275539
0.000275538
0.000275535
0.000275535
0.000275532
0.000275531
0.000275528
0.000275527
0.000275525
0.000275524
0.000275521
0.00027552
0.000275518
0.000275517
0.000275514
0.000275514
0.000275511
0.000275511
0.000275509
0.000275508
0.000275506
0.000275505
0.000275504
0.000275503
0.000275501
0.000275501
0.000275499
0.000275499
0.000275497
0.000275496
0.000275494
0.000275493
0.000275491
0.00027549
0.000275488
0.000275487
0.000275485
0.000275484
0.000275481
0.00027548
0.000275478
0.000275477
0.000275475
0.000275474
0.000275473
0.000275472
0.000275471
0.00027547
0.000275469
0.000275468
0.000275467
0.000275466
0.000275465
0.000275465
0.000275463
0.000275462
0.000275461
0.00027546
0.000275458
0.000275457
0.000275456
0.000275455
0.000275453
0.000275453
0.000275452
0.000275451
0.00027545
0.00027545
0.000275449
0.000275449
0.000275448
0.000275448
0.000275448
0.000275448
0.000275448
0.000275448
0.000275448
0.000275447
0.000275447
0.000275447
0.000275446
0.000275442
0.000275422
0.000275295
0.000275168
0.000373254
0.000276671
0.000273148
0.000272561
0.000272466
0.000272449
0.000272446
0.000272445
0.000272445
0.000272445
0.000272445
0.000272445
0.000272445
0.000272445
0.000272445
0.000272445
0.000272445
0.000272445
0.000272445
0.000272445
0.000272445
0.000272445
0.000272445
0.000272445
0.000272445
0.000272445
0.000272444
0.000272444
0.000272444
0.000272444
0.000272444
0.000272444
0.000272444
0.000272444
0.000272443
0.000272443
0.000272443
0.000272443
0.000272443
0.000272443
0.000272442
0.000272442
0.000272442
0.000272442
0.000272442
0.000272442
0.000272441
0.000272441
0.000272441
0.000272441
0.000272441
0.000272441
0.000272441
0.000272441
0.000272441
0.000272441
0.000272441
0.000272441
0.000272441
0.000272441
0.00027244
0.00027244
0.000272439
0.000272439
0.000272438
0.000272438
0.000272438
0.000272438
0.000272437
0.000272437
0.000272436
0.000272436
0.000272436
0.000272436
0.000272435
0.000272435
0.000272434
0.000272434
0.000272434
0.000272434
0.000272433
0.000272433
0.000272432
0.000272432
0.000272431
0.000272431
0.00027243
0.00027243
0.000272429
0.000272429
0.000272428
0.000272428
0.000272427
0.000272427
0.000272426
0.000272426
0.000272425
0.000272425
0.000272424
0.000272424
0.000272423
0.000272423
0.000272423
0.000272422
0.000272422
0.000272421
0.000272421
0.00027242
0.00027242
0.000272419
0.000272418
0.000272418
0.000272417
0.000272417
0.000272416
0.000272415
0.000272414
0.000272414
0.000272413
0.000272412
0.000272411
0.000272411
0.000272409
0.000272409
0.000272408
0.000272408
0.000272406
0.000272406
0.000272405
0.000272405
0.000272403
0.000272403
0.000272402
0.000272402
0.000272401
0.000272401
0.0002724
0.0002724
0.000272399
0.000272399
0.000272398
0.000272398
0.000272397
0.000272397
0.000272396
0.000272396
0.000272395
0.000272394
0.000272393
0.000272393
0.000272392
0.000272392
0.00027239
0.00027239
0.000272389
0.000272389
0.000272388
0.000272387
0.000272386
0.000272386
0.000272385
0.000272385
0.000272384
0.000272384
0.000272384
0.000272384
0.000272383
0.000272383
0.000272382
0.000272382
0.000272381
0.000272381
0.00027238
0.00027238
0.000272379
0.000272379
0.000272378
0.000272378
0.000272377
0.000272377
0.000272376
0.000272376
0.000272376
0.000272376
0.000272375
0.000272375
0.000272375
0.000272375
0.000272375
0.000272375
0.000272375
0.000272375
0.000272375
0.000272375
0.000272374
0.000272374
0.000272372
0.000272363
0.000272308
0.000272244
0.000343407
0.000273238
0.000271379
0.000271097
0.000271054
0.000271047
0.000271045
0.000271045
0.000271045
0.000271045
0.000271045
0.000271045
0.000271045
0.000271045
0.000271045
0.000271045
0.000271045
0.000271045
0.000271045
0.000271045
0.000271045
0.000271045
0.000271045
0.000271045
0.000271045
0.000271045
0.000271045
0.000271045
0.000271045
0.000271045
0.000271045
0.000271045
0.000271045
0.000271045
0.000271045
0.000271044
0.000271044
0.000271044
0.000271044
0.000271044
0.000271044
0.000271044
0.000271044
0.000271044
0.000271044
0.000271044
0.000271044
0.000271044
0.000271043
0.000271044
0.000271043
0.000271044
0.000271043
0.000271044
0.000271044
0.000271043
0.000271044
0.000271043
0.000271043
0.000271043
0.000271043
0.000271043
0.000271043
0.000271043
0.000271043
0.000271042
0.000271042
0.000271042
0.000271042
0.000271042
0.000271042
0.000271041
0.000271041
0.000271041
0.000271041
0.000271041
0.000271041
0.000271041
0.000271041
0.00027104
0.00027104
0.00027104
0.00027104
0.000271039
0.000271039
0.000271039
0.000271039
0.000271039
0.000271038
0.000271038
0.000271038
0.000271038
0.000271038
0.000271037
0.000271037
0.000271037
0.000271037
0.000271037
0.000271037
0.000271036
0.000271036
0.000271036
0.000271036
0.000271035
0.000271035
0.000271035
0.000271035
0.000271035
0.000271035
0.000271034
0.000271034
0.000271034
0.000271034
0.000271033
0.000271033
0.000271032
0.000271032
0.000271032
0.000271032
0.000271031
0.000271031
0.00027103
0.00027103
0.00027103
0.00027103
0.000271029
0.000271029
0.000271028
0.000271028
0.000271028
0.000271028
0.000271027
0.000271027
0.000271027
0.000271027
0.000271026
0.000271026
0.000271026
0.000271026
0.000271025
0.000271025
0.000271025
0.000271025
0.000271024
0.000271024
0.000271024
0.000271024
0.000271023
0.000271023
0.000271023
0.000271023
0.000271022
0.000271022
0.000271022
0.000271021
0.000271021
0.000271021
0.00027102
0.00027102
0.00027102
0.00027102
0.000271019
0.000271019
0.000271019
0.000271019
0.000271019
0.000271019
0.000271018
0.000271018
0.000271018
0.000271018
0.000271018
0.000271018
0.000271017
0.000271017
0.000271017
0.000271017
0.000271016
0.000271016
0.000271016
0.000271016
0.000271016
0.000271016
0.000271015
0.000271015
0.000271015
0.000271015
0.000271015
0.000271015
0.000271015
0.000271015
0.000271015
0.000271015
0.000271015
0.000271015
0.000271015
0.000271014
0.00027101
0.000270987
0.000270957
0.000321205
0.000271531
0.000270585
0.000270455
0.000270437
0.000270434
0.000270433
0.000270433
0.000270433
0.000270433
0.000270433
0.000270433
0.000270433
0.000270433
0.000270433
0.000270433
0.000270433
0.000270433
0.000270433
0.000270433
0.000270433
0.000270433
0.000270433
0.000270433
0.000270433
0.000270433
0.000270433
0.000270433
0.000270433
0.000270433
0.000270433
0.000270433
0.000270433
0.000270433
0.000270433
0.000270433
0.000270433
0.000270433
0.000270433
0.000270433
0.000270432
0.000270432
0.000270432
0.000270432
0.000270432
0.000270432
0.000270432
0.000270432
0.000270432
0.000270432
0.000270432
0.000270432
0.000270432
0.000270432
0.000270432
0.000270432
0.000270432
0.000270432
0.000270432
0.000270432
0.000270432
0.000270432
0.000270432
0.000270432
0.000270432
0.000270432
0.000270432
0.000270432
0.000270431
0.000270431
0.000270431
0.000270431
0.000270431
0.000270431
0.000270431
0.000270431
0.000270431
0.000270431
0.000270431
0.000270431
0.000270431
0.000270431
0.000270431
0.000270431
0.00027043
0.00027043
0.00027043
0.00027043
0.00027043
0.00027043
0.00027043
0.00027043
0.00027043
0.00027043
0.00027043
0.00027043
0.000270429
0.000270429
0.000270429
0.000270429
0.000270429
0.000270429
0.000270429
0.000270429
0.000270429
0.000270429
0.000270429
0.000270429
0.000270428
0.000270428
0.000270428
0.000270428
0.000270428
0.000270428
0.000270428
0.000270428
0.000270427
0.000270427
0.000270427
0.000270427
0.000270427
0.000270427
0.000270427
0.000270427
0.000270426
0.000270426
0.000270426
0.000270426
0.000270426
0.000270426
0.000270425
0.000270426
0.000270425
0.000270425
0.000270425
0.000270425
0.000270425
0.000270425
0.000270425
0.000270425
0.000270424
0.000270425
0.000270424
0.000270424
0.000270424
0.000270424
0.000270424
0.000270424
0.000270424
0.000270424
0.000270423
0.000270423
0.000270423
0.000270423
0.000270423
0.000270423
0.000270423
0.000270423
0.000270422
0.000270422
0.000270422
0.000270422
0.000270422
0.000270422
0.000270422
0.000270422
0.000270422
0.000270422
0.000270422
0.000270422
0.000270421
0.000270421
0.000270421
0.000270421
0.000270421
0.000270421
0.000270421
0.000270421
0.000270421
0.000270421
0.00027042
0.00027042
0.00027042
0.00027042
0.00027042
0.00027042
0.00027042
0.00027042
0.00027042
0.00027042
0.00027042
0.00027042
0.00027042
0.00027042
0.00027042
0.00027042
0.00027042
0.000270418
0.000270408
0.000270395
0.00030518
0.000270677
0.000270203
0.000270146
0.000270138
0.000270137
0.000270137
0.000270137
0.000270137
0.000270137
0.000270137
0.000270137
0.000270137
0.000270137
0.000270137
0.000270137
0.000270137
0.000270137
0.000270137
0.000270137
0.000270137
0.000270137
0.000270137
0.000270137
0.000270137
0.000270137
0.000270137
0.000270137
0.000270137
0.000270137
0.000270137
0.000270137
0.000270137
0.000270137
0.000270137
0.000270137
0.000270137
0.000270137
0.000270137
0.000270137
0.000270137
0.000270137
0.000270137
0.000270137
0.000270137
0.000270136
0.000270136
0.000270136
0.000270136
0.000270136
0.000270136
0.000270136
0.000270136
0.000270136
0.000270136
0.000270136
0.000270137
0.000270136
0.000270137
0.000270136
0.000270137
0.000270136
0.000270136
0.000270136
0.000270136
0.000270136
0.000270136
0.000270136
0.000270136
0.000270136
0.000270136
0.000270136
0.000270136
0.000270136
0.000270136
0.000270136
0.000270136
0.000270136
0.000270136
0.000270136
0.000270136
0.000270136
0.000270136
0.000270136
0.000270136
0.000270136
0.000270136
0.000270136
0.000270136
0.000270136
0.000270136
0.000270135
0.000270136
0.000270135
0.000270135
0.000270135
0.000270135
0.000270135
0.000270135
0.000270135
0.000270135
0.000270135
0.000270135
0.000270135
0.000270135
0.000270135
0.000270135
0.000270135
0.000270135
0.000270135
0.000270135
0.000270135
0.000270135
0.000270135
0.000270135
0.000270135
0.000270135
0.000270134
0.000270135
0.000270134
0.000270134
0.000270134
0.000270134
0.000270134
0.000270134
0.000270134
0.000270134
0.000270134
0.000270134
0.000270134
0.000270134
0.000270134
0.000270134
0.000270134
0.000270134
0.000270133
0.000270134
0.000270133
0.000270133
0.000270133
0.000270133
0.000270133
0.000270133
0.000270133
0.000270133
0.000270133
0.000270133
0.000270133
0.000270133
0.000270133
0.000270133
0.000270133
0.000270133
0.000270133
0.000270133
0.000270133
0.000270133
0.000270132
0.000270132
0.000270132
0.000270132
0.000270132
0.000270132
0.000270132
0.000270132
0.000270132
0.000270132
0.000270132
0.000270132
0.000270132
0.000270132
0.000270132
0.000270132
0.000270132
0.000270132
0.000270132
0.000270132
0.000270132
0.000270132
0.000270132
0.000270132
0.000270132
0.000270132
0.000270132
0.000270132
0.000270131
0.000270131
0.000270131
0.000270131
0.000270131
0.000270132
0.000270131
0.000270132
0.000270131
0.000270131
0.000270131
0.000270131
0.000270131
0.000270126
0.000270121
0.000294511
0.000270178
0.000269923
0.000269898
0.000269894
0.000269894
0.000269894
0.000269894
0.000269894
0.000269894
0.000269894
0.000269894
0.000269894
0.000269894
0.000269894
0.000269894
0.000269894
0.000269894
0.000269894
0.000269894
0.000269894
0.000269894
0.000269894
0.000269894
0.000269894
0.000269894
0.000269894
0.000269894
0.000269894
0.000269894
0.000269894
0.000269894
0.000269894
0.000269894
0.000269894
0.000269894
0.000269894
0.000269894
0.000269894
0.000269894
0.000269894
0.000269894
0.000269894
0.000269894
0.000269893
0.000269893
0.000269893
0.000269893
0.000269893
0.000269893
0.000269893
0.000269893
0.000269893
0.000269893
0.000269893
0.000269894
0.000269894
0.000269894
0.000269894
0.000269894
0.000269894
0.000269894
0.000269894
0.000269894
0.000269893
0.000269893
0.000269893
0.000269893
0.000269893
0.000269893
0.000269893
0.000269893
0.000269893
0.000269893
0.000269893
0.000269893
0.000269893
0.000269893
0.000269893
0.000269893
0.000269893
0.000269893
0.000269893
0.000269893
0.000269893
0.000269893
0.000269893
0.000269893
0.000269893
0.000269893
0.000269893
0.000269893
0.000269893
0.000269893
0.000269893
0.000269893
0.000269893
0.000269893
0.000269893
0.000269893
0.000269893
0.000269893
0.000269893
0.000269893
0.000269893
0.000269893
0.000269893
0.000269893
0.000269893
0.000269893
0.000269893
0.000269893
0.000269893
0.000269893
0.000269893
0.000269893
0.000269893
0.000269893
0.000269893
0.000269893
0.000269893
0.000269893
0.000269893
0.000269893
0.000269893
0.000269893
0.000269893
0.000269893
0.000269892
0.000269892
0.000269892
0.000269892
0.000269892
0.000269892
0.000269892
0.000269892
0.000269892
0.000269892
0.000269892
0.000269892
0.000269892
0.000269892
0.000269892
0.000269892
0.000269892
0.000269892
0.000269892
0.000269892
0.000269892
0.000269892
0.000269892
0.000269892
0.000269892
0.000269892
0.000269892
0.000269892
0.000269892
0.000269892
0.000269892
0.000269892
0.000269892
0.000269892
0.000269892
0.000269892
0.000269892
0.000269892
0.000269892
0.000269892
0.000269892
0.000269892
0.000269892
0.000269892
0.000269892
0.000269892
0.000269892
0.000269892
0.000269892
0.000269892
0.000269891
0.000269891
0.000269891
0.000269891
0.000269891
0.000269891
0.000269891
0.000269891
0.000269891
0.000269891
0.000269891
0.000269891
0.000269891
0.000269891
0.000269891
0.000269891
0.000269891
0.000269891
0.000269891
0.000269891
0.000269889
0.000269887
0.000173025
0.000153831
0.000153773
0.000153767
0.000153766
0.000153766
0.000153766
0.000153766
0.000153766
0.000153766
0.000153767
0.000153766
0.000153767
0.000153766
0.000153766
0.000153766
0.000153766
0.000153766
0.000153766
0.000153766
0.000153766
0.000153766
0.000153767
0.000153767
0.000153767
0.000153767
0.000153767
0.000153767
0.000153767
0.000153767
0.000153767
0.000153767
0.000153767
0.000153767
0.000153768
0.000153768
0.000153768
0.000153768
0.000153768
0.000153768
0.000153768
0.000153768
0.000153768
0.000153767
0.000153767
0.000153767
0.000153766
0.000153766
0.000153765
0.000153766
0.000153765
0.000153766
0.000153765
0.000153766
0.000153766
0.000153767
0.000153768
0.000153768
0.000153769
0.000153769
0.00015377
0.000153769
0.00015377
0.000153769
0.000153769
0.000153769
0.000153768
0.000153768
0.000153768
0.000153767
0.000153767
0.000153767
0.000153767
0.000153767
0.000153768
0.000153768
0.000153768
0.000153768
0.000153769
0.000153769
0.00015377
0.000153769
0.00015377
0.000153769
0.00015377
0.000153769
0.00015377
0.000153769
0.000153769
0.000153769
0.000153769
0.000153768
0.000153769
0.000153768
0.000153768
0.000153768
0.000153768
0.000153768
0.000153768
0.000153768
0.000153769
0.000153768
0.000153769
0.000153769
0.000153769
0.000153769
0.000153769
0.000153769
0.00015377
0.000153769
0.00015377
0.00015377
0.00015377
0.00015377
0.000153771
0.00015377
0.000153771
0.00015377
0.000153771
0.00015377
0.000153771
0.00015377
0.000153771
0.00015377
0.000153771
0.00015377
0.000153771
0.00015377
0.00015377
0.00015377
0.00015377
0.000153769
0.000153769
0.000153769
0.000153769
0.000153768
0.000153768
0.000153768
0.000153768
0.000153768
0.000153768
0.000153768
0.000153769
0.000153769
0.00015377
0.000153769
0.00015377
0.00015377
0.000153771
0.00015377
0.000153771
0.00015377
0.000153771
0.00015377
0.00015377
0.000153769
0.000153769
0.000153768
0.000153768
0.000153768
0.000153767
0.000153767
0.000153767
0.000153767
0.000153767
0.000153768
0.000153768
0.000153768
0.000153769
0.000153769
0.00015377
0.000153769
0.00015377
0.000153769
0.00015377
0.000153769
0.000153769
0.000153768
0.000153768
0.000153767
0.000153767
0.000153766
0.000153766
0.000153766
0.000153765
0.000153765
0.000153765
0.000153766
0.000153766
0.000153766
0.000153766
0.000153766
0.000153767
0.000153767
0.000153767
0.000153767
0.000153767
0.000153766
0.000153765
0.000153751
8.27402e-05
7.73982e-05
7.75421e-05
7.75487e-05
7.75493e-05
7.75495e-05
7.75496e-05
7.75496e-05
7.75496e-05
7.75497e-05
7.75497e-05
7.75497e-05
7.75497e-05
7.75497e-05
7.75497e-05
7.75496e-05
7.75495e-05
7.75496e-05
7.75495e-05
7.75496e-05
7.75496e-05
7.75497e-05
7.75498e-05
7.75498e-05
7.75499e-05
7.75499e-05
7.755e-05
7.755e-05
7.75501e-05
7.75501e-05
7.75501e-05
7.75502e-05
7.75502e-05
7.75504e-05
7.75505e-05
7.75506e-05
7.75507e-05
7.75508e-05
7.7551e-05
7.75509e-05
7.7551e-05
7.75508e-05
7.75507e-05
7.75504e-05
7.75502e-05
7.75499e-05
7.75494e-05
7.75489e-05
7.75481e-05
7.75482e-05
7.75476e-05
7.75483e-05
7.75482e-05
7.75494e-05
7.75497e-05
7.75502e-05
7.75506e-05
7.7551e-05
7.75515e-05
7.75516e-05
7.7552e-05
7.75519e-05
7.75521e-05
7.75519e-05
7.75518e-05
7.75515e-05
7.75512e-05
7.7551e-05
7.75506e-05
7.75506e-05
7.75503e-05
7.75504e-05
7.75503e-05
7.75505e-05
7.75506e-05
7.75509e-05
7.75512e-05
7.75514e-05
7.75517e-05
7.75519e-05
7.75521e-05
7.75522e-05
7.75523e-05
7.75522e-05
7.75523e-05
7.75522e-05
7.7552e-05
7.75519e-05
7.75518e-05
7.75517e-05
7.75515e-05
7.75515e-05
7.75513e-05
7.75513e-05
7.75513e-05
7.75513e-05
7.75513e-05
7.75513e-05
7.75513e-05
7.75514e-05
7.75514e-05
7.75515e-05
7.75516e-05
7.75517e-05
7.75518e-05
7.75519e-05
7.7552e-05
7.75522e-05
7.75523e-05
7.75524e-05
7.75525e-05
7.75527e-05
7.75528e-05
7.75528e-05
7.75529e-05
7.7553e-05
7.7553e-05
7.75531e-05
7.75531e-05
7.75531e-05
7.75531e-05
7.75532e-05
7.75531e-05
7.75532e-05
7.75531e-05
7.75531e-05
7.75531e-05
7.7553e-05
7.75529e-05
7.75527e-05
7.75526e-05
7.75523e-05
7.75521e-05
7.75519e-05
7.75517e-05
7.75516e-05
7.75513e-05
7.75513e-05
7.75512e-05
7.75513e-05
7.75513e-05
7.75516e-05
7.75517e-05
7.75521e-05
7.75523e-05
7.75527e-05
7.7553e-05
7.75532e-05
7.75535e-05
7.75535e-05
7.75536e-05
7.75534e-05
7.75534e-05
7.75531e-05
7.75529e-05
7.75525e-05
7.75521e-05
7.75518e-05
7.75513e-05
7.75512e-05
7.75508e-05
7.75508e-05
7.75506e-05
7.75508e-05
7.75508e-05
7.75512e-05
7.75514e-05
7.75517e-05
7.75521e-05
7.75523e-05
7.75526e-05
7.75526e-05
7.75529e-05
7.75527e-05
7.75527e-05
7.75523e-05
7.75521e-05
7.75517e-05
7.75513e-05
7.75509e-05
7.75504e-05
7.75502e-05
7.75497e-05
7.75496e-05
7.75489e-05
7.75492e-05
7.7549e-05
7.75496e-05
7.75497e-05
7.755e-05
7.75502e-05
7.75503e-05
7.75506e-05
7.75505e-05
7.75507e-05
7.75505e-05
7.75505e-05
7.75502e-05
7.75499e-05
7.75458e-05
1.56219e-05
1.54627e-05
1.54726e-05
1.54733e-05
1.54733e-05
1.54733e-05
1.54733e-05
1.54733e-05
1.54733e-05
1.54734e-05
1.54734e-05
1.54734e-05
1.54734e-05
1.54734e-05
1.54734e-05
1.54734e-05
1.54733e-05
1.54733e-05
1.54733e-05
1.54734e-05
1.54733e-05
1.54734e-05
1.54734e-05
1.54734e-05
1.54734e-05
1.54734e-05
1.54735e-05
1.54735e-05
1.54735e-05
1.54735e-05
1.54735e-05
1.54735e-05
1.54736e-05
1.54736e-05
1.54736e-05
1.54736e-05
1.54737e-05
1.54737e-05
1.54738e-05
1.54737e-05
1.54738e-05
1.54737e-05
1.54737e-05
1.54736e-05
1.54735e-05
1.54734e-05
1.54733e-05
1.54732e-05
1.54729e-05
1.5473e-05
1.54728e-05
1.5473e-05
1.54729e-05
1.54733e-05
1.54734e-05
1.54735e-05
1.54737e-05
1.54737e-05
1.5474e-05
1.54739e-05
1.54742e-05
1.5474e-05
1.54742e-05
1.5474e-05
1.54741e-05
1.54739e-05
1.54739e-05
1.54737e-05
1.54737e-05
1.54736e-05
1.54736e-05
1.54736e-05
1.54736e-05
1.54736e-05
1.54737e-05
1.54737e-05
1.54739e-05
1.54739e-05
1.54741e-05
1.5474e-05
1.54742e-05
1.54741e-05
1.54743e-05
1.54741e-05
1.54742e-05
1.54741e-05
1.54742e-05
1.5474e-05
1.54741e-05
1.54739e-05
1.5474e-05
1.54739e-05
1.54739e-05
1.54738e-05
1.54739e-05
1.54738e-05
1.54739e-05
1.54738e-05
1.54739e-05
1.54738e-05
1.54739e-05
1.54739e-05
1.5474e-05
1.54739e-05
1.54741e-05
1.5474e-05
1.54742e-05
1.54741e-05
1.54742e-05
1.54741e-05
1.54743e-05
1.54742e-05
1.54744e-05
1.54743e-05
1.54745e-05
1.54743e-05
1.54745e-05
1.54743e-05
1.54745e-05
1.54743e-05
1.54745e-05
1.54743e-05
1.54745e-05
1.54743e-05
1.54745e-05
1.54743e-05
1.54745e-05
1.54743e-05
1.54744e-05
1.54742e-05
1.54743e-05
1.54741e-05
1.54742e-05
1.5474e-05
1.5474e-05
1.54739e-05
1.54739e-05
1.54738e-05
1.54738e-05
1.54738e-05
1.54739e-05
1.54739e-05
1.5474e-05
1.5474e-05
1.54742e-05
1.54742e-05
1.54745e-05
1.54743e-05
1.54746e-05
1.54744e-05
1.54747e-05
1.54744e-05
1.54746e-05
1.54743e-05
1.54744e-05
1.54741e-05
1.54741e-05
1.54739e-05
1.54739e-05
1.54737e-05
1.54737e-05
1.54736e-05
1.54736e-05
1.54736e-05
1.54737e-05
1.54737e-05
1.54739e-05
1.54739e-05
1.54741e-05
1.54741e-05
1.54743e-05
1.54742e-05
1.54744e-05
1.54742e-05
1.54743e-05
1.54741e-05
1.54741e-05
1.54739e-05
1.54738e-05
1.54736e-05
1.54735e-05
1.54734e-05
1.54733e-05
1.54733e-05
1.54731e-05
1.54732e-05
1.54731e-05
1.54733e-05
1.54733e-05
1.54734e-05
1.54735e-05
1.54735e-05
1.54736e-05
1.54735e-05
1.54737e-05
1.54735e-05
1.54736e-05
1.54734e-05
1.54733e-05
1.54724e-05
2.43946e-06
2.44788e-06
2.44792e-06
2.44794e-06
2.44793e-06
2.44794e-06
2.44794e-06
2.44794e-06
2.44794e-06
2.44794e-06
2.44795e-06
2.44795e-06
2.44795e-06
2.44795e-06
2.44794e-06
2.44794e-06
2.44794e-06
2.44794e-06
2.44794e-06
2.44794e-06
2.44794e-06
2.44795e-06
2.44795e-06
2.44796e-06
2.44797e-06
2.44797e-06
2.44798e-06
2.44798e-06
2.44799e-06
2.448e-06
2.44799e-06
2.44801e-06
2.448e-06
2.44803e-06
2.44803e-06
2.44806e-06
2.44806e-06
2.44808e-06
2.44808e-06
2.44809e-06
2.44809e-06
2.44807e-06
2.44806e-06
2.44803e-06
2.448e-06
2.44796e-06
2.44793e-06
2.44791e-06
2.44788e-06
2.44789e-06
2.44785e-06
2.44789e-06
2.44788e-06
2.44793e-06
2.44795e-06
2.44801e-06
2.44805e-06
2.4481e-06
2.44814e-06
2.44817e-06
2.4482e-06
2.44821e-06
2.44821e-06
2.4482e-06
2.44817e-06
2.44815e-06
2.44811e-06
2.44809e-06
2.44804e-06
2.44804e-06
2.448e-06
2.44803e-06
2.448e-06
2.44804e-06
2.44804e-06
2.44808e-06
2.4481e-06
2.44814e-06
2.44816e-06
2.4482e-06
2.44821e-06
2.44823e-06
2.44823e-06
2.44824e-06
2.44822e-06
2.44823e-06
2.4482e-06
2.4482e-06
2.44816e-06
2.44817e-06
2.44814e-06
2.44815e-06
2.44812e-06
2.44813e-06
2.44811e-06
2.44813e-06
2.44811e-06
2.44813e-06
2.44812e-06
2.44814e-06
2.44813e-06
2.44815e-06
2.44814e-06
2.44818e-06
2.44817e-06
2.4482e-06
2.44819e-06
2.44823e-06
2.44822e-06
2.44826e-06
2.44825e-06
2.44829e-06
2.44827e-06
2.44831e-06
2.44829e-06
2.44832e-06
2.4483e-06
2.44833e-06
2.4483e-06
2.44834e-06
2.44831e-06
2.44834e-06
2.44831e-06
2.44834e-06
2.44831e-06
2.44834e-06
2.4483e-06
2.44832e-06
2.44828e-06
2.44829e-06
2.44825e-06
2.44825e-06
2.4482e-06
2.4482e-06
2.44815e-06
2.44815e-06
2.44811e-06
2.44813e-06
2.44809e-06
2.44813e-06
2.44811e-06
2.44816e-06
2.44815e-06
2.44821e-06
2.44822e-06
2.44828e-06
2.44829e-06
2.44834e-06
2.44834e-06
2.44838e-06
2.44836e-06
2.44837e-06
2.44834e-06
2.44833e-06
2.44828e-06
2.44826e-06
2.44819e-06
2.44817e-06
2.44811e-06
2.4481e-06
2.44805e-06
2.44807e-06
2.44803e-06
2.44807e-06
2.44806e-06
2.44811e-06
2.44812e-06
2.44817e-06
2.44819e-06
2.44824e-06
2.44825e-06
2.44828e-06
2.44828e-06
2.44828e-06
2.44826e-06
2.44824e-06
2.44819e-06
2.44816e-06
2.4481e-06
2.44807e-06
2.44801e-06
2.44799e-06
2.44793e-06
2.44793e-06
2.4479e-06
2.44792e-06
2.4479e-06
2.44793e-06
2.44794e-06
2.44796e-06
2.44799e-06
2.44801e-06
2.44803e-06
2.44803e-06
2.44804e-06
2.44803e-06
2.44802e-06
2.44799e-06
2.44795e-06
2.44784e-06
6.335e-07
6.33713e-07
6.33697e-07
6.33696e-07
6.33696e-07
6.33696e-07
6.33696e-07
6.33697e-07
6.33697e-07
6.33697e-07
6.33699e-07
6.33698e-07
6.33699e-07
6.33697e-07
6.33697e-07
6.33697e-07
6.33696e-07
6.33696e-07
6.33696e-07
6.33697e-07
6.33697e-07
6.33698e-07
6.337e-07
6.337e-07
6.33704e-07
6.33702e-07
6.33706e-07
6.33703e-07
6.33708e-07
6.33705e-07
6.3371e-07
6.33707e-07
6.33712e-07
6.3371e-07
6.33717e-07
6.33714e-07
6.33725e-07
6.33718e-07
6.33731e-07
6.33719e-07
6.33732e-07
6.33716e-07
6.33726e-07
6.33709e-07
6.33712e-07
6.337e-07
6.33695e-07
6.33693e-07
6.33687e-07
6.33689e-07
6.33684e-07
6.33689e-07
6.33688e-07
6.33695e-07
6.33699e-07
6.33707e-07
6.33724e-07
6.3372e-07
6.33745e-07
6.33731e-07
6.3376e-07
6.33736e-07
6.33762e-07
6.33735e-07
6.33754e-07
6.33728e-07
6.33737e-07
6.3372e-07
6.33722e-07
6.33712e-07
6.33712e-07
6.33709e-07
6.33712e-07
6.33712e-07
6.33722e-07
6.33718e-07
6.33737e-07
6.33727e-07
6.33751e-07
6.33735e-07
6.33762e-07
6.3374e-07
6.33767e-07
6.33742e-07
6.33765e-07
6.3374e-07
6.33759e-07
6.33736e-07
6.33752e-07
6.33732e-07
6.33745e-07
6.33728e-07
6.33741e-07
6.33726e-07
6.33739e-07
6.33725e-07
6.33739e-07
6.33725e-07
6.3374e-07
6.33726e-07
6.33743e-07
6.33729e-07
6.33747e-07
6.33732e-07
6.33752e-07
6.33736e-07
6.33759e-07
6.3374e-07
6.33766e-07
6.33745e-07
6.33772e-07
6.33749e-07
6.33778e-07
6.33752e-07
6.33782e-07
6.33754e-07
6.33785e-07
6.33756e-07
6.33786e-07
6.33757e-07
6.33787e-07
6.33757e-07
6.33788e-07
6.33757e-07
6.33788e-07
6.33756e-07
6.33786e-07
6.33753e-07
6.33781e-07
6.33749e-07
6.33773e-07
6.33742e-07
6.33761e-07
6.33735e-07
6.3375e-07
6.33729e-07
6.3374e-07
6.33725e-07
6.33735e-07
6.33725e-07
6.33738e-07
6.33729e-07
6.33749e-07
6.33738e-07
6.33765e-07
6.33748e-07
6.33783e-07
6.33757e-07
6.33796e-07
6.33762e-07
6.33801e-07
6.33762e-07
6.33795e-07
6.33755e-07
6.3378e-07
6.33744e-07
6.33759e-07
6.33732e-07
6.33739e-07
6.33721e-07
6.33724e-07
6.33716e-07
6.3372e-07
6.33716e-07
6.33726e-07
6.33722e-07
6.33741e-07
6.33732e-07
6.33759e-07
6.33741e-07
6.33774e-07
6.33748e-07
6.3378e-07
6.33748e-07
6.33776e-07
6.33742e-07
6.3376e-07
6.3373e-07
6.33738e-07
6.33716e-07
6.33714e-07
6.33704e-07
6.33696e-07
6.33695e-07
6.33691e-07
6.33693e-07
6.33691e-07
6.33695e-07
6.33697e-07
6.33701e-07
6.33709e-07
6.33707e-07
6.3372e-07
6.33711e-07
6.33723e-07
6.3371e-07
6.33719e-07
6.33705e-07
6.33704e-07
6.33683e-07
1.94074e-07
1.93168e-07
1.93165e-07
1.93165e-07
1.93165e-07
1.93165e-07
1.93165e-07
1.93165e-07
1.93165e-07
1.93165e-07
1.93166e-07
1.93166e-07
1.93166e-07
1.93165e-07
1.93165e-07
1.93165e-07
1.93165e-07
1.93165e-07
1.93165e-07
1.93165e-07
1.93165e-07
1.93166e-07
1.93166e-07
1.93166e-07
1.93166e-07
1.93166e-07
1.93166e-07
1.93167e-07
1.93167e-07
1.93167e-07
1.93167e-07
1.93168e-07
1.93167e-07
1.93168e-07
1.93168e-07
1.93169e-07
1.93169e-07
1.9317e-07
1.9317e-07
1.9317e-07
1.9317e-07
1.9317e-07
1.93169e-07
1.93168e-07
1.93167e-07
1.93166e-07
1.93165e-07
1.93165e-07
1.93164e-07
1.93164e-07
1.93163e-07
1.93164e-07
1.93164e-07
1.93165e-07
1.93166e-07
1.93168e-07
1.93169e-07
1.93171e-07
1.93171e-07
1.93173e-07
1.93173e-07
1.93175e-07
1.93173e-07
1.93174e-07
1.93172e-07
1.93173e-07
1.9317e-07
1.93171e-07
1.93168e-07
1.93169e-07
1.93167e-07
1.93168e-07
1.93167e-07
1.93169e-07
1.93168e-07
1.9317e-07
1.9317e-07
1.93172e-07
1.93172e-07
1.93174e-07
1.93173e-07
1.93175e-07
1.93174e-07
1.93176e-07
1.93174e-07
1.93175e-07
1.93173e-07
1.93175e-07
1.93172e-07
1.93174e-07
1.93171e-07
1.93173e-07
1.93171e-07
1.93172e-07
1.93171e-07
1.93172e-07
1.93171e-07
1.93172e-07
1.93171e-07
1.93172e-07
1.93171e-07
1.93173e-07
1.93172e-07
1.93174e-07
1.93172e-07
1.93175e-07
1.93173e-07
1.93176e-07
1.93174e-07
1.93177e-07
1.93175e-07
1.93177e-07
1.93175e-07
1.93178e-07
1.93176e-07
1.93179e-07
1.93176e-07
1.93179e-07
1.93176e-07
1.93179e-07
1.93177e-07
1.9318e-07
1.93177e-07
1.9318e-07
1.93177e-07
1.93179e-07
1.93176e-07
1.93179e-07
1.93176e-07
1.93178e-07
1.93175e-07
1.93176e-07
1.93173e-07
1.93174e-07
1.93172e-07
1.93173e-07
1.93171e-07
1.93172e-07
1.9317e-07
1.93172e-07
1.9317e-07
1.93173e-07
1.93172e-07
1.93175e-07
1.93174e-07
1.93177e-07
1.93176e-07
1.9318e-07
1.93178e-07
1.93181e-07
1.93178e-07
1.93181e-07
1.93178e-07
1.93179e-07
1.93176e-07
1.93177e-07
1.93173e-07
1.93174e-07
1.93171e-07
1.93171e-07
1.93169e-07
1.9317e-07
1.93168e-07
1.9317e-07
1.93169e-07
1.93171e-07
1.93171e-07
1.93174e-07
1.93173e-07
1.93176e-07
1.93175e-07
1.93177e-07
1.93176e-07
1.93177e-07
1.93175e-07
1.93176e-07
1.93173e-07
1.93173e-07
1.9317e-07
1.9317e-07
1.93168e-07
1.93167e-07
1.93165e-07
1.93165e-07
1.93164e-07
1.93165e-07
1.93164e-07
1.93165e-07
1.93165e-07
1.93166e-07
1.93167e-07
1.93168e-07
1.93168e-07
1.93169e-07
1.93169e-07
1.93169e-07
1.93168e-07
1.93167e-07
1.93166e-07
1.93164e-07
5.98597e-08
5.9355e-08
5.93539e-08
5.93538e-08
5.93538e-08
5.93538e-08
5.93538e-08
5.93538e-08
5.93538e-08
5.93538e-08
5.93539e-08
5.93538e-08
5.93539e-08
5.93538e-08
5.93538e-08
5.93538e-08
5.93538e-08
5.93538e-08
5.93538e-08
5.93538e-08
5.93538e-08
5.93538e-08
5.93539e-08
5.93539e-08
5.9354e-08
5.93539e-08
5.93541e-08
5.93539e-08
5.93541e-08
5.9354e-08
5.93541e-08
5.9354e-08
5.93542e-08
5.93541e-08
5.93544e-08
5.93541e-08
5.93545e-08
5.93542e-08
5.93547e-08
5.93542e-08
5.93547e-08
5.93542e-08
5.93546e-08
5.93541e-08
5.93542e-08
5.93539e-08
5.93538e-08
5.93538e-08
5.93537e-08
5.93537e-08
5.93536e-08
5.93537e-08
5.93537e-08
5.93538e-08
5.93539e-08
5.9354e-08
5.93545e-08
5.93543e-08
5.93551e-08
5.93545e-08
5.93555e-08
5.93546e-08
5.93555e-08
5.93545e-08
5.93553e-08
5.93544e-08
5.93549e-08
5.93542e-08
5.93545e-08
5.93541e-08
5.93542e-08
5.9354e-08
5.93542e-08
5.93541e-08
5.93545e-08
5.93542e-08
5.93548e-08
5.93544e-08
5.93552e-08
5.93545e-08
5.93555e-08
5.93546e-08
5.93556e-08
5.93547e-08
5.93556e-08
5.93546e-08
5.93554e-08
5.93546e-08
5.93552e-08
5.93545e-08
5.93551e-08
5.93544e-08
5.93549e-08
5.93544e-08
5.93549e-08
5.93543e-08
5.93549e-08
5.93544e-08
5.93549e-08
5.93544e-08
5.9355e-08
5.93544e-08
5.93551e-08
5.93545e-08
5.93552e-08
5.93546e-08
5.93554e-08
5.93546e-08
5.93556e-08
5.93547e-08
5.93558e-08
5.93548e-08
5.93559e-08
5.93549e-08
5.9356e-08
5.93549e-08
5.93561e-08
5.93549e-08
5.93561e-08
5.9355e-08
5.93561e-08
5.9355e-08
5.93562e-08
5.9355e-08
5.93562e-08
5.9355e-08
5.93561e-08
5.93549e-08
5.9356e-08
5.93548e-08
5.93558e-08
5.93547e-08
5.93555e-08
5.93546e-08
5.93552e-08
5.93544e-08
5.93549e-08
5.93544e-08
5.93548e-08
5.93544e-08
5.93549e-08
5.93544e-08
5.93552e-08
5.93546e-08
5.93556e-08
5.93548e-08
5.9356e-08
5.9355e-08
5.93564e-08
5.93551e-08
5.93565e-08
5.93551e-08
5.93564e-08
5.93549e-08
5.9356e-08
5.93547e-08
5.93554e-08
5.93545e-08
5.93549e-08
5.93543e-08
5.93545e-08
5.93542e-08
5.93544e-08
5.93542e-08
5.93546e-08
5.93543e-08
5.9355e-08
5.93545e-08
5.93554e-08
5.93547e-08
5.93558e-08
5.93548e-08
5.9356e-08
5.93548e-08
5.93559e-08
5.93547e-08
5.93555e-08
5.93545e-08
5.93549e-08
5.93542e-08
5.93543e-08
5.9354e-08
5.93538e-08
5.93538e-08
5.93537e-08
5.93538e-08
5.93537e-08
5.93538e-08
5.93538e-08
5.93539e-08
5.93542e-08
5.9354e-08
5.93544e-08
5.93541e-08
5.93545e-08
5.93541e-08
5.93544e-08
5.9354e-08
5.93541e-08
5.93535e-08
1.42901e-08
1.41959e-08
1.41957e-08
1.41957e-08
1.41957e-08
1.41957e-08
1.41957e-08
1.41957e-08
1.41957e-08
1.41957e-08
1.41957e-08
1.41957e-08
1.41957e-08
1.41957e-08
1.41957e-08
1.41957e-08
1.41957e-08
1.41957e-08
1.41957e-08
1.41957e-08
1.41957e-08
1.41957e-08
1.41957e-08
1.41957e-08
1.41957e-08
1.41957e-08
1.41957e-08
1.41957e-08
1.41957e-08
1.41957e-08
1.41957e-08
1.41957e-08
1.41957e-08
1.41958e-08
1.41957e-08
1.41958e-08
1.41958e-08
1.41958e-08
1.41958e-08
1.41958e-08
1.41958e-08
1.41958e-08
1.41958e-08
1.41958e-08
1.41957e-08
1.41957e-08
1.41957e-08
1.41957e-08
1.41957e-08
1.41957e-08
1.41957e-08
1.41957e-08
1.41957e-08
1.41957e-08
1.41957e-08
1.41957e-08
1.41958e-08
1.41958e-08
1.41958e-08
1.41958e-08
1.41958e-08
1.41958e-08
1.41958e-08
1.41958e-08
1.41958e-08
1.41958e-08
1.41958e-08
1.41958e-08
1.41958e-08
1.41958e-08
1.41957e-08
1.41957e-08
1.41957e-08
1.41958e-08
1.41958e-08
1.41958e-08
1.41958e-08
1.41958e-08
1.41958e-08
1.41958e-08
1.41958e-08
1.41958e-08
1.41958e-08
1.41958e-08
1.41958e-08
1.41958e-08
1.41958e-08
1.41958e-08
1.41958e-08
1.41958e-08
1.41958e-08
1.41958e-08
1.41958e-08
1.41958e-08
1.41958e-08
1.41958e-08
1.41958e-08
1.41958e-08
1.41958e-08
1.41958e-08
1.41958e-08
1.41958e-08
1.41958e-08
1.41958e-08
1.41958e-08
1.41958e-08
1.41958e-08
1.41958e-08
1.41958e-08
1.41958e-08
1.41958e-08
1.41959e-08
1.41958e-08
1.41959e-08
1.41958e-08
1.41959e-08
1.41958e-08
1.41959e-08
1.41958e-08
1.41959e-08
1.41958e-08
1.41959e-08
1.41959e-08
1.41959e-08
1.41959e-08
1.41959e-08
1.41958e-08
1.41959e-08
1.41958e-08
1.41959e-08
1.41958e-08
1.41958e-08
1.41958e-08
1.41958e-08
1.41958e-08
1.41958e-08
1.41958e-08
1.41958e-08
1.41958e-08
1.41958e-08
1.41958e-08
1.41958e-08
1.41958e-08
1.41958e-08
1.41958e-08
1.41959e-08
1.41958e-08
1.41959e-08
1.41959e-08
1.41959e-08
1.41959e-08
1.41959e-08
1.41959e-08
1.41959e-08
1.41958e-08
1.41958e-08
1.41958e-08
1.41958e-08
1.41958e-08
1.41958e-08
1.41958e-08
1.41958e-08
1.41957e-08
1.41958e-08
1.41958e-08
1.41958e-08
1.41958e-08
1.41958e-08
1.41958e-08
1.41958e-08
1.41958e-08
1.41959e-08
1.41958e-08
1.41959e-08
1.41958e-08
1.41958e-08
1.41958e-08
1.41958e-08
1.41958e-08
1.41958e-08
1.41957e-08
1.41957e-08
1.41957e-08
1.41957e-08
1.41957e-08
1.41957e-08
1.41957e-08
1.41957e-08
1.41957e-08
1.41957e-08
1.41957e-08
1.41957e-08
1.41958e-08
1.41958e-08
1.41958e-08
1.41958e-08
1.41957e-08
1.41957e-08
1.41957e-08
1.41957e-08
2.05304e-09
2.04662e-09
2.04661e-09
2.04661e-09
2.04661e-09
2.04661e-09
2.04661e-09
2.04661e-09
2.04661e-09
2.04661e-09
2.04661e-09
2.04661e-09
2.04661e-09
2.04661e-09
2.04661e-09
2.04661e-09
2.04661e-09
2.04661e-09
2.04661e-09
2.04661e-09
2.04661e-09
2.04661e-09
2.04661e-09
2.04661e-09
2.04661e-09
2.04661e-09
2.04661e-09
2.04661e-09
2.04661e-09
2.04661e-09
2.04661e-09
2.04661e-09
2.04661e-09
2.04661e-09
2.04661e-09
2.04661e-09
2.04661e-09
2.04661e-09
2.04661e-09
2.04661e-09
2.04661e-09
2.04661e-09
2.04661e-09
2.04661e-09
2.04661e-09
2.04661e-09
2.04661e-09
2.04661e-09
2.04661e-09
2.04661e-09
2.04661e-09
2.04661e-09
2.04661e-09
2.04661e-09
2.04661e-09
2.04661e-09
2.04661e-09
2.04661e-09
2.04661e-09
2.04661e-09
2.04661e-09
2.04661e-09
2.04661e-09
2.04661e-09
2.04661e-09
2.04661e-09
2.04661e-09
2.04661e-09
2.04661e-09
2.04661e-09
2.04661e-09
2.04661e-09
2.04661e-09
2.04661e-09
2.04661e-09
2.04661e-09
2.04661e-09
2.04661e-09
2.04661e-09
2.04661e-09
2.04661e-09
2.04661e-09
2.04661e-09
2.04661e-09
2.04661e-09
2.04661e-09
2.04661e-09
2.04661e-09
2.04661e-09
2.04661e-09
2.04661e-09
2.04661e-09
2.04661e-09
2.04661e-09
2.04661e-09
2.04661e-09
2.04661e-09
2.04661e-09
2.04661e-09
2.04661e-09
2.04661e-09
2.04661e-09
2.04661e-09
2.04661e-09
2.04661e-09
2.04661e-09
2.04661e-09
2.04661e-09
2.04661e-09
2.04661e-09
2.04662e-09
2.04661e-09
2.04662e-09
2.04661e-09
2.04662e-09
2.04661e-09
2.04662e-09
2.04661e-09
2.04662e-09
2.04661e-09
2.04662e-09
2.04661e-09
2.04662e-09
2.04661e-09
2.04662e-09
2.04661e-09
2.04662e-09
2.04661e-09
2.04662e-09
2.04661e-09
2.04662e-09
2.04661e-09
2.04661e-09
2.04661e-09
2.04661e-09
2.04661e-09
2.04661e-09
2.04661e-09
2.04661e-09
2.04661e-09
2.04661e-09
2.04661e-09
2.04661e-09
2.04661e-09
2.04661e-09
2.04661e-09
2.04662e-09
2.04661e-09
2.04662e-09
2.04661e-09
2.04662e-09
2.04661e-09
2.04662e-09
2.04661e-09
2.04662e-09
2.04661e-09
2.04661e-09
2.04661e-09
2.04661e-09
2.04661e-09
2.04661e-09
2.04661e-09
2.04661e-09
2.04661e-09
2.04661e-09
2.04661e-09
2.04661e-09
2.04661e-09
2.04661e-09
2.04661e-09
2.04662e-09
2.04661e-09
2.04662e-09
2.04661e-09
2.04662e-09
2.04661e-09
2.04661e-09
2.04661e-09
2.04661e-09
2.04661e-09
2.04661e-09
2.04661e-09
2.04661e-09
2.04661e-09
2.04661e-09
2.04661e-09
2.04661e-09
2.04661e-09
2.04661e-09
2.04661e-09
2.04661e-09
2.04661e-09
2.04661e-09
2.04661e-09
2.04661e-09
2.04661e-09
2.04661e-09
2.04661e-09
2.04661e-09
2.0466e-09
3.79143e-09
3.78696e-09
3.78696e-09
3.78696e-09
3.78696e-09
3.78696e-09
3.78696e-09
3.78696e-09
3.78696e-09
3.78696e-09
3.78696e-09
3.78696e-09
3.78696e-09
3.78696e-09
3.78696e-09
3.78696e-09
3.78696e-09
3.78696e-09
3.78696e-09
3.78696e-09
3.78696e-09
3.78696e-09
3.78696e-09
3.78696e-09
3.78696e-09
3.78696e-09
3.78696e-09
3.78696e-09
3.78696e-09
3.78696e-09
3.78696e-09
3.78696e-09
3.78696e-09
3.78696e-09
3.78696e-09
3.78696e-09
3.78696e-09
3.78696e-09
3.78696e-09
3.78696e-09
3.78696e-09
3.78696e-09
3.78696e-09
3.78696e-09
3.78696e-09
3.78696e-09
3.78696e-09
3.78696e-09
3.78696e-09
3.78696e-09
3.78696e-09
3.78696e-09
3.78696e-09
3.78696e-09
3.78696e-09
3.78696e-09
3.78696e-09
3.78696e-09
3.78696e-09
3.78696e-09
3.78696e-09
3.78696e-09
3.78696e-09
3.78696e-09
3.78696e-09
3.78696e-09
3.78696e-09
3.78696e-09
3.78696e-09
3.78696e-09
3.78696e-09
3.78696e-09
3.78696e-09
3.78696e-09
3.78696e-09
3.78696e-09
3.78696e-09
3.78696e-09
3.78696e-09
3.78696e-09
3.78696e-09
3.78696e-09
3.78696e-09
3.78696e-09
3.78696e-09
3.78696e-09
3.78696e-09
3.78696e-09
3.78696e-09
3.78696e-09
3.78696e-09
3.78696e-09
3.78696e-09
3.78696e-09
3.78696e-09
3.78696e-09
3.78696e-09
3.78696e-09
3.78696e-09
3.78696e-09
3.78696e-09
3.78696e-09
3.78696e-09
3.78696e-09
3.78696e-09
3.78696e-09
3.78696e-09
3.78696e-09
3.78696e-09
3.78696e-09
3.78696e-09
3.78696e-09
3.78696e-09
3.78696e-09
3.78696e-09
3.78696e-09
3.78696e-09
3.78696e-09
3.78696e-09
3.78696e-09
3.78696e-09
3.78696e-09
3.78696e-09
3.78696e-09
3.78696e-09
3.78696e-09
3.78696e-09
3.78696e-09
3.78696e-09
3.78696e-09
3.78696e-09
3.78696e-09
3.78696e-09
3.78696e-09
3.78696e-09
3.78696e-09
3.78696e-09
3.78696e-09
3.78696e-09
3.78696e-09
3.78696e-09
3.78696e-09
3.78696e-09
3.78696e-09
3.78696e-09
3.78696e-09
3.78696e-09
3.78696e-09
3.78696e-09
3.78696e-09
3.78696e-09
3.78696e-09
3.78696e-09
3.78696e-09
3.78696e-09
3.78696e-09
3.78696e-09
3.78696e-09
3.78696e-09
3.78696e-09
3.78696e-09
3.78696e-09
3.78696e-09
3.78696e-09
3.78696e-09
3.78696e-09
3.78696e-09
3.78696e-09
3.78696e-09
3.78696e-09
3.78696e-09
3.78696e-09
3.78696e-09
3.78696e-09
3.78696e-09
3.78696e-09
3.78696e-09
3.78696e-09
3.78696e-09
3.78696e-09
3.78696e-09
3.78696e-09
3.78696e-09
3.78696e-09
3.78696e-09
3.78696e-09
3.78696e-09
3.78696e-09
3.78696e-09
3.78696e-09
3.78696e-09
3.78696e-09
3.78696e-09
3.78696e-09
3.78696e-09
3.78696e-09
3.78696e-09
3.78696e-09
3.78696e-09
3.78695e-09
0.000164327
0.000164266
0.000164266
0.000164266
0.000164266
0.000164266
0.000164266
0.000164266
0.000164266
0.000164266
0.000164266
0.000164266
0.000164266
0.000164266
0.000164266
0.000164266
0.000164266
0.000164266
0.000164266
0.000164266
0.000164266
0.000164266
0.000164266
0.000164266
0.000164266
0.000164266
0.000164266
0.000164266
0.000164266
0.000164266
0.000164266
0.000164266
0.000164266
0.000164266
0.000164266
0.000164266
0.000164266
0.000164266
0.000164266
0.000164266
0.000164266
0.000164266
0.000164266
0.000164266
0.000164266
0.000164266
0.000164266
0.000164266
0.000164266
0.000164266
0.000164266
0.000164266
0.000164266
0.000164266
0.000164266
0.000164266
0.000164266
0.000164266
0.000164266
0.000164266
0.000164266
0.000164266
0.000164266
0.000164266
0.000164266
0.000164266
0.000164266
0.000164266
0.000164266
0.000164266
0.000164266
0.000164266
0.000164266
0.000164266
0.000164266
0.000164266
0.000164266
0.000164266
0.000164266
0.000164266
0.000164266
0.000164266
0.000164266
0.000164266
0.000164266
0.000164266
0.000164266
0.000164266
0.000164266
0.000164266
0.000164266
0.000164266
0.000164266
0.000164266
0.000164266
0.000164266
0.000164266
0.000164266
0.000164266
0.000164266
0.000164266
0.000164266
0.000164266
0.000164266
0.000164266
0.000164266
0.000164266
0.000164266
0.000164266
0.000164266
0.000164266
0.000164266
0.000164266
0.000164266
0.000164266
0.000164266
0.000164266
0.000164266
0.000164266
0.000164266
0.000164266
0.000164266
0.000164266
0.000164266
0.000164266
0.000164266
0.000164266
0.000164266
0.000164266
0.000164266
0.000164266
0.000164266
0.000164266
0.000164266
0.000164266
0.000164266
0.000164266
0.000164266
0.000164266
0.000164266
0.000164266
0.000164266
0.000164266
0.000164266
0.000164266
0.000164266
0.000164266
0.000164266
0.000164266
0.000164266
0.000164266
0.000164266
0.000164266
0.000164266
0.000164266
0.000164266
0.000164266
0.000164266
0.000164266
0.000164266
0.000164266
0.000164266
0.000164266
0.000164266
0.000164266
0.000164266
0.000164266
0.000164266
0.000164266
0.000164266
0.000164266
0.000164266
0.000164266
0.000164266
0.000164266
0.000164266
0.000164266
0.000164266
0.000164266
0.000164266
0.000164266
0.000164266
0.000164266
0.000164266
0.000164266
0.000164266
0.000164266
0.000164266
0.000164266
0.000164266
0.000164266
0.000164266
0.000164266
0.000164266
0.000164266
0.000164266
0.000164266
0.000164266
0.000164266
0.000164266
0.000181851
0.000181794
0.000181794
0.000181794
0.000181794
0.000181794
0.000181794
0.000181794
0.000181794
0.000181794
0.000181794
0.000181794
0.000181794
0.000181794
0.000181794
0.000181794
0.000181794
0.000181794
0.000181794
0.000181794
0.000181794
0.000181794
0.000181794
0.000181794
0.000181794
0.000181794
0.000181794
0.000181794
0.000181794
0.000181794
0.000181794
0.000181794
0.000181794
0.000181794
0.000181794
0.000181794
0.000181794
0.000181794
0.000181794
0.000181794
0.000181794
0.000181794
0.000181794
0.000181794
0.000181794
0.000181794
0.000181794
0.000181794
0.000181794
0.000181794
0.000181794
0.000181794
0.000181794
0.000181794
0.000181794
0.000181794
0.000181794
0.000181794
0.000181794
0.000181794
0.000181794
0.000181794
0.000181794
0.000181794
0.000181794
0.000181794
0.000181794
0.000181794
0.000181794
0.000181794
0.000181794
0.000181794
0.000181794
0.000181794
0.000181794
0.000181794
0.000181794
0.000181794
0.000181794
0.000181794
0.000181794
0.000181794
0.000181794
0.000181794
0.000181794
0.000181794
0.000181794
0.000181794
0.000181794
0.000181794
0.000181794
0.000181794
0.000181794
0.000181794
0.000181794
0.000181794
0.000181794
0.000181794
0.000181794
0.000181794
0.000181794
0.000181794
0.000181794
0.000181794
0.000181794
0.000181794
0.000181794
0.000181794
0.000181794
0.000181794
0.000181794
0.000181794
0.000181794
0.000181794
0.000181794
0.000181794
0.000181794
0.000181794
0.000181794
0.000181794
0.000181794
0.000181794
0.000181794
0.000181794
0.000181794
0.000181794
0.000181794
0.000181794
0.000181794
0.000181794
0.000181794
0.000181794
0.000181794
0.000181794
0.000181794
0.000181794
0.000181794
0.000181794
0.000181794
0.000181794
0.000181794
0.000181794
0.000181794
0.000181794
0.000181794
0.000181794
0.000181794
0.000181794
0.000181794
0.000181794
0.000181794
0.000181794
0.000181794
0.000181794
0.000181794
0.000181794
0.000181794
0.000181794
0.000181794
0.000181794
0.000181794
0.000181794
0.000181794
0.000181794
0.000181794
0.000181794
0.000181794
0.000181794
0.000181794
0.000181794
0.000181794
0.000181794
0.000181794
0.000181794
0.000181794
0.000181794
0.000181794
0.000181794
0.000181794
0.000181794
0.000181794
0.000181794
0.000181794
0.000181794
0.000181794
0.000181794
0.000181794
0.000181794
0.000181794
0.000181794
0.000181794
0.000181794
0.000181794
0.000181794
0.000181794
0.000181794
0.000181794
0.000181794
0.000181794
0.000181794
0.000189235
0.000189166
0.000189166
0.000189166
0.000189166
0.000189166
0.000189166
0.000189166
0.000189166
0.000189166
0.000189166
0.000189166
0.000189166
0.000189166
0.000189166
0.000189166
0.000189166
0.000189166
0.000189166
0.000189166
0.000189166
0.000189166
0.000189166
0.000189166
0.000189166
0.000189166
0.000189166
0.000189166
0.000189166
0.000189166
0.000189166
0.000189166
0.000189166
0.000189166
0.000189166
0.000189166
0.000189166
0.000189166
0.000189166
0.000189166
0.000189166
0.000189166
0.000189166
0.000189166
0.000189166
0.000189166
0.000189166
0.000189166
0.000189166
0.000189166
0.000189166
0.000189166
0.000189166
0.000189166
0.000189166
0.000189166
0.000189166
0.000189166
0.000189166
0.000189166
0.000189166
0.000189166
0.000189166
0.000189166
0.000189166
0.000189166
0.000189166
0.000189166
0.000189166
0.000189166
0.000189166
0.000189166
0.000189166
0.000189166
0.000189166
0.000189166
0.000189166
0.000189166
0.000189166
0.000189166
0.000189166
0.000189166
0.000189166
0.000189166
0.000189166
0.000189166
0.000189166
0.000189166
0.000189166
0.000189166
0.000189166
0.000189166
0.000189166
0.000189166
0.000189166
0.000189166
0.000189166
0.000189166
0.000189166
0.000189166
0.000189166
0.000189166
0.000189166
0.000189166
0.000189166
0.000189166
0.000189166
0.000189166
0.000189166
0.000189166
0.000189166
0.000189166
0.000189166
0.000189166
0.000189166
0.000189166
0.000189166
0.000189166
0.000189166
0.000189166
0.000189166
0.000189166
0.000189166
0.000189166
0.000189166
0.000189166
0.000189166
0.000189166
0.000189166
0.000189166
0.000189166
0.000189166
0.000189166
0.000189166
0.000189166
0.000189166
0.000189166
0.000189166
0.000189166
0.000189166
0.000189166
0.000189166
0.000189166
0.000189166
0.000189166
0.000189166
0.000189166
0.000189166
0.000189166
0.000189166
0.000189166
0.000189166
0.000189166
0.000189166
0.000189166
0.000189166
0.000189166
0.000189166
0.000189166
0.000189166
0.000189166
0.000189166
0.000189166
0.000189166
0.000189166
0.000189166
0.000189166
0.000189166
0.000189166
0.000189166
0.000189166
0.000189166
0.000189166
0.000189166
0.000189166
0.000189166
0.000189166
0.000189166
0.000189166
0.000189166
0.000189166
0.000189166
0.000189166
0.000189166
0.000189166
0.000189166
0.000189166
0.000189166
0.000189166
0.000189166
0.000189166
0.000189166
0.000189166
0.000189166
0.000189166
0.000189166
0.000189166
0.000189166
0.000189166
0.000189166
0.000192213
0.000192114
0.000192114
0.000192114
0.000192114
0.000192114
0.000192114
0.000192114
0.000192114
0.000192114
0.000192114
0.000192114
0.000192114
0.000192114
0.000192114
0.000192114
0.000192114
0.000192114
0.000192114
0.000192114
0.000192114
0.000192114
0.000192114
0.000192114
0.000192114
0.000192114
0.000192114
0.000192114
0.000192114
0.000192114
0.000192114
0.000192114
0.000192114
0.000192114
0.000192114
0.000192114
0.000192114
0.000192114
0.000192114
0.000192114
0.000192114
0.000192114
0.000192114
0.000192114
0.000192114
0.000192114
0.000192114
0.000192114
0.000192114
0.000192114
0.000192114
0.000192114
0.000192114
0.000192114
0.000192114
0.000192114
0.000192114
0.000192114
0.000192114
0.000192114
0.000192114
0.000192114
0.000192114
0.000192114
0.000192114
0.000192114
0.000192114
0.000192114
0.000192114
0.000192114
0.000192114
0.000192114
0.000192114
0.000192114
0.000192114
0.000192114
0.000192114
0.000192114
0.000192114
0.000192114
0.000192114
0.000192114
0.000192114
0.000192114
0.000192114
0.000192114
0.000192114
0.000192114
0.000192114
0.000192114
0.000192114
0.000192114
0.000192114
0.000192114
0.000192114
0.000192114
0.000192114
0.000192114
0.000192114
0.000192114
0.000192114
0.000192114
0.000192114
0.000192114
0.000192114
0.000192114
0.000192114
0.000192114
0.000192114
0.000192114
0.000192114
0.000192114
0.000192114
0.000192114
0.000192114
0.000192114
0.000192114
0.000192114
0.000192114
0.000192114
0.000192114
0.000192114
0.000192114
0.000192114
0.000192114
0.000192114
0.000192114
0.000192114
0.000192114
0.000192114
0.000192114
0.000192114
0.000192114
0.000192114
0.000192114
0.000192114
0.000192114
0.000192114
0.000192114
0.000192114
0.000192114
0.000192114
0.000192114
0.000192114
0.000192114
0.000192114
0.000192114
0.000192114
0.000192114
0.000192114
0.000192114
0.000192114
0.000192114
0.000192114
0.000192114
0.000192114
0.000192114
0.000192114
0.000192114
0.000192114
0.000192114
0.000192114
0.000192114
0.000192114
0.000192114
0.000192114
0.000192114
0.000192114
0.000192114
0.000192114
0.000192114
0.000192114
0.000192114
0.000192114
0.000192114
0.000192114
0.000192114
0.000192114
0.000192114
0.000192114
0.000192114
0.000192114
0.000192114
0.000192114
0.000192114
0.000192114
0.000192114
0.000192114
0.000192114
0.000192114
0.000192114
0.000192114
0.000192114
0.000192114
0.000192114
0.000192114
0.000192114
0.000192114
0.000192114
0.000192114
0.000193301
0.000193149
0.000193149
0.000193149
0.000193149
0.000193149
0.000193149
0.000193149
0.000193149
0.000193149
0.000193149
0.000193149
0.000193149
0.000193149
0.000193149
0.000193149
0.000193149
0.000193149
0.000193149
0.000193149
0.000193149
0.000193149
0.000193149
0.000193149
0.000193149
0.000193149
0.000193149
0.000193149
0.000193149
0.000193149
0.000193149
0.000193149
0.000193149
0.000193149
0.000193149
0.000193149
0.000193149
0.000193149
0.000193149
0.000193149
0.000193149
0.000193149
0.000193149
0.000193149
0.000193149
0.000193149
0.000193149
0.000193149
0.000193149
0.000193149
0.000193149
0.000193149
0.000193149
0.000193149
0.000193149
0.000193149
0.000193149
0.000193149
0.000193149
0.000193149
0.000193149
0.000193149
0.000193149
0.000193149
0.000193149
0.000193149
0.000193149
0.000193149
0.000193149
0.000193149
0.000193149
0.000193149
0.000193149
0.000193149
0.000193149
0.000193149
0.000193149
0.000193149
0.000193149
0.000193149
0.000193149
0.000193149
0.000193149
0.000193149
0.000193149
0.000193149
0.000193149
0.000193149
0.000193149
0.000193149
0.000193149
0.000193149
0.000193149
0.000193149
0.000193149
0.000193149
0.000193149
0.000193149
0.000193149
0.000193149
0.000193149
0.000193149
0.000193149
0.000193149
0.000193149
0.000193149
0.000193149
0.000193149
0.000193149
0.000193149
0.000193149
0.000193149
0.000193149
0.000193149
0.000193149
0.000193149
0.000193149
0.000193149
0.000193149
0.000193149
0.000193149
0.000193149
0.000193149
0.000193149
0.000193149
0.000193149
0.000193149
0.000193149
0.000193149
0.000193149
0.000193149
0.000193149
0.000193149
0.000193149
0.000193149
0.000193149
0.000193149
0.000193149
0.000193149
0.000193149
0.000193149
0.000193149
0.000193149
0.000193149
0.000193149
0.000193149
0.000193149
0.000193149
0.000193149
0.000193149
0.000193149
0.000193149
0.000193149
0.000193149
0.000193149
0.000193149
0.000193149
0.000193149
0.000193149
0.000193149
0.000193149
0.000193149
0.000193149
0.000193149
0.000193149
0.000193149
0.000193149
0.000193149
0.000193149
0.000193149
0.000193149
0.000193149
0.000193149
0.000193149
0.000193149
0.000193149
0.000193149
0.000193149
0.000193149
0.000193149
0.000193149
0.000193149
0.000193149
0.000193149
0.000193149
0.000193149
0.000193149
0.000193149
0.000193149
0.000193149
0.000193149
0.000193149
0.000193149
0.000193149
0.000193149
0.000193149
0.000193149
0.000193149
0.000193149
0.000193149
0.000193754
0.00019352
0.00019352
0.00019352
0.00019352
0.00019352
0.00019352
0.00019352
0.00019352
0.00019352
0.00019352
0.00019352
0.00019352
0.00019352
0.00019352
0.00019352
0.00019352
0.00019352
0.00019352
0.00019352
0.00019352
0.00019352
0.00019352
0.00019352
0.00019352
0.00019352
0.00019352
0.00019352
0.00019352
0.00019352
0.00019352
0.00019352
0.00019352
0.00019352
0.00019352
0.00019352
0.00019352
0.00019352
0.00019352
0.00019352
0.00019352
0.00019352
0.00019352
0.00019352
0.00019352
0.00019352
0.00019352
0.00019352
0.00019352
0.00019352
0.00019352
0.00019352
0.00019352
0.00019352
0.00019352
0.00019352
0.00019352
0.00019352
0.00019352
0.00019352
0.00019352
0.00019352
0.00019352
0.00019352
0.00019352
0.00019352
0.00019352
0.00019352
0.00019352
0.00019352
0.00019352
0.00019352
0.00019352
0.00019352
0.00019352
0.00019352
0.00019352
0.00019352
0.00019352
0.00019352
0.00019352
0.00019352
0.00019352
0.00019352
0.00019352
0.00019352
0.00019352
0.00019352
0.00019352
0.00019352
0.00019352
0.00019352
0.00019352
0.00019352
0.00019352
0.00019352
0.00019352
0.00019352
0.00019352
0.00019352
0.00019352
0.00019352
0.00019352
0.00019352
0.00019352
0.00019352
0.00019352
0.00019352
0.00019352
0.00019352
0.00019352
0.00019352
0.00019352
0.00019352
0.00019352
0.00019352
0.00019352
0.00019352
0.00019352
0.00019352
0.00019352
0.00019352
0.00019352
0.00019352
0.00019352
0.00019352
0.00019352
0.00019352
0.00019352
0.00019352
0.00019352
0.00019352
0.00019352
0.00019352
0.00019352
0.00019352
0.00019352
0.00019352
0.00019352
0.00019352
0.00019352
0.00019352
0.00019352
0.00019352
0.00019352
0.00019352
0.00019352
0.00019352
0.00019352
0.00019352
0.00019352
0.00019352
0.00019352
0.00019352
0.00019352
0.00019352
0.00019352
0.00019352
0.00019352
0.00019352
0.00019352
0.00019352
0.00019352
0.00019352
0.00019352
0.00019352
0.00019352
0.00019352
0.00019352
0.00019352
0.00019352
0.00019352
0.00019352
0.00019352
0.00019352
0.00019352
0.00019352
0.00019352
0.00019352
0.00019352
0.00019352
0.00019352
0.00019352
0.00019352
0.00019352
0.00019352
0.00019352
0.00019352
0.00019352
0.00019352
0.00019352
0.00019352
0.00019352
0.00019352
0.00019352
0.00019352
0.00019352
0.00019352
0.00019352
0.00019352
0.000193936
0.000193577
0.000193576
0.000193576
0.000193576
0.000193576
0.000193576
0.000193576
0.000193576
0.000193576
0.000193576
0.000193576
0.000193576
0.000193576
0.000193576
0.000193576
0.000193576
0.000193576
0.000193576
0.000193576
0.000193576
0.000193576
0.000193576
0.000193576
0.000193576
0.000193576
0.000193576
0.000193576
0.000193576
0.000193576
0.000193576
0.000193576
0.000193576
0.000193576
0.000193576
0.000193576
0.000193576
0.000193576
0.000193576
0.000193576
0.000193576
0.000193576
0.000193576
0.000193576
0.000193576
0.000193576
0.000193576
0.000193576
0.000193576
0.000193576
0.000193576
0.000193576
0.000193576
0.000193576
0.000193576
0.000193576
0.000193576
0.000193576
0.000193576
0.000193576
0.000193576
0.000193576
0.000193576
0.000193576
0.000193576
0.000193576
0.000193576
0.000193576
0.000193576
0.000193576
0.000193576
0.000193576
0.000193576
0.000193576
0.000193576
0.000193576
0.000193576
0.000193576
0.000193576
0.000193576
0.000193576
0.000193576
0.000193576
0.000193576
0.000193576
0.000193576
0.000193576
0.000193576
0.000193576
0.000193576
0.000193576
0.000193576
0.000193576
0.000193576
0.000193576
0.000193576
0.000193576
0.000193576
0.000193576
0.000193576
0.000193576
0.000193576
0.000193576
0.000193576
0.000193576
0.000193576
0.000193576
0.000193576
0.000193576
0.000193576
0.000193576
0.000193576
0.000193576
0.000193576
0.000193576
0.000193576
0.000193576
0.000193576
0.000193576
0.000193576
0.000193576
0.000193576
0.000193576
0.000193576
0.000193576
0.000193576
0.000193576
0.000193576
0.000193576
0.000193576
0.000193576
0.000193576
0.000193576
0.000193576
0.000193576
0.000193576
0.000193576
0.000193576
0.000193576
0.000193576
0.000193576
0.000193576
0.000193576
0.000193576
0.000193576
0.000193576
0.000193576
0.000193576
0.000193576
0.000193576
0.000193576
0.000193576
0.000193576
0.000193576
0.000193576
0.000193576
0.000193576
0.000193576
0.000193576
0.000193576
0.000193576
0.000193576
0.000193576
0.000193576
0.000193576
0.000193576
0.000193576
0.000193576
0.000193576
0.000193576
0.000193576
0.000193576
0.000193576
0.000193576
0.000193576
0.000193576
0.000193576
0.000193576
0.000193576
0.000193576
0.000193576
0.000193576
0.000193576
0.000193576
0.000193576
0.000193576
0.000193576
0.000193576
0.000193576
0.000193576
0.000193576
0.000193576
0.000193576
0.000193576
0.000193576
0.000193576
0.000193576
0.000193576
0.000193576
0.000193576
0.000194075
0.00019353
0.000193527
0.000193527
0.000193527
0.000193527
0.000193527
0.000193527
0.000193527
0.000193527
0.000193527
0.000193527
0.000193527
0.000193527
0.000193527
0.000193527
0.000193527
0.000193527
0.000193527
0.000193527
0.000193527
0.000193527
0.000193527
0.000193527
0.000193527
0.000193527
0.000193527
0.000193527
0.000193527
0.000193527
0.000193527
0.000193527
0.000193527
0.000193527
0.000193527
0.000193527
0.000193527
0.000193527
0.000193527
0.000193527
0.000193527
0.000193527
0.000193527
0.000193527
0.000193527
0.000193527
0.000193527
0.000193527
0.000193527
0.000193527
0.000193527
0.000193527
0.000193527
0.000193527
0.000193527
0.000193527
0.000193527
0.000193527
0.000193527
0.000193527
0.000193527
0.000193527
0.000193527
0.000193527
0.000193527
0.000193527
0.000193527
0.000193527
0.000193527
0.000193527
0.000193527
0.000193527
0.000193527
0.000193527
0.000193527
0.000193527
0.000193527
0.000193527
0.000193527
0.000193527
0.000193527
0.000193527
0.000193527
0.000193527
0.000193527
0.000193527
0.000193527
0.000193527
0.000193527
0.000193527
0.000193527
0.000193527
0.000193527
0.000193527
0.000193527
0.000193527
0.000193527
0.000193527
0.000193527
0.000193527
0.000193527
0.000193527
0.000193527
0.000193527
0.000193527
0.000193527
0.000193527
0.000193527
0.000193527
0.000193527
0.000193527
0.000193527
0.000193527
0.000193527
0.000193527
0.000193527
0.000193527
0.000193527
0.000193527
0.000193527
0.000193527
0.000193527
0.000193527
0.000193527
0.000193527
0.000193527
0.000193527
0.000193527
0.000193527
0.000193527
0.000193527
0.000193527
0.000193527
0.000193527
0.000193527
0.000193527
0.000193527
0.000193527
0.000193527
0.000193527
0.000193527
0.000193527
0.000193527
0.000193527
0.000193527
0.000193527
0.000193527
0.000193527
0.000193527
0.000193527
0.000193527
0.000193527
0.000193527
0.000193527
0.000193527
0.000193527
0.000193527
0.000193527
0.000193527
0.000193527
0.000193527
0.000193527
0.000193527
0.000193527
0.000193527
0.000193527
0.000193527
0.000193527
0.000193527
0.000193527
0.000193527
0.000193527
0.000193527
0.000193527
0.000193527
0.000193527
0.000193527
0.000193527
0.000193527
0.000193527
0.000193527
0.000193527
0.000193527
0.000193527
0.000193527
0.000193527
0.000193527
0.000193527
0.000193527
0.000193527
0.000193527
0.000193527
0.000193527
0.000193527
0.000193527
0.000193527
0.000193527
0.000193527
0.000193527
0.000193527
0.000194239
0.000193419
0.000193413
0.000193413
0.000193413
0.000193413
0.000193413
0.000193413
0.000193413
0.000193413
0.000193413
0.000193413
0.000193413
0.000193413
0.000193413
0.000193413
0.000193413
0.000193413
0.000193413
0.000193413
0.000193413
0.000193413
0.000193413
0.000193413
0.000193413
0.000193413
0.000193413
0.000193413
0.000193413
0.000193413
0.000193413
0.000193413
0.000193413
0.000193413
0.000193413
0.000193413
0.000193413
0.000193413
0.000193413
0.000193413
0.000193413
0.000193413
0.000193413
0.000193413
0.000193413
0.000193413
0.000193413
0.000193413
0.000193413
0.000193413
0.000193413
0.000193413
0.000193413
0.000193413
0.000193413
0.000193413
0.000193413
0.000193413
0.000193413
0.000193413
0.000193413
0.000193413
0.000193413
0.000193413
0.000193413
0.000193413
0.000193413
0.000193413
0.000193413
0.000193413
0.000193413
0.000193413
0.000193413
0.000193413
0.000193413
0.000193413
0.000193413
0.000193413
0.000193413
0.000193413
0.000193413
0.000193413
0.000193413
0.000193413
0.000193413
0.000193413
0.000193413
0.000193413
0.000193413
0.000193413
0.000193413
0.000193413
0.000193413
0.000193413
0.000193413
0.000193413
0.000193413
0.000193413
0.000193413
0.000193413
0.000193413
0.000193413
0.000193413
0.000193413
0.000193413
0.000193413
0.000193413
0.000193413
0.000193413
0.000193413
0.000193413
0.000193414
0.000193413
0.000193414
0.000193413
0.000193414
0.000193413
0.000193414
0.000193413
0.000193414
0.000193413
0.000193414
0.000193413
0.000193414
0.000193413
0.000193414
0.000193413
0.000193414
0.000193413
0.000193414
0.000193413
0.000193413
0.000193413
0.000193413
0.000193413
0.000193413
0.000193413
0.000193413
0.000193413
0.000193413
0.000193413
0.000193413
0.000193413
0.000193413
0.000193413
0.000193413
0.000193413
0.000193414
0.000193413
0.000193414
0.000193413
0.000193414
0.000193413
0.000193414
0.000193413
0.000193413
0.000193413
0.000193413
0.000193413
0.000193413
0.000193413
0.000193413
0.000193413
0.000193413
0.000193413
0.000193413
0.000193413
0.000193413
0.000193413
0.000193413
0.000193413
0.000193413
0.000193413
0.000193413
0.000193413
0.000193413
0.000193413
0.000193413
0.000193413
0.000193413
0.000193413
0.000193413
0.000193413
0.000193413
0.000193413
0.000193413
0.000193413
0.000193413
0.000193413
0.000193413
0.000193413
0.000193413
0.000193413
0.000193413
0.000193413
0.000193413
0.000193413
0.000193413
0.000193413
0.000193413
0.00019446
0.000193245
0.000193229
0.000193228
0.000193228
0.000193228
0.000193228
0.000193228
0.000193228
0.000193228
0.000193228
0.000193228
0.000193228
0.000193228
0.000193228
0.000193228
0.000193228
0.000193228
0.000193228
0.000193228
0.000193228
0.000193228
0.000193228
0.000193228
0.000193228
0.000193228
0.000193228
0.000193228
0.000193228
0.000193228
0.000193228
0.000193228
0.000193228
0.000193228
0.000193228
0.000193228
0.000193228
0.000193228
0.000193228
0.000193228
0.000193228
0.000193228
0.000193228
0.000193228
0.000193228
0.000193228
0.000193228
0.000193228
0.000193228
0.000193228
0.000193228
0.000193228
0.000193228
0.000193228
0.000193228
0.000193228
0.000193229
0.000193228
0.000193229
0.000193228
0.000193229
0.000193228
0.000193229
0.000193228
0.000193229
0.000193228
0.000193229
0.000193228
0.000193229
0.000193228
0.000193229
0.000193228
0.000193229
0.000193228
0.000193229
0.000193228
0.000193229
0.000193228
0.000193229
0.000193229
0.000193229
0.000193229
0.000193229
0.000193229
0.000193229
0.000193229
0.000193229
0.000193229
0.000193229
0.000193229
0.000193229
0.000193228
0.000193229
0.000193228
0.000193229
0.000193228
0.000193229
0.000193228
0.000193229
0.000193228
0.000193229
0.000193229
0.000193229
0.000193229
0.000193229
0.000193229
0.000193229
0.000193229
0.000193229
0.000193229
0.000193229
0.000193229
0.000193229
0.000193229
0.000193229
0.000193229
0.000193229
0.000193229
0.000193229
0.000193229
0.000193229
0.000193229
0.000193229
0.000193229
0.000193229
0.000193229
0.000193229
0.000193229
0.000193229
0.000193229
0.000193229
0.000193229
0.000193229
0.000193229
0.000193229
0.000193229
0.000193229
0.000193228
0.000193229
0.000193228
0.000193229
0.000193229
0.000193229
0.000193229
0.000193229
0.000193229
0.000193229
0.000193229
0.000193229
0.000193229
0.000193229
0.000193229
0.000193229
0.000193229
0.000193229
0.000193229
0.000193229
0.000193228
0.000193229
0.000193228
0.000193229
0.000193228
0.000193229
0.000193228
0.000193229
0.000193228
0.000193229
0.000193228
0.000193229
0.000193228
0.000193229
0.000193229
0.000193229
0.000193228
0.000193229
0.000193228
0.000193229
0.000193228
0.000193229
0.000193228
0.000193228
0.000193228
0.000193228
0.000193228
0.000193228
0.000193228
0.000193228
0.000193228
0.000193228
0.000193228
0.000193228
0.000193228
0.000193228
0.000193228
0.000193228
0.000193228
0.000193228
0.000193228
0.000193228
0.000193228
0.000194759
0.00019299
0.000192947
0.000192944
0.000192944
0.000192944
0.000192944
0.000192944
0.000192944
0.000192944
0.000192944
0.000192944
0.000192944
0.000192944
0.000192944
0.000192944
0.000192944
0.000192944
0.000192944
0.000192944
0.000192944
0.000192944
0.000192944
0.000192944
0.000192944
0.000192944
0.000192944
0.000192944
0.000192944
0.000192944
0.000192944
0.000192945
0.000192944
0.000192945
0.000192944
0.000192945
0.000192944
0.000192945
0.000192944
0.000192945
0.000192944
0.000192945
0.000192944
0.000192944
0.000192944
0.000192944
0.000192944
0.000192944
0.000192944
0.000192944
0.000192944
0.000192944
0.000192944
0.000192944
0.000192944
0.000192945
0.000192944
0.000192945
0.000192944
0.000192945
0.000192945
0.000192945
0.000192945
0.000192945
0.000192945
0.000192945
0.000192945
0.000192945
0.000192944
0.000192945
0.000192944
0.000192945
0.000192944
0.000192945
0.000192944
0.000192945
0.000192945
0.000192945
0.000192945
0.000192945
0.000192945
0.000192945
0.000192945
0.000192945
0.000192945
0.000192945
0.000192945
0.000192945
0.000192945
0.000192945
0.000192945
0.000192945
0.000192945
0.000192945
0.000192945
0.000192945
0.000192945
0.000192945
0.000192945
0.000192945
0.000192945
0.000192945
0.000192945
0.000192945
0.000192945
0.000192945
0.000192945
0.000192945
0.000192945
0.000192946
0.000192945
0.000192946
0.000192945
0.000192946
0.000192945
0.000192946
0.000192945
0.000192946
0.000192945
0.000192946
0.000192945
0.000192946
0.000192945
0.000192946
0.000192945
0.000192946
0.000192945
0.000192946
0.000192945
0.000192946
0.000192945
0.000192945
0.000192945
0.000192945
0.000192945
0.000192945
0.000192945
0.000192945
0.000192945
0.000192945
0.000192945
0.000192945
0.000192945
0.000192945
0.000192945
0.000192946
0.000192945
0.000192946
0.000192945
0.000192946
0.000192945
0.000192946
0.000192945
0.000192946
0.000192945
0.000192945
0.000192945
0.000192945
0.000192944
0.000192945
0.000192944
0.000192945
0.000192944
0.000192945
0.000192944
0.000192945
0.000192944
0.000192945
0.000192944
0.000192945
0.000192945
0.000192945
0.000192945
0.000192945
0.000192944
0.000192945
0.000192944
0.000192945
0.000192944
0.000192945
0.000192944
0.000192944
0.000192944
0.000192944
0.000192944
0.000192944
0.000192944
0.000192944
0.000192944
0.000192944
0.000192944
0.000192944
0.000192944
0.000192944
0.000192944
0.000192944
0.000192944
0.000192944
0.000192944
0.000192943
0.000195166
0.000192638
0.000192523
0.000192516
0.000192516
0.000192516
0.000192516
0.000192516
0.000192516
0.000192516
0.000192516
0.000192516
0.000192516
0.000192516
0.000192516
0.000192516
0.000192516
0.000192516
0.000192516
0.000192516
0.000192516
0.000192516
0.000192516
0.000192516
0.000192516
0.000192516
0.000192516
0.000192516
0.000192516
0.000192516
0.000192516
0.000192516
0.000192516
0.000192516
0.000192516
0.000192516
0.000192516
0.000192516
0.000192516
0.000192516
0.000192516
0.000192516
0.000192516
0.000192516
0.000192516
0.000192516
0.000192516
0.000192516
0.000192516
0.000192516
0.000192516
0.000192516
0.000192516
0.000192516
0.000192516
0.000192516
0.000192516
0.000192516
0.000192517
0.000192516
0.000192517
0.000192516
0.000192517
0.000192516
0.000192517
0.000192516
0.000192517
0.000192516
0.000192517
0.000192516
0.000192517
0.000192516
0.000192517
0.000192516
0.000192517
0.000192516
0.000192517
0.000192516
0.000192517
0.000192516
0.000192517
0.000192516
0.000192517
0.000192517
0.000192517
0.000192517
0.000192517
0.000192516
0.000192517
0.000192516
0.000192517
0.000192516
0.000192517
0.000192516
0.000192517
0.000192516
0.000192517
0.000192516
0.000192517
0.000192516
0.000192517
0.000192516
0.000192517
0.000192516
0.000192517
0.000192516
0.000192517
0.000192517
0.000192518
0.000192517
0.000192518
0.000192517
0.000192518
0.000192517
0.000192518
0.000192517
0.000192518
0.000192517
0.000192518
0.000192517
0.000192518
0.000192517
0.000192518
0.000192517
0.000192518
0.000192517
0.000192518
0.000192517
0.000192518
0.000192517
0.000192518
0.000192516
0.000192517
0.000192516
0.000192517
0.000192516
0.000192517
0.000192516
0.000192517
0.000192516
0.000192517
0.000192516
0.000192517
0.000192516
0.000192517
0.000192516
0.000192518
0.000192516
0.000192518
0.000192517
0.000192518
0.000192516
0.000192518
0.000192516
0.000192517
0.000192516
0.000192517
0.000192516
0.000192517
0.000192516
0.000192517
0.000192516
0.000192517
0.000192516
0.000192517
0.000192516
0.000192517
0.000192516
0.000192517
0.000192516
0.000192517
0.000192516
0.000192517
0.000192516
0.000192517
0.000192516
0.000192517
0.000192516
0.000192516
0.000192516
0.000192516
0.000192515
0.000192516
0.000192515
0.000192515
0.000192515
0.000192515
0.000192515
0.000192515
0.000192515
0.000192515
0.000192515
0.000192515
0.000192515
0.000192515
0.000192515
0.000192515
0.000192515
0.000192514
0.000192513
0.000195739
0.000192208
0.000191904
0.000191885
0.000191883
0.000191883
0.000191883
0.000191883
0.000191883
0.000191883
0.000191883
0.000191883
0.000191883
0.000191883
0.000191883
0.000191883
0.000191883
0.000191883
0.000191883
0.000191883
0.000191883
0.000191883
0.000191883
0.000191883
0.000191883
0.000191883
0.000191883
0.000191884
0.000191883
0.000191884
0.000191883
0.000191884
0.000191884
0.000191884
0.000191884
0.000191884
0.000191884
0.000191884
0.000191884
0.000191884
0.000191883
0.000191884
0.000191883
0.000191884
0.000191883
0.000191883
0.000191883
0.000191883
0.000191883
0.000191883
0.000191883
0.000191883
0.000191883
0.000191883
0.000191883
0.000191884
0.000191884
0.000191884
0.000191884
0.000191885
0.000191884
0.000191885
0.000191884
0.000191885
0.000191884
0.000191885
0.000191884
0.000191885
0.000191884
0.000191885
0.000191884
0.000191884
0.000191884
0.000191885
0.000191884
0.000191885
0.000191884
0.000191885
0.000191884
0.000191885
0.000191884
0.000191886
0.000191884
0.000191886
0.000191884
0.000191886
0.000191884
0.000191886
0.000191884
0.000191885
0.000191884
0.000191885
0.000191884
0.000191885
0.000191884
0.000191885
0.000191884
0.000191885
0.000191884
0.000191885
0.000191884
0.000191885
0.000191884
0.000191885
0.000191884
0.000191886
0.000191884
0.000191886
0.000191884
0.000191886
0.000191884
0.000191886
0.000191884
0.000191886
0.000191884
0.000191887
0.000191885
0.000191887
0.000191885
0.000191887
0.000191885
0.000191887
0.000191884
0.000191887
0.000191884
0.000191886
0.000191884
0.000191886
0.000191884
0.000191886
0.000191884
0.000191885
0.000191884
0.000191885
0.000191883
0.000191885
0.000191883
0.000191885
0.000191883
0.000191885
0.000191883
0.000191885
0.000191883
0.000191885
0.000191884
0.000191886
0.000191884
0.000191886
0.000191884
0.000191886
0.000191884
0.000191886
0.000191884
0.000191886
0.000191884
0.000191885
0.000191883
0.000191885
0.000191883
0.000191884
0.000191883
0.000191884
0.000191883
0.000191884
0.000191883
0.000191884
0.000191883
0.000191884
0.000191883
0.000191884
0.000191883
0.000191884
0.000191883
0.000191884
0.000191883
0.000191884
0.000191883
0.000191884
0.000191882
0.000191883
0.000191882
0.000191882
0.000191882
0.000191882
0.000191882
0.000191882
0.000191881
0.000191882
0.000191881
0.000191882
0.000191881
0.000191882
0.000191881
0.000191882
0.000191881
0.000191882
0.000191881
0.000191881
0.00019188
0.000191876
0.000196598
0.00019182
0.000191045
0.000190989
0.000190983
0.000190983
0.000190982
0.000190982
0.000190982
0.000190982
0.000190982
0.000190982
0.000190982
0.000190982
0.000190982
0.000190982
0.000190982
0.000190982
0.000190982
0.000190982
0.000190983
0.000190982
0.000190983
0.000190983
0.000190983
0.000190983
0.000190983
0.000190983
0.000190983
0.000190983
0.000190984
0.000190983
0.000190984
0.000190983
0.000190984
0.000190983
0.000190984
0.000190983
0.000190984
0.000190983
0.000190984
0.000190983
0.000190983
0.000190983
0.000190983
0.000190982
0.000190983
0.000190982
0.000190982
0.000190982
0.000190982
0.000190982
0.000190983
0.000190983
0.000190983
0.000190983
0.000190984
0.000190983
0.000190985
0.000190984
0.000190985
0.000190984
0.000190985
0.000190984
0.000190985
0.000190984
0.000190985
0.000190983
0.000190985
0.000190983
0.000190985
0.000190983
0.000190985
0.000190983
0.000190985
0.000190983
0.000190985
0.000190984
0.000190985
0.000190984
0.000190986
0.000190984
0.000190986
0.000190984
0.000190986
0.000190984
0.000190986
0.000190984
0.000190986
0.000190984
0.000190985
0.000190983
0.000190985
0.000190983
0.000190985
0.000190983
0.000190985
0.000190983
0.000190985
0.000190983
0.000190985
0.000190983
0.000190985
0.000190983
0.000190985
0.000190983
0.000190986
0.000190983
0.000190986
0.000190984
0.000190987
0.000190984
0.000190987
0.000190984
0.000190987
0.000190984
0.000190987
0.000190984
0.000190987
0.000190984
0.000190987
0.000190984
0.000190987
0.000190984
0.000190987
0.000190983
0.000190986
0.000190983
0.000190986
0.000190983
0.000190985
0.000190982
0.000190985
0.000190982
0.000190984
0.000190982
0.000190984
0.000190982
0.000190984
0.000190982
0.000190984
0.000190982
0.000190984
0.000190982
0.000190985
0.000190982
0.000190985
0.000190982
0.000190986
0.000190982
0.000190986
0.000190982
0.000190985
0.000190982
0.000190985
0.000190982
0.000190984
0.000190981
0.000190983
0.000190981
0.000190982
0.00019098
0.000190982
0.00019098
0.000190982
0.00019098
0.000190982
0.000190981
0.000190983
0.000190981
0.000190983
0.000190981
0.000190983
0.000190981
0.000190983
0.00019098
0.000190982
0.00019098
0.000190981
0.000190979
0.00019098
0.000190979
0.000190979
0.000190978
0.000190979
0.000190978
0.000190979
0.000190978
0.000190978
0.000190978
0.000190979
0.000190978
0.000190979
0.000190978
0.000190979
0.000190978
0.000190978
0.000190977
0.000190975
0.000190965
0.000197969
0.000191823
0.000189969
0.000189805
0.000189785
0.000189783
0.000189782
0.000189782
0.000189782
0.000189782
0.000189782
0.000189782
0.000189782
0.000189782
0.000189782
0.000189782
0.000189782
0.000189782
0.000189782
0.000189782
0.000189782
0.000189782
0.000189782
0.000189782
0.000189782
0.000189783
0.000189782
0.000189783
0.000189782
0.000189783
0.000189783
0.000189784
0.000189783
0.000189784
0.000189783
0.000189784
0.000189783
0.000189784
0.000189783
0.000189784
0.000189783
0.000189784
0.000189782
0.000189783
0.000189782
0.000189782
0.000189782
0.000189782
0.000189781
0.000189781
0.000189781
0.000189782
0.000189782
0.000189782
0.000189782
0.000189783
0.000189783
0.000189785
0.000189783
0.000189785
0.000189783
0.000189786
0.000189784
0.000189786
0.000189783
0.000189786
0.000189783
0.000189785
0.000189783
0.000189785
0.000189783
0.000189785
0.000189782
0.000189785
0.000189783
0.000189785
0.000189783
0.000189786
0.000189783
0.000189786
0.000189783
0.000189787
0.000189783
0.000189787
0.000189783
0.000189787
0.000189783
0.000189786
0.000189783
0.000189786
0.000189782
0.000189785
0.000189782
0.000189785
0.000189782
0.000189785
0.000189782
0.000189784
0.000189782
0.000189784
0.000189782
0.000189785
0.000189782
0.000189785
0.000189782
0.000189785
0.000189782
0.000189786
0.000189782
0.000189786
0.000189782
0.000189787
0.000189782
0.000189787
0.000189782
0.000189787
0.000189782
0.000189787
0.000189782
0.000189787
0.000189782
0.000189787
0.000189782
0.000189787
0.000189781
0.000189786
0.000189781
0.000189785
0.00018978
0.000189784
0.00018978
0.000189783
0.000189779
0.000189783
0.000189779
0.000189782
0.000189778
0.000189781
0.000189778
0.000189781
0.000189778
0.000189782
0.000189778
0.000189782
0.000189778
0.000189783
0.000189779
0.000189783
0.000189779
0.000189784
0.000189779
0.000189783
0.000189778
0.000189782
0.000189777
0.000189781
0.000189777
0.00018978
0.000189776
0.000189779
0.000189775
0.000189778
0.000189775
0.000189778
0.000189775
0.000189778
0.000189775
0.000189778
0.000189775
0.000189779
0.000189775
0.000189779
0.000189775
0.000189779
0.000189775
0.000189778
0.000189774
0.000189776
0.000189773
0.000189775
0.000189773
0.000189774
0.000189772
0.000189773
0.000189771
0.000189772
0.000189771
0.000189772
0.000189771
0.000189772
0.000189771
0.000189772
0.000189771
0.000189772
0.000189771
0.000189772
0.000189771
0.00018977
0.000189763
0.000189743
0.000200229
0.000192978
0.000188925
0.000188457
0.000188388
0.000188378
0.000188377
0.000188376
0.000188375
0.000188376
0.000188376
0.000188375
0.000188376
0.000188376
0.000188375
0.000188375
0.000188376
0.000188376
0.000188376
0.000188376
0.000188375
0.000188376
0.000188376
0.000188376
0.000188377
0.000188376
0.000188377
0.000188376
0.000188378
0.000188377
0.000188378
0.000188377
0.000188379
0.000188377
0.000188379
0.000188377
0.000188379
0.000188377
0.000188379
0.000188377
0.000188379
0.000188376
0.000188377
0.000188376
0.000188376
0.000188375
0.000188375
0.000188375
0.000188374
0.000188374
0.000188375
0.000188375
0.000188375
0.000188375
0.000188377
0.000188376
0.000188379
0.000188377
0.00018838
0.000188377
0.000188381
0.000188377
0.000188381
0.000188377
0.000188381
0.000188377
0.00018838
0.000188376
0.000188379
0.000188376
0.000188379
0.000188375
0.000188378
0.000188375
0.000188379
0.000188375
0.00018838
0.000188376
0.00018838
0.000188376
0.000188381
0.000188376
0.000188381
0.000188376
0.000188381
0.000188376
0.000188381
0.000188375
0.00018838
0.000188374
0.000188379
0.000188374
0.000188378
0.000188373
0.000188377
0.000188373
0.000188377
0.000188372
0.000188377
0.000188372
0.000188377
0.000188372
0.000188377
0.000188372
0.000188378
0.000188372
0.000188378
0.000188372
0.000188379
0.000188372
0.000188379
0.000188372
0.00018838
0.000188372
0.00018838
0.000188372
0.00018838
0.000188372
0.00018838
0.000188371
0.000188379
0.000188371
0.000188379
0.00018837
0.000188378
0.000188369
0.000188376
0.000188368
0.000188375
0.000188367
0.000188373
0.000188366
0.000188371
0.000188365
0.00018837
0.000188364
0.000188369
0.000188364
0.000188369
0.000188363
0.000188369
0.000188363
0.000188369
0.000188363
0.00018837
0.000188364
0.000188371
0.000188364
0.000188371
0.000188363
0.000188371
0.000188363
0.00018837
0.000188362
0.000188368
0.00018836
0.000188366
0.000188359
0.000188364
0.000188358
0.000188362
0.000188357
0.000188361
0.000188357
0.000188361
0.000188357
0.000188362
0.000188357
0.000188362
0.000188357
0.000188362
0.000188357
0.000188362
0.000188356
0.000188361
0.000188355
0.000188359
0.000188354
0.000188357
0.000188353
0.000188355
0.000188352
0.000188353
0.000188351
0.000188351
0.00018835
0.000188351
0.00018835
0.000188351
0.00018835
0.000188351
0.00018835
0.000188351
0.00018835
0.000188351
0.000188349
0.00018835
0.000188347
0.000188333
0.000188292
0.000203923
0.000196524
0.000188684
0.000187455
0.000187224
0.000187181
0.000187175
0.000187173
0.000187172
0.000187173
0.000187172
0.000187172
0.000187172
0.000187173
0.000187172
0.000187173
0.000187173
0.000187173
0.000187173
0.000187173
0.000187173
0.000187174
0.000187173
0.000187173
0.000187173
0.000187175
0.000187173
0.000187175
0.000187174
0.000187176
0.000187174
0.000187177
0.000187174
0.000187177
0.000187174
0.000187177
0.000187174
0.000187177
0.000187174
0.000187176
0.000187173
0.000187175
0.000187172
0.000187174
0.000187171
0.000187172
0.00018717
0.000187171
0.00018717
0.00018717
0.00018717
0.000187171
0.00018717
0.000187172
0.000187171
0.000187174
0.000187172
0.000187177
0.000187173
0.000187179
0.000187173
0.000187179
0.000187173
0.000187179
0.000187173
0.000187178
0.000187172
0.000187177
0.000187171
0.000187175
0.00018717
0.000187175
0.000187169
0.000187174
0.000187169
0.000187175
0.000187169
0.000187176
0.000187169
0.000187177
0.000187169
0.000187177
0.000187169
0.000187177
0.000187168
0.000187176
0.000187168
0.000187175
0.000187166
0.000187174
0.000187165
0.000187172
0.000187164
0.00018717
0.000187163
0.000187169
0.000187162
0.000187168
0.000187162
0.000187168
0.000187161
0.000187168
0.000187161
0.000187169
0.000187161
0.000187169
0.00018716
0.00018717
0.00018716
0.00018717
0.00018716
0.00018717
0.000187159
0.000187171
0.000187159
0.00018717
0.000187158
0.00018717
0.000187157
0.000187169
0.000187156
0.000187168
0.000187154
0.000187166
0.000187153
0.000187164
0.000187151
0.000187161
0.000187149
0.000187158
0.000187147
0.000187156
0.000187145
0.000187153
0.000187143
0.000187151
0.000187142
0.000187149
0.000187141
0.000187149
0.00018714
0.000187149
0.00018714
0.00018715
0.00018714
0.000187151
0.00018714
0.000187151
0.000187139
0.000187151
0.000187138
0.000187149
0.000187137
0.000187146
0.000187135
0.000187143
0.000187132
0.00018714
0.00018713
0.000187137
0.000187129
0.000187135
0.000187127
0.000187134
0.000187127
0.000187134
0.000187127
0.000187134
0.000187126
0.000187134
0.000187126
0.000187134
0.000187125
0.000187133
0.000187124
0.00018713
0.000187122
0.000187127
0.00018712
0.000187124
0.000187118
0.00018712
0.000187116
0.000187118
0.000187115
0.000187116
0.000187114
0.000187115
0.000187114
0.000187115
0.000187114
0.000187115
0.000187114
0.000187115
0.000187114
0.000187115
0.000187113
0.000187111
0.00018708
0.000187005
0.000209797
0.000203897
0.000190897
0.000188033
0.000187354
0.000187187
0.000187154
0.000187147
0.000187146
0.000187146
0.000187146
0.000187145
0.000187145
0.000187145
0.000187146
0.000187145
0.000187145
0.000187145
0.000187146
0.000187146
0.000187146
0.000187146
0.000187147
0.000187146
0.000187147
0.000187146
0.000187149
0.000187147
0.000187149
0.000187147
0.00018715
0.000187147
0.000187151
0.000187147
0.000187152
0.000187147
0.000187151
0.000187146
0.000187151
0.000187145
0.000187149
0.000187144
0.000187147
0.000187143
0.000187144
0.000187141
0.000187142
0.00018714
0.000187141
0.00018714
0.000187141
0.00018714
0.000187142
0.000187141
0.000187145
0.000187142
0.000187147
0.000187143
0.00018715
0.000187144
0.000187152
0.000187143
0.000187152
0.000187142
0.000187151
0.000187141
0.000187148
0.000187139
0.000187146
0.000187138
0.000187144
0.000187136
0.000187143
0.000187135
0.000187143
0.000187135
0.000187144
0.000187135
0.000187145
0.000187134
0.000187145
0.000187134
0.000187145
0.000187132
0.000187144
0.000187131
0.000187142
0.000187129
0.000187139
0.000187126
0.000187136
0.000187124
0.000187134
0.000187122
0.000187131
0.00018712
0.00018713
0.000187119
0.000187128
0.000187118
0.000187128
0.000187117
0.000187128
0.000187116
0.000187128
0.000187115
0.000187128
0.000187114
0.000187128
0.000187113
0.000187128
0.000187111
0.000187127
0.00018711
0.000187126
0.000187108
0.000187125
0.000187106
0.000187123
0.000187104
0.000187121
0.000187101
0.000187118
0.000187098
0.000187114
0.000187095
0.00018711
0.000187091
0.000187106
0.000187088
0.000187101
0.000187084
0.000187096
0.000187081
0.000187092
0.000187078
0.000187089
0.000187076
0.000187087
0.000187075
0.000187086
0.000187073
0.000187087
0.000187073
0.000187087
0.000187072
0.000187087
0.00018707
0.000187087
0.000187068
0.000187084
0.000187066
0.000187081
0.000187062
0.000187076
0.000187059
0.00018707
0.000187055
0.000187065
0.000187052
0.000187061
0.000187049
0.000187058
0.000187048
0.000187057
0.000187046
0.000187057
0.000187046
0.000187057
0.000187045
0.000187057
0.000187043
0.000187055
0.000187041
0.000187052
0.000187038
0.000187047
0.000187035
0.000187042
0.000187032
0.000187037
0.000187029
0.000187032
0.000187027
0.000187029
0.000187026
0.000187027
0.000187025
0.000187026
0.000187024
0.000187026
0.000187024
0.000187026
0.000187024
0.000187026
0.000187023
0.000187025
0.000187021
0.000186964
0.000186847
0.000218907
0.00021618
0.000197915
0.000192263
0.00019054
0.000189995
0.00018985
0.000189821
0.000189815
0.000189813
0.000189812
0.000189813
0.000189812
0.000189812
0.000189812
0.000189813
0.000189812
0.000189813
0.000189813
0.000189813
0.000189813
0.000189814
0.000189813
0.000189815
0.000189813
0.000189815
0.000189813
0.000189816
0.000189813
0.000189817
0.000189813
0.000189819
0.000189813
0.000189819
0.000189813
0.000189819
0.000189812
0.000189818
0.000189811
0.000189816
0.000189809
0.000189813
0.000189807
0.00018981
0.000189805
0.000189806
0.000189803
0.000189804
0.000189803
0.000189804
0.000189803
0.000189805
0.000189804
0.000189807
0.000189804
0.00018981
0.000189805
0.000189813
0.000189805
0.000189815
0.000189805
0.000189816
0.000189804
0.000189815
0.000189801
0.000189812
0.000189799
0.000189808
0.000189796
0.000189805
0.000189794
0.000189802
0.000189792
0.000189801
0.00018979
0.000189801
0.000189789
0.000189801
0.000189788
0.000189801
0.000189786
0.000189801
0.000189784
0.000189799
0.000189781
0.000189796
0.000189778
0.000189792
0.000189775
0.000189788
0.000189771
0.000189784
0.000189768
0.00018978
0.000189764
0.000189776
0.000189762
0.000189774
0.000189759
0.000189772
0.000189757
0.000189771
0.000189755
0.00018977
0.000189753
0.000189769
0.00018975
0.000189768
0.000189748
0.000189767
0.000189745
0.000189766
0.000189742
0.000189764
0.000189739
0.000189761
0.000189735
0.000189758
0.000189731
0.000189754
0.000189726
0.000189749
0.000189721
0.000189743
0.000189716
0.000189737
0.00018971
0.00018973
0.000189705
0.000189723
0.000189699
0.000189716
0.000189694
0.000189709
0.000189689
0.000189704
0.000189685
0.000189699
0.000189682
0.000189697
0.000189679
0.000189696
0.000189677
0.000189695
0.000189675
0.000189694
0.000189672
0.000189693
0.000189669
0.00018969
0.000189664
0.000189685
0.000189659
0.000189678
0.000189654
0.00018967
0.000189648
0.000189662
0.000189643
0.000189656
0.000189639
0.000189651
0.000189635
0.000189647
0.000189632
0.000189646
0.00018963
0.000189645
0.000189628
0.000189644
0.000189626
0.000189641
0.000189623
0.000189637
0.000189619
0.000189632
0.000189614
0.000189625
0.00018961
0.000189617
0.000189605
0.00018961
0.000189602
0.000189605
0.000189599
0.000189602
0.000189598
0.0001896
0.000189597
0.000189599
0.000189596
0.000189599
0.000189596
0.000189599
0.000189595
0.000189598
0.000189598
0.000189602
0.0001895
0.000189374
0.000232945
0.000234165
0.000211277
0.00020193
0.000198222
0.000196835
0.000196318
0.000196196
0.000196172
0.000196165
0.000196164
0.000196163
0.000196163
0.000196163
0.000196164
0.000196163
0.000196163
0.000196163
0.000196164
0.000196163
0.000196165
0.000196164
0.000196165
0.000196163
0.000196165
0.000196163
0.000196167
0.000196163
0.000196167
0.000196163
0.000196168
0.000196163
0.000196169
0.000196162
0.000196168
0.000196161
0.000196167
0.000196159
0.000196166
0.000196157
0.000196162
0.000196155
0.000196159
0.000196153
0.000196155
0.000196151
0.000196152
0.00019615
0.000196151
0.00019615
0.000196151
0.00019615
0.000196153
0.00019615
0.000196155
0.00019615
0.000196157
0.00019615
0.00019616
0.000196149
0.000196161
0.000196147
0.000196159
0.000196145
0.000196156
0.000196141
0.000196153
0.000196138
0.000196148
0.000196135
0.000196144
0.000196132
0.000196142
0.000196129
0.00019614
0.000196127
0.000196139
0.000196124
0.000196138
0.000196122
0.000196137
0.000196119
0.000196135
0.000196115
0.000196131
0.000196111
0.000196127
0.000196106
0.000196121
0.000196101
0.000196116
0.000196097
0.00019611
0.000196092
0.000196105
0.000196088
0.000196101
0.000196084
0.000196098
0.00019608
0.000196095
0.000196077
0.000196093
0.000196074
0.000196091
0.00019607
0.000196089
0.000196066
0.000196086
0.000196062
0.000196084
0.000196057
0.00019608
0.000196052
0.000196076
0.000196047
0.000196071
0.000196041
0.000196066
0.000196034
0.000196059
0.000196027
0.000196052
0.00019602
0.000196044
0.000196013
0.000196035
0.000196005
0.000196026
0.000195998
0.000196017
0.000195991
0.000196009
0.000195985
0.000196001
0.000195979
0.000195994
0.000195974
0.00019599
0.000195969
0.000195986
0.000195965
0.000195984
0.000195961
0.000195982
0.000195957
0.00019598
0.000195952
0.000195976
0.000195947
0.00019597
0.00019594
0.000195962
0.000195933
0.000195953
0.000195926
0.000195943
0.000195919
0.000195934
0.000195913
0.000195927
0.000195908
0.000195921
0.000195904
0.000195918
0.0001959
0.000195915
0.000195897
0.000195913
0.000195893
0.00019591
0.000195889
0.000195906
0.000195884
0.000195899
0.000195879
0.000195891
0.000195873
0.000195883
0.000195868
0.000195874
0.000195863
0.000195868
0.00019586
0.000195863
0.000195858
0.00019586
0.000195856
0.000195858
0.000195855
0.000195858
0.000195854
0.000195857
0.000195853
0.000195856
0.000195855
0.000195867
0.000195881
0.000195738
0.000195705
0.000254791
0.000259692
0.000230394
0.000216151
0.000209185
0.000206279
0.000205019
0.000204573
0.000204498
0.000204478
0.000204473
0.000204473
0.000204472
0.000204472
0.000204472
0.000204472
0.000204472
0.000204472
0.000204472
0.000204473
0.000204472
0.000204473
0.000204472
0.000204474
0.000204472
0.000204474
0.000204471
0.000204475
0.000204471
0.000204475
0.00020447
0.000204475
0.000204469
0.000204475
0.000204468
0.000204474
0.000204467
0.000204472
0.000204465
0.00020447
0.000204463
0.000204467
0.000204461
0.000204463
0.000204459
0.00020446
0.000204458
0.000204459
0.000204458
0.000204459
0.000204459
0.00020446
0.000204458
0.00020446
0.000204457
0.000204462
0.000204456
0.000204464
0.000204455
0.000204465
0.000204453
0.000204464
0.000204451
0.000204462
0.000204448
0.000204458
0.000204444
0.000204453
0.000204441
0.00020445
0.000204438
0.000204446
0.000204435
0.000204444
0.000204432
0.000204443
0.000204429
0.000204441
0.000204426
0.000204439
0.000204423
0.000204437
0.000204419
0.000204433
0.000204414
0.000204429
0.00020441
0.000204424
0.000204405
0.000204418
0.0002044
0.000204413
0.000204396
0.000204408
0.000204391
0.000204403
0.000204387
0.000204399
0.000204383
0.000204396
0.000204379
0.000204392
0.000204375
0.00020439
0.000204371
0.000204387
0.000204367
0.000204384
0.000204362
0.000204381
0.000204357
0.000204377
0.000204352
0.000204373
0.000204346
0.000204367
0.000204339
0.000204361
0.000204332
0.000204355
0.000204325
0.000204348
0.000204318
0.00020434
0.000204311
0.000204332
0.000204303
0.000204323
0.000204296
0.000204314
0.000204289
0.000204305
0.000204282
0.000204297
0.000204276
0.00020429
0.00020427
0.000204284
0.000204265
0.00020428
0.000204261
0.000204277
0.000204256
0.000204274
0.000204251
0.000204271
0.000204246
0.000204266
0.00020424
0.000204261
0.000204233
0.000204254
0.000204227
0.000204245
0.00020422
0.000204236
0.000204213
0.000204227
0.000204207
0.000204219
0.000204201
0.000204213
0.000204196
0.000204208
0.000204192
0.000204205
0.000204188
0.000204202
0.000204184
0.000204199
0.000204179
0.000204195
0.000204175
0.000204189
0.000204169
0.000204182
0.000204164
0.000204174
0.000204159
0.000204167
0.000204155
0.00020416
0.000204151
0.000204155
0.000204149
0.000204151
0.000204147
0.000204149
0.000204146
0.000204148
0.000204145
0.000204147
0.000204144
0.000204146
0.000204143
0.000204151
0.000204168
0.000204219
0.000204072
0.000204297
0.000288587
0.000297346
0.000254788
0.000232176
0.000219771
0.000214136
0.000211827
0.000210714
0.000210549
0.00021051
0.0002105
0.000210497
0.000210497
0.000210496
0.000210496
0.000210496
0.000210497
0.000210496
0.000210497
0.000210496
0.000210496
0.000210496
0.000210497
0.000210496
0.000210498
0.000210496
0.000210498
0.000210495
0.000210498
0.000210495
0.000210498
0.000210494
0.000210498
0.000210493
0.000210498
0.000210492
0.000210497
0.000210491
0.000210495
0.000210489
0.000210493
0.000210488
0.000210491
0.000210487
0.000210488
0.000210485
0.000210486
0.000210485
0.000210486
0.000210486
0.000210487
0.000210486
0.000210487
0.000210485
0.000210487
0.000210483
0.000210489
0.000210483
0.000210489
0.000210481
0.000210489
0.000210479
0.000210488
0.000210477
0.000210486
0.000210475
0.000210482
0.000210472
0.00021048
0.00021047
0.000210477
0.000210468
0.000210474
0.000210465
0.000210473
0.000210463
0.000210472
0.000210461
0.00021047
0.000210458
0.000210469
0.000210455
0.000210466
0.000210452
0.000210463
0.000210448
0.00021046
0.000210445
0.000210455
0.000210441
0.000210451
0.000210437
0.000210447
0.000210434
0.000210443
0.000210431
0.00021044
0.000210427
0.000210437
0.000210424
0.000210434
0.000210421
0.000210432
0.000210418
0.00021043
0.000210415
0.000210428
0.000210411
0.000210425
0.000210407
0.000210422
0.000210403
0.000210419
0.000210398
0.000210415
0.000210393
0.000210411
0.000210388
0.000210406
0.000210383
0.0002104
0.000210377
0.000210395
0.000210371
0.000210388
0.000210365
0.000210382
0.00021036
0.000210375
0.000210354
0.000210368
0.000210349
0.000210362
0.000210344
0.000210356
0.00021034
0.000210351
0.000210336
0.000210347
0.000210332
0.000210344
0.000210328
0.000210341
0.000210324
0.000210339
0.00021032
0.000210336
0.000210315
0.000210332
0.00021031
0.000210327
0.000210305
0.000210321
0.0002103
0.000210314
0.000210295
0.000210307
0.00021029
0.000210301
0.000210286
0.000210296
0.000210282
0.000210291
0.000210278
0.000210288
0.000210275
0.000210286
0.000210272
0.000210283
0.000210268
0.00021028
0.000210264
0.000210276
0.00021026
0.000210271
0.000210257
0.000210266
0.000210253
0.00021026
0.000210249
0.000210255
0.000210247
0.00021025
0.000210244
0.000210247
0.000210243
0.000210244
0.000210242
0.000210243
0.000210241
0.000210242
0.00021024
0.000210242
0.000210239
0.000210242
0.000210248
0.000210281
0.000210377
0.000210321
0.00021094
0.000339026
0.000354974
0.000286103
0.000248941
0.000227956
0.000217672
0.000213989
0.00021201
0.000211763
0.000211711
0.000211698
0.000211694
0.000211693
0.000211693
0.000211693
0.000211693
0.000211693
0.000211693
0.000211693
0.000211693
0.000211693
0.000211694
0.000211693
0.000211694
0.000211693
0.000211694
0.000211693
0.000211695
0.000211692
0.000211695
0.000211692
0.000211695
0.000211692
0.000211695
0.000211691
0.000211695
0.000211691
0.000211694
0.00021169
0.000211693
0.000211689
0.000211691
0.000211688
0.000211689
0.000211687
0.000211688
0.000211686
0.000211687
0.000211686
0.000211687
0.000211687
0.000211687
0.000211686
0.000211688
0.000211685
0.000211689
0.000211685
0.00021169
0.000211685
0.000211691
0.000211684
0.00021169
0.000211683
0.000211689
0.000211681
0.000211687
0.00021168
0.000211685
0.000211678
0.000211683
0.000211676
0.000211682
0.000211675
0.00021168
0.000211673
0.00021168
0.000211672
0.000211679
0.000211671
0.000211678
0.000211669
0.000211677
0.000211667
0.000211676
0.000211665
0.000211674
0.000211663
0.000211671
0.00021166
0.000211668
0.000211658
0.000211665
0.000211656
0.000211663
0.000211653
0.00021166
0.000211651
0.000211658
0.000211649
0.000211657
0.000211647
0.000211655
0.000211645
0.000211654
0.000211643
0.000211653
0.000211641
0.000211652
0.000211639
0.00021165
0.000211637
0.000211648
0.000211634
0.000211646
0.000211631
0.000211644
0.000211628
0.000211641
0.000211625
0.000211638
0.000211621
0.000211634
0.000211618
0.000211631
0.000211614
0.000211626
0.00021161
0.000211622
0.000211606
0.000211617
0.000211603
0.000211612
0.000211599
0.000211608
0.000211596
0.000211604
0.000211593
0.000211602
0.000211591
0.000211599
0.000211588
0.000211598
0.000211586
0.000211596
0.000211583
0.000211595
0.000211581
0.000211593
0.000211578
0.00021159
0.000211575
0.000211587
0.000211571
0.000211582
0.000211568
0.000211578
0.000211565
0.000211573
0.000211561
0.000211569
0.000211558
0.000211565
0.000211556
0.000211563
0.000211554
0.000211561
0.000211551
0.00021156
0.000211549
0.000211558
0.000211547
0.000211556
0.000211545
0.000211553
0.000211542
0.00021155
0.00021154
0.000211546
0.000211537
0.000211542
0.000211535
0.000211538
0.000211533
0.000211535
0.000211531
0.000211533
0.00021153
0.000211531
0.000211529
0.000211531
0.000211529
0.00021153
0.000211528
0.00021153
0.000211529
0.00021154
0.000211575
0.000211704
0.000211744
0.00021282
0.000402924
0.00043498
0.000321933
0.000264763
0.000233673
0.000217335
0.000212
0.00020939
0.000209182
0.000209154
0.000209147
0.000209145
0.000209145
0.000209145
0.000209145
0.000209145
0.000209145
0.000209145
0.000209145
0.000209145
0.000209145
0.000209145
0.000209146
0.000209145
0.000209146
0.000209145
0.000209146
0.000209145
0.000209147
0.000209145
0.000209147
0.000209145
0.000209147
0.000209145
0.000209148
0.000209145
0.000209147
0.000209144
0.000209147
0.000209144
0.000209146
0.000209143
0.000209144
0.000209142
0.000209143
0.000209141
0.000209142
0.000209141
0.000209141
0.000209141
0.000209141
0.000209141
0.000209142
0.00020914
0.000209143
0.000209141
0.000209144
0.000209141
0.000209145
0.000209141
0.000209146
0.000209141
0.000209146
0.00020914
0.000209145
0.000209139
0.000209143
0.000209138
0.000209142
0.000209137
0.000209141
0.000209136
0.00020914
0.000209135
0.000209139
0.000209134
0.000209139
0.000209133
0.000209139
0.000209133
0.000209139
0.000209132
0.000209138
0.000209131
0.000209137
0.000209129
0.000209136
0.000209128
0.000209134
0.000209126
0.000209132
0.000209125
0.00020913
0.000209123
0.000209129
0.000209122
0.000209127
0.00020912
0.000209126
0.000209119
0.000209125
0.000209118
0.000209125
0.000209117
0.000209124
0.000209116
0.000209124
0.000209115
0.000209123
0.000209114
0.000209123
0.000209112
0.000209122
0.000209111
0.000209121
0.000209109
0.000209119
0.000209107
0.000209118
0.000209105
0.000209115
0.000209103
0.000209113
0.000209101
0.00020911
0.000209098
0.000209108
0.000209096
0.000209104
0.000209093
0.000209101
0.000209091
0.000209098
0.000209089
0.000209095
0.000209086
0.000209093
0.000209085
0.000209091
0.000209083
0.00020909
0.000209082
0.000209089
0.00020908
0.000209089
0.000209079
0.000209088
0.000209078
0.000209087
0.000209076
0.000209085
0.000209074
0.000209083
0.000209072
0.00020908
0.000209069
0.000209076
0.000209067
0.000209073
0.000209065
0.00020907
0.000209063
0.000209068
0.000209061
0.000209067
0.00020906
0.000209066
0.000209059
0.000209065
0.000209057
0.000209064
0.000209056
0.000209063
0.000209055
0.000209061
0.000209053
0.000209058
0.000209051
0.000209055
0.000209049
0.000209052
0.000209047
0.000209049
0.000209046
0.000209047
0.000209045
0.000209045
0.000209044
0.000209045
0.000209043
0.000209044
0.000209043
0.000209044
0.000209043
0.000209045
0.000209048
0.000209068
0.000209137
0.000209037
0.000210423
0.000402923
0.000434979
0.000321933
0.000264763
0.000233673
0.000217335
0.000212
0.00020939
0.000209182
0.000209154
0.000209147
0.000209145
0.000209145
0.000209145
0.000209145
0.000209145
0.000209145
0.000209145
0.000209145
0.000209145
0.000209145
0.000209145
0.000209145
0.000209146
0.000209145
0.000209146
0.000209145
0.000209147
0.000209145
0.000209147
0.000209145
0.000209147
0.000209145
0.000209148
0.000209145
0.000209148
0.000209144
0.000209147
0.000209144
0.000209146
0.000209143
0.000209145
0.000209143
0.000209144
0.000209142
0.000209142
0.000209141
0.000209141
0.000209141
0.000209141
0.000209141
0.000209141
0.00020914
0.000209142
0.000209141
0.000209143
0.000209141
0.000209145
0.000209141
0.000209145
0.000209141
0.000209146
0.00020914
0.000209145
0.00020914
0.000209144
0.000209139
0.000209143
0.000209137
0.000209141
0.000209136
0.00020914
0.000209135
0.000209139
0.000209134
0.000209139
0.000209134
0.000209139
0.000209133
0.000209139
0.000209132
0.000209139
0.000209131
0.000209138
0.00020913
0.000209137
0.000209129
0.000209135
0.000209127
0.000209133
0.000209126
0.000209131
0.000209124
0.000209129
0.000209123
0.000209128
0.000209121
0.000209127
0.00020912
0.000209126
0.000209119
0.000209125
0.000209118
0.000209124
0.000209117
0.000209124
0.000209115
0.000209123
0.000209114
0.000209123
0.000209113
0.000209122
0.000209112
0.000209121
0.00020911
0.00020912
0.000209108
0.000209118
0.000209106
0.000209117
0.000209104
0.000209114
0.000209102
0.000209112
0.0002091
0.000209109
0.000209097
0.000209106
0.000209095
0.000209103
0.000209092
0.000209099
0.00020909
0.000209096
0.000209087
0.000209094
0.000209085
0.000209092
0.000209084
0.00020909
0.000209082
0.00020909
0.000209081
0.000209089
0.00020908
0.000209089
0.000209078
0.000209088
0.000209077
0.000209086
0.000209075
0.000209084
0.000209073
0.000209081
0.000209071
0.000209078
0.000209068
0.000209074
0.000209066
0.000209071
0.000209064
0.000209069
0.000209062
0.000209067
0.00020906
0.000209066
0.000209059
0.000209066
0.000209058
0.000209065
0.000209057
0.000209064
0.000209055
0.000209062
0.000209054
0.00020906
0.000209052
0.000209056
0.00020905
0.000209053
0.000209048
0.00020905
0.000209046
0.000209048
0.000209045
0.000209046
0.000209044
0.000209045
0.000209044
0.000209045
0.000209043
0.000209044
0.000209043
0.000209044
0.000209043
0.000209049
0.000209067
0.000209138
0.000209036
0.000210423
0.000339025
0.000354974
0.000286103
0.000248941
0.000227956
0.000217672
0.000213988
0.00021201
0.000211763
0.000211711
0.000211697
0.000211694
0.000211693
0.000211693
0.000211693
0.000211693
0.000211693
0.000211693
0.000211693
0.000211693
0.000211694
0.000211693
0.000211694
0.000211693
0.000211694
0.000211693
0.000211694
0.000211693
0.000211695
0.000211692
0.000211695
0.000211692
0.000211695
0.000211692
0.000211695
0.000211691
0.000211695
0.00021169
0.000211694
0.000211689
0.000211692
0.000211688
0.00021169
0.000211687
0.000211688
0.000211686
0.000211687
0.000211686
0.000211687
0.000211686
0.000211687
0.000211686
0.000211688
0.000211686
0.000211688
0.000211685
0.000211689
0.000211685
0.00021169
0.000211684
0.00021169
0.000211683
0.00021169
0.000211682
0.000211688
0.00021168
0.000211687
0.000211679
0.000211684
0.000211677
0.000211682
0.000211676
0.000211681
0.000211674
0.00021168
0.000211673
0.000211679
0.000211671
0.000211679
0.00021167
0.000211678
0.000211668
0.000211677
0.000211666
0.000211675
0.000211664
0.000211673
0.000211662
0.00021167
0.000211659
0.000211667
0.000211657
0.000211664
0.000211655
0.000211662
0.000211652
0.000211659
0.00021165
0.000211658
0.000211648
0.000211656
0.000211646
0.000211655
0.000211644
0.000211653
0.000211642
0.000211652
0.00021164
0.000211651
0.000211638
0.000211649
0.000211635
0.000211648
0.000211633
0.000211645
0.00021163
0.000211643
0.000211626
0.00021164
0.000211623
0.000211636
0.000211619
0.000211633
0.000211616
0.000211628
0.000211612
0.000211624
0.000211608
0.000211619
0.000211604
0.000211615
0.000211601
0.00021161
0.000211598
0.000211606
0.000211595
0.000211603
0.000211592
0.0002116
0.000211589
0.000211598
0.000211587
0.000211597
0.000211585
0.000211596
0.000211582
0.000211594
0.000211579
0.000211592
0.000211576
0.000211589
0.000211573
0.000211585
0.00021157
0.00021158
0.000211566
0.000211575
0.000211563
0.000211571
0.00021156
0.000211567
0.000211557
0.000211564
0.000211555
0.000211562
0.000211552
0.00021156
0.00021155
0.000211559
0.000211548
0.000211557
0.000211546
0.000211555
0.000211544
0.000211552
0.000211541
0.000211548
0.000211538
0.000211544
0.000211536
0.00021154
0.000211534
0.000211536
0.000211532
0.000211534
0.000211531
0.000211532
0.00021153
0.000211531
0.000211529
0.00021153
0.000211529
0.00021153
0.000211528
0.000211531
0.000211539
0.000211576
0.000211703
0.000211745
0.000212819
0.000288587
0.000297346
0.000254788
0.000232176
0.000219771
0.000214137
0.000211827
0.000210714
0.000210549
0.000210509
0.000210499
0.000210497
0.000210496
0.000210496
0.000210496
0.000210496
0.000210496
0.000210497
0.000210496
0.000210497
0.000210496
0.000210497
0.000210496
0.000210498
0.000210496
0.000210497
0.000210495
0.000210498
0.000210495
0.000210498
0.000210495
0.000210498
0.000210494
0.000210498
0.000210493
0.000210497
0.000210492
0.000210496
0.00021049
0.000210494
0.000210489
0.000210492
0.000210487
0.000210489
0.000210486
0.000210487
0.000210485
0.000210486
0.000210486
0.000210487
0.000210486
0.000210487
0.000210485
0.000210487
0.000210484
0.000210488
0.000210483
0.000210489
0.000210482
0.000210489
0.00021048
0.000210489
0.000210478
0.000210487
0.000210476
0.000210484
0.000210474
0.000210481
0.000210471
0.000210478
0.000210469
0.000210476
0.000210466
0.000210474
0.000210464
0.000210473
0.000210462
0.000210471
0.000210459
0.00021047
0.000210456
0.000210468
0.000210453
0.000210465
0.00021045
0.000210461
0.000210446
0.000210458
0.000210443
0.000210453
0.000210439
0.000210449
0.000210436
0.000210445
0.000210432
0.000210442
0.000210429
0.000210439
0.000210426
0.000210436
0.000210423
0.000210433
0.000210419
0.000210431
0.000210416
0.000210429
0.000210413
0.000210426
0.000210409
0.000210424
0.000210405
0.000210421
0.0002104
0.000210417
0.000210396
0.000210413
0.000210391
0.000210408
0.000210385
0.000210403
0.00021038
0.000210398
0.000210374
0.000210391
0.000210368
0.000210385
0.000210363
0.000210378
0.000210357
0.000210371
0.000210352
0.000210365
0.000210347
0.000210359
0.000210342
0.000210353
0.000210338
0.000210349
0.000210334
0.000210345
0.00021033
0.000210343
0.000210326
0.00021034
0.000210322
0.000210337
0.000210318
0.000210334
0.000210313
0.00021033
0.000210308
0.000210324
0.000210303
0.000210318
0.000210297
0.000210311
0.000210292
0.000210304
0.000210288
0.000210298
0.000210284
0.000210293
0.00021028
0.00021029
0.000210277
0.000210287
0.000210273
0.000210284
0.00021027
0.000210282
0.000210266
0.000210278
0.000210262
0.000210274
0.000210258
0.000210269
0.000210255
0.000210263
0.000210251
0.000210257
0.000210248
0.000210252
0.000210246
0.000210248
0.000210244
0.000210245
0.000210242
0.000210244
0.000210241
0.000210243
0.00021024
0.000210242
0.000210239
0.000210241
0.000210239
0.00021025
0.000210279
0.000210378
0.00021032
0.00021094
0.000254791
0.000259692
0.000230394
0.000216151
0.000209185
0.00020628
0.00020502
0.000204573
0.000204497
0.000204478
0.000204474
0.000204472
0.000204472
0.000204472
0.000204472
0.000204472
0.000204472
0.000204472
0.000204473
0.000204472
0.000204472
0.000204472
0.000204473
0.000204472
0.000204474
0.000204472
0.000204474
0.000204471
0.000204475
0.000204471
0.000204475
0.00020447
0.000204475
0.000204469
0.000204475
0.000204468
0.000204474
0.000204466
0.000204471
0.000204464
0.000204469
0.000204462
0.000204465
0.00020446
0.000204462
0.000204458
0.000204459
0.000204458
0.000204459
0.000204458
0.00020446
0.000204458
0.00020446
0.000204457
0.000204461
0.000204456
0.000204463
0.000204456
0.000204464
0.000204454
0.000204465
0.000204452
0.000204463
0.000204449
0.00020446
0.000204446
0.000204455
0.000204442
0.000204452
0.000204439
0.000204448
0.000204436
0.000204445
0.000204433
0.000204443
0.000204431
0.000204442
0.000204428
0.00020444
0.000204424
0.000204438
0.000204421
0.000204435
0.000204417
0.000204431
0.000204412
0.000204427
0.000204407
0.000204421
0.000204403
0.000204416
0.000204398
0.00020441
0.000204393
0.000204405
0.000204389
0.000204401
0.000204385
0.000204397
0.000204381
0.000204394
0.000204377
0.000204391
0.000204373
0.000204389
0.000204369
0.000204386
0.000204365
0.000204383
0.00020436
0.000204379
0.000204354
0.000204375
0.000204349
0.00020437
0.000204342
0.000204365
0.000204336
0.000204358
0.000204329
0.000204351
0.000204322
0.000204344
0.000204314
0.000204336
0.000204307
0.000204327
0.000204299
0.000204318
0.000204292
0.000204309
0.000204285
0.000204301
0.000204279
0.000204293
0.000204273
0.000204287
0.000204268
0.000204282
0.000204263
0.000204278
0.000204258
0.000204275
0.000204254
0.000204272
0.000204249
0.000204269
0.000204243
0.000204264
0.000204237
0.000204257
0.00020423
0.000204249
0.000204223
0.000204241
0.000204216
0.000204232
0.00020421
0.000204223
0.000204204
0.000204216
0.000204199
0.000204211
0.000204194
0.000204207
0.00020419
0.000204204
0.000204186
0.000204201
0.000204182
0.000204197
0.000204177
0.000204192
0.000204172
0.000204186
0.000204167
0.000204178
0.000204162
0.000204171
0.000204157
0.000204163
0.000204153
0.000204157
0.00020415
0.000204153
0.000204148
0.00020415
0.000204146
0.000204148
0.000204145
0.000204148
0.000204144
0.000204147
0.000204143
0.000204146
0.000204148
0.00020417
0.000204218
0.000204073
0.000204296
0.000232945
0.000234165
0.000211276
0.00020193
0.000198222
0.000196834
0.000196319
0.000196196
0.000196171
0.000196166
0.000196164
0.000196163
0.000196163
0.000196164
0.000196163
0.000196163
0.000196163
0.000196163
0.000196163
0.000196164
0.000196163
0.000196165
0.000196164
0.000196165
0.000196163
0.000196166
0.000196163
0.000196167
0.000196163
0.000196168
0.000196163
0.000196168
0.000196162
0.000196169
0.000196161
0.000196168
0.00019616
0.000196167
0.000196158
0.000196164
0.000196156
0.00019616
0.000196154
0.000196157
0.000196152
0.000196153
0.00019615
0.000196151
0.00019615
0.000196151
0.00019615
0.000196152
0.00019615
0.000196154
0.00019615
0.000196156
0.00019615
0.000196159
0.000196149
0.000196161
0.000196148
0.00019616
0.000196146
0.000196158
0.000196143
0.000196154
0.00019614
0.00019615
0.000196136
0.000196145
0.000196133
0.000196143
0.00019613
0.00019614
0.000196128
0.000196139
0.000196125
0.000196139
0.000196123
0.000196138
0.00019612
0.000196136
0.000196117
0.000196133
0.000196113
0.000196129
0.000196108
0.000196124
0.000196104
0.000196119
0.000196099
0.000196113
0.000196094
0.000196107
0.00019609
0.000196103
0.000196086
0.000196099
0.000196082
0.000196096
0.000196079
0.000196094
0.000196075
0.000196091
0.000196072
0.00019609
0.000196068
0.000196087
0.000196064
0.000196085
0.00019606
0.000196082
0.000196055
0.000196078
0.000196049
0.000196074
0.000196044
0.000196069
0.000196037
0.000196062
0.000196031
0.000196056
0.000196024
0.000196048
0.000196017
0.00019604
0.000196009
0.000196031
0.000196002
0.000196022
0.000195995
0.000196013
0.000195988
0.000196005
0.000195982
0.000195997
0.000195976
0.000195992
0.000195971
0.000195988
0.000195967
0.000195985
0.000195963
0.000195983
0.000195959
0.000195981
0.000195955
0.000195978
0.00019595
0.000195973
0.000195943
0.000195966
0.000195937
0.000195957
0.00019593
0.000195948
0.000195923
0.000195938
0.000195916
0.00019593
0.00019591
0.000195924
0.000195906
0.000195919
0.000195902
0.000195916
0.000195898
0.000195914
0.000195895
0.000195912
0.000195891
0.000195908
0.000195886
0.000195903
0.000195881
0.000195895
0.000195876
0.000195887
0.00019587
0.000195879
0.000195865
0.000195871
0.000195861
0.000195865
0.000195859
0.000195861
0.000195857
0.000195859
0.000195855
0.000195858
0.000195854
0.000195857
0.000195854
0.000195857
0.000195853
0.000195858
0.000195864
0.000195883
0.000195737
0.000195705
0.000218907
0.00021618
0.000197915
0.000192263
0.00019054
0.000189995
0.00018985
0.000189821
0.000189814
0.000189813
0.000189813
0.000189812
0.000189813
0.000189812
0.000189813
0.000189812
0.000189813
0.000189813
0.000189813
0.000189813
0.000189813
0.000189813
0.000189814
0.000189813
0.000189815
0.000189813
0.000189816
0.000189813
0.000189817
0.000189813
0.000189818
0.000189813
0.000189819
0.000189813
0.000189819
0.000189812
0.000189818
0.000189811
0.000189817
0.00018981
0.000189815
0.000189808
0.000189812
0.000189806
0.000189808
0.000189804
0.000189805
0.000189803
0.000189804
0.000189803
0.000189804
0.000189803
0.000189806
0.000189804
0.000189808
0.000189804
0.000189812
0.000189805
0.000189814
0.000189805
0.000189816
0.000189804
0.000189815
0.000189803
0.000189813
0.0001898
0.00018981
0.000189797
0.000189806
0.000189795
0.000189803
0.000189793
0.000189801
0.000189791
0.000189801
0.00018979
0.000189801
0.000189788
0.000189801
0.000189787
0.000189801
0.000189785
0.0001898
0.000189783
0.000189798
0.00018978
0.000189794
0.000189776
0.00018979
0.000189773
0.000189786
0.000189769
0.000189782
0.000189766
0.000189778
0.000189763
0.000189775
0.00018976
0.000189773
0.000189758
0.000189771
0.000189756
0.00018977
0.000189754
0.000189769
0.000189752
0.000189768
0.000189749
0.000189768
0.000189747
0.000189766
0.000189744
0.000189765
0.000189741
0.000189762
0.000189737
0.000189759
0.000189733
0.000189756
0.000189728
0.000189751
0.000189724
0.000189746
0.000189718
0.00018974
0.000189713
0.000189734
0.000189707
0.000189727
0.000189702
0.000189719
0.000189697
0.000189712
0.000189692
0.000189706
0.000189687
0.000189701
0.000189683
0.000189698
0.00018968
0.000189696
0.000189678
0.000189695
0.000189676
0.000189695
0.000189673
0.000189694
0.00018967
0.000189692
0.000189667
0.000189687
0.000189662
0.000189682
0.000189657
0.000189674
0.000189651
0.000189666
0.000189645
0.000189659
0.000189641
0.000189653
0.000189637
0.000189649
0.000189634
0.000189646
0.000189631
0.000189645
0.000189629
0.000189644
0.000189627
0.000189643
0.000189624
0.00018964
0.000189621
0.000189635
0.000189617
0.000189628
0.000189612
0.000189621
0.000189607
0.000189614
0.000189604
0.000189607
0.0001896
0.000189603
0.000189599
0.000189601
0.000189597
0.000189599
0.000189597
0.000189599
0.000189596
0.000189599
0.000189596
0.000189598
0.000189596
0.000189601
0.000189601
0.000189501
0.000189373
0.000209797
0.000203896
0.000190897
0.000188033
0.000187354
0.000187187
0.000187154
0.000187147
0.000187146
0.000187146
0.000187145
0.000187145
0.000187145
0.000187145
0.000187145
0.000187146
0.000187145
0.000187146
0.000187146
0.000187146
0.000187146
0.000187147
0.000187146
0.000187147
0.000187146
0.000187148
0.000187146
0.000187149
0.000187147
0.00018715
0.000187147
0.000187151
0.000187147
0.000187151
0.000187147
0.000187152
0.000187147
0.000187151
0.000187146
0.00018715
0.000187145
0.000187148
0.000187143
0.000187145
0.000187142
0.000187143
0.000187141
0.000187141
0.00018714
0.00018714
0.00018714
0.000187141
0.000187141
0.000187143
0.000187141
0.000187146
0.000187143
0.000187149
0.000187143
0.000187151
0.000187144
0.000187152
0.000187143
0.000187151
0.000187142
0.00018715
0.00018714
0.000187147
0.000187138
0.000187145
0.000187137
0.000187144
0.000187136
0.000187143
0.000187135
0.000187143
0.000187135
0.000187144
0.000187135
0.000187145
0.000187134
0.000187145
0.000187133
0.000187144
0.000187132
0.000187143
0.00018713
0.00018714
0.000187128
0.000187138
0.000187125
0.000187135
0.000187123
0.000187132
0.000187121
0.00018713
0.00018712
0.000187129
0.000187118
0.000187128
0.000187117
0.000187128
0.000187116
0.000187128
0.000187115
0.000187128
0.000187114
0.000187128
0.000187113
0.000187128
0.000187112
0.000187128
0.000187111
0.000187127
0.000187109
0.000187126
0.000187107
0.000187124
0.000187105
0.000187122
0.000187102
0.00018712
0.000187099
0.000187116
0.000187096
0.000187112
0.000187093
0.000187108
0.000187089
0.000187103
0.000187086
0.000187099
0.000187083
0.000187094
0.00018708
0.000187091
0.000187077
0.000187088
0.000187075
0.000187087
0.000187074
0.000187086
0.000187073
0.000187087
0.000187072
0.000187087
0.000187071
0.000187087
0.000187069
0.000187086
0.000187067
0.000187083
0.000187064
0.000187078
0.00018706
0.000187073
0.000187057
0.000187068
0.000187053
0.000187063
0.00018705
0.00018706
0.000187048
0.000187058
0.000187047
0.000187057
0.000187046
0.000187057
0.000187045
0.000187057
0.000187044
0.000187056
0.000187042
0.000187053
0.00018704
0.00018705
0.000187037
0.000187045
0.000187034
0.000187039
0.00018703
0.000187034
0.000187028
0.00018703
0.000187026
0.000187028
0.000187025
0.000187027
0.000187024
0.000187026
0.000187024
0.000187026
0.000187024
0.000187026
0.000187024
0.000187025
0.000187024
0.000187022
0.000186963
0.000186847
0.000203922
0.000196524
0.000188684
0.000187455
0.000187225
0.000187182
0.000187174
0.000187173
0.000187173
0.000187172
0.000187173
0.000187173
0.000187172
0.000187172
0.000187173
0.000187173
0.000187172
0.000187173
0.000187173
0.000187173
0.000187173
0.000187173
0.000187174
0.000187173
0.000187174
0.000187173
0.000187175
0.000187174
0.000187175
0.000187174
0.000187176
0.000187174
0.000187177
0.000187174
0.000187177
0.000187174
0.000187177
0.000187174
0.000187177
0.000187173
0.000187176
0.000187173
0.000187174
0.000187172
0.000187173
0.000187171
0.000187171
0.00018717
0.00018717
0.00018717
0.00018717
0.00018717
0.000187172
0.000187171
0.000187173
0.000187172
0.000187175
0.000187173
0.000187178
0.000187173
0.000187179
0.000187173
0.000187179
0.000187173
0.000187179
0.000187172
0.000187178
0.000187171
0.000187176
0.00018717
0.000187175
0.00018717
0.000187175
0.000187169
0.000187175
0.000187169
0.000187175
0.000187169
0.000187176
0.000187169
0.000187177
0.000187169
0.000187177
0.000187169
0.000187177
0.000187168
0.000187176
0.000187167
0.000187174
0.000187166
0.000187173
0.000187165
0.000187171
0.000187163
0.00018717
0.000187163
0.000187169
0.000187162
0.000187168
0.000187161
0.000187168
0.000187161
0.000187168
0.000187161
0.000187169
0.00018716
0.000187169
0.00018716
0.00018717
0.00018716
0.00018717
0.00018716
0.000187171
0.000187159
0.00018717
0.000187158
0.00018717
0.000187157
0.000187169
0.000187156
0.000187168
0.000187155
0.000187167
0.000187153
0.000187165
0.000187152
0.000187163
0.00018715
0.00018716
0.000187148
0.000187157
0.000187146
0.000187154
0.000187144
0.000187152
0.000187143
0.00018715
0.000187141
0.000187149
0.000187141
0.000187149
0.00018714
0.000187149
0.00018714
0.00018715
0.00018714
0.000187151
0.00018714
0.000187151
0.000187139
0.00018715
0.000187137
0.000187148
0.000187136
0.000187145
0.000187133
0.000187141
0.000187131
0.000187138
0.000187129
0.000187136
0.000187128
0.000187134
0.000187127
0.000187134
0.000187127
0.000187134
0.000187126
0.000187134
0.000187126
0.000187134
0.000187126
0.000187134
0.000187124
0.000187132
0.000187123
0.000187129
0.000187121
0.000187125
0.000187119
0.000187122
0.000187117
0.000187119
0.000187115
0.000187117
0.000187115
0.000187116
0.000187114
0.000187115
0.000187114
0.000187115
0.000187114
0.000187115
0.000187114
0.000187115
0.000187113
0.000187114
0.00018711
0.000187081
0.000187005
0.000200228
0.000192978
0.000188925
0.000188457
0.000188388
0.000188378
0.000188376
0.000188376
0.000188376
0.000188375
0.000188375
0.000188376
0.000188375
0.000188375
0.000188375
0.000188376
0.000188375
0.000188376
0.000188376
0.000188376
0.000188376
0.000188376
0.000188376
0.000188377
0.000188376
0.000188377
0.000188376
0.000188377
0.000188376
0.000188378
0.000188377
0.000188378
0.000188377
0.000188379
0.000188377
0.000188379
0.000188377
0.000188379
0.000188377
0.000188379
0.000188376
0.000188378
0.000188376
0.000188377
0.000188375
0.000188376
0.000188375
0.000188375
0.000188374
0.000188375
0.000188374
0.000188375
0.000188375
0.000188376
0.000188375
0.000188378
0.000188376
0.000188379
0.000188377
0.00018838
0.000188377
0.000188381
0.000188377
0.000188381
0.000188377
0.000188381
0.000188377
0.00018838
0.000188376
0.000188379
0.000188376
0.000188378
0.000188375
0.000188379
0.000188375
0.000188379
0.000188376
0.00018838
0.000188376
0.000188381
0.000188376
0.000188381
0.000188376
0.000188381
0.000188376
0.000188381
0.000188375
0.00018838
0.000188375
0.000188379
0.000188374
0.000188379
0.000188373
0.000188378
0.000188373
0.000188377
0.000188372
0.000188377
0.000188372
0.000188377
0.000188372
0.000188377
0.000188372
0.000188377
0.000188372
0.000188378
0.000188372
0.000188378
0.000188372
0.000188379
0.000188372
0.000188379
0.000188372
0.00018838
0.000188372
0.00018838
0.000188372
0.00018838
0.000188372
0.00018838
0.000188371
0.000188379
0.00018837
0.000188378
0.00018837
0.000188377
0.000188369
0.000188376
0.000188368
0.000188374
0.000188367
0.000188372
0.000188365
0.000188371
0.000188364
0.000188369
0.000188364
0.000188369
0.000188363
0.000188369
0.000188363
0.000188369
0.000188363
0.00018837
0.000188364
0.000188371
0.000188364
0.000188371
0.000188364
0.000188371
0.000188363
0.00018837
0.000188362
0.000188369
0.000188361
0.000188367
0.00018836
0.000188365
0.000188359
0.000188363
0.000188358
0.000188362
0.000188357
0.000188361
0.000188357
0.000188361
0.000188357
0.000188362
0.000188357
0.000188362
0.000188357
0.000188362
0.000188356
0.000188362
0.000188356
0.00018836
0.000188355
0.000188358
0.000188353
0.000188356
0.000188352
0.000188354
0.000188351
0.000188352
0.00018835
0.000188351
0.00018835
0.000188351
0.00018835
0.000188351
0.00018835
0.000188351
0.00018835
0.000188351
0.00018835
0.00018835
0.000188349
0.000188348
0.000188333
0.000188292
0.000197969
0.000191823
0.000189969
0.000189805
0.000189785
0.000189782
0.000189782
0.000189782
0.000189782
0.000189782
0.000189782
0.000189782
0.000189782
0.000189782
0.000189782
0.000189782
0.000189782
0.000189782
0.000189782
0.000189782
0.000189782
0.000189782
0.000189782
0.000189782
0.000189783
0.000189782
0.000189783
0.000189782
0.000189783
0.000189783
0.000189784
0.000189783
0.000189784
0.000189783
0.000189784
0.000189783
0.000189784
0.000189783
0.000189784
0.000189783
0.000189784
0.000189783
0.000189783
0.000189782
0.000189783
0.000189782
0.000189782
0.000189781
0.000189781
0.000189781
0.000189782
0.000189781
0.000189782
0.000189782
0.000189783
0.000189782
0.000189784
0.000189783
0.000189785
0.000189783
0.000189786
0.000189784
0.000189786
0.000189784
0.000189786
0.000189783
0.000189785
0.000189783
0.000189785
0.000189783
0.000189785
0.000189782
0.000189785
0.000189783
0.000189785
0.000189783
0.000189785
0.000189783
0.000189786
0.000189783
0.000189786
0.000189783
0.000189787
0.000189783
0.000189787
0.000189783
0.000189786
0.000189783
0.000189786
0.000189783
0.000189786
0.000189782
0.000189785
0.000189782
0.000189785
0.000189782
0.000189784
0.000189782
0.000189784
0.000189782
0.000189784
0.000189782
0.000189785
0.000189782
0.000189785
0.000189782
0.000189786
0.000189782
0.000189786
0.000189782
0.000189787
0.000189782
0.000189787
0.000189782
0.000189787
0.000189782
0.000189787
0.000189782
0.000189787
0.000189782
0.000189787
0.000189782
0.000189787
0.000189782
0.000189786
0.000189781
0.000189786
0.000189781
0.000189785
0.00018978
0.000189784
0.000189779
0.000189783
0.000189779
0.000189782
0.000189778
0.000189782
0.000189778
0.000189781
0.000189778
0.000189782
0.000189778
0.000189782
0.000189778
0.000189783
0.000189779
0.000189783
0.000189779
0.000189784
0.000189779
0.000189783
0.000189778
0.000189783
0.000189778
0.000189782
0.000189777
0.000189781
0.000189776
0.000189779
0.000189776
0.000189778
0.000189775
0.000189778
0.000189775
0.000189778
0.000189775
0.000189778
0.000189775
0.000189779
0.000189775
0.000189779
0.000189775
0.000189779
0.000189775
0.000189778
0.000189775
0.000189777
0.000189774
0.000189776
0.000189773
0.000189774
0.000189772
0.000189773
0.000189772
0.000189772
0.000189771
0.000189772
0.000189771
0.000189772
0.000189771
0.000189772
0.000189771
0.000189772
0.000189771
0.000189772
0.000189771
0.000189771
0.00018977
0.000189763
0.000189743
0.000196598
0.00019182
0.000191045
0.000190989
0.000190983
0.000190982
0.000190982
0.000190982
0.000190982
0.000190983
0.000190982
0.000190982
0.000190982
0.000190982
0.000190982
0.000190982
0.000190982
0.000190982
0.000190982
0.000190983
0.000190982
0.000190983
0.000190983
0.000190983
0.000190983
0.000190983
0.000190983
0.000190983
0.000190983
0.000190983
0.000190983
0.000190984
0.000190983
0.000190984
0.000190983
0.000190984
0.000190983
0.000190984
0.000190983
0.000190984
0.000190983
0.000190984
0.000190983
0.000190983
0.000190983
0.000190983
0.000190982
0.000190982
0.000190982
0.000190982
0.000190982
0.000190982
0.000190982
0.000190983
0.000190983
0.000190984
0.000190983
0.000190984
0.000190983
0.000190985
0.000190984
0.000190985
0.000190984
0.000190985
0.000190984
0.000190985
0.000190984
0.000190985
0.000190983
0.000190985
0.000190983
0.000190985
0.000190983
0.000190985
0.000190983
0.000190985
0.000190983
0.000190985
0.000190984
0.000190986
0.000190984
0.000190986
0.000190984
0.000190986
0.000190984
0.000190986
0.000190984
0.000190986
0.000190984
0.000190986
0.000190983
0.000190985
0.000190983
0.000190985
0.000190983
0.000190985
0.000190983
0.000190985
0.000190983
0.000190985
0.000190983
0.000190985
0.000190983
0.000190985
0.000190983
0.000190986
0.000190983
0.000190986
0.000190984
0.000190986
0.000190984
0.000190987
0.000190984
0.000190987
0.000190984
0.000190987
0.000190984
0.000190987
0.000190984
0.000190987
0.000190984
0.000190987
0.000190984
0.000190987
0.000190984
0.000190987
0.000190983
0.000190986
0.000190983
0.000190986
0.000190983
0.000190985
0.000190982
0.000190985
0.000190982
0.000190984
0.000190982
0.000190984
0.000190982
0.000190984
0.000190982
0.000190984
0.000190982
0.000190985
0.000190982
0.000190985
0.000190982
0.000190985
0.000190982
0.000190986
0.000190982
0.000190985
0.000190982
0.000190985
0.000190982
0.000190984
0.000190981
0.000190983
0.000190981
0.000190983
0.000190981
0.000190982
0.00019098
0.000190982
0.00019098
0.000190982
0.00019098
0.000190983
0.000190981
0.000190983
0.000190981
0.000190983
0.000190981
0.000190983
0.00019098
0.000190982
0.00019098
0.000190982
0.00019098
0.000190981
0.000190979
0.00019098
0.000190979
0.000190979
0.000190978
0.000190979
0.000190978
0.000190979
0.000190978
0.000190979
0.000190978
0.000190979
0.000190978
0.000190979
0.000190978
0.000190979
0.000190978
0.000190978
0.000190975
0.000190965
0.000195739
0.000192208
0.000191904
0.000191885
0.000191883
0.000191883
0.000191883
0.000191883
0.000191883
0.000191883
0.000191883
0.000191883
0.000191883
0.000191883
0.000191883
0.000191883
0.000191883
0.000191883
0.000191883
0.000191883
0.000191883
0.000191883
0.000191883
0.000191883
0.000191883
0.000191883
0.000191883
0.000191883
0.000191884
0.000191883
0.000191884
0.000191883
0.000191884
0.000191884
0.000191884
0.000191884
0.000191884
0.000191884
0.000191884
0.000191884
0.000191884
0.000191883
0.000191884
0.000191883
0.000191883
0.000191883
0.000191883
0.000191883
0.000191883
0.000191883
0.000191883
0.000191883
0.000191883
0.000191883
0.000191884
0.000191883
0.000191884
0.000191884
0.000191885
0.000191884
0.000191885
0.000191884
0.000191885
0.000191884
0.000191885
0.000191884
0.000191885
0.000191884
0.000191885
0.000191884
0.000191885
0.000191884
0.000191884
0.000191884
0.000191885
0.000191884
0.000191885
0.000191884
0.000191885
0.000191884
0.000191885
0.000191884
0.000191886
0.000191884
0.000191886
0.000191884
0.000191886
0.000191884
0.000191885
0.000191884
0.000191885
0.000191884
0.000191885
0.000191884
0.000191885
0.000191884
0.000191885
0.000191884
0.000191885
0.000191884
0.000191885
0.000191884
0.000191885
0.000191884
0.000191885
0.000191884
0.000191886
0.000191884
0.000191886
0.000191884
0.000191886
0.000191884
0.000191886
0.000191884
0.000191887
0.000191885
0.000191887
0.000191885
0.000191887
0.000191885
0.000191887
0.000191885
0.000191887
0.000191884
0.000191887
0.000191884
0.000191886
0.000191884
0.000191886
0.000191884
0.000191886
0.000191884
0.000191885
0.000191884
0.000191885
0.000191883
0.000191885
0.000191883
0.000191885
0.000191883
0.000191885
0.000191883
0.000191885
0.000191884
0.000191885
0.000191884
0.000191886
0.000191884
0.000191886
0.000191884
0.000191886
0.000191884
0.000191886
0.000191884
0.000191885
0.000191883
0.000191885
0.000191883
0.000191884
0.000191883
0.000191884
0.000191883
0.000191884
0.000191883
0.000191884
0.000191883
0.000191884
0.000191883
0.000191884
0.000191883
0.000191884
0.000191883
0.000191884
0.000191883
0.000191884
0.000191883
0.000191884
0.000191882
0.000191883
0.000191882
0.000191883
0.000191882
0.000191882
0.000191882
0.000191882
0.000191881
0.000191882
0.000191881
0.000191882
0.000191881
0.000191882
0.000191881
0.000191882
0.000191881
0.000191882
0.000191881
0.000191882
0.000191881
0.00019188
0.000191876
0.000195166
0.000192638
0.000192523
0.000192516
0.000192516
0.000192516
0.000192516
0.000192516
0.000192516
0.000192516
0.000192516
0.000192516
0.000192516
0.000192516
0.000192516
0.000192516
0.000192516
0.000192516
0.000192516
0.000192516
0.000192516
0.000192516
0.000192516
0.000192516
0.000192516
0.000192516
0.000192516
0.000192516
0.000192516
0.000192516
0.000192516
0.000192516
0.000192516
0.000192516
0.000192516
0.000192516
0.000192516
0.000192516
0.000192516
0.000192516
0.000192516
0.000192516
0.000192516
0.000192516
0.000192516
0.000192516
0.000192516
0.000192516
0.000192516
0.000192516
0.000192516
0.000192516
0.000192516
0.000192516
0.000192516
0.000192516
0.000192516
0.000192517
0.000192516
0.000192517
0.000192516
0.000192517
0.000192516
0.000192517
0.000192516
0.000192517
0.000192516
0.000192517
0.000192516
0.000192517
0.000192516
0.000192517
0.000192516
0.000192517
0.000192516
0.000192517
0.000192516
0.000192517
0.000192516
0.000192517
0.000192516
0.000192517
0.000192516
0.000192517
0.000192517
0.000192517
0.000192516
0.000192517
0.000192516
0.000192517
0.000192516
0.000192517
0.000192516
0.000192517
0.000192516
0.000192517
0.000192516
0.000192517
0.000192516
0.000192517
0.000192516
0.000192517
0.000192516
0.000192517
0.000192516
0.000192517
0.000192516
0.000192518
0.000192517
0.000192518
0.000192517
0.000192518
0.000192517
0.000192518
0.000192517
0.000192518
0.000192517
0.000192518
0.000192517
0.000192518
0.000192517
0.000192518
0.000192517
0.000192518
0.000192517
0.000192518
0.000192517
0.000192518
0.000192517
0.000192518
0.000192516
0.000192517
0.000192516
0.000192517
0.000192516
0.000192517
0.000192516
0.000192517
0.000192516
0.000192517
0.000192516
0.000192517
0.000192516
0.000192517
0.000192516
0.000192518
0.000192516
0.000192518
0.000192517
0.000192518
0.000192517
0.000192518
0.000192516
0.000192518
0.000192516
0.000192517
0.000192516
0.000192517
0.000192516
0.000192517
0.000192516
0.000192517
0.000192516
0.000192517
0.000192516
0.000192517
0.000192516
0.000192517
0.000192516
0.000192517
0.000192516
0.000192517
0.000192516
0.000192517
0.000192516
0.000192517
0.000192516
0.000192516
0.000192516
0.000192516
0.000192515
0.000192516
0.000192515
0.000192515
0.000192515
0.000192515
0.000192515
0.000192515
0.000192515
0.000192515
0.000192515
0.000192515
0.000192515
0.000192515
0.000192515
0.000192515
0.000192515
0.000192515
0.000192514
0.000192513
0.000194759
0.00019299
0.000192947
0.000192944
0.000192944
0.000192944
0.000192944
0.000192944
0.000192944
0.000192944
0.000192944
0.000192944
0.000192944
0.000192944
0.000192944
0.000192944
0.000192944
0.000192944
0.000192944
0.000192944
0.000192944
0.000192944
0.000192944
0.000192944
0.000192944
0.000192944
0.000192944
0.000192944
0.000192944
0.000192944
0.000192944
0.000192944
0.000192945
0.000192944
0.000192945
0.000192944
0.000192945
0.000192944
0.000192945
0.000192944
0.000192945
0.000192944
0.000192944
0.000192944
0.000192944
0.000192944
0.000192944
0.000192944
0.000192944
0.000192944
0.000192944
0.000192944
0.000192944
0.000192944
0.000192944
0.000192944
0.000192945
0.000192944
0.000192945
0.000192945
0.000192945
0.000192945
0.000192945
0.000192945
0.000192945
0.000192945
0.000192945
0.000192945
0.000192945
0.000192944
0.000192945
0.000192944
0.000192945
0.000192944
0.000192945
0.000192945
0.000192945
0.000192945
0.000192945
0.000192945
0.000192945
0.000192945
0.000192945
0.000192945
0.000192945
0.000192945
0.000192945
0.000192945
0.000192945
0.000192945
0.000192945
0.000192945
0.000192945
0.000192945
0.000192945
0.000192945
0.000192945
0.000192945
0.000192945
0.000192945
0.000192945
0.000192945
0.000192945
0.000192945
0.000192945
0.000192945
0.000192945
0.000192945
0.000192945
0.000192945
0.000192946
0.000192945
0.000192946
0.000192945
0.000192946
0.000192945
0.000192946
0.000192945
0.000192946
0.000192945
0.000192946
0.000192945
0.000192946
0.000192945
0.000192946
0.000192945
0.000192946
0.000192945
0.000192946
0.000192945
0.000192945
0.000192945
0.000192945
0.000192945
0.000192945
0.000192945
0.000192945
0.000192945
0.000192945
0.000192945
0.000192945
0.000192945
0.000192945
0.000192945
0.000192945
0.000192945
0.000192946
0.000192945
0.000192946
0.000192945
0.000192946
0.000192945
0.000192946
0.000192945
0.000192945
0.000192945
0.000192945
0.000192945
0.000192945
0.000192944
0.000192945
0.000192944
0.000192945
0.000192944
0.000192945
0.000192944
0.000192945
0.000192944
0.000192945
0.000192945
0.000192945
0.000192945
0.000192945
0.000192945
0.000192945
0.000192944
0.000192945
0.000192944
0.000192945
0.000192944
0.000192944
0.000192944
0.000192944
0.000192944
0.000192944
0.000192944
0.000192944
0.000192944
0.000192944
0.000192944
0.000192944
0.000192944
0.000192944
0.000192944
0.000192944
0.000192944
0.000192944
0.000192944
0.000192944
0.000192943
0.00019446
0.000193245
0.000193229
0.000193228
0.000193228
0.000193228
0.000193228
0.000193228
0.000193228
0.000193228
0.000193228
0.000193228
0.000193228
0.000193228
0.000193228
0.000193228
0.000193228
0.000193228
0.000193228
0.000193228
0.000193228
0.000193228
0.000193228
0.000193228
0.000193228
0.000193228
0.000193228
0.000193228
0.000193228
0.000193228
0.000193228
0.000193228
0.000193228
0.000193228
0.000193228
0.000193228
0.000193228
0.000193228
0.000193228
0.000193228
0.000193228
0.000193228
0.000193228
0.000193228
0.000193228
0.000193228
0.000193228
0.000193228
0.000193228
0.000193228
0.000193228
0.000193228
0.000193228
0.000193228
0.000193228
0.000193228
0.000193228
0.000193229
0.000193228
0.000193229
0.000193228
0.000193229
0.000193228
0.000193229
0.000193228
0.000193229
0.000193228
0.000193229
0.000193228
0.000193229
0.000193228
0.000193229
0.000193228
0.000193229
0.000193228
0.000193229
0.000193228
0.000193229
0.000193228
0.000193229
0.000193229
0.000193229
0.000193229
0.000193229
0.000193229
0.000193229
0.000193229
0.000193229
0.000193229
0.000193229
0.000193229
0.000193229
0.000193228
0.000193229
0.000193228
0.000193229
0.000193228
0.000193229
0.000193228
0.000193229
0.000193228
0.000193229
0.000193229
0.000193229
0.000193229
0.000193229
0.000193229
0.000193229
0.000193229
0.000193229
0.000193229
0.000193229
0.000193229
0.000193229
0.000193229
0.000193229
0.000193229
0.000193229
0.000193229
0.000193229
0.000193229
0.000193229
0.000193229
0.000193229
0.000193229
0.000193229
0.000193229
0.000193229
0.000193229
0.000193229
0.000193229
0.000193229
0.000193229
0.000193229
0.000193229
0.000193229
0.000193228
0.000193229
0.000193228
0.000193229
0.000193229
0.000193229
0.000193229
0.000193229
0.000193229
0.000193229
0.000193229
0.000193229
0.000193229
0.000193229
0.000193229
0.000193229
0.000193229
0.000193229
0.000193229
0.000193229
0.000193229
0.000193229
0.000193228
0.000193229
0.000193228
0.000193229
0.000193228
0.000193229
0.000193228
0.000193229
0.000193228
0.000193229
0.000193228
0.000193229
0.000193228
0.000193229
0.000193228
0.000193229
0.000193228
0.000193229
0.000193228
0.000193229
0.000193228
0.000193229
0.000193228
0.000193228
0.000193228
0.000193228
0.000193228
0.000193228
0.000193228
0.000193228
0.000193228
0.000193228
0.000193228
0.000193228
0.000193228
0.000193228
0.000193228
0.000193228
0.000193228
0.000193228
0.000193228
0.000193228
0.000194239
0.000193419
0.000193413
0.000193413
0.000193413
0.000193413
0.000193413
0.000193413
0.000193413
0.000193413
0.000193413
0.000193413
0.000193413
0.000193413
0.000193413
0.000193413
0.000193413
0.000193413
0.000193413
0.000193413
0.000193413
0.000193413
0.000193413
0.000193413
0.000193413
0.000193413
0.000193413
0.000193413
0.000193413
0.000193413
0.000193413
0.000193413
0.000193413
0.000193413
0.000193413
0.000193413
0.000193413
0.000193413
0.000193413
0.000193413
0.000193413
0.000193413
0.000193413
0.000193413
0.000193413
0.000193413
0.000193413
0.000193413
0.000193413
0.000193413
0.000193413
0.000193413
0.000193413
0.000193413
0.000193413
0.000193413
0.000193413
0.000193413
0.000193413
0.000193413
0.000193413
0.000193413
0.000193413
0.000193413
0.000193413
0.000193413
0.000193413
0.000193413
0.000193413
0.000193413
0.000193413
0.000193413
0.000193413
0.000193413
0.000193413
0.000193413
0.000193413
0.000193413
0.000193413
0.000193413
0.000193413
0.000193413
0.000193413
0.000193413
0.000193413
0.000193413
0.000193413
0.000193413
0.000193413
0.000193413
0.000193413
0.000193413
0.000193413
0.000193413
0.000193413
0.000193413
0.000193413
0.000193413
0.000193413
0.000193413
0.000193413
0.000193413
0.000193413
0.000193413
0.000193413
0.000193413
0.000193413
0.000193413
0.000193413
0.000193413
0.000193414
0.000193413
0.000193414
0.000193413
0.000193414
0.000193413
0.000193414
0.000193413
0.000193414
0.000193413
0.000193414
0.000193413
0.000193414
0.000193413
0.000193414
0.000193413
0.000193414
0.000193413
0.000193414
0.000193413
0.000193413
0.000193413
0.000193413
0.000193413
0.000193413
0.000193413
0.000193413
0.000193413
0.000193413
0.000193413
0.000193413
0.000193413
0.000193413
0.000193413
0.000193413
0.000193413
0.000193414
0.000193413
0.000193414
0.000193413
0.000193414
0.000193413
0.000193414
0.000193413
0.000193413
0.000193413
0.000193413
0.000193413
0.000193413
0.000193413
0.000193413
0.000193413
0.000193413
0.000193413
0.000193413
0.000193413
0.000193413
0.000193413
0.000193413
0.000193413
0.000193413
0.000193413
0.000193413
0.000193413
0.000193413
0.000193413
0.000193413
0.000193413
0.000193413
0.000193413
0.000193413
0.000193413
0.000193413
0.000193413
0.000193413
0.000193413
0.000193413
0.000193413
0.000193413
0.000193413
0.000193413
0.000193413
0.000193413
0.000193413
0.000193413
0.000193413
0.000193413
0.000193413
0.000193413
0.000193413
0.000194075
0.00019353
0.000193527
0.000193527
0.000193527
0.000193527
0.000193527
0.000193527
0.000193527
0.000193527
0.000193527
0.000193527
0.000193527
0.000193527
0.000193527
0.000193527
0.000193527
0.000193527
0.000193527
0.000193527
0.000193527
0.000193527
0.000193527
0.000193527
0.000193527
0.000193527
0.000193527
0.000193527
0.000193527
0.000193527
0.000193527
0.000193527
0.000193527
0.000193527
0.000193527
0.000193527
0.000193527
0.000193527
0.000193527
0.000193527
0.000193527
0.000193527
0.000193527
0.000193527
0.000193527
0.000193527
0.000193527
0.000193527
0.000193527
0.000193527
0.000193527
0.000193527
0.000193527
0.000193527
0.000193527
0.000193527
0.000193527
0.000193527
0.000193527
0.000193527
0.000193527
0.000193527
0.000193527
0.000193527
0.000193527
0.000193527
0.000193527
0.000193527
0.000193527
0.000193527
0.000193527
0.000193527
0.000193527
0.000193527
0.000193527
0.000193527
0.000193527
0.000193527
0.000193527
0.000193527
0.000193527
0.000193527
0.000193527
0.000193527
0.000193527
0.000193527
0.000193527
0.000193527
0.000193527
0.000193527
0.000193527
0.000193527
0.000193527
0.000193527
0.000193527
0.000193527
0.000193527
0.000193527
0.000193527
0.000193527
0.000193527
0.000193527
0.000193527
0.000193527
0.000193527
0.000193527
0.000193527
0.000193527
0.000193527
0.000193527
0.000193527
0.000193527
0.000193527
0.000193527
0.000193527
0.000193527
0.000193527
0.000193527
0.000193527
0.000193527
0.000193527
0.000193527
0.000193527
0.000193527
0.000193527
0.000193527
0.000193527
0.000193527
0.000193527
0.000193527
0.000193527
0.000193527
0.000193527
0.000193527
0.000193527
0.000193527
0.000193527
0.000193527
0.000193527
0.000193527
0.000193527
0.000193527
0.000193527
0.000193527
0.000193527
0.000193527
0.000193527
0.000193527
0.000193527
0.000193527
0.000193527
0.000193527
0.000193527
0.000193527
0.000193527
0.000193527
0.000193527
0.000193527
0.000193527
0.000193527
0.000193527
0.000193527
0.000193527
0.000193527
0.000193527
0.000193527
0.000193527
0.000193527
0.000193527
0.000193527
0.000193527
0.000193527
0.000193527
0.000193527
0.000193527
0.000193527
0.000193527
0.000193527
0.000193527
0.000193527
0.000193527
0.000193527
0.000193527
0.000193527
0.000193527
0.000193527
0.000193527
0.000193527
0.000193527
0.000193527
0.000193527
0.000193527
0.000193527
0.000193527
0.000193527
0.000193527
0.000193527
0.000193527
0.000193527
0.000193527
0.000193936
0.000193577
0.000193576
0.000193576
0.000193576
0.000193576
0.000193576
0.000193576
0.000193576
0.000193576
0.000193576
0.000193576
0.000193576
0.000193576
0.000193576
0.000193576
0.000193576
0.000193576
0.000193576
0.000193576
0.000193576
0.000193576
0.000193576
0.000193576
0.000193576
0.000193576
0.000193576
0.000193576
0.000193576
0.000193576
0.000193576
0.000193576
0.000193576
0.000193576
0.000193576
0.000193576
0.000193576
0.000193576
0.000193576
0.000193576
0.000193576
0.000193576
0.000193576
0.000193576
0.000193576
0.000193576
0.000193576
0.000193576
0.000193576
0.000193576
0.000193576
0.000193576
0.000193576
0.000193576
0.000193576
0.000193576
0.000193576
0.000193576
0.000193576
0.000193576
0.000193576
0.000193576
0.000193576
0.000193576
0.000193576
0.000193576
0.000193576
0.000193576
0.000193576
0.000193576
0.000193576
0.000193576
0.000193576
0.000193576
0.000193576
0.000193576
0.000193576
0.000193576
0.000193576
0.000193576
0.000193576
0.000193576
0.000193576
0.000193576
0.000193576
0.000193576
0.000193576
0.000193576
0.000193576
0.000193576
0.000193576
0.000193576
0.000193576
0.000193576
0.000193576
0.000193576
0.000193576
0.000193576
0.000193576
0.000193576
0.000193576
0.000193576
0.000193576
0.000193576
0.000193576
0.000193576
0.000193576
0.000193576
0.000193576
0.000193576
0.000193576
0.000193576
0.000193576
0.000193576
0.000193576
0.000193576
0.000193576
0.000193576
0.000193576
0.000193576
0.000193576
0.000193576
0.000193576
0.000193576
0.000193576
0.000193576
0.000193576
0.000193576
0.000193576
0.000193576
0.000193576
0.000193576
0.000193576
0.000193576
0.000193576
0.000193576
0.000193576
0.000193576
0.000193576
0.000193576
0.000193576
0.000193576
0.000193576
0.000193576
0.000193576
0.000193576
0.000193576
0.000193576
0.000193576
0.000193576
0.000193576
0.000193576
0.000193576
0.000193576
0.000193576
0.000193576
0.000193576
0.000193576
0.000193576
0.000193576
0.000193576
0.000193576
0.000193576
0.000193576
0.000193576
0.000193576
0.000193576
0.000193576
0.000193576
0.000193576
0.000193576
0.000193576
0.000193576
0.000193576
0.000193576
0.000193576
0.000193576
0.000193576
0.000193576
0.000193576
0.000193576
0.000193576
0.000193576
0.000193576
0.000193576
0.000193576
0.000193576
0.000193576
0.000193576
0.000193576
0.000193576
0.000193576
0.000193576
0.000193576
0.000193576
0.000193576
0.000193576
0.000193576
0.000193576
0.000193576
0.000193754
0.00019352
0.00019352
0.00019352
0.00019352
0.00019352
0.00019352
0.00019352
0.00019352
0.00019352
0.00019352
0.00019352
0.00019352
0.00019352
0.00019352
0.00019352
0.00019352
0.00019352
0.00019352
0.00019352
0.00019352
0.00019352
0.00019352
0.00019352
0.00019352
0.00019352
0.00019352
0.00019352
0.00019352
0.00019352
0.00019352
0.00019352
0.00019352
0.00019352
0.00019352
0.00019352
0.00019352
0.00019352
0.00019352
0.00019352
0.00019352
0.00019352
0.00019352
0.00019352
0.00019352
0.00019352
0.00019352
0.00019352
0.00019352
0.00019352
0.00019352
0.00019352
0.00019352
0.00019352
0.00019352
0.00019352
0.00019352
0.00019352
0.00019352
0.00019352
0.00019352
0.00019352
0.00019352
0.00019352
0.00019352
0.00019352
0.00019352
0.00019352
0.00019352
0.00019352
0.00019352
0.00019352
0.00019352
0.00019352
0.00019352
0.00019352
0.00019352
0.00019352
0.00019352
0.00019352
0.00019352
0.00019352
0.00019352
0.00019352
0.00019352
0.00019352
0.00019352
0.00019352
0.00019352
0.00019352
0.00019352
0.00019352
0.00019352
0.00019352
0.00019352
0.00019352
0.00019352
0.00019352
0.00019352
0.00019352
0.00019352
0.00019352
0.00019352
0.00019352
0.00019352
0.00019352
0.00019352
0.00019352
0.00019352
0.00019352
0.00019352
0.00019352
0.00019352
0.00019352
0.00019352
0.00019352
0.00019352
0.00019352
0.00019352
0.00019352
0.00019352
0.00019352
0.00019352
0.00019352
0.00019352
0.00019352
0.00019352
0.00019352
0.00019352
0.00019352
0.00019352
0.00019352
0.00019352
0.00019352
0.00019352
0.00019352
0.00019352
0.00019352
0.00019352
0.00019352
0.00019352
0.00019352
0.00019352
0.00019352
0.00019352
0.00019352
0.00019352
0.00019352
0.00019352
0.00019352
0.00019352
0.00019352
0.00019352
0.00019352
0.00019352
0.00019352
0.00019352
0.00019352
0.00019352
0.00019352
0.00019352
0.00019352
0.00019352
0.00019352
0.00019352
0.00019352
0.00019352
0.00019352
0.00019352
0.00019352
0.00019352
0.00019352
0.00019352
0.00019352
0.00019352
0.00019352
0.00019352
0.00019352
0.00019352
0.00019352
0.00019352
0.00019352
0.00019352
0.00019352
0.00019352
0.00019352
0.00019352
0.00019352
0.00019352
0.00019352
0.00019352
0.00019352
0.00019352
0.00019352
0.00019352
0.00019352
0.00019352
0.00019352
0.00019352
0.00019352
0.000193301
0.000193149
0.000193149
0.000193149
0.000193149
0.000193149
0.000193149
0.000193149
0.000193149
0.000193149
0.000193149
0.000193149
0.000193149
0.000193149
0.000193149
0.000193149
0.000193149
0.000193149
0.000193149
0.000193149
0.000193149
0.000193149
0.000193149
0.000193149
0.000193149
0.000193149
0.000193149
0.000193149
0.000193149
0.000193149
0.000193149
0.000193149
0.000193149
0.000193149
0.000193149
0.000193149
0.000193149
0.000193149
0.000193149
0.000193149
0.000193149
0.000193149
0.000193149
0.000193149
0.000193149
0.000193149
0.000193149
0.000193149
0.000193149
0.000193149
0.000193149
0.000193149
0.000193149
0.000193149
0.000193149
0.000193149
0.000193149
0.000193149
0.000193149
0.000193149
0.000193149
0.000193149
0.000193149
0.000193149
0.000193149
0.000193149
0.000193149
0.000193149
0.000193149
0.000193149
0.000193149
0.000193149
0.000193149
0.000193149
0.000193149
0.000193149
0.000193149
0.000193149
0.000193149
0.000193149
0.000193149
0.000193149
0.000193149
0.000193149
0.000193149
0.000193149
0.000193149
0.000193149
0.000193149
0.000193149
0.000193149
0.000193149
0.000193149
0.000193149
0.000193149
0.000193149
0.000193149
0.000193149
0.000193149
0.000193149
0.000193149
0.000193149
0.000193149
0.000193149
0.000193149
0.000193149
0.000193149
0.000193149
0.000193149
0.000193149
0.000193149
0.000193149
0.000193149
0.000193149
0.000193149
0.000193149
0.000193149
0.000193149
0.000193149
0.000193149
0.000193149
0.000193149
0.000193149
0.000193149
0.000193149
0.000193149
0.000193149
0.000193149
0.000193149
0.000193149
0.000193149
0.000193149
0.000193149
0.000193149
0.000193149
0.000193149
0.000193149
0.000193149
0.000193149
0.000193149
0.000193149
0.000193149
0.000193149
0.000193149
0.000193149
0.000193149
0.000193149
0.000193149
0.000193149
0.000193149
0.000193149
0.000193149
0.000193149
0.000193149
0.000193149
0.000193149
0.000193149
0.000193149
0.000193149
0.000193149
0.000193149
0.000193149
0.000193149
0.000193149
0.000193149
0.000193149
0.000193149
0.000193149
0.000193149
0.000193149
0.000193149
0.000193149
0.000193149
0.000193149
0.000193149
0.000193149
0.000193149
0.000193149
0.000193149
0.000193149
0.000193149
0.000193149
0.000193149
0.000193149
0.000193149
0.000193149
0.000193149
0.000193149
0.000193149
0.000193149
0.000193149
0.000193149
0.000193149
0.000193149
0.000193149
0.000193149
0.000193149
0.000193149
0.000193149
0.000193149
0.000192213
0.000192114
0.000192114
0.000192114
0.000192114
0.000192114
0.000192114
0.000192114
0.000192114
0.000192114
0.000192114
0.000192114
0.000192114
0.000192114
0.000192114
0.000192114
0.000192114
0.000192114
0.000192114
0.000192114
0.000192114
0.000192114
0.000192114
0.000192114
0.000192114
0.000192114
0.000192114
0.000192114
0.000192114
0.000192114
0.000192114
0.000192114
0.000192114
0.000192114
0.000192114
0.000192114
0.000192114
0.000192114
0.000192114
0.000192114
0.000192114
0.000192114
0.000192114
0.000192114
0.000192114
0.000192114
0.000192114
0.000192114
0.000192114
0.000192114
0.000192114
0.000192114
0.000192114
0.000192114
0.000192114
0.000192114
0.000192114
0.000192114
0.000192114
0.000192114
0.000192114
0.000192114
0.000192114
0.000192114
0.000192114
0.000192114
0.000192114
0.000192114
0.000192114
0.000192114
0.000192114
0.000192114
0.000192114
0.000192114
0.000192114
0.000192114
0.000192114
0.000192114
0.000192114
0.000192114
0.000192114
0.000192114
0.000192114
0.000192114
0.000192114
0.000192114
0.000192114
0.000192114
0.000192114
0.000192114
0.000192114
0.000192114
0.000192114
0.000192114
0.000192114
0.000192114
0.000192114
0.000192114
0.000192114
0.000192114
0.000192114
0.000192114
0.000192114
0.000192114
0.000192114
0.000192114
0.000192114
0.000192114
0.000192114
0.000192114
0.000192114
0.000192114
0.000192114
0.000192114
0.000192114
0.000192114
0.000192114
0.000192114
0.000192114
0.000192114
0.000192114
0.000192114
0.000192114
0.000192114
0.000192114
0.000192114
0.000192114
0.000192114
0.000192114
0.000192114
0.000192114
0.000192114
0.000192114
0.000192114
0.000192114
0.000192114
0.000192114
0.000192114
0.000192114
0.000192114
0.000192114
0.000192114
0.000192114
0.000192114
0.000192114
0.000192114
0.000192114
0.000192114
0.000192114
0.000192114
0.000192114
0.000192114
0.000192114
0.000192114
0.000192114
0.000192114
0.000192114
0.000192114
0.000192114
0.000192114
0.000192114
0.000192114
0.000192114
0.000192114
0.000192114
0.000192114
0.000192114
0.000192114
0.000192114
0.000192114
0.000192114
0.000192114
0.000192114
0.000192114
0.000192114
0.000192114
0.000192114
0.000192114
0.000192114
0.000192114
0.000192114
0.000192114
0.000192114
0.000192114
0.000192114
0.000192114
0.000192114
0.000192114
0.000192114
0.000192114
0.000192114
0.000192114
0.000192114
0.000192114
0.000192114
0.000192114
0.000192114
0.000192114
0.000192114
0.000192114
0.000189235
0.000189166
0.000189166
0.000189166
0.000189166
0.000189166
0.000189166
0.000189166
0.000189166
0.000189166
0.000189166
0.000189166
0.000189166
0.000189166
0.000189166
0.000189166
0.000189166
0.000189166
0.000189166
0.000189166
0.000189166
0.000189166
0.000189166
0.000189166
0.000189166
0.000189166
0.000189166
0.000189166
0.000189166
0.000189166
0.000189166
0.000189166
0.000189166
0.000189166
0.000189166
0.000189166
0.000189166
0.000189166
0.000189166
0.000189166
0.000189166
0.000189166
0.000189166
0.000189166
0.000189166
0.000189166
0.000189166
0.000189166
0.000189166
0.000189166
0.000189166
0.000189166
0.000189166
0.000189166
0.000189166
0.000189166
0.000189166
0.000189166
0.000189166
0.000189166
0.000189166
0.000189166
0.000189166
0.000189166
0.000189166
0.000189166
0.000189166
0.000189166
0.000189166
0.000189166
0.000189166
0.000189166
0.000189166
0.000189166
0.000189166
0.000189166
0.000189166
0.000189166
0.000189166
0.000189166
0.000189166
0.000189166
0.000189166
0.000189166
0.000189166
0.000189166
0.000189166
0.000189166
0.000189166
0.000189166
0.000189166
0.000189166
0.000189166
0.000189166
0.000189166
0.000189166
0.000189166
0.000189166
0.000189166
0.000189166
0.000189166
0.000189166
0.000189166
0.000189166
0.000189166
0.000189166
0.000189166
0.000189166
0.000189166
0.000189166
0.000189166
0.000189166
0.000189166
0.000189166
0.000189166
0.000189166
0.000189166
0.000189166
0.000189166
0.000189166
0.000189166
0.000189166
0.000189166
0.000189166
0.000189166
0.000189166
0.000189166
0.000189166
0.000189166
0.000189166
0.000189166
0.000189166
0.000189166
0.000189166
0.000189166
0.000189166
0.000189166
0.000189166
0.000189166
0.000189166
0.000189166
0.000189166
0.000189166
0.000189166
0.000189166
0.000189166
0.000189166
0.000189166
0.000189166
0.000189166
0.000189166
0.000189166
0.000189166
0.000189166
0.000189166
0.000189166
0.000189166
0.000189166
0.000189166
0.000189166
0.000189166
0.000189166
0.000189166
0.000189166
0.000189166
0.000189166
0.000189166
0.000189166
0.000189166
0.000189166
0.000189166
0.000189166
0.000189166
0.000189166
0.000189166
0.000189166
0.000189166
0.000189166
0.000189166
0.000189166
0.000189166
0.000189166
0.000189166
0.000189166
0.000189166
0.000189166
0.000189166
0.000189166
0.000189166
0.000189166
0.000189166
0.000189166
0.000189166
0.000189166
0.000189166
0.000189166
0.000189166
0.000189166
0.000189166
0.000189166
0.000181851
0.000181794
0.000181794
0.000181794
0.000181794
0.000181794
0.000181794
0.000181794
0.000181794
0.000181794
0.000181794
0.000181794
0.000181794
0.000181794
0.000181794
0.000181794
0.000181794
0.000181794
0.000181794
0.000181794
0.000181794
0.000181794
0.000181794
0.000181794
0.000181794
0.000181794
0.000181794
0.000181794
0.000181794
0.000181794
0.000181794
0.000181794
0.000181794
0.000181794
0.000181794
0.000181794
0.000181794
0.000181794
0.000181794
0.000181794
0.000181794
0.000181794
0.000181794
0.000181794
0.000181794
0.000181794
0.000181794
0.000181794
0.000181794
0.000181794
0.000181794
0.000181794
0.000181794
0.000181794
0.000181794
0.000181794
0.000181794
0.000181794
0.000181794
0.000181794
0.000181794
0.000181794
0.000181794
0.000181794
0.000181794
0.000181794
0.000181794
0.000181794
0.000181794
0.000181794
0.000181794
0.000181794
0.000181794
0.000181794
0.000181794
0.000181794
0.000181794
0.000181794
0.000181794
0.000181794
0.000181794
0.000181794
0.000181794
0.000181794
0.000181794
0.000181794
0.000181794
0.000181794
0.000181794
0.000181794
0.000181794
0.000181794
0.000181794
0.000181794
0.000181794
0.000181794
0.000181794
0.000181794
0.000181794
0.000181794
0.000181794
0.000181794
0.000181794
0.000181794
0.000181794
0.000181794
0.000181794
0.000181794
0.000181794
0.000181794
0.000181794
0.000181794
0.000181794
0.000181794
0.000181794
0.000181794
0.000181794
0.000181794
0.000181794
0.000181794
0.000181794
0.000181794
0.000181794
0.000181794
0.000181794
0.000181794
0.000181794
0.000181794
0.000181794
0.000181794
0.000181794
0.000181794
0.000181794
0.000181794
0.000181794
0.000181794
0.000181794
0.000181794
0.000181794
0.000181794
0.000181794
0.000181794
0.000181794
0.000181794
0.000181794
0.000181794
0.000181794
0.000181794
0.000181794
0.000181794
0.000181794
0.000181794
0.000181794
0.000181794
0.000181794
0.000181794
0.000181794
0.000181794
0.000181794
0.000181794
0.000181794
0.000181794
0.000181794
0.000181794
0.000181794
0.000181794
0.000181794
0.000181794
0.000181794
0.000181794
0.000181794
0.000181794
0.000181794
0.000181794
0.000181794
0.000181794
0.000181794
0.000181794
0.000181794
0.000181794
0.000181794
0.000181794
0.000181794
0.000181794
0.000181794
0.000181794
0.000181794
0.000181794
0.000181794
0.000181794
0.000181794
0.000181794
0.000181794
0.000181794
0.000181794
0.000181794
0.000181794
0.000181794
0.000181794
0.000181794
0.000164327
0.000164266
0.000164266
0.000164266
0.000164266
0.000164266
0.000164266
0.000164266
0.000164266
0.000164266
0.000164266
0.000164266
0.000164266
0.000164266
0.000164266
0.000164266
0.000164266
0.000164266
0.000164266
0.000164266
0.000164266
0.000164266
0.000164266
0.000164266
0.000164266
0.000164266
0.000164266
0.000164266
0.000164266
0.000164266
0.000164266
0.000164266
0.000164266
0.000164266
0.000164266
0.000164266
0.000164266
0.000164266
0.000164266
0.000164266
0.000164266
0.000164266
0.000164266
0.000164266
0.000164266
0.000164266
0.000164266
0.000164266
0.000164266
0.000164266
0.000164266
0.000164266
0.000164266
0.000164266
0.000164266
0.000164266
0.000164266
0.000164266
0.000164266
0.000164266
0.000164266
0.000164266
0.000164266
0.000164266
0.000164266
0.000164266
0.000164266
0.000164266
0.000164266
0.000164266
0.000164266
0.000164266
0.000164266
0.000164266
0.000164266
0.000164266
0.000164266
0.000164266
0.000164266
0.000164266
0.000164266
0.000164266
0.000164266
0.000164266
0.000164266
0.000164266
0.000164266
0.000164266
0.000164266
0.000164266
0.000164266
0.000164266
0.000164266
0.000164266
0.000164266
0.000164266
0.000164266
0.000164266
0.000164266
0.000164266
0.000164266
0.000164266
0.000164266
0.000164266
0.000164266
0.000164266
0.000164266
0.000164266
0.000164266
0.000164266
0.000164266
0.000164266
0.000164266
0.000164266
0.000164266
0.000164266
0.000164266
0.000164266
0.000164266
0.000164266
0.000164266
0.000164266
0.000164266
0.000164266
0.000164266
0.000164266
0.000164266
0.000164266
0.000164266
0.000164266
0.000164266
0.000164266
0.000164266
0.000164266
0.000164266
0.000164266
0.000164266
0.000164266
0.000164266
0.000164266
0.000164266
0.000164266
0.000164266
0.000164266
0.000164266
0.000164266
0.000164266
0.000164266
0.000164266
0.000164266
0.000164266
0.000164266
0.000164266
0.000164266
0.000164266
0.000164266
0.000164266
0.000164266
0.000164266
0.000164266
0.000164266
0.000164266
0.000164266
0.000164266
0.000164266
0.000164266
0.000164266
0.000164266
0.000164266
0.000164266
0.000164266
0.000164266
0.000164266
0.000164266
0.000164266
0.000164266
0.000164266
0.000164266
0.000164266
0.000164266
0.000164266
0.000164266
0.000164266
0.000164266
0.000164266
0.000164266
0.000164266
0.000164266
0.000164266
0.000164266
0.000164266
0.000164266
0.000164266
0.000164266
0.000164266
0.000164266
0.000164266
0.000164266
0.000164266
0.000164266
3.79143e-09
3.78696e-09
3.78696e-09
3.78696e-09
3.78696e-09
3.78696e-09
3.78696e-09
3.78696e-09
3.78696e-09
3.78696e-09
3.78696e-09
3.78696e-09
3.78696e-09
3.78696e-09
3.78696e-09
3.78696e-09
3.78696e-09
3.78696e-09
3.78696e-09
3.78696e-09
3.78696e-09
3.78696e-09
3.78696e-09
3.78696e-09
3.78696e-09
3.78696e-09
3.78696e-09
3.78696e-09
3.78696e-09
3.78696e-09
3.78696e-09
3.78696e-09
3.78696e-09
3.78696e-09
3.78696e-09
3.78696e-09
3.78696e-09
3.78696e-09
3.78696e-09
3.78696e-09
3.78696e-09
3.78696e-09
3.78696e-09
3.78696e-09
3.78696e-09
3.78696e-09
3.78696e-09
3.78696e-09
3.78696e-09
3.78696e-09
3.78696e-09
3.78696e-09
3.78696e-09
3.78696e-09
3.78696e-09
3.78696e-09
3.78696e-09
3.78696e-09
3.78696e-09
3.78696e-09
3.78696e-09
3.78696e-09
3.78696e-09
3.78696e-09
3.78696e-09
3.78696e-09
3.78696e-09
3.78696e-09
3.78696e-09
3.78696e-09
3.78696e-09
3.78696e-09
3.78696e-09
3.78696e-09
3.78696e-09
3.78696e-09
3.78696e-09
3.78696e-09
3.78696e-09
3.78696e-09
3.78696e-09
3.78696e-09
3.78696e-09
3.78696e-09
3.78696e-09
3.78696e-09
3.78696e-09
3.78696e-09
3.78696e-09
3.78696e-09
3.78696e-09
3.78696e-09
3.78696e-09
3.78696e-09
3.78696e-09
3.78696e-09
3.78696e-09
3.78696e-09
3.78696e-09
3.78696e-09
3.78696e-09
3.78696e-09
3.78696e-09
3.78696e-09
3.78696e-09
3.78696e-09
3.78696e-09
3.78696e-09
3.78696e-09
3.78696e-09
3.78696e-09
3.78696e-09
3.78696e-09
3.78696e-09
3.78696e-09
3.78696e-09
3.78696e-09
3.78696e-09
3.78696e-09
3.78696e-09
3.78696e-09
3.78696e-09
3.78696e-09
3.78696e-09
3.78696e-09
3.78696e-09
3.78696e-09
3.78696e-09
3.78696e-09
3.78696e-09
3.78696e-09
3.78696e-09
3.78696e-09
3.78696e-09
3.78696e-09
3.78696e-09
3.78696e-09
3.78696e-09
3.78696e-09
3.78696e-09
3.78696e-09
3.78696e-09
3.78696e-09
3.78696e-09
3.78696e-09
3.78696e-09
3.78696e-09
3.78696e-09
3.78696e-09
3.78696e-09
3.78696e-09
3.78696e-09
3.78696e-09
3.78696e-09
3.78696e-09
3.78696e-09
3.78696e-09
3.78696e-09
3.78696e-09
3.78696e-09
3.78696e-09
3.78696e-09
3.78696e-09
3.78696e-09
3.78696e-09
3.78696e-09
3.78696e-09
3.78696e-09
3.78696e-09
3.78696e-09
3.78696e-09
3.78696e-09
3.78696e-09
3.78696e-09
3.78696e-09
3.78696e-09
3.78696e-09
3.78696e-09
3.78696e-09
3.78696e-09
3.78696e-09
3.78696e-09
3.78696e-09
3.78696e-09
3.78696e-09
3.78696e-09
3.78696e-09
3.78696e-09
3.78696e-09
3.78696e-09
3.78696e-09
3.78696e-09
3.78696e-09
3.78696e-09
3.78696e-09
3.78696e-09
3.78696e-09
3.78696e-09
3.78696e-09
3.78695e-09
)
;

boundaryField
{
}


// ************************************************************************* //
