/*---------------------------------------------------------------------------*\
| ofgpu  --  GPU-native finite volume CFD                                     |
|                                                                             |
| Written in the OpenFOAM ASCII case format so that existing pre- and         |
| post-processing tools can read it. A file format is not a work: ofgpu is    |
| an independent implementation, neither derived from nor affiliated with     |
| OpenFOAM.                                                                   |
\*---------------------------------------------------------------------------*/
FoamFile
{
    format      ascii;
    class       volScalarField;
    location    "0";
    object      p;
}
// * * * * * * * * * * * * * * * * * * * * * * * * * * * * * * * * * * * * * //

dimensions      [0 2 -2 0 0 0 0];

internalField   nonuniform List<scalar> 
40000
(
123.525
119.446
118.028
116.624
115.729
115.035
114.42
113.83
113.251
112.684
112.123
111.562
111
110.439
109.878
109.317
108.756
108.195
107.634
107.073
106.513
105.952
105.391
104.831
104.27
103.71
103.149
102.589
102.028
101.467
100.907
100.346
99.7853
99.2244
98.6634
98.1022
97.5408
96.9792
96.4173
95.8552
95.2928
94.7301
94.1673
93.6042
93.0411
92.4778
91.9145
91.3511
90.7879
90.2248
89.6619
89.0991
88.5366
87.9743
87.4122
86.8502
86.2884
85.7265
85.1647
84.6026
84.0403
83.4777
82.9147
82.3513
81.7875
81.2232
80.6585
80.0934
79.5279
78.9621
78.3961
77.8298
77.2633
76.6964
76.1294
75.5621
74.9945
74.4265
73.8582
73.2894
72.7202
72.1503
71.5799
71.0089
70.4372
69.8647
69.2917
68.7179
68.1435
67.5685
66.993
66.417
65.8406
65.2637
64.6866
64.109
63.5314
62.9533
62.3751
61.7965
61.2177
60.6385
60.0592
59.4794
58.8993
58.3187
57.7377
57.156
56.5739
55.991
55.4075
54.8232
54.2381
53.6521
53.0653
52.4774
51.8887
51.299
50.7083
50.1165
49.5238
48.93
48.3352
47.7393
47.1424
46.5444
45.9456
45.3456
44.7448
44.143
43.5404
42.9369
42.3327
41.7277
41.1222
40.5158
39.9091
39.3017
38.6939
38.0856
37.4769
36.8677
36.258
35.6478
35.0371
34.4256
33.8136
33.2006
32.5869
31.9723
31.3567
30.7401
30.1225
29.5039
28.8844
28.2638
27.6423
27.02
26.3969
25.773
25.1485
24.5234
23.8978
23.2716
22.6449
22.0178
21.3902
20.762
20.1332
19.5038
18.8738
18.2429
17.6113
16.9789
16.3456
15.7115
15.0767
14.441
13.8047
13.1678
12.5304
11.8925
11.2543
10.6158
9.9771
9.33825
8.69935
8.06035
7.42132
6.78222
6.14306
5.50379
4.86439
4.22482
3.58505
2.94503
2.30447
1.65989
0.975493
0.306315
123.538
119.446
118.028
116.624
115.729
115.035
114.42
113.83
113.251
112.684
112.123
111.562
111
110.439
109.878
109.317
108.756
108.195
107.634
107.073
106.513
105.952
105.391
104.831
104.27
103.71
103.149
102.589
102.028
101.467
100.907
100.346
99.7853
99.2244
98.6634
98.1022
97.5408
96.9792
96.4173
95.8552
95.2928
94.7301
94.1673
93.6042
93.0411
92.4778
91.9145
91.3511
90.7879
90.2248
89.6619
89.0991
88.5366
87.9743
87.4122
86.8502
86.2884
85.7265
85.1647
84.6026
84.0403
83.4777
82.9147
82.3513
81.7875
81.2232
80.6585
80.0934
79.5279
78.9621
78.3961
77.8298
77.2633
76.6964
76.1294
75.5621
74.9945
74.4265
73.8582
73.2894
72.7202
72.1503
71.5799
71.0089
70.4372
69.8647
69.2917
68.7179
68.1435
67.5685
66.993
66.417
65.8406
65.2637
64.6866
64.109
63.5314
62.9533
62.3751
61.7965
61.2177
60.6385
60.0592
59.4794
58.8993
58.3187
57.7377
57.156
56.5739
55.991
55.4075
54.8232
54.2381
53.6521
53.0653
52.4774
51.8887
51.299
50.7083
50.1165
49.5238
48.93
48.3352
47.7393
47.1424
46.5444
45.9456
45.3456
44.7448
44.143
43.5404
42.9369
42.3327
41.7277
41.1222
40.5159
39.9091
39.3017
38.6939
38.0856
37.4769
36.8677
36.258
35.6478
35.0371
34.4256
33.8136
33.2006
32.5869
31.9723
31.3567
30.7401
30.1225
29.5039
28.8843
28.2638
27.6423
27.02
26.3969
25.773
25.1485
24.5234
23.8977
23.2716
22.6449
22.0178
21.3902
20.762
20.1332
19.5038
18.8738
18.2429
17.6113
16.9789
16.3456
15.7115
15.0767
14.441
13.8047
13.1678
12.5304
11.8925
11.2543
10.6158
9.9771
9.33825
8.69935
8.06035
7.42132
6.78222
6.14306
5.50379
4.86439
4.22482
3.58505
2.94503
2.30447
1.65989
0.975492
0.306315
123.513
119.446
118.028
116.624
115.729
115.035
114.42
113.83
113.251
112.684
112.123
111.562
111
110.439
109.878
109.317
108.756
108.195
107.634
107.073
106.513
105.952
105.391
104.831
104.27
103.71
103.149
102.589
102.028
101.467
100.907
100.346
99.7853
99.2244
98.6634
98.1022
97.5408
96.9792
96.4173
95.8552
95.2928
94.7301
94.1673
93.6042
93.0411
92.4778
91.9145
91.3511
90.7879
90.2248
89.6619
89.0991
88.5366
87.9743
87.4122
86.8502
86.2884
85.7265
85.1647
84.6026
84.0403
83.4777
82.9147
82.3513
81.7875
81.2232
80.6585
80.0934
79.5279
78.9621
78.3961
77.8298
77.2633
76.6964
76.1294
75.5621
74.9945
74.4265
73.8582
73.2894
72.7202
72.1503
71.5799
71.0089
70.4372
69.8647
69.2917
68.7179
68.1435
67.5685
66.993
66.417
65.8406
65.2637
64.6866
64.109
63.5314
62.9533
62.3751
61.7965
61.2177
60.6385
60.0592
59.4794
58.8993
58.3187
57.7377
57.156
56.5739
55.991
55.4075
54.8232
54.2381
53.6521
53.0653
52.4774
51.8887
51.299
50.7083
50.1165
49.5238
48.93
48.3352
47.7393
47.1424
46.5444
45.9456
45.3456
44.7448
44.143
43.5404
42.9369
42.3327
41.7277
41.1222
40.5159
39.9091
39.3017
38.6939
38.0856
37.4769
36.8677
36.258
35.6478
35.0371
34.4256
33.8136
33.2006
32.587
31.9723
31.3567
30.7401
30.1225
29.5039
28.8844
28.2638
27.6423
27.02
26.3969
25.773
25.1485
24.5234
23.8978
23.2716
22.6449
22.0178
21.3902
20.762
20.1332
19.5038
18.8738
18.2429
17.6113
16.9789
16.3456
15.7115
15.0767
14.441
13.8047
13.1678
12.5304
11.8925
11.2543
10.6158
9.9771
9.33826
8.69935
8.06035
7.42133
6.78222
6.14306
5.50379
4.86439
4.22482
3.58505
2.94503
2.30447
1.65989
0.975492
0.306314
123.445
119.446
118.028
116.624
115.729
115.035
114.42
113.83
113.251
112.684
112.123
111.562
111
110.439
109.878
109.317
108.756
108.195
107.634
107.073
106.513
105.952
105.391
104.831
104.27
103.71
103.149
102.589
102.028
101.467
100.907
100.346
99.7853
99.2244
98.6634
98.1022
97.5408
96.9792
96.4173
95.8552
95.2928
94.7301
94.1673
93.6042
93.0411
92.4778
91.9145
91.3511
90.7879
90.2248
89.6619
89.0991
88.5366
87.9743
87.4122
86.8502
86.2884
85.7265
85.1647
84.6026
84.0403
83.4777
82.9147
82.3513
81.7875
81.2232
80.6585
80.0934
79.5279
78.9622
78.3961
77.8298
77.2633
76.6964
76.1294
75.5621
74.9945
74.4265
73.8582
73.2894
72.7202
72.1503
71.5799
71.0089
70.4372
69.8648
69.2917
68.7179
68.1435
67.5685
66.993
66.417
65.8406
65.2637
64.6866
64.1091
63.5314
62.9533
62.3751
61.7965
61.2177
60.6386
60.0592
59.4794
58.8993
58.3187
57.7377
57.1561
56.5739
55.991
55.4075
54.8232
54.2381
53.6521
53.0653
52.4775
51.8887
51.299
50.7083
50.1166
49.5238
48.93
48.3352
47.7393
47.1424
46.5445
45.9456
45.3456
44.7448
44.143
43.5404
42.9369
42.3327
41.7278
41.1222
40.5159
39.9091
39.3017
38.6939
38.0856
37.4769
36.8677
36.258
35.6478
35.0371
34.4257
33.8136
33.2007
32.5869
31.9723
31.3567
30.7401
30.1225
29.5039
28.8844
28.2638
27.6423
27.02
26.3969
25.773
25.1485
24.5234
23.8978
23.2716
22.6449
22.0178
21.3902
20.762
20.1332
19.5038
18.8738
18.2429
17.6113
16.9789
16.3456
15.7115
15.0767
14.441
13.8047
13.1678
12.5304
11.8925
11.2543
10.6158
9.9771
9.33827
8.69935
8.06036
7.42133
6.78222
6.14306
5.50379
4.86439
4.22482
3.58505
2.94503
2.30447
1.65989
0.975492
0.306313
123.359
119.446
118.028
116.624
115.729
115.035
114.42
113.83
113.251
112.684
112.123
111.562
111
110.439
109.878
109.317
108.756
108.195
107.634
107.073
106.513
105.952
105.391
104.831
104.27
103.71
103.149
102.589
102.028
101.467
100.907
100.346
99.7853
99.2244
98.6634
98.1022
97.5408
96.9792
96.4173
95.8552
95.2928
94.7301
94.1673
93.6042
93.0411
92.4778
91.9145
91.3512
90.7879
90.2248
89.6619
89.0991
88.5366
87.9743
87.4122
86.8502
86.2884
85.7265
85.1647
84.6026
84.0403
83.4777
82.9147
82.3513
81.7875
81.2232
80.6585
80.0934
79.528
78.9622
78.3961
77.8298
77.2633
76.6965
76.1294
75.5621
74.9945
74.4265
73.8582
73.2894
72.7202
72.1503
71.58
71.0089
70.4372
69.8648
69.2917
68.7179
68.1436
67.5685
66.9931
66.417
65.8406
65.2637
64.6866
64.1091
63.5314
62.9533
62.3751
61.7965
61.2177
60.6386
60.0592
59.4794
58.8993
58.3187
57.7377
57.1561
56.5739
55.9911
55.4075
54.8232
54.2381
53.6521
53.0653
52.4775
51.8887
51.299
50.7083
50.1166
49.5238
48.93
48.3352
47.7393
47.1424
46.5445
45.9456
45.3457
44.7448
44.143
43.5404
42.937
42.3328
41.7278
41.1222
40.5159
39.9091
39.3017
38.694
38.0856
37.4769
36.8677
36.2581
35.6478
35.0371
34.4257
33.8136
33.2007
32.587
31.9723
31.3567
30.7401
30.1226
29.5039
28.8844
28.2638
27.6423
27.02
26.3969
25.773
25.1485
24.5234
23.8978
23.2716
22.645
22.0178
21.3902
20.762
20.1332
19.5038
18.8738
18.2429
17.6113
16.9789
16.3456
15.7115
15.0767
14.441
13.8047
13.1678
12.5304
11.8925
11.2543
10.6158
9.97711
9.33827
8.69936
8.06036
7.42133
6.78223
6.14306
5.50379
4.86439
4.22482
3.58505
2.94503
2.30447
1.65989
0.975492
0.306311
123.259
119.446
118.028
116.624
115.729
115.035
114.42
113.83
113.251
112.684
112.123
111.562
111
110.439
109.878
109.317
108.756
108.195
107.634
107.073
106.513
105.952
105.391
104.831
104.27
103.71
103.149
102.589
102.028
101.467
100.907
100.346
99.7853
99.2244
98.6634
98.1022
97.5408
96.9792
96.4173
95.8552
95.2928
94.7302
94.1673
93.6043
93.0411
92.4778
91.9145
91.3512
90.7879
90.2248
89.6619
89.0991
88.5366
87.9743
87.4122
86.8502
86.2884
85.7266
85.1647
84.6026
84.0403
83.4777
82.9147
82.3513
81.7875
81.2232
80.6585
80.0934
79.528
78.9622
78.3961
77.8298
77.2633
76.6965
76.1294
75.5621
74.9945
74.4266
73.8582
73.2895
72.7202
72.1504
71.58
71.0089
70.4372
69.8648
69.2917
68.7179
68.1436
67.5686
66.9931
66.417
65.8406
65.2638
64.6866
64.1091
63.5314
62.9534
62.3751
61.7965
61.2177
60.6386
60.0592
59.4794
58.8993
58.3187
57.7377
57.1561
56.5739
55.9911
55.4075
54.8232
54.2381
53.6521
53.0653
52.4775
51.8888
51.299
50.7083
50.1166
49.5238
48.93
48.3352
47.7393
47.1425
46.5445
45.9456
45.3457
44.7448
44.1431
43.5405
42.937
42.3328
41.7278
41.1222
40.5159
39.9091
39.3018
38.694
38.0857
37.4769
36.8677
36.2581
35.6479
35.0371
34.4257
33.8136
33.2007
32.587
31.9723
31.3567
30.7401
30.1226
29.504
28.8844
28.2638
27.6423
27.02
26.3969
25.773
25.1485
24.5234
23.8978
23.2716
22.645
22.0178
21.3902
20.762
20.1332
19.5039
18.8738
18.2429
17.6113
16.9789
16.3456
15.7115
15.0767
14.441
13.8047
13.1678
12.5304
11.8925
11.2543
10.6158
9.97712
9.33828
8.69936
8.06037
7.42133
6.78223
6.14306
5.50379
4.86439
4.22482
3.58505
2.94502
2.30447
1.65989
0.975491
0.306309
123.149
119.446
118.028
116.624
115.729
115.035
114.42
113.83
113.251
112.684
112.123
111.562
111
110.439
109.878
109.317
108.756
108.195
107.634
107.073
106.513
105.952
105.391
104.831
104.27
103.71
103.149
102.589
102.028
101.467
100.907
100.346
99.7853
99.2244
98.6634
98.1022
97.5408
96.9792
96.4173
95.8552
95.2928
94.7302
94.1673
93.6043
93.0411
92.4778
91.9145
91.3512
90.788
90.2248
89.6619
89.0991
88.5366
87.9743
87.4122
86.8502
86.2884
85.7266
85.1647
84.6026
84.0404
83.4777
82.9148
82.3513
81.7875
81.2232
80.6585
80.0934
79.528
78.9622
78.3962
77.8298
77.2633
76.6965
76.1295
75.5621
74.9945
74.4266
73.8582
73.2895
72.7202
72.1504
71.58
71.0089
70.4372
69.8648
69.2917
68.7179
68.1436
67.5686
66.9931
66.4171
65.8406
65.2638
64.6867
64.1092
63.5314
62.9534
62.3751
61.7966
61.2178
60.6386
60.0593
59.4795
58.8993
58.3188
57.7377
57.1561
56.5739
55.9911
55.4076
54.8232
54.2381
53.6521
53.0653
52.4775
51.8888
51.299
50.7083
50.1166
49.5239
48.9301
48.3353
47.7394
47.1425
46.5445
45.9456
45.3457
44.7449
44.1431
43.5405
42.937
42.3328
41.7278
41.1222
40.5159
39.9092
39.3018
38.694
38.0857
37.477
36.8677
36.2581
35.6479
35.0371
34.4257
33.8136
33.2007
32.587
31.9723
31.3568
30.7402
30.1226
29.504
28.8844
28.2638
27.6424
27.02
26.3969
25.773
25.1486
24.5234
23.8978
23.2716
22.645
22.0178
21.3902
20.762
20.1333
19.5039
18.8738
18.2429
17.6113
16.9789
16.3456
15.7115
15.0767
14.441
13.8048
13.1678
12.5304
11.8925
11.2543
10.6158
9.97713
9.33829
8.69937
8.06038
7.42134
6.78223
6.14306
5.50379
4.86439
4.22482
3.58505
2.94502
2.30447
1.65989
0.975491
0.306305
123.03
119.446
118.028
116.624
115.729
115.035
114.42
113.83
113.251
112.684
112.123
111.562
111
110.439
109.878
109.317
108.756
108.195
107.634
107.073
106.513
105.952
105.391
104.831
104.27
103.71
103.149
102.589
102.028
101.467
100.907
100.346
99.7853
99.2245
98.6634
98.1022
97.5409
96.9792
96.4173
95.8552
95.2928
94.7302
94.1673
93.6043
93.0411
92.4778
91.9145
91.3512
90.788
90.2249
89.6619
89.0992
88.5366
87.9743
87.4122
86.8503
86.2884
85.7266
85.1647
84.6026
84.0404
83.4777
82.9148
82.3514
81.7875
81.2232
80.6585
80.0934
79.528
78.9622
78.3962
77.8299
77.2633
76.6965
76.1295
75.5621
74.9945
74.4266
73.8583
73.2895
72.7202
72.1504
71.58
71.0089
70.4372
69.8648
69.2917
68.718
68.1436
67.5686
66.9931
66.4171
65.8407
65.2638
64.6867
64.1092
63.5314
62.9534
62.3751
61.7966
61.2178
60.6387
60.0593
59.4795
58.8994
58.3188
57.7377
57.1561
56.574
55.9911
55.4076
54.8233
54.2381
53.6522
53.0653
52.4775
51.8888
51.2991
50.7084
50.1166
49.5239
48.9301
48.3353
47.7394
47.1425
46.5446
45.9456
45.3457
44.7449
44.1431
43.5405
42.937
42.3328
41.7279
41.1222
40.516
39.9092
39.3018
38.694
38.0857
37.477
36.8678
36.2581
35.6479
35.0371
34.4257
33.8136
33.2007
32.587
31.9724
31.3568
30.7402
30.1226
29.504
28.8844
28.2638
27.6424
27.02
26.3969
25.7731
25.1486
24.5234
23.8978
23.2716
22.645
22.0178
21.3902
20.762
20.1333
19.5039
18.8738
18.243
17.6113
16.9789
16.3456
15.7116
15.0767
14.4411
13.8048
13.1678
12.5304
11.8925
11.2543
10.6158
9.97713
9.3383
8.69938
8.06038
7.42134
6.78224
6.14307
5.50379
4.86439
4.22482
3.58504
2.94502
2.30447
1.65989
0.975491
0.3063
122.902
119.446
118.028
116.624
115.729
115.035
114.42
113.83
113.251
112.684
112.123
111.562
111
110.439
109.878
109.317
108.756
108.195
107.634
107.073
106.513
105.952
105.391
104.831
104.27
103.71
103.149
102.589
102.028
101.467
100.907
100.346
99.7853
99.2245
98.6634
98.1023
97.5409
96.9792
96.4174
95.8552
95.2928
94.7302
94.1673
93.6043
93.0411
92.4778
91.9145
91.3512
90.788
90.2249
89.6619
89.0992
88.5367
87.9743
87.4122
86.8503
86.2884
85.7266
85.1647
84.6027
84.0404
83.4778
82.9148
82.3514
81.7875
81.2233
80.6586
80.0935
79.528
78.9622
78.3962
77.8299
77.2633
76.6965
76.1295
75.5622
74.9946
74.4266
73.8583
73.2895
72.7202
72.1504
71.58
71.0089
70.4372
69.8648
69.2917
68.718
68.1436
67.5686
66.9931
66.4171
65.8407
65.2638
64.6867
64.1092
63.5315
62.9534
62.3752
61.7966
61.2178
60.6387
60.0593
59.4795
58.8994
58.3188
57.7378
57.1561
56.574
55.9911
55.4076
54.8233
54.2382
53.6522
53.0653
52.4775
51.8888
51.2991
50.7084
50.1166
49.5239
48.9301
48.3353
47.7394
47.1425
46.5446
45.9457
45.3457
44.7449
44.1431
43.5405
42.9371
42.3328
41.7279
41.1223
40.516
39.9092
39.3018
38.694
38.0857
37.477
36.8678
36.2581
35.6479
35.0372
34.4257
33.8136
33.2007
32.587
31.9724
31.3568
30.7402
30.1226
29.504
28.8844
28.2639
27.6424
27.0201
26.3969
25.7731
25.1486
24.5235
23.8978
23.2716
22.645
22.0178
21.3902
20.762
20.1333
19.5039
18.8738
18.243
17.6113
16.9789
16.3456
15.7116
15.0767
14.4411
13.8048
13.1679
12.5304
11.8925
11.2543
10.6158
9.97715
9.33831
8.69939
8.06039
7.42135
6.78224
6.14307
5.50379
4.86439
4.22482
3.58504
2.94502
2.30447
1.6599
0.975491
0.306293
122.766
119.445
118.027
116.623
115.729
115.035
114.42
113.83
113.251
112.684
112.123
111.562
111
110.439
109.878
109.317
108.756
108.195
107.634
107.073
106.513
105.952
105.391
104.831
104.27
103.71
103.149
102.589
102.028
101.467
100.907
100.346
99.7853
99.2245
98.6635
98.1023
97.5409
96.9792
96.4174
95.8552
95.2928
94.7302
94.1673
93.6043
93.0411
92.4778
91.9145
91.3512
90.788
90.2249
89.6619
89.0992
88.5367
87.9744
87.4122
86.8503
86.2884
85.7266
85.1647
84.6027
84.0404
83.4778
82.9148
82.3514
81.7875
81.2233
80.6586
80.0935
79.528
78.9623
78.3962
77.8299
77.2633
76.6965
76.1295
75.5622
74.9946
74.4266
73.8583
73.2895
72.7202
72.1504
71.58
71.0089
70.4372
69.8648
69.2918
68.718
68.1436
67.5687
66.9931
66.4171
65.8407
65.2639
64.6867
64.1093
63.5315
62.9535
62.3752
61.7967
61.2178
60.6387
60.0593
59.4796
58.8994
58.3188
57.7378
57.1562
56.574
55.9912
55.4076
54.8233
54.2382
53.6522
53.0653
52.4776
51.8888
51.2991
50.7084
50.1167
49.5239
48.9301
48.3353
47.7394
47.1425
46.5446
45.9457
45.3458
44.7449
44.1432
43.5405
42.9371
42.3329
41.7279
41.1223
40.516
39.9092
39.3019
38.6941
38.0858
37.477
36.8678
36.2581
35.6479
35.0372
34.4258
33.8136
33.2008
32.587
31.9724
31.3568
30.7402
30.1226
29.504
28.8844
28.2639
27.6424
27.0201
26.397
25.7731
25.1486
24.5235
23.8978
23.2717
22.645
22.0179
21.3902
20.762
20.1333
19.5039
18.8738
18.243
17.6113
16.9789
16.3456
15.7116
15.0767
14.4411
13.8048
13.1679
12.5304
11.8926
11.2543
10.6158
9.97715
9.33832
8.69939
8.0604
7.42135
6.78225
6.14307
5.50379
4.86439
4.22481
3.58504
2.94501
2.30446
1.6599
0.975491
0.306283
122.62
119.445
118.027
116.623
115.729
115.034
114.42
113.83
113.251
112.684
112.123
111.562
111
110.439
109.878
109.317
108.756
108.195
107.634
107.073
106.513
105.952
105.391
104.831
104.27
103.71
103.149
102.589
102.028
101.467
100.907
100.346
99.7853
99.2245
98.6635
98.1023
97.5409
96.9792
96.4174
95.8552
95.2928
94.7302
94.1673
93.6043
93.0411
92.4778
91.9145
91.3512
90.788
90.2249
89.662
89.0992
88.5367
87.9744
87.4123
86.8503
86.2885
85.7266
85.1647
84.6027
84.0404
83.4778
82.9148
82.3514
81.7876
81.2233
80.6586
80.0935
79.5281
78.9623
78.3962
77.8299
77.2634
76.6966
76.1295
75.5622
74.9946
74.4266
73.8583
73.2895
72.7202
72.1504
71.58
71.009
70.4372
69.8648
69.2918
68.718
68.1437
67.5687
66.9932
66.4172
65.8407
65.2639
64.6868
64.1093
63.5315
62.9535
62.3752
61.7967
61.2179
60.6388
60.0593
59.4796
58.8994
58.3188
57.7378
57.1562
56.574
55.9912
55.4076
54.8233
54.2382
53.6522
53.0654
52.4776
51.8888
51.2991
50.7084
50.1167
49.5239
48.9301
48.3353
47.7394
47.1426
46.5446
45.9457
45.3458
44.745
44.1432
43.5406
42.9371
42.3329
41.7279
41.1223
40.516
39.9093
39.3019
38.6941
38.0858
37.4771
36.8678
36.2582
35.648
35.0372
34.4258
33.8137
33.2008
32.5871
31.9724
31.3568
30.7402
30.1226
29.504
28.8845
28.2639
27.6424
27.0201
26.397
25.7731
25.1486
24.5235
23.8978
23.2717
22.645
22.0179
21.3902
20.762
20.1333
19.5039
18.8738
18.243
17.6114
16.9789
16.3457
15.7116
15.0767
14.4411
13.8048
13.1679
12.5304
11.8926
11.2544
10.6159
9.97717
9.33833
8.6994
8.0604
7.42136
6.78225
6.14307
5.50379
4.86439
4.22481
3.58504
2.94501
2.30446
1.65992
0.975491
0.306268
122.461
119.445
118.026
116.622
115.729
115.034
114.42
113.83
113.251
112.684
112.123
111.562
111
110.439
109.878
109.317
108.756
108.195
107.634
107.073
106.513
105.952
105.391
104.831
104.27
103.71
103.149
102.589
102.028
101.467
100.907
100.346
99.7854
99.2245
98.6635
98.1023
97.5409
96.9792
96.4174
95.8552
95.2928
94.7302
94.1674
93.6043
93.0411
92.4779
91.9145
91.3512
90.788
90.2249
89.662
89.0992
88.5367
87.9744
87.4123
86.8503
86.2885
85.7266
85.1647
84.6027
84.0404
83.4778
82.9148
82.3514
81.7876
81.2233
80.6586
80.0935
79.5281
78.9623
78.3963
77.8299
77.2634
76.6966
76.1295
75.5622
74.9946
74.4266
73.8583
73.2895
72.7202
72.1504
71.58
71.009
70.4373
69.8649
69.2918
68.718
68.1437
67.5687
66.9932
66.4172
65.8408
65.2639
64.6868
64.1093
63.5316
62.9535
62.3753
61.7967
61.2179
60.6388
60.0594
59.4796
58.8995
58.3189
57.7378
57.1562
56.574
55.9912
55.4076
54.8233
54.2382
53.6522
53.0654
52.4776
51.8888
51.2991
50.7084
50.1167
49.524
48.9302
48.3353
47.7395
47.1426
46.5446
45.9457
45.3458
44.745
44.1432
43.5406
42.9371
42.3329
41.728
41.1223
40.5161
39.9093
39.3019
38.6941
38.0858
37.4771
36.8679
36.2582
35.648
35.0372
34.4258
33.8137
33.2008
32.5871
31.9724
31.3568
30.7402
30.1227
29.5041
28.8845
28.2639
27.6424
27.0201
26.397
25.7731
25.1486
24.5235
23.8979
23.2717
22.645
22.0179
21.3902
20.7621
20.1333
19.5039
18.8738
18.243
17.6114
16.9789
16.3457
15.7116
15.0767
14.4411
13.8048
13.1679
12.5305
11.8926
11.2544
10.6159
9.97717
9.33834
8.69941
8.06041
7.42136
6.78225
6.14307
5.5038
4.86439
4.22481
3.58504
2.94501
2.30446
1.65994
0.975491
0.306244
122.288
119.446
118.026
116.622
115.728
115.034
114.42
113.83
113.251
112.684
112.123
111.562
111
110.439
109.878
109.317
108.756
108.195
107.634
107.073
106.513
105.952
105.391
104.831
104.27
103.71
103.149
102.589
102.028
101.467
100.907
100.346
99.7854
99.2245
98.6635
98.1023
97.5409
96.9793
96.4174
95.8552
95.2929
94.7302
94.1674
93.6043
93.0412
92.4779
91.9146
91.3513
90.788
90.2249
89.662
89.0992
88.5367
87.9744
87.4123
86.8503
86.2885
85.7266
85.1648
84.6027
84.0404
83.4778
82.9148
82.3514
81.7876
81.2233
80.6586
80.0935
79.5281
78.9623
78.3963
77.83
77.2634
76.6966
76.1295
75.5622
74.9946
74.4266
73.8583
73.2895
72.7203
72.1504
71.58
71.009
70.4373
69.8649
69.2918
68.7181
68.1437
67.5687
66.9932
66.4172
65.8408
65.264
64.6868
64.1093
63.5316
62.9536
62.3753
61.7967
61.2179
60.6388
60.0594
59.4796
58.8995
58.3189
57.7378
57.1562
56.5741
55.9912
55.4077
54.8233
54.2382
53.6523
53.0654
52.4776
51.8889
51.2992
50.7085
50.1167
49.524
48.9302
48.3354
47.7395
47.1426
46.5447
45.9458
45.3458
44.745
44.1432
43.5406
42.9372
42.3329
41.728
41.1224
40.5161
39.9093
39.302
38.6941
38.0858
37.4771
36.8679
36.2582
35.648
35.0372
34.4258
33.8137
33.2008
32.5871
31.9724
31.3569
30.7403
30.1227
29.5041
28.8845
28.2639
27.6425
27.0201
26.397
25.7732
25.1486
24.5235
23.8979
23.2717
22.6451
22.0179
21.3903
20.7621
20.1333
19.5039
18.8738
18.243
17.6114
16.9789
16.3457
15.7116
15.0767
14.4411
13.8048
13.1679
12.5305
11.8926
11.2544
10.6159
9.97719
9.33835
8.69942
8.06042
7.42137
6.78226
6.14308
5.5038
4.86439
4.22481
3.58503
2.94501
2.30446
1.65997
0.975491
0.306207
122.096
119.447
118.025
116.621
115.728
115.034
114.42
113.83
113.251
112.684
112.123
111.562
111
110.439
109.878
109.317
108.756
108.195
107.634
107.073
106.513
105.952
105.391
104.831
104.27
103.71
103.149
102.589
102.028
101.467
100.907
100.346
99.7854
99.2245
98.6635
98.1023
97.5409
96.9793
96.4174
95.8552
95.2929
94.7302
94.1674
93.6043
93.0412
92.4779
91.9146
91.3513
90.788
90.2249
89.662
89.0993
88.5367
87.9744
87.4123
86.8504
86.2885
85.7267
85.1648
84.6027
84.0404
83.4778
82.9148
82.3514
81.7876
81.2233
80.6586
80.0936
79.5281
78.9623
78.3963
77.83
77.2634
76.6966
76.1296
75.5622
74.9946
74.4267
73.8583
73.2895
72.7203
72.1505
71.58
71.009
70.4373
69.8649
69.2918
68.7181
68.1437
67.5687
66.9932
66.4173
65.8408
65.264
64.6868
64.1094
63.5316
62.9536
62.3753
61.7968
61.218
60.6389
60.0594
59.4797
58.8995
58.3189
57.7379
57.1563
56.5741
55.9912
55.4077
54.8234
54.2383
53.6523
53.0654
52.4776
51.8889
51.2992
50.7085
50.1168
49.524
48.9302
48.3354
47.7395
47.1426
46.5447
45.9458
45.3459
44.745
44.1433
43.5406
42.9372
42.333
41.728
41.1224
40.5161
39.9093
39.302
38.6942
38.0859
37.4771
36.8679
36.2582
35.648
35.0373
34.4258
33.8137
33.2008
32.5871
31.9725
31.3569
30.7403
30.1227
29.5041
28.8845
28.264
27.6425
27.0202
26.397
25.7732
25.1487
24.5236
23.8979
23.2717
22.6451
22.0179
21.3903
20.7621
20.1333
19.5039
18.8738
18.243
17.6114
16.9789
16.3457
15.7116
15.0767
14.4411
13.8048
13.1679
12.5305
11.8926
11.2544
10.6159
9.9772
9.33836
8.69943
8.06043
7.42137
6.78226
6.14308
5.5038
4.86439
4.22481
3.58503
2.94501
2.30447
1.66002
0.975492
0.306151
121.88
119.451
118.023
116.619
115.727
115.034
114.42
113.83
113.251
112.684
112.123
111.562
111
110.439
109.878
109.317
108.756
108.195
107.634
107.073
106.513
105.952
105.391
104.831
104.27
103.71
103.149
102.589
102.028
101.467
100.907
100.346
99.7854
99.2245
98.6635
98.1023
97.5409
96.9793
96.4174
95.8553
95.2929
94.7302
94.1674
93.6043
93.0412
92.4779
91.9146
91.3513
90.7881
90.225
89.662
89.0993
88.5367
87.9744
87.4123
86.8504
86.2885
85.7267
85.1648
84.6027
84.0404
83.4778
82.9149
82.3515
81.7876
81.2234
80.6587
80.0936
79.5281
78.9624
78.3963
77.83
77.2634
76.6966
76.1296
75.5623
74.9946
74.4267
73.8583
73.2896
72.7203
72.1505
71.5801
71.009
70.4373
69.8649
69.2918
68.7181
68.1437
67.5688
66.9933
66.4173
65.8409
65.264
64.6869
64.1094
63.5317
62.9536
62.3754
61.7968
61.218
60.6389
60.0595
59.4797
58.8995
58.3189
57.7379
57.1563
56.5741
55.9912
55.4077
54.8234
54.2383
53.6523
53.0654
52.4776
51.8889
51.2992
50.7085
50.1168
49.524
48.9302
48.3354
47.7395
47.1426
46.5447
45.9458
45.3459
44.7451
44.1433
43.5407
42.9372
42.333
41.728
41.1224
40.5162
39.9094
39.302
38.6942
38.0859
37.4772
36.8679
36.2583
35.6481
35.0373
34.4259
33.8138
33.2008
32.5871
31.9725
31.3569
30.7403
30.1227
29.5041
28.8845
28.264
27.6425
27.0202
26.3971
25.7732
25.1487
24.5236
23.8979
23.2717
22.6451
22.0179
21.3903
20.7621
20.1333
19.5039
18.8738
18.243
17.6114
16.9789
16.3457
15.7116
15.0767
14.4411
13.8048
13.1679
12.5305
11.8926
11.2544
10.6159
9.97721
9.33837
8.69944
8.06044
7.42138
6.78227
6.14308
5.5038
4.86439
4.22481
3.58503
2.945
2.30447
1.66011
0.975494
0.306063
121.632
119.46
118.022
116.616
115.726
115.033
114.419
113.83
113.251
112.684
112.123
111.562
111
110.439
109.878
109.317
108.756
108.195
107.634
107.073
106.513
105.952
105.391
104.831
104.27
103.71
103.149
102.589
102.028
101.467
100.907
100.346
99.7854
99.2245
98.6635
98.1023
97.5409
96.9793
96.4174
95.8553
95.2929
94.7302
94.1674
93.6044
93.0412
92.4779
91.9146
91.3513
90.7881
90.225
89.662
89.0993
88.5368
87.9744
87.4123
86.8504
86.2885
85.7267
85.1648
84.6027
84.0404
83.4778
82.9149
82.3515
81.7876
81.2234
80.6587
80.0936
79.5282
78.9624
78.3963
77.83
77.2635
76.6966
76.1296
75.5623
74.9947
74.4267
73.8584
73.2896
72.7203
72.1505
71.5801
71.009
70.4373
69.8649
69.2918
68.7181
68.1437
67.5688
66.9933
66.4173
65.8409
65.2641
64.6869
64.1094
63.5317
62.9537
62.3754
61.7968
61.218
60.6389
60.0595
59.4797
58.8996
58.319
57.7379
57.1563
56.5741
55.9913
55.4077
54.8234
54.2383
53.6523
53.0655
52.4777
51.8889
51.2992
50.7085
50.1168
49.524
48.9303
48.3354
47.7396
47.1427
46.5448
45.9458
45.3459
44.7451
44.1433
43.5407
42.9373
42.333
41.7281
41.1224
40.5162
39.9094
39.302
38.6942
38.0859
37.4772
36.868
36.2583
35.6481
35.0373
34.4259
33.8138
33.2009
32.5871
31.9725
31.3569
30.7403
30.1227
29.5041
28.8845
28.264
27.6425
27.0202
26.3971
25.7732
25.1487
24.5236
23.8979
23.2718
22.6451
22.018
21.3903
20.7621
20.1333
19.5039
18.8738
18.243
17.6114
16.979
16.3457
15.7116
15.0768
14.4411
13.8048
13.1679
12.5305
11.8926
11.2544
10.6159
9.97722
9.33838
8.69945
8.06044
7.42139
6.78227
6.14308
5.5038
4.86439
4.22481
3.58503
2.945
2.30448
1.66023
0.975494
0.305925
121.34
119.479
118.021
116.612
115.725
115.033
114.419
113.83
113.251
112.684
112.123
111.562
111
110.439
109.878
109.317
108.756
108.195
107.634
107.073
106.513
105.952
105.391
104.831
104.27
103.71
103.149
102.589
102.028
101.467
100.907
100.346
99.7854
99.2245
98.6635
98.1023
97.5409
96.9793
96.4174
95.8553
95.2929
94.7303
94.1674
93.6044
93.0412
92.4779
91.9146
91.3513
90.7881
90.225
89.662
89.0993
88.5368
87.9745
87.4124
86.8504
86.2885
85.7267
85.1648
84.6028
84.0405
83.4779
82.9149
82.3515
81.7877
81.2234
80.6587
80.0936
79.5282
78.9624
78.3964
77.83
77.2635
76.6967
76.1296
75.5623
74.9947
74.4267
73.8584
73.2896
72.7203
72.1505
71.5801
71.009
70.4373
69.8649
69.2919
68.7181
68.1438
67.5688
66.9933
66.4173
65.8409
65.2641
64.6869
64.1095
63.5317
62.9537
62.3754
61.7969
61.2181
60.6389
60.0595
59.4797
58.8996
58.319
57.7379
57.1563
56.5742
55.9913
55.4078
54.8234
54.2383
53.6523
53.0655
52.4777
51.889
51.2992
50.7085
50.1168
49.5241
48.9303
48.3355
47.7396
47.1427
46.5448
45.9459
45.346
44.7451
44.1433
43.5407
42.9373
42.3331
41.7281
41.1225
40.5162
39.9094
39.3021
38.6943
38.086
37.4772
36.868
36.2583
35.6481
35.0373
34.4259
33.8138
33.2009
32.5872
31.9725
31.3569
30.7403
30.1228
29.5042
28.8846
28.264
27.6425
27.0202
26.3971
25.7732
25.1487
24.5236
23.898
23.2718
22.6451
22.018
21.3903
20.7621
20.1334
19.5039
18.8739
18.243
17.6114
16.979
16.3457
15.7116
15.0768
14.4412
13.8049
13.168
12.5305
11.8927
11.2544
10.6159
9.97724
9.33839
8.69946
8.06045
7.42139
6.78228
6.14309
5.5038
4.86439
4.22481
3.58503
2.945
2.3045
1.66043
0.975488
0.30571
120.991
119.513
118.021
116.606
115.722
115.032
114.419
113.83
113.251
112.684
112.123
111.562
111
110.439
109.878
109.317
108.756
108.195
107.634
107.073
106.513
105.952
105.391
104.831
104.27
103.71
103.149
102.589
102.028
101.467
100.907
100.346
99.7854
99.2245
98.6635
98.1023
97.5409
96.9793
96.4174
95.8553
95.2929
94.7303
94.1674
93.6044
93.0412
92.4779
91.9146
91.3513
90.7881
90.225
89.6621
89.0993
88.5368
87.9745
87.4124
86.8504
86.2886
85.7267
85.1648
84.6028
84.0405
83.4779
82.9149
82.3515
81.7877
81.2234
80.6587
80.0936
79.5282
78.9624
78.3964
77.8301
77.2635
76.6967
76.1296
75.5623
74.9947
74.4267
73.8584
73.2896
72.7203
72.1505
71.5801
71.0091
70.4373
69.865
69.2919
68.7182
68.1438
67.5689
66.9934
66.4174
65.8409
65.2641
64.687
64.1095
63.5318
62.9537
62.3755
61.7969
61.2181
60.639
60.0595
59.4798
58.8996
58.319
57.738
57.1564
56.5742
55.9913
55.4078
54.8235
54.2383
53.6524
53.0655
52.4777
51.889
51.2993
50.7086
50.1169
49.5241
48.9303
48.3355
47.7396
47.1427
46.5448
45.9459
45.346
44.7451
44.1434
43.5408
42.9373
42.3331
41.7281
41.1225
40.5163
39.9094
39.3021
38.6943
38.086
37.4772
36.868
36.2583
35.6481
35.0374
34.4259
33.8138
33.2009
32.5872
31.9726
31.3569
30.7404
30.1228
29.5042
28.8846
28.264
27.6426
27.0202
26.3971
25.7733
25.1487
24.5236
23.898
23.2718
22.6451
22.018
21.3903
20.7621
20.1334
19.504
18.8739
18.243
17.6114
16.979
16.3457
15.7117
15.0768
14.4412
13.8049
13.168
12.5305
11.8927
11.2544
10.616
9.97725
9.33841
8.69947
8.06046
7.4214
6.78228
6.14309
5.5038
4.86439
4.22481
3.58503
2.945
2.30452
1.66074
0.975465
0.305366
120.563
119.577
118.025
116.597
115.718
115.03
114.418
113.83
113.251
112.684
112.123
111.562
111
110.439
109.878
109.317
108.756
108.195
107.634
107.073
106.513
105.952
105.391
104.831
104.27
103.71
103.149
102.589
102.028
101.467
100.907
100.346
99.7854
99.2245
98.6635
98.1023
97.5409
96.9793
96.4174
95.8553
95.2929
94.7303
94.1674
93.6044
93.0412
92.478
91.9146
91.3513
90.7881
90.225
89.6621
89.0993
88.5368
87.9745
87.4124
86.8504
86.2886
85.7267
85.1648
84.6028
84.0405
83.4779
82.9149
82.3515
81.7877
81.2234
80.6588
80.0937
79.5282
78.9625
78.3964
77.8301
77.2635
76.6967
76.1297
75.5623
74.9947
74.4268
73.8584
73.2896
72.7204
72.1505
71.5801
71.0091
70.4374
69.865
69.2919
68.7182
68.1438
67.5689
66.9934
66.4174
65.841
65.2642
64.687
64.1096
63.5318
62.9538
62.3755
61.7969
61.2181
60.639
60.0596
59.4798
58.8997
58.3191
57.738
57.1564
56.5742
55.9914
55.4078
54.8235
54.2384
53.6524
53.0655
52.4778
51.889
51.2993
50.7086
50.1169
49.5241
48.9304
48.3355
47.7397
47.1428
46.5448
45.9459
45.346
44.7452
44.1434
43.5408
42.9373
42.3331
41.7282
41.1226
40.5163
39.9095
39.3021
38.6943
38.086
37.4773
36.8681
36.2584
35.6482
35.0374
34.426
33.8139
33.201
32.5872
31.9726
31.357
30.7404
30.1228
29.5042
28.8846
28.2641
27.6426
27.0203
26.3972
25.7733
25.1488
24.5237
23.898
23.2718
22.6452
22.018
21.3904
20.7622
20.1334
19.504
18.8739
18.243
17.6114
16.979
16.3457
15.7117
15.0768
14.4412
13.8049
13.168
12.5306
11.8927
11.2545
10.616
9.97727
9.33842
8.69948
8.06047
7.42141
6.78229
6.1431
5.50381
4.86439
4.22481
3.58503
2.945
2.30456
1.66125
0.975397
0.304803
120.031
119.695
118.04
116.582
115.711
115.027
114.417
113.829
113.25
112.683
112.123
111.562
111
110.439
109.878
109.317
108.756
108.195
107.634
107.073
106.513
105.952
105.391
104.831
104.27
103.71
103.149
102.589
102.028
101.468
100.907
100.346
99.7854
99.2246
98.6635
98.1023
97.5409
96.9793
96.4174
95.8553
95.2929
94.7303
94.1674
93.6044
93.0412
92.478
91.9147
91.3514
90.7881
90.225
89.6621
89.0993
88.5368
87.9745
87.4124
86.8504
86.2886
85.7268
85.1649
84.6028
84.0405
83.4779
82.9149
82.3516
81.7877
81.2235
80.6588
80.0937
79.5283
78.9625
78.3964
77.8301
77.2636
76.6967
76.1297
75.5624
74.9947
74.4268
73.8584
73.2897
72.7204
72.1506
71.5802
71.0091
70.4374
69.865
69.292
68.7182
68.1439
67.5689
66.9934
66.4175
65.841
65.2642
64.6871
64.1096
63.5318
62.9538
62.3755
61.797
61.2182
60.6391
60.0596
59.4799
58.8997
58.3191
57.738
57.1564
56.5742
55.9914
55.4078
54.8235
54.2384
53.6524
53.0656
52.4778
51.8891
51.2994
50.7086
50.1169
49.5242
48.9304
48.3356
47.7397
47.1428
46.5449
45.946
45.3461
44.7452
44.1435
43.5408
42.9374
42.3332
41.7282
41.1226
40.5164
39.9095
39.3022
38.6944
38.0861
37.4773
36.8681
36.2584
35.6482
35.0374
34.426
33.8139
33.201
32.5873
31.9726
31.357
30.7404
30.1229
29.5043
28.8847
28.2641
27.6426
27.0203
26.3972
25.7733
25.1488
24.5237
23.898
23.2719
22.6452
22.018
21.3904
20.7622
20.1334
19.504
18.8739
18.2431
17.6115
16.979
16.3458
15.7117
15.0768
14.4412
13.8049
13.168
12.5306
11.8927
11.2545
10.616
9.97728
9.33844
8.69949
8.06048
7.42142
6.78229
6.1431
5.50381
4.86439
4.22481
3.58503
2.94501
2.30461
1.6621
0.975235
0.303839
119.366
119.913
118.079
116.561
115.701
115.022
114.415
113.828
113.25
112.683
112.123
111.562
111
110.439
109.878
109.317
108.756
108.195
107.634
107.073
106.513
105.952
105.391
104.831
104.27
103.71
103.149
102.589
102.028
101.468
100.907
100.346
99.7854
99.2246
98.6636
98.1024
97.541
96.9793
96.4175
95.8553
95.2929
94.7303
94.1675
93.6044
93.0413
92.478
91.9147
91.3514
90.7882
90.2251
89.6621
89.0994
88.5368
87.9745
87.4124
86.8505
86.2886
85.7268
85.1649
84.6028
84.0405
83.4779
82.915
82.3516
81.7878
81.2235
80.6588
80.0937
79.5283
78.9625
78.3965
77.8302
77.2636
76.6968
76.1297
75.5624
74.9948
74.4268
73.8585
73.2897
72.7204
72.1506
71.5802
71.0091
70.4374
69.8651
69.292
68.7183
68.1439
67.569
66.9935
66.4175
65.8411
65.2643
64.6871
64.1097
63.5319
62.9539
62.3756
61.797
61.2182
60.6391
60.0597
59.4799
58.8998
58.3192
57.7381
57.1565
56.5743
55.9914
55.4079
54.8236
54.2385
53.6525
53.0656
52.4779
51.8891
51.2994
50.7087
50.117
49.5243
48.9305
48.3356
47.7398
47.1429
46.545
45.946
45.3461
44.7453
44.1435
43.5409
42.9375
42.3332
41.7283
41.1227
40.5164
39.9096
39.3022
38.6944
38.0861
37.4774
36.8682
36.2585
35.6483
35.0375
34.4261
33.814
33.201
32.5873
31.9727
31.3571
30.7405
30.1229
29.5043
28.8847
28.2642
27.6427
27.0204
26.3972
25.7734
25.1489
24.5237
23.8981
23.2719
22.6452
22.0181
21.3904
20.7622
20.1334
19.504
18.8739
18.2431
17.6115
16.9791
16.3458
15.7117
15.0769
14.4413
13.805
13.1681
12.5306
11.8927
11.2545
10.616
9.97731
9.33845
8.69951
8.0605
7.42143
6.7823
6.14311
5.50381
4.86439
4.22481
3.58503
2.94501
2.30469
1.66363
0.97488
0.30209
118.552
120.304
118.169
116.531
115.686
115.014
114.412
113.827
113.248
112.682
112.123
111.562
111
110.439
109.878
109.317
108.756
108.195
107.634
107.073
106.513
105.952
105.391
104.831
104.27
103.71
103.149
102.589
102.028
101.468
100.907
100.346
99.7855
99.2246
98.6636
98.1024
97.541
96.9794
96.4175
95.8554
95.293
94.7303
94.1675
93.6045
93.0413
92.478
91.9147
91.3514
90.7882
90.2251
89.6621
89.0994
88.5369
87.9746
87.4124
86.8505
86.2886
85.7268
85.1649
84.6029
84.0406
83.478
82.915
82.3516
81.7878
81.2236
80.6589
80.0938
79.5284
78.9626
78.3965
77.8302
77.2636
76.6968
76.1298
75.5624
74.9948
74.4269
73.8585
73.2897
72.7205
72.1507
71.5802
71.0092
70.4375
69.8651
69.2921
68.7183
68.144
67.569
66.9936
66.4176
65.8412
65.2644
64.6872
64.1097
63.532
62.954
62.3757
61.7971
61.2183
60.6392
60.0598
59.48
58.8998
58.3192
57.7382
57.1566
56.5744
55.9915
55.408
54.8237
54.2385
53.6526
53.0657
52.4779
51.8892
51.2995
50.7088
50.1171
49.5243
48.9306
48.3357
47.7399
47.143
46.5451
45.9461
45.3462
44.7454
44.1436
43.541
42.9376
42.3333
41.7284
41.1227
40.5165
39.9097
39.3023
38.6945
38.0862
37.4775
36.8683
36.2586
35.6483
35.0376
34.4261
33.814
33.2011
32.5874
31.9728
31.3572
30.7406
30.123
29.5044
28.8848
28.2643
27.6428
27.0204
26.3973
25.7735
25.1489
24.5238
23.8981
23.272
22.6453
22.0181
21.3905
20.7623
20.1335
19.5041
18.874
18.2432
17.6115
16.9791
16.3459
15.7118
15.0769
14.4413
13.805
13.1681
12.5307
11.8928
11.2546
10.616
9.97733
9.33848
8.69953
8.06052
7.42144
6.78232
6.14312
5.50382
4.8644
4.22482
3.58503
2.94502
2.30478
1.66653
0.974101
0.298744
117.618
120.956
118.368
116.49
115.668
115.004
114.407
113.824
113.245
112.681
112.122
111.562
111
110.439
109.878
109.317
108.756
108.195
107.634
107.073
106.513
105.952
105.391
104.831
104.27
103.71
103.149
102.589
102.028
101.468
100.907
100.346
99.7855
99.2246
98.6636
98.1024
97.541
96.9794
96.4175
95.8554
95.293
94.7304
94.1675
93.6045
93.0413
92.4781
91.9147
91.3514
90.7882
90.2251
89.6622
89.0994
88.5369
87.9746
87.4125
86.8505
86.2887
85.7269
85.165
84.6029
84.0406
83.478
82.9151
82.3517
81.7879
81.2236
80.659
80.0939
79.5284
78.9627
78.3966
77.8303
77.2637
76.6969
76.1298
75.5625
74.9949
74.4269
73.8586
73.2898
72.7206
72.1507
71.5803
71.0093
70.4376
69.8652
69.2922
68.7184
68.1441
67.5691
66.9937
66.4177
65.8413
65.2645
64.6873
64.1098
63.5321
62.9541
62.3758
61.7972
61.2184
60.6393
60.0599
59.4801
58.8999
58.3193
57.7383
57.1567
56.5745
55.9916
55.4081
54.8238
54.2387
53.6527
53.0659
52.4781
51.8894
51.2996
50.709
50.1172
49.5245
48.9307
48.3359
47.74
47.1431
46.5452
45.9463
45.3464
44.7455
44.1438
43.5412
42.9377
42.3335
41.7285
41.1229
40.5166
39.9098
39.3024
38.6946
38.0863
37.4776
36.8684
36.2587
35.6485
35.0377
34.4263
33.8141
33.2012
32.5875
31.9729
31.3573
30.7407
30.1231
29.5045
28.8849
28.2644
27.6429
27.0206
26.3974
25.7736
25.149
24.5239
23.8982
23.272
22.6454
22.0182
21.3906
20.7624
20.1336
19.5042
18.8741
18.2432
17.6116
16.9792
16.346
15.7119
15.077
14.4414
13.8051
13.1682
12.5307
11.8929
11.2546
10.6161
9.97738
9.33852
8.69957
8.06054
7.42147
6.78234
6.14314
5.50384
4.86441
4.22483
3.58505
2.94501
2.30479
1.67209
0.97224
0.292165
116.703
121.878
118.75
116.447
115.654
114.997
114.401
113.819
113.239
112.677
112.122
111.562
111
110.439
109.878
109.317
108.756
108.195
107.634
107.073
106.513
105.952
105.391
104.831
104.27
103.71
103.149
102.589
102.028
101.468
100.907
100.346
99.7855
99.2247
98.6637
98.1025
97.5411
96.9795
96.4176
95.8555
95.2931
94.7304
94.1676
93.6046
93.0414
92.4781
91.9148
91.3515
90.7882
90.2251
89.6622
89.0995
88.5369
87.9746
87.4125
86.8506
86.2887
85.7269
85.165
84.603
84.0407
83.4781
82.9152
82.3518
81.788
81.2238
80.6591
80.094
79.5286
78.9628
78.3967
77.8304
77.2638
76.697
76.1299
75.5626
74.995
74.427
73.8587
73.2899
72.7207
72.1509
71.5805
71.0094
70.4377
69.8654
69.2923
68.7186
68.1442
67.5693
66.9938
66.4179
65.8414
65.2646
64.6875
64.11
63.5322
62.9542
62.3759
61.7974
61.2186
60.6395
60.06
59.4803
58.9001
58.3195
57.7384
57.1569
56.5747
55.9918
55.4083
54.824
54.2389
53.6529
53.066
52.4783
51.8896
51.2999
50.7092
50.1175
49.5247
48.9309
48.3361
47.7403
47.1433
46.5454
45.9465
45.3466
44.7457
44.144
43.5413
42.9379
42.3336
41.7287
41.123
40.5168
39.91
39.3026
38.6948
38.0865
37.4777
36.8685
36.2588
35.6486
35.0378
34.4264
33.8143
33.2014
32.5877
31.9731
31.3575
30.7409
30.1233
29.5047
28.8851
28.2646
27.6431
27.0207
26.3976
25.7737
25.1492
24.5241
23.8984
23.2722
22.6455
22.0183
21.3907
20.7625
20.1337
19.5043
18.8742
18.2434
17.6118
16.9793
16.3461
15.712
15.0771
14.4415
13.8052
13.1683
12.5308
11.893
11.2547
10.6162
9.97744
9.33858
8.69961
8.06058
7.4215
6.78237
6.14316
5.50386
4.86443
4.22485
3.58506
2.94498
2.30439
1.68186
0.967339
0.279583
116.101
122.704
119.247
116.412
115.655
115
114.398
113.812
113.231
112.673
112.123
111.562
111
110.439
109.878
109.317
108.756
108.195
107.634
107.073
106.513
105.952
105.391
104.831
104.27
103.71
103.149
102.589
102.028
101.468
100.907
100.346
99.7856
99.2247
98.6637
98.1025
97.5411
96.9795
96.4177
95.8555
95.2931
94.7305
94.1677
93.6046
93.0414
92.4782
91.9148
91.3515
90.7883
90.2252
89.6622
89.0995
88.537
87.9747
87.4126
86.8506
86.2888
85.727
85.1651
84.6031
84.0408
83.4782
82.9153
82.3519
81.7881
81.2239
80.6592
80.0941
79.5287
78.9629
78.3969
77.8305
77.2639
76.6971
76.1301
75.5627
74.9951
74.4272
73.8588
73.2901
72.7208
72.151
71.5806
71.0096
70.4379
69.8655
69.2925
68.7188
68.1444
67.5695
66.994
66.418
65.8416
65.2648
64.6877
64.1102
63.5324
62.9544
62.3761
61.7976
61.2187
60.6396
60.0602
59.4804
58.9003
58.3197
57.7386
57.157
56.5749
55.992
55.4085
54.8242
54.2391
53.6531
53.0663
52.4785
51.8898
51.3001
50.7094
50.1177
49.525
48.9312
48.3364
47.7405
47.1436
46.5457
45.9468
45.3468
44.746
44.1442
43.5416
42.9381
42.3339
41.7289
41.1233
40.517
39.9102
39.3028
38.695
38.0867
37.4779
36.8687
36.259
35.6488
35.0381
34.4266
33.8145
33.2017
32.5879
31.9733
31.3577
30.7411
30.1236
29.5049
28.8854
28.2648
27.6433
27.0209
26.3978
25.7739
25.1494
24.5242
23.8985
23.2723
22.6457
22.0185
21.3908
20.7626
20.1339
19.5045
18.8744
18.2435
17.6119
16.9795
16.3462
15.7122
15.0773
14.4417
13.8054
13.1684
12.531
11.893
11.2548
10.6162
9.97752
9.33863
8.69966
8.06062
7.42154
6.7824
6.14319
5.50389
4.86446
4.22487
3.58507
2.94489
2.30313
1.69435
0.95578
0.259024
116.101
122.704
119.247
116.412
115.655
115
114.398
113.812
113.231
112.673
112.123
111.562
111
110.439
109.878
109.317
108.756
108.195
107.634
107.073
106.513
105.952
105.391
104.831
104.27
103.71
103.149
102.589
102.028
101.468
100.907
100.346
99.7856
99.2247
98.6637
98.1025
97.5411
96.9795
96.4176
95.8555
95.2931
94.7305
94.1677
93.6046
93.0414
92.4782
91.9148
91.3515
90.7883
90.2252
89.6622
89.0995
88.537
87.9747
87.4126
86.8506
86.2888
85.727
85.1651
84.6031
84.0408
83.4783
82.9153
82.3519
81.7881
81.2239
80.6592
80.0941
79.5287
78.9629
78.3968
77.8305
77.2639
76.6971
76.1301
75.5627
74.9951
74.4272
73.8588
73.2901
72.7208
72.151
71.5806
71.0096
70.4379
69.8655
69.2925
68.7188
68.1444
67.5695
66.994
66.418
65.8416
65.2648
64.6876
64.1102
63.5324
62.9544
62.3761
61.7976
61.2187
60.6396
60.0602
59.4804
58.9003
58.3197
57.7386
57.157
56.5748
55.992
55.4085
54.8242
54.2391
53.6531
53.0663
52.4785
51.8898
51.3001
50.7094
50.1177
49.525
48.9312
48.3364
47.7405
47.1436
46.5457
45.9468
45.3469
44.746
44.1442
43.5416
42.9381
42.3339
41.7289
41.1232
40.517
39.9102
39.3028
38.695
38.0867
37.4779
36.8687
36.259
35.6488
35.0381
34.4267
33.8145
33.2017
32.5879
31.9733
31.3577
30.7411
30.1235
29.505
28.8853
28.2648
27.6433
27.0209
26.3978
25.7739
25.1493
24.5242
23.8985
23.2723
22.6457
22.0185
21.3908
20.7626
20.1339
19.5045
18.8744
18.2435
17.6119
16.9795
16.3462
15.7122
15.0773
14.4417
13.8053
13.1684
12.531
11.8931
11.2548
10.6163
9.97751
9.33864
8.69966
8.06063
7.42154
6.7824
6.14319
5.50389
4.86446
4.22487
3.58507
2.94489
2.30313
1.69435
0.955778
0.259025
116.703
121.878
118.75
116.447
115.654
114.997
114.401
113.819
113.239
112.677
112.122
111.562
111
110.439
109.878
109.317
108.756
108.195
107.634
107.073
106.513
105.952
105.391
104.831
104.27
103.71
103.149
102.589
102.028
101.468
100.907
100.346
99.7856
99.2247
98.6637
98.1025
97.5411
96.9795
96.4176
95.8555
95.2931
94.7304
94.1676
93.6046
93.0414
92.4781
91.9148
91.3515
90.7883
90.2251
89.6622
89.0995
88.5369
87.9746
87.4125
86.8506
86.2887
85.7269
85.165
84.603
84.0407
83.4781
82.9152
82.3518
81.788
81.2237
80.6591
80.094
79.5286
78.9628
78.3967
77.8304
77.2638
76.697
76.1299
75.5626
74.995
74.427
73.8587
73.2899
72.7207
72.1509
71.5805
71.0094
70.4377
69.8654
69.2923
68.7186
68.1443
67.5693
66.9938
66.4178
65.8414
65.2646
64.6875
64.11
63.5323
62.9542
62.3759
61.7974
61.2186
60.6394
60.06
59.4802
58.9001
58.3195
57.7385
57.1568
56.5747
55.9918
55.4083
54.824
54.2389
53.6529
53.0661
52.4783
51.8896
51.2999
50.7092
50.1174
49.5247
48.9309
48.3361
47.7402
47.1434
46.5454
45.9465
45.3466
44.7458
44.144
43.5414
42.9379
42.3337
41.7287
41.1231
40.5168
39.91
39.3026
38.6948
38.0865
37.4777
36.8685
36.2588
35.6486
35.0379
34.4264
33.8143
33.2014
32.5877
31.9731
31.3575
30.7409
30.1233
29.5047
28.8851
28.2646
27.6431
27.0207
26.3976
25.7737
25.1492
24.524
23.8984
23.2722
22.6455
22.0183
21.3907
20.7625
20.1337
19.5043
18.8742
18.2434
17.6118
16.9793
16.3461
15.712
15.0771
14.4415
13.8052
13.1683
12.5308
11.8929
11.2547
10.6162
9.97745
9.33858
8.69961
8.06058
7.4215
6.78236
6.14316
5.50386
4.86443
4.22485
3.58506
2.94498
2.30439
1.68186
0.96734
0.279582
117.618
120.956
118.368
116.49
115.668
115.004
114.407
113.824
113.245
112.681
112.122
111.562
111
110.439
109.878
109.317
108.756
108.195
107.634
107.073
106.513
105.952
105.391
104.831
104.27
103.71
103.149
102.589
102.028
101.468
100.907
100.346
99.7855
99.2246
98.6636
98.1024
97.541
96.9794
96.4175
95.8554
95.293
94.7304
94.1675
93.6045
93.0413
92.4781
91.9147
91.3514
90.7882
90.2251
89.6622
89.0994
88.5369
87.9746
87.4125
86.8505
86.2887
85.7269
85.165
84.6029
84.0406
83.4781
82.9151
82.3517
81.7879
81.2236
80.659
80.0939
79.5284
78.9627
78.3966
77.8303
77.2637
76.6969
76.1298
75.5625
74.9949
74.4269
73.8586
73.2898
72.7205
72.1507
71.5803
71.0093
70.4376
69.8652
69.2922
68.7184
68.1441
67.5692
66.9937
66.4177
65.8413
65.2645
64.6873
64.1099
63.5321
62.9541
62.3758
61.7972
61.2184
60.6393
60.0599
59.4801
58.8999
58.3194
57.7383
57.1567
56.5745
55.9916
55.4081
54.8238
54.2387
53.6527
53.0658
52.4781
51.8893
51.2996
50.7089
50.1172
49.5245
48.9307
48.3359
47.74
47.1431
46.5452
45.9463
45.3464
44.7455
44.1438
43.5411
42.9377
42.3335
41.7285
41.1229
40.5166
39.9098
39.3025
38.6946
38.0863
37.4776
36.8684
36.2587
35.6485
35.0377
34.4263
33.8141
33.2013
32.5875
31.9729
31.3573
30.7407
30.1231
29.5045
28.8849
28.2644
27.6429
27.0206
26.3974
25.7736
25.149
24.5239
23.8982
23.2721
22.6454
22.0182
21.3905
20.7624
20.1336
19.5042
18.8741
18.2432
17.6116
16.9792
16.3459
15.7119
15.077
14.4414
13.8051
13.1682
12.5307
11.8929
11.2546
10.6161
9.97738
9.33852
8.69957
8.06054
7.42147
6.78234
6.14313
5.50384
4.86441
4.22483
3.58504
2.94502
2.30479
1.67209
0.972239
0.292166
118.552
120.304
118.169
116.531
115.686
115.014
114.412
113.827
113.248
112.682
112.123
111.562
111
110.439
109.878
109.317
108.756
108.195
107.634
107.073
106.513
105.952
105.391
104.831
104.27
103.71
103.149
102.589
102.028
101.468
100.907
100.346
99.7855
99.2246
98.6636
98.1024
97.541
96.9794
96.4175
95.8554
95.293
94.7303
94.1675
93.6045
93.0413
92.478
91.9147
91.3514
90.7882
90.2251
89.6621
89.0994
88.5369
87.9746
87.4124
86.8505
86.2886
85.7268
85.1649
84.6029
84.0406
83.478
82.915
82.3516
81.7878
81.2236
80.6589
80.0938
79.5284
78.9626
78.3965
77.8302
77.2636
76.6968
76.1298
75.5624
74.9948
74.4269
73.8585
73.2897
72.7205
72.1506
71.5802
71.0092
70.4375
69.8651
69.2921
68.7183
68.144
67.569
66.9936
66.4176
65.8412
65.2644
64.6872
64.1097
63.532
62.954
62.3757
61.7971
61.2183
60.6392
60.0598
59.48
58.8998
58.3192
57.7382
57.1566
56.5744
55.9915
55.408
54.8237
54.2386
53.6526
53.0657
52.4779
51.8892
51.2995
50.7088
50.1171
49.5243
48.9306
48.3357
47.7399
47.143
46.5451
45.9461
45.3462
44.7454
44.1436
43.541
42.9375
42.3333
41.7284
41.1227
40.5165
39.9097
39.3023
38.6945
38.0862
37.4775
36.8682
36.2586
35.6483
35.0376
34.4261
33.814
33.2011
32.5874
31.9727
31.3572
30.7406
30.123
29.5044
28.8848
28.2642
27.6428
27.0204
26.3973
25.7734
25.1489
24.5238
23.8981
23.272
22.6453
22.0181
21.3905
20.7623
20.1335
19.5041
18.874
18.2432
17.6115
16.9791
16.3459
15.7118
15.0769
14.4413
13.805
13.1681
12.5307
11.8928
11.2546
10.616
9.97734
9.33848
8.69953
8.06051
7.42144
6.78232
6.14312
5.50382
4.8644
4.22482
3.58504
2.94502
2.30478
1.66653
0.974101
0.298744
119.366
119.913
118.079
116.561
115.701
115.022
114.415
113.828
113.25
112.683
112.123
111.562
111
110.439
109.878
109.317
108.756
108.195
107.634
107.073
106.513
105.952
105.391
104.831
104.27
103.71
103.149
102.589
102.028
101.468
100.907
100.346
99.7854
99.2246
98.6635
98.1024
97.541
96.9793
96.4175
95.8553
95.2929
94.7303
94.1675
93.6044
93.0413
92.478
91.9147
91.3514
90.7882
90.2251
89.6621
89.0994
88.5368
87.9745
87.4124
86.8505
86.2886
85.7268
85.1649
84.6028
84.0405
83.4779
82.915
82.3516
81.7878
81.2235
80.6588
80.0937
79.5283
78.9625
78.3965
77.8302
77.2636
76.6968
76.1297
75.5624
74.9948
74.4268
73.8585
73.2897
72.7204
72.1506
71.5802
71.0092
70.4374
69.8651
69.292
68.7183
68.1439
67.569
66.9935
66.4175
65.8411
65.2643
64.6871
64.1097
63.5319
62.9539
62.3756
61.7971
61.2182
60.6391
60.0597
59.4799
58.8998
58.3192
57.7381
57.1565
56.5743
55.9915
55.4079
54.8236
54.2385
53.6525
53.0656
52.4779
51.8891
51.2994
50.7087
50.117
49.5242
48.9305
48.3356
47.7398
47.1429
46.545
45.946
45.3461
44.7453
44.1435
43.5409
42.9375
42.3332
41.7283
41.1226
40.5164
39.9096
39.3023
38.6944
38.0861
37.4774
36.8682
36.2585
35.6483
35.0375
34.4261
33.8139
33.2011
32.5873
31.9727
31.3571
30.7405
30.1229
29.5043
28.8847
28.2642
27.6427
27.0204
26.3972
25.7734
25.1489
24.5237
23.8981
23.2719
22.6452
22.0181
21.3904
20.7622
20.1334
19.504
18.8739
18.2431
17.6115
16.9791
16.3458
15.7117
15.0769
14.4413
13.805
13.1681
12.5306
11.8927
11.2545
10.616
9.9773
9.33846
8.69951
8.0605
7.42143
6.7823
6.14311
5.50382
4.86439
4.22481
3.58503
2.94501
2.30469
1.66363
0.97488
0.30209
120.031
119.695
118.04
116.582
115.711
115.027
114.417
113.829
113.25
112.683
112.123
111.562
111
110.439
109.878
109.317
108.756
108.195
107.634
107.073
106.513
105.952
105.391
104.831
104.27
103.71
103.149
102.589
102.028
101.468
100.907
100.346
99.7854
99.2246
98.6635
98.1023
97.5409
96.9793
96.4174
95.8553
95.2929
94.7303
94.1675
93.6044
93.0412
92.478
91.9147
91.3514
90.7881
90.225
89.6621
89.0993
88.5368
87.9745
87.4124
86.8504
86.2886
85.7268
85.1649
84.6028
84.0405
83.4779
82.9149
82.3516
81.7877
81.2235
80.6588
80.0937
79.5283
78.9625
78.3964
77.8301
77.2636
76.6967
76.1297
75.5624
74.9947
74.4268
73.8584
73.2897
72.7204
72.1506
71.5802
71.0091
70.4374
69.865
69.292
68.7182
68.1439
67.5689
66.9934
66.4174
65.841
65.2642
64.6871
64.1096
63.5319
62.9538
62.3755
61.797
61.2182
60.6391
60.0596
59.4799
58.8997
58.3191
57.738
57.1564
56.5742
55.9914
55.4079
54.8235
54.2384
53.6524
53.0656
52.4778
51.8891
51.2994
50.7087
50.1169
49.5242
48.9304
48.3356
47.7397
47.1428
46.5449
45.946
45.3461
44.7452
44.1435
43.5409
42.9374
42.3332
41.7282
41.1226
40.5163
39.9095
39.3022
38.6944
38.0861
37.4773
36.8681
36.2584
35.6482
35.0374
34.426
33.8139
33.201
32.5873
31.9726
31.357
30.7404
30.1229
29.5043
28.8847
28.2641
27.6426
27.0203
26.3972
25.7733
25.1488
24.5237
23.898
23.2719
22.6452
22.018
21.3904
20.7622
20.1334
19.504
18.8739
18.2431
17.6115
16.979
16.3458
15.7117
15.0768
14.4412
13.8049
13.168
12.5306
11.8927
11.2545
10.616
9.97728
9.33844
8.69949
8.06048
7.42142
6.78229
6.1431
5.50381
4.86439
4.22481
3.58503
2.94501
2.30461
1.6621
0.975235
0.303839
120.563
119.577
118.025
116.597
115.718
115.03
114.418
113.83
113.251
112.684
112.123
111.562
111
110.439
109.878
109.317
108.756
108.195
107.634
107.073
106.513
105.952
105.391
104.831
104.27
103.71
103.149
102.589
102.028
101.467
100.907
100.346
99.7854
99.2245
98.6635
98.1023
97.5409
96.9793
96.4174
95.8553
95.2929
94.7303
94.1674
93.6044
93.0412
92.478
91.9146
91.3513
90.7881
90.225
89.6621
89.0993
88.5368
87.9745
87.4124
86.8504
86.2886
85.7267
85.1648
84.6028
84.0405
83.4779
82.9149
82.3515
81.7877
81.2234
80.6587
80.0937
79.5282
78.9625
78.3964
77.8301
77.2635
76.6967
76.1297
75.5623
74.9947
74.4268
73.8584
73.2896
72.7204
72.1505
71.5801
71.0091
70.4374
69.865
69.2919
68.7182
68.1438
67.5689
66.9934
66.4174
65.841
65.2642
64.687
64.1096
63.5318
62.9538
62.3755
61.797
61.2181
60.639
60.0596
59.4798
58.8997
58.3191
57.738
57.1564
56.5742
55.9914
55.4078
54.8235
54.2384
53.6524
53.0655
52.4778
51.889
51.2993
50.7086
50.1169
49.5241
48.9304
48.3355
47.7397
47.1428
46.5449
45.9459
45.346
44.7452
44.1434
43.5408
42.9374
42.3331
41.7282
41.1225
40.5163
39.9095
39.3022
38.6943
38.086
37.4773
36.8681
36.2584
35.6482
35.0374
34.426
33.8138
33.201
32.5872
31.9726
31.357
30.7404
30.1228
29.5042
28.8846
28.2641
27.6426
27.0203
26.3971
25.7733
25.1488
24.5237
23.898
23.2718
22.6452
22.018
21.3904
20.7622
20.1334
19.504
18.8739
18.2431
17.6114
16.979
16.3457
15.7117
15.0768
14.4412
13.8049
13.168
12.5306
11.8927
11.2545
10.616
9.97726
9.33842
8.69948
8.06047
7.42141
6.78229
6.14309
5.50381
4.86439
4.22481
3.58503
2.945
2.30455
1.66125
0.975397
0.304803
120.991
119.513
118.021
116.606
115.722
115.032
114.419
113.83
113.251
112.684
112.123
111.562
111
110.439
109.878
109.317
108.756
108.195
107.634
107.073
106.513
105.952
105.391
104.831
104.27
103.71
103.149
102.589
102.028
101.467
100.907
100.346
99.7854
99.2245
98.6635
98.1023
97.5409
96.9793
96.4174
95.8553
95.2929
94.7303
94.1674
93.6044
93.0412
92.4779
91.9146
91.3513
90.7881
90.225
89.6621
89.0993
88.5368
87.9745
87.4124
86.8504
86.2886
85.7267
85.1648
84.6028
84.0405
83.4779
82.9149
82.3515
81.7877
81.2234
80.6587
80.0936
79.5282
78.9624
78.3964
77.8301
77.2635
76.6967
76.1296
75.5623
74.9947
74.4267
73.8584
73.2896
72.7203
72.1505
71.5801
71.0091
70.4374
69.865
69.2919
68.7182
68.1438
67.5688
66.9934
66.4174
65.841
65.2641
64.687
64.1095
63.5318
62.9537
62.3755
61.7969
61.2181
60.639
60.0596
59.4798
58.8996
58.319
57.738
57.1564
56.5742
55.9913
55.4078
54.8235
54.2383
53.6524
53.0655
52.4777
51.889
51.2993
50.7086
50.1168
49.5241
48.9303
48.3355
47.7396
47.1427
46.5448
45.9459
45.346
44.7451
44.1434
43.5408
42.9373
42.3331
41.7281
41.1225
40.5163
39.9095
39.3021
38.6943
38.086
37.4773
36.868
36.2584
35.6481
35.0374
34.4259
33.8138
33.2009
32.5872
31.9725
31.357
30.7404
30.1228
29.5042
28.8846
28.264
27.6426
27.0202
26.3971
25.7733
25.1488
24.5236
23.898
23.2718
22.6451
22.018
21.3903
20.7621
20.1334
19.504
18.8739
18.243
17.6114
16.979
16.3457
15.7117
15.0768
14.4412
13.8049
13.168
12.5305
11.8927
11.2544
10.6159
9.97725
9.33841
8.69947
8.06046
7.4214
6.78228
6.14309
5.5038
4.86439
4.22481
3.58503
2.945
2.30452
1.66074
0.975465
0.305366
121.34
119.479
118.021
116.612
115.725
115.033
114.419
113.83
113.251
112.684
112.123
111.562
111
110.439
109.878
109.317
108.756
108.195
107.634
107.073
106.513
105.952
105.391
104.831
104.27
103.71
103.149
102.589
102.028
101.467
100.907
100.346
99.7854
99.2245
98.6635
98.1023
97.5409
96.9793
96.4174
95.8553
95.2929
94.7303
94.1674
93.6044
93.0412
92.4779
91.9146
91.3513
90.7881
90.225
89.662
89.0993
88.5368
87.9745
87.4123
86.8504
86.2885
85.7267
85.1648
84.6028
84.0405
83.4779
82.9149
82.3515
81.7877
81.2234
80.6587
80.0936
79.5282
78.9624
78.3964
77.83
77.2635
76.6967
76.1296
75.5623
74.9947
74.4267
73.8584
73.2896
72.7203
72.1505
71.5801
71.009
70.4373
69.8649
69.2919
68.7181
68.1438
67.5688
66.9933
66.4173
65.8409
65.2641
64.6869
64.1095
63.5317
62.9537
62.3754
61.7969
61.2181
60.6389
60.0595
59.4798
58.8996
58.319
57.7379
57.1563
56.5741
55.9913
55.4077
54.8234
54.2383
53.6524
53.0655
52.4777
51.889
51.2993
50.7085
50.1168
49.5241
48.9303
48.3355
47.7396
47.1427
46.5448
45.9459
45.346
44.7451
44.1434
43.5407
42.9373
42.333
41.7281
41.1225
40.5162
39.9094
39.3021
38.6942
38.086
37.4772
36.868
36.2583
35.6481
35.0373
34.4259
33.8138
33.2009
32.5872
31.9725
31.3569
30.7404
30.1228
29.5042
28.8846
28.264
27.6425
27.0202
26.3971
25.7732
25.1487
24.5236
23.8979
23.2718
22.6451
22.018
21.3903
20.7621
20.1334
19.504
18.8739
18.243
17.6114
16.979
16.3457
15.7116
15.0768
14.4412
13.8049
13.168
12.5305
11.8927
11.2544
10.6159
9.97723
9.3384
8.69946
8.06045
7.42139
6.78228
6.14309
5.5038
4.86438
4.22481
3.58503
2.945
2.3045
1.66043
0.975488
0.30571
121.632
119.46
118.022
116.616
115.726
115.033
114.419
113.83
113.251
112.684
112.123
111.562
111
110.439
109.878
109.317
108.756
108.195
107.634
107.073
106.513
105.952
105.391
104.831
104.27
103.71
103.149
102.589
102.028
101.467
100.907
100.346
99.7854
99.2245
98.6635
98.1023
97.5409
96.9793
96.4174
95.8553
95.2929
94.7302
94.1674
93.6044
93.0412
92.4779
91.9146
91.3513
90.7881
90.225
89.662
89.0993
88.5368
87.9744
87.4123
86.8504
86.2885
85.7267
85.1648
84.6027
84.0405
83.4778
82.9149
82.3515
81.7876
81.2234
80.6587
80.0936
79.5282
78.9624
78.3963
77.83
77.2635
76.6966
76.1296
75.5623
74.9947
74.4267
73.8584
73.2896
72.7203
72.1505
71.5801
71.009
70.4373
69.8649
69.2919
68.7181
68.1438
67.5688
66.9933
66.4173
65.8409
65.2641
64.6869
64.1094
63.5317
62.9537
62.3754
61.7968
61.218
60.6389
60.0595
59.4797
58.8996
58.319
57.7379
57.1563
56.5741
55.9913
55.4077
54.8234
54.2383
53.6523
53.0655
52.4777
51.8889
51.2992
50.7085
50.1168
49.524
48.9303
48.3354
47.7396
47.1427
46.5447
45.9458
45.3459
44.7451
44.1433
43.5407
42.9372
42.333
41.7281
41.1224
40.5162
39.9094
39.302
38.6942
38.0859
37.4772
36.868
36.2583
35.6481
35.0373
34.4259
33.8138
33.2009
32.5871
31.9725
31.3569
30.7403
30.1227
29.5041
28.8845
28.264
27.6425
27.0202
26.3971
25.7732
25.1487
24.5236
23.8979
23.2718
22.6451
22.0179
21.3903
20.7621
20.1333
19.5039
18.8738
18.243
17.6114
16.979
16.3457
15.7116
15.0768
14.4411
13.8049
13.1679
12.5305
11.8926
11.2544
10.6159
9.97722
9.33838
8.69945
8.06044
7.42139
6.78227
6.14308
5.5038
4.86439
4.22481
3.58503
2.945
2.30448
1.66023
0.975494
0.305925
121.88
119.451
118.023
116.619
115.727
115.034
114.42
113.83
113.251
112.684
112.123
111.562
111
110.439
109.878
109.317
108.756
108.195
107.634
107.073
106.513
105.952
105.391
104.831
104.27
103.71
103.149
102.589
102.028
101.467
100.907
100.346
99.7854
99.2245
98.6635
98.1023
97.5409
96.9793
96.4174
95.8553
95.2929
94.7302
94.1674
93.6044
93.0412
92.4779
91.9146
91.3513
90.7881
90.225
89.662
89.0993
88.5367
87.9744
87.4123
86.8504
86.2885
85.7267
85.1648
84.6027
84.0404
83.4778
82.9148
82.3515
81.7876
81.2234
80.6587
80.0936
79.5281
78.9624
78.3963
77.83
77.2634
76.6966
76.1296
75.5623
74.9946
74.4267
73.8583
73.2896
72.7203
72.1505
71.5801
71.009
70.4373
69.8649
69.2918
68.7181
68.1437
67.5688
66.9933
66.4173
65.8408
65.264
64.6869
64.1094
63.5317
62.9536
62.3754
61.7968
61.218
60.6389
60.0595
59.4797
58.8995
58.319
57.7379
57.1563
56.5741
55.9913
55.4077
54.8234
54.2383
53.6523
53.0654
52.4777
51.8889
51.2992
50.7085
50.1168
49.524
48.9302
48.3354
47.7395
47.1426
46.5447
45.9458
45.3459
44.745
44.1433
43.5407
42.9372
42.333
41.728
41.1224
40.5162
39.9093
39.302
38.6942
38.0859
37.4772
36.868
36.2583
35.6481
35.0373
34.4259
33.8137
33.2009
32.5871
31.9725
31.3569
30.7403
30.1227
29.5041
28.8845
28.264
27.6425
27.0202
26.397
25.7732
25.1487
24.5236
23.8979
23.2717
22.6451
22.0179
21.3903
20.7621
20.1333
19.5039
18.8738
18.243
17.6114
16.979
16.3457
15.7116
15.0767
14.4411
13.8048
13.1679
12.5305
11.8926
11.2544
10.6159
9.97721
9.33837
8.69944
8.06044
7.42138
6.78227
6.14308
5.5038
4.86438
4.22481
3.58503
2.945
2.30447
1.66011
0.975493
0.306062
122.096
119.447
118.025
116.621
115.728
115.034
114.42
113.83
113.251
112.684
112.123
111.562
111
110.439
109.878
109.317
108.756
108.195
107.634
107.073
106.513
105.952
105.391
104.831
104.27
103.71
103.149
102.589
102.028
101.467
100.907
100.346
99.7854
99.2245
98.6635
98.1023
97.5409
96.9793
96.4174
95.8552
95.2929
94.7302
94.1674
93.6043
93.0412
92.4779
91.9146
91.3513
90.788
90.2249
89.662
89.0993
88.5367
87.9744
87.4123
86.8504
86.2885
85.7267
85.1648
84.6027
84.0404
83.4778
82.9148
82.3514
81.7876
81.2233
80.6586
80.0936
79.5281
78.9623
78.3963
77.83
77.2634
76.6966
76.1296
75.5622
74.9946
74.4267
73.8583
73.2895
72.7203
72.1505
71.58
71.009
70.4373
69.8649
69.2918
68.7181
68.1437
67.5687
66.9932
66.4172
65.8408
65.264
64.6868
64.1094
63.5316
62.9536
62.3753
61.7968
61.218
60.6388
60.0594
59.4797
58.8995
58.3189
57.7379
57.1563
56.5741
55.9912
55.4077
54.8234
54.2383
53.6523
53.0654
52.4776
51.8889
51.2992
50.7085
50.1167
49.524
48.9302
48.3354
47.7395
47.1426
46.5447
45.9458
45.3459
44.745
44.1433
43.5406
42.9372
42.333
41.728
41.1224
40.5161
39.9093
39.302
38.6942
38.0859
37.4771
36.8679
36.2582
35.648
35.0373
34.4258
33.8137
33.2008
32.5871
31.9725
31.3569
30.7403
30.1227
29.5041
28.8845
28.2639
27.6425
27.0201
26.397
25.7732
25.1487
24.5235
23.8979
23.2717
22.6451
22.0179
21.3903
20.7621
20.1333
19.5039
18.8738
18.243
17.6114
16.9789
16.3457
15.7116
15.0767
14.4411
13.8048
13.1679
12.5305
11.8926
11.2544
10.6159
9.9772
9.33836
8.69943
8.06043
7.42137
6.78226
6.14308
5.5038
4.86439
4.22481
3.58503
2.94501
2.30447
1.66002
0.975492
0.30615
122.288
119.446
118.025
116.622
115.728
115.034
114.42
113.83
113.251
112.684
112.123
111.562
111
110.439
109.878
109.317
108.756
108.195
107.634
107.073
106.513
105.952
105.391
104.831
104.27
103.71
103.149
102.589
102.028
101.467
100.907
100.346
99.7854
99.2245
98.6635
98.1023
97.5409
96.9793
96.4174
95.8552
95.2928
94.7302
94.1674
93.6043
93.0411
92.4779
91.9146
91.3513
90.788
90.2249
89.662
89.0992
88.5367
87.9744
87.4123
86.8503
86.2885
85.7267
85.1647
84.6027
84.0404
83.4778
82.9148
82.3514
81.7876
81.2233
80.6586
80.0935
79.5281
78.9623
78.3963
77.83
77.2634
76.6966
76.1295
75.5622
74.9946
74.4267
73.8583
73.2895
72.7203
72.1504
71.58
71.009
70.4373
69.8649
69.2918
68.7181
68.1437
67.5687
66.9932
66.4172
65.8408
65.264
64.6868
64.1094
63.5316
62.9536
62.3753
61.7968
61.2179
60.6388
60.0594
59.4796
58.8995
58.3189
57.7378
57.1562
56.574
55.9912
55.4077
54.8234
54.2382
53.6523
53.0654
52.4776
51.8889
51.2992
50.7084
50.1167
49.524
48.9302
48.3354
47.7395
47.1426
46.5447
45.9457
45.3459
44.745
44.1432
43.5406
42.9372
42.3329
41.728
41.1223
40.5161
39.9093
39.302
38.6941
38.0858
37.4771
36.8679
36.2582
35.648
35.0372
34.4258
33.8137
33.2008
32.5871
31.9724
31.3568
30.7403
30.1227
29.5041
28.8845
28.2639
27.6425
27.0201
26.397
25.7732
25.1486
24.5235
23.8979
23.2717
22.645
22.0179
21.3903
20.7621
20.1333
19.5039
18.8738
18.243
17.6114
16.9789
16.3457
15.7116
15.0767
14.4411
13.8048
13.1679
12.5305
11.8926
11.2544
10.6159
9.97719
9.33835
8.69942
8.06042
7.42137
6.78226
6.14308
5.5038
4.86438
4.22481
3.58503
2.94501
2.30446
1.65997
0.975491
0.306207
122.461
119.445
118.026
116.622
115.729
115.034
114.42
113.83
113.251
112.684
112.123
111.562
111
110.439
109.878
109.317
108.756
108.195
107.634
107.073
106.513
105.952
105.391
104.831
104.27
103.71
103.149
102.589
102.028
101.467
100.907
100.346
99.7854
99.2245
98.6635
98.1023
97.5409
96.9792
96.4174
95.8552
95.2928
94.7302
94.1674
93.6043
93.0411
92.4779
91.9145
91.3512
90.788
90.2249
89.662
89.0992
88.5367
87.9744
87.4123
86.8503
86.2885
85.7266
85.1647
84.6027
84.0404
83.4778
82.9148
82.3514
81.7876
81.2233
80.6586
80.0935
79.5281
78.9623
78.3963
77.8299
77.2634
76.6966
76.1295
75.5622
74.9946
74.4266
73.8583
73.2895
72.7202
72.1504
71.58
71.009
70.4373
69.8649
69.2918
68.718
68.1437
67.5687
66.9932
66.4172
65.8408
65.2639
64.6868
64.1093
63.5316
62.9535
62.3753
61.7967
61.2179
60.6388
60.0594
59.4796
58.8995
58.3189
57.7378
57.1562
56.574
55.9912
55.4076
54.8233
54.2382
53.6522
53.0654
52.4776
51.8889
51.2991
50.7084
50.1167
49.524
48.9302
48.3353
47.7395
47.1426
46.5446
45.9457
45.3458
44.745
44.1432
43.5406
42.9371
42.3329
41.728
41.1223
40.5161
39.9093
39.3019
38.6941
38.0858
37.4771
36.8679
36.2582
35.648
35.0372
34.4258
33.8137
33.2008
32.5871
31.9724
31.3568
30.7402
30.1227
29.5041
28.8845
28.2639
27.6424
27.0201
26.397
25.7731
25.1486
24.5235
23.8979
23.2717
22.645
22.0179
21.3902
20.7621
20.1333
19.5039
18.8738
18.243
17.6114
16.9789
16.3457
15.7116
15.0767
14.4411
13.8048
13.1679
12.5305
11.8926
11.2544
10.6159
9.97718
9.33834
8.69941
8.06041
7.42136
6.78225
6.14307
5.5038
4.86439
4.22481
3.58504
2.94501
2.30446
1.65994
0.975491
0.306244
122.619
119.445
118.027
116.623
115.729
115.034
114.42
113.83
113.251
112.684
112.123
111.562
111
110.439
109.878
109.317
108.756
108.195
107.634
107.073
106.513
105.952
105.391
104.831
104.27
103.71
103.149
102.589
102.028
101.467
100.907
100.346
99.7853
99.2245
98.6635
98.1023
97.5409
96.9792
96.4174
95.8552
95.2928
94.7302
94.1673
93.6043
93.0411
92.4779
91.9145
91.3512
90.788
90.2249
89.6619
89.0992
88.5367
87.9744
87.4123
86.8503
86.2885
85.7266
85.1647
84.6027
84.0404
83.4778
82.9148
82.3514
81.7876
81.2233
80.6586
80.0935
79.528
78.9623
78.3962
77.8299
77.2634
76.6966
76.1295
75.5622
74.9946
74.4266
73.8583
73.2895
72.7202
72.1504
71.58
71.009
70.4372
69.8649
69.2918
68.718
68.1436
67.5687
66.9932
66.4172
65.8407
65.2639
64.6867
64.1093
63.5315
62.9535
62.3752
61.7967
61.2179
60.6388
60.0593
59.4796
58.8994
58.3189
57.7378
57.1562
56.574
55.9912
55.4076
54.8233
54.2382
53.6522
53.0654
52.4776
51.8888
51.2991
50.7084
50.1167
49.5239
48.9302
48.3353
47.7395
47.1425
46.5446
45.9457
45.3458
44.7449
44.1432
43.5406
42.9371
42.3329
41.7279
41.1223
40.5161
39.9092
39.3019
38.6941
38.0858
37.477
36.8679
36.2582
35.648
35.0372
34.4258
33.8137
33.2008
32.587
31.9724
31.3568
30.7402
30.1226
29.504
28.8844
28.2639
27.6424
27.0201
26.397
25.7731
25.1486
24.5235
23.8978
23.2717
22.645
22.0179
21.3902
20.7621
20.1333
19.5039
18.8738
18.243
17.6113
16.9789
16.3457
15.7116
15.0767
14.4411
13.8048
13.1679
12.5304
11.8926
11.2543
10.6159
9.97716
9.33833
8.6994
8.06041
7.42136
6.78225
6.14307
5.5038
4.86439
4.22481
3.58504
2.94501
2.30446
1.65992
0.97549
0.306267
122.766
119.445
118.027
116.623
115.729
115.035
114.42
113.83
113.251
112.684
112.123
111.562
111
110.439
109.878
109.317
108.756
108.195
107.634
107.073
106.513
105.952
105.391
104.831
104.27
103.71
103.149
102.589
102.028
101.467
100.907
100.346
99.7853
99.2245
98.6634
98.1023
97.5409
96.9792
96.4174
95.8552
95.2928
94.7302
94.1673
93.6043
93.0411
92.4778
91.9145
91.3512
90.788
90.2249
89.6619
89.0992
88.5367
87.9744
87.4122
86.8503
86.2884
85.7266
85.1647
84.6027
84.0404
83.4778
82.9148
82.3514
81.7875
81.2233
80.6586
80.0935
79.528
78.9623
78.3962
77.8299
77.2633
76.6965
76.1295
75.5622
74.9946
74.4266
73.8583
73.2895
72.7202
72.1504
71.58
71.0089
70.4372
69.8648
69.2918
68.718
68.1436
67.5687
66.9931
66.4171
65.8407
65.2639
64.6867
64.1093
63.5315
62.9535
62.3752
61.7967
61.2178
60.6387
60.0593
59.4796
58.8994
58.3188
57.7378
57.1562
56.574
55.9912
55.4076
54.8233
54.2382
53.6522
53.0653
52.4776
51.8888
51.2991
50.7084
50.1167
49.5239
48.9301
48.3353
47.7394
47.1425
46.5446
45.9457
45.3458
44.7449
44.1432
43.5405
42.9371
42.3329
41.7279
41.1223
40.516
39.9092
39.3019
38.6941
38.0858
37.477
36.8678
36.2581
35.6479
35.0372
34.4258
33.8136
33.2008
32.587
31.9724
31.3568
30.7402
30.1226
29.504
28.8844
28.2639
27.6424
27.0201
26.397
25.7731
25.1486
24.5235
23.8978
23.2717
22.645
22.0179
21.3902
20.762
20.1333
19.5039
18.8738
18.243
17.6113
16.9789
16.3457
15.7116
15.0767
14.4411
13.8048
13.1679
12.5304
11.8926
11.2543
10.6158
9.97715
9.33832
8.69939
8.0604
7.42135
6.78225
6.14307
5.50379
4.86439
4.22481
3.58504
2.94501
2.30446
1.6599
0.975491
0.306283
122.902
119.446
118.027
116.624
115.729
115.035
114.42
113.83
113.251
112.684
112.123
111.562
111
110.439
109.878
109.317
108.756
108.195
107.634
107.073
106.513
105.952
105.391
104.831
104.27
103.71
103.149
102.589
102.028
101.467
100.907
100.346
99.7853
99.2245
98.6634
98.1023
97.5409
96.9792
96.4173
95.8552
95.2928
94.7302
94.1673
93.6043
93.0411
92.4778
91.9145
91.3512
90.788
90.2249
89.6619
89.0992
88.5366
87.9743
87.4122
86.8503
86.2884
85.7266
85.1647
84.6027
84.0404
83.4778
82.9148
82.3514
81.7875
81.2233
80.6586
80.0935
79.528
78.9623
78.3962
77.8299
77.2633
76.6965
76.1295
75.5622
74.9945
74.4266
73.8583
73.2895
72.7202
72.1504
71.58
71.0089
70.4372
69.8648
69.2917
68.718
68.1436
67.5686
66.9931
66.4171
65.8407
65.2639
64.6867
64.1092
63.5315
62.9535
62.3752
61.7966
61.2178
60.6387
60.0593
59.4795
58.8994
58.3188
57.7377
57.1562
56.574
55.9911
55.4076
54.8233
54.2382
53.6522
53.0653
52.4775
51.8888
51.2991
50.7084
50.1167
49.5239
48.9301
48.3353
47.7394
47.1425
46.5446
45.9456
45.3458
44.7449
44.1432
43.5405
42.9371
42.3328
41.7279
41.1222
40.516
39.9092
39.3019
38.694
38.0858
37.477
36.8678
36.2581
35.6479
35.0371
34.4258
33.8136
33.2008
32.587
31.9724
31.3568
30.7402
30.1226
29.504
28.8844
28.2639
27.6424
27.0201
26.3969
25.7731
25.1486
24.5235
23.8978
23.2717
22.645
22.0179
21.3902
20.762
20.1333
19.5039
18.8738
18.243
17.6113
16.9789
16.3456
15.7116
15.0767
14.4411
13.8048
13.1679
12.5304
11.8926
11.2543
10.6158
9.97714
9.33831
8.69938
8.06039
7.42134
6.78224
6.14307
5.50379
4.86439
4.22482
3.58504
2.94502
2.30446
1.6599
0.975491
0.306293
123.03
119.446
118.028
116.624
115.729
115.035
114.42
113.83
113.251
112.684
112.123
111.562
111
110.439
109.878
109.317
108.756
108.195
107.634
107.073
106.513
105.952
105.391
104.831
104.27
103.71
103.149
102.589
102.028
101.467
100.907
100.346
99.7853
99.2245
98.6634
98.1022
97.5409
96.9792
96.4173
95.8552
95.2928
94.7302
94.1673
93.6043
93.0411
92.4778
91.9145
91.3512
90.788
90.2249
89.6619
89.0992
88.5366
87.9743
87.4122
86.8503
86.2884
85.7266
85.1647
84.6026
84.0404
83.4778
82.9148
82.3514
81.7875
81.2232
80.6585
80.0935
79.528
78.9622
78.3962
77.8299
77.2633
76.6965
76.1295
75.5621
74.9945
74.4266
73.8582
73.2895
72.7202
72.1504
71.58
71.0089
70.4372
69.8648
69.2917
68.718
68.1436
67.5686
66.9931
66.4171
65.8407
65.2638
64.6867
64.1092
63.5314
62.9534
62.3751
61.7966
61.2178
60.6387
60.0593
59.4795
58.8994
58.3188
57.7377
57.1561
56.574
55.9911
55.4076
54.8233
54.2381
53.6522
53.0653
52.4775
51.8888
51.2991
50.7084
50.1166
49.5239
48.9301
48.3353
47.7394
47.1425
46.5446
45.9456
45.3457
44.7449
44.1431
43.5405
42.937
42.3328
41.7279
41.1222
40.516
39.9092
39.3018
38.694
38.0857
37.477
36.8678
36.2581
35.6479
35.0371
34.4257
33.8136
33.2007
32.587
31.9724
31.3568
30.7402
30.1226
29.504
28.8844
28.2638
27.6424
27.02
26.3969
25.7731
25.1486
24.5235
23.8978
23.2716
22.645
22.0178
21.3902
20.762
20.1333
19.5039
18.8738
18.243
17.6113
16.9789
16.3456
15.7116
15.0767
14.4411
13.8048
13.1678
12.5304
11.8925
11.2543
10.6158
9.97713
9.3383
8.69938
8.06039
7.42134
6.78224
6.14306
5.50379
4.86439
4.22482
3.58504
2.94502
2.30447
1.65989
0.975491
0.3063
123.149
119.446
118.028
116.624
115.729
115.035
114.42
113.83
113.251
112.684
112.123
111.562
111
110.439
109.878
109.317
108.756
108.195
107.634
107.073
106.513
105.952
105.391
104.831
104.27
103.71
103.149
102.589
102.028
101.467
100.907
100.346
99.7853
99.2244
98.6634
98.1022
97.5408
96.9792
96.4173
95.8552
95.2928
94.7302
94.1673
93.6043
93.0411
92.4778
91.9145
91.3512
90.7879
90.2248
89.6619
89.0991
88.5366
87.9743
87.4122
86.8503
86.2884
85.7266
85.1647
84.6026
84.0403
83.4777
82.9147
82.3514
81.7875
81.2232
80.6585
80.0934
79.528
78.9622
78.3961
77.8299
77.2633
76.6965
76.1294
75.5621
74.9945
74.4266
73.8582
73.2895
72.7202
72.1504
71.58
71.0089
70.4372
69.8648
69.2917
68.718
68.1436
67.5686
66.9931
66.4171
65.8406
65.2638
64.6866
64.1092
63.5314
62.9534
62.3751
61.7966
61.2177
60.6387
60.0592
59.4795
58.8993
58.3188
57.7377
57.1561
56.5739
55.9911
55.4075
54.8233
54.2381
53.6522
53.0653
52.4775
51.8888
51.2991
50.7083
50.1166
49.5238
48.9301
48.3352
47.7394
47.1425
46.5446
45.9456
45.3457
44.7448
44.1431
43.5405
42.937
42.3328
41.7278
41.1222
40.516
39.9091
39.3018
38.694
38.0857
37.4769
36.8678
36.2581
35.6479
35.0371
34.4257
33.8136
33.2007
32.587
31.9724
31.3567
30.7402
30.1226
29.504
28.8844
28.2638
27.6423
27.02
26.3969
25.7731
25.1485
24.5234
23.8978
23.2716
22.645
22.0178
21.3902
20.762
20.1332
19.5039
18.8738
18.243
17.6113
16.9789
16.3456
15.7116
15.0767
14.4411
13.8047
13.1678
12.5304
11.8925
11.2543
10.6158
9.97712
9.3383
8.69937
8.06038
7.42133
6.78224
6.14306
5.50379
4.86439
4.22482
3.58505
2.94502
2.30447
1.65989
0.975491
0.306305
123.259
119.446
118.028
116.624
115.729
115.035
114.42
113.83
113.251
112.684
112.123
111.562
111
110.439
109.878
109.317
108.756
108.195
107.634
107.073
106.513
105.952
105.391
104.831
104.27
103.71
103.149
102.589
102.028
101.467
100.907
100.346
99.7853
99.2244
98.6634
98.1022
97.5408
96.9792
96.4173
95.8552
95.2928
94.7302
94.1673
93.6043
93.0411
92.4778
91.9145
91.3512
90.7879
90.2248
89.6619
89.0991
88.5366
87.9743
87.4122
86.8502
86.2884
85.7266
85.1647
84.6026
84.0403
83.4777
82.9147
82.3513
81.7875
81.2232
80.6585
80.0934
79.528
78.9622
78.3961
77.8298
77.2633
76.6965
76.1294
75.5621
74.9945
74.4266
73.8582
73.2895
72.7202
72.1504
71.5799
71.0089
70.4372
69.8648
69.2917
68.7179
68.1436
67.5686
66.993
66.4171
65.8406
65.2638
64.6866
64.1092
63.5314
62.9534
62.3751
61.7966
61.2177
60.6386
60.0592
59.4795
58.8993
58.3187
57.7377
57.1561
56.5739
55.9911
55.4075
54.8232
54.2381
53.6521
53.0653
52.4775
51.8887
51.299
50.7083
50.1166
49.5238
48.9301
48.3352
47.7394
47.1424
46.5445
45.9456
45.3457
44.7448
44.1431
43.5404
42.937
42.3328
41.7278
41.1222
40.5159
39.9091
39.3018
38.694
38.0857
37.4769
36.8677
36.2581
35.6479
35.0371
34.4257
33.8136
33.2007
32.587
31.9723
31.3567
30.7402
30.1226
29.504
28.8844
28.2638
27.6423
27.02
26.3969
25.773
25.1485
24.5234
23.8978
23.2716
22.645
22.0178
21.3902
20.762
20.1332
19.5039
18.8738
18.2429
17.6113
16.9789
16.3456
15.7115
15.0767
14.441
13.8047
13.1678
12.5304
11.8925
11.2543
10.6158
9.97711
9.33829
8.69936
8.06038
7.42133
6.78223
6.14306
5.50379
4.86439
4.22482
3.58505
2.94502
2.30447
1.65989
0.975492
0.306308
123.359
119.446
118.028
116.624
115.729
115.035
114.42
113.83
113.251
112.684
112.123
111.562
111
110.439
109.878
109.317
108.756
108.195
107.634
107.073
106.513
105.952
105.391
104.831
104.27
103.71
103.149
102.589
102.028
101.467
100.907
100.346
99.7853
99.2244
98.6634
98.1022
97.5408
96.9792
96.4173
95.8552
95.2928
94.7302
94.1673
93.6043
93.0411
92.4778
91.9145
91.3512
90.7879
90.2248
89.6619
89.0991
88.5366
87.9743
87.4122
86.8502
86.2884
85.7266
85.1647
84.6026
84.0403
83.4777
82.9147
82.3513
81.7875
81.2232
80.6585
80.0934
79.5279
78.9622
78.3961
77.8298
77.2633
76.6965
76.1294
75.5621
74.9945
74.4266
73.8582
73.2895
72.7202
72.1504
71.5799
71.0089
70.4372
69.8648
69.2917
68.7179
68.1435
67.5686
66.993
66.417
65.8406
65.2638
64.6866
64.1091
63.5313
62.9534
62.375
61.7965
61.2177
60.6386
60.0592
59.4795
58.8993
58.3187
57.7377
57.1561
56.5739
55.9911
55.4075
54.8232
54.2381
53.6521
53.0652
52.4775
51.8887
51.299
50.7083
50.1166
49.5238
48.9301
48.3352
47.7394
47.1424
46.5445
45.9456
45.3457
44.7448
44.1431
43.5404
42.937
42.3327
41.7278
41.1221
40.5159
39.9091
39.3018
38.6939
38.0857
37.4769
36.8677
36.258
35.6479
35.0371
34.4257
33.8136
33.2007
32.5869
31.9723
31.3567
30.7402
30.1225
29.504
28.8843
28.2638
27.6423
27.02
26.3969
25.773
25.1485
24.5234
23.8977
23.2716
22.6449
22.0178
21.3902
20.762
20.1332
19.5039
18.8738
18.2429
17.6113
16.9789
16.3456
15.7115
15.0766
14.441
13.8047
13.1678
12.5304
11.8925
11.2543
10.6158
9.9771
9.33828
8.69935
8.06037
7.42132
6.78223
6.14306
5.50379
4.86439
4.22482
3.58505
2.94503
2.30447
1.65989
0.975492
0.306311
123.445
119.446
118.028
116.624
115.729
115.035
114.42
113.83
113.251
112.684
112.123
111.562
111
110.439
109.878
109.317
108.756
108.195
107.634
107.073
106.513
105.952
105.391
104.831
104.27
103.71
103.149
102.589
102.028
101.467
100.907
100.346
99.7853
99.2244
98.6634
98.1022
97.5408
96.9792
96.4173
95.8552
95.2928
94.7301
94.1673
93.6042
93.041
92.4778
91.9145
91.3512
90.7879
90.2248
89.6618
89.0991
88.5366
87.9743
87.4122
86.8502
86.2884
85.7265
85.1646
84.6026
84.0403
83.4777
82.9147
82.3513
81.7875
81.2232
80.6585
80.0934
79.5279
78.9622
78.3961
77.8298
77.2632
76.6965
76.1294
75.5621
74.9945
74.4265
73.8582
73.2894
72.7202
72.1504
71.5799
71.0089
70.4372
69.8648
69.2917
68.7179
68.1435
67.5686
66.993
66.417
65.8406
65.2638
64.6866
64.1091
63.5313
62.9533
62.375
61.7965
61.2177
60.6386
60.0592
59.4794
58.8993
58.3187
57.7376
57.1561
56.5739
55.9911
55.4075
54.8232
54.2381
53.6521
53.0652
52.4775
51.8887
51.299
50.7083
50.1166
49.5238
48.93
48.3352
47.7393
47.1424
46.5445
45.9455
45.3457
44.7448
44.1431
43.5404
42.937
42.3327
41.7278
41.1221
40.5159
39.9091
39.3018
38.6939
38.0856
37.4769
36.8677
36.258
35.6478
35.0371
34.4257
33.8135
33.2007
32.5869
31.9723
31.3567
30.7401
30.1225
29.5039
28.8843
28.2638
27.6423
27.02
26.3969
25.773
25.1485
24.5234
23.8977
23.2716
22.6449
22.0178
21.3902
20.762
20.1332
19.5038
18.8738
18.2429
17.6113
16.9789
16.3456
15.7115
15.0766
14.441
13.8047
13.1678
12.5304
11.8925
11.2543
10.6158
9.97709
9.33828
8.69935
8.06037
7.42132
6.78223
6.14306
5.50379
4.86439
4.22482
3.58505
2.94503
2.30447
1.65988
0.975493
0.306312
123.513
119.446
118.028
116.624
115.729
115.035
114.42
113.83
113.251
112.684
112.123
111.562
111
110.439
109.878
109.317
108.756
108.195
107.634
107.073
106.513
105.952
105.391
104.831
104.27
103.71
103.149
102.589
102.028
101.467
100.907
100.346
99.7853
99.2244
98.6634
98.1022
97.5408
96.9792
96.4173
95.8552
95.2928
94.7301
94.1673
93.6042
93.041
92.4778
91.9144
91.3512
90.7879
90.2248
89.6618
89.0991
88.5366
87.9743
87.4122
86.8502
86.2883
85.7265
85.1646
84.6026
84.0403
83.4777
82.9147
82.3513
81.7874
81.2232
80.6585
80.0934
79.5279
78.9622
78.3961
77.8298
77.2632
76.6965
76.1294
75.5621
74.9945
74.4265
73.8582
73.2894
72.7201
72.1504
71.5799
71.0089
70.4371
69.8648
69.2916
68.7179
68.1435
67.5686
66.993
66.417
65.8405
65.2638
64.6865
64.1091
63.5313
62.9533
62.375
61.7965
61.2176
60.6386
60.0591
59.4794
58.8992
58.3187
57.7376
57.1561
56.5739
55.9911
55.4075
54.8232
54.2381
53.6521
53.0652
52.4775
51.8887
51.299
50.7083
50.1166
49.5238
48.93
48.3352
47.7393
47.1424
46.5445
45.9455
45.3457
44.7448
44.1431
43.5404
42.937
42.3327
41.7278
41.1221
40.5159
39.909
39.3018
38.6939
38.0856
37.4769
36.8677
36.258
35.6478
35.037
34.4257
33.8135
33.2007
32.5869
31.9723
31.3567
30.7401
30.1225
29.5039
28.8843
28.2638
27.6423
27.02
26.3968
25.773
25.1485
24.5234
23.8977
23.2716
22.6449
22.0178
21.3901
20.762
20.1332
19.5038
18.8737
18.2429
17.6113
16.9789
16.3456
15.7115
15.0766
14.441
13.8047
13.1678
12.5304
11.8925
11.2543
10.6158
9.97708
9.33827
8.69934
8.06037
7.42131
6.78223
6.14305
5.50379
4.86439
4.22482
3.58505
2.94503
2.30447
1.65988
0.975493
0.306313
123.538
119.446
118.028
116.624
115.729
115.035
114.42
113.83
113.251
112.684
112.123
111.562
111
110.439
109.878
109.317
108.756
108.195
107.634
107.073
106.513
105.952
105.391
104.831
104.27
103.71
103.149
102.589
102.028
101.467
100.907
100.346
99.7853
99.2244
98.6634
98.1022
97.5408
96.9792
96.4173
95.8552
95.2928
94.7301
94.1673
93.6042
93.041
92.4778
91.9144
91.3512
90.7879
90.2248
89.6618
89.0991
88.5366
87.9743
87.4122
86.8502
86.2883
85.7265
85.1646
84.6026
84.0403
83.4777
82.9147
82.3513
81.7874
81.2232
80.6585
80.0934
79.5279
78.9622
78.3961
77.8298
77.2632
76.6965
76.1294
75.5621
74.9945
74.4265
73.8582
73.2894
72.7201
72.1504
71.5799
71.0089
70.4371
69.8648
69.2916
68.7179
68.1435
67.5685
66.993
66.417
65.8405
65.2637
64.6865
64.1091
63.5313
62.9533
62.375
61.7965
61.2176
60.6386
60.0591
59.4794
58.8992
58.3187
57.7376
57.1561
56.5739
55.9911
55.4075
54.8232
54.2381
53.6521
53.0652
52.4775
51.8887
51.299
50.7083
50.1166
49.5238
48.93
48.3352
47.7393
47.1424
46.5445
45.9455
45.3457
44.7448
44.143
43.5404
42.937
42.3327
41.7278
41.1221
40.5159
39.909
39.3018
38.6939
38.0856
37.4769
36.8677
36.258
35.6478
35.037
34.4257
33.8135
33.2007
32.5869
31.9723
31.3567
30.7401
30.1225
29.5039
28.8843
28.2638
27.6423
27.02
26.3968
25.773
25.1485
24.5234
23.8977
23.2716
22.6449
22.0178
21.3901
20.762
20.1332
19.5038
18.8737
18.2429
17.6113
16.9789
16.3456
15.7115
15.0766
14.441
13.8047
13.1678
12.5304
11.8925
11.2543
10.6158
9.97708
9.33827
8.69934
8.06036
7.42131
6.78223
6.14305
5.50379
4.86439
4.22482
3.58505
2.94503
2.30448
1.65988
0.975494
0.306314
123.525
119.446
118.028
116.624
115.729
115.035
114.42
113.83
113.251
112.684
112.123
111.562
111
110.439
109.878
109.317
108.756
108.195
107.634
107.073
106.513
105.952
105.391
104.831
104.27
103.71
103.149
102.589
102.028
101.467
100.907
100.346
99.7853
99.2244
98.6634
98.1022
97.5408
96.9792
96.4173
95.8552
95.2928
94.7301
94.1673
93.6042
93.041
92.4778
91.9144
91.3512
90.7879
90.2248
89.6618
89.0991
88.5366
87.9743
87.4121
86.8502
86.2883
85.7265
85.1646
84.6026
84.0403
83.4777
82.9147
82.3513
81.7874
81.2232
80.6585
80.0934
79.5279
78.9622
78.3961
77.8298
77.2632
76.6965
76.1294
75.5621
74.9945
74.4265
73.8582
73.2894
72.7201
72.1504
71.5799
71.0089
70.4371
69.8648
69.2916
68.7179
68.1435
67.5686
66.993
66.417
65.8405
65.2638
64.6865
64.1091
63.5313
62.9533
62.375
61.7965
61.2176
60.6386
60.0591
59.4794
58.8992
58.3187
57.7376
57.1561
56.5739
55.9911
55.4075
54.8232
54.2381
53.6521
53.0652
52.4775
51.8887
51.299
50.7083
50.1166
49.5238
48.93
48.3352
47.7393
47.1424
46.5445
45.9455
45.3457
44.7448
44.1431
43.5404
42.937
42.3327
41.7278
41.1221
40.5159
39.909
39.3018
38.6939
38.0856
37.4769
36.8677
36.258
35.6478
35.037
34.4257
33.8135
33.2007
32.5869
31.9723
31.3567
30.7401
30.1225
29.5039
28.8843
28.2638
27.6423
27.02
26.3968
25.773
25.1485
24.5234
23.8977
23.2716
22.6449
22.0178
21.3901
20.762
20.1332
19.5039
18.8737
18.2429
17.6113
16.9789
16.3456
15.7115
15.0766
14.441
13.8047
13.1678
12.5303
11.8925
11.2543
10.6158
9.97708
9.33827
8.69933
8.06036
7.42131
6.78223
6.14305
5.50379
4.86439
4.22482
3.58506
2.94503
2.30448
1.65988
0.975494
0.306314
125.712
119.77
118.247
116.799
115.826
115.082
114.44
113.839
113.256
112.686
112.123
111.562
111
110.439
109.878
109.317
108.756
108.195
107.634
107.073
106.512
105.952
105.391
104.831
104.27
103.709
103.149
102.588
102.028
101.467
100.906
100.346
99.7848
99.224
98.663
98.1019
97.5405
96.9789
96.417
95.8549
95.2925
94.7298
94.1669
93.6038
93.0405
92.4773
91.9139
91.3506
90.7872
90.2242
89.6611
89.0984
88.5358
87.9736
87.4114
86.8496
86.2877
85.726
85.1642
84.6022
84.0399
83.4773
82.9142
82.3508
81.7868
81.2224
80.6575
80.0925
79.5268
78.9611
78.395
77.8288
77.2622
76.6956
76.1285
75.5613
74.9937
74.4259
73.8575
73.2888
72.7195
72.1498
71.5793
71.0083
70.4365
69.8641
69.2908
68.717
68.1424
67.5675
66.9917
66.4157
65.8391
65.2624
64.685
64.1077
63.5298
62.9519
62.3736
61.7952
61.2162
60.6373
60.0578
59.4782
58.8979
58.3175
57.7364
57.155
56.5728
55.9901
55.4065
54.8222
54.237
53.6511
53.0641
52.4764
51.8875
51.2979
50.707
50.1154
49.5225
48.9289
48.3339
47.7381
47.1411
46.5433
45.9442
45.3444
44.7434
44.1418
43.539
42.9357
42.3314
41.7265
41.1207
40.5146
39.9076
39.3004
38.6924
38.0843
37.4754
36.8664
36.2566
35.6467
35.0358
34.4246
33.8125
33.1997
32.586
31.9714
31.3558
30.7392
30.1216
29.503
28.8833
28.2628
27.6412
27.019
26.3957
25.772
25.1474
24.5224
23.8966
23.2706
22.6439
22.017
21.3894
20.7613
20.1326
19.5034
18.8733
18.2425
17.6109
16.9785
16.3452
15.7111
15.0761
14.4404
13.804
13.1671
12.5296
11.8918
11.2535
10.6151
9.97638
9.33771
8.6988
8.05997
7.42098
6.78202
6.14295
5.50377
4.86449
4.22495
3.58527
2.94513
2.30414
1.65749
0.97439
0.307435
125.709
119.77
118.247
116.799
115.826
115.082
114.44
113.839
113.256
112.686
112.123
111.562
111
110.439
109.878
109.317
108.756
108.195
107.634
107.073
106.512
105.952
105.391
104.831
104.27
103.709
103.149
102.588
102.028
101.467
100.906
100.346
99.7848
99.224
98.663
98.1019
97.5405
96.9789
96.4171
95.8549
95.2925
94.7298
94.1669
93.6038
93.0406
92.4773
91.9139
91.3506
90.7872
90.2242
89.6611
89.0984
88.5358
87.9736
87.4114
86.8496
86.2877
85.726
85.1642
84.6022
84.0399
83.4773
82.9143
82.3508
81.7868
81.2224
80.6575
80.0924
79.5268
78.9611
78.395
77.8288
77.2622
76.6956
76.1285
75.5613
74.9937
74.4259
73.8575
73.2888
72.7195
72.1498
71.5793
71.0083
70.4365
69.8641
69.2908
68.717
68.1425
67.5675
66.9917
66.4157
65.8391
65.2623
64.685
64.1077
63.5298
62.9519
62.3736
61.7952
61.2163
60.6373
60.0578
59.4782
58.898
58.3175
57.7364
57.155
56.5728
55.9901
55.4065
54.8222
54.237
53.6511
53.0641
52.4764
51.8875
51.2979
50.7071
50.1154
49.5225
48.9288
48.3339
47.7381
47.1411
46.5433
45.9442
45.3444
44.7435
44.1418
43.5391
42.9357
42.3314
41.7265
41.1208
40.5146
39.9076
39.3004
38.6924
38.0843
37.4754
36.8664
36.2567
35.6467
35.0359
34.4246
33.8125
33.1997
32.586
31.9714
31.3558
30.7392
30.1216
29.503
28.8833
28.2628
27.6412
27.019
26.3957
25.772
25.1474
24.5224
23.8966
23.2706
22.6439
22.017
21.3894
20.7613
20.1326
19.5034
18.8733
18.2425
17.611
16.9785
16.3452
15.7111
15.0761
14.4404
13.804
13.1671
12.5296
11.8918
11.2535
10.6151
9.97639
9.33771
8.6988
8.05997
7.42099
6.78202
6.14295
5.50377
4.86449
4.22495
3.58526
2.94513
2.30414
1.65749
0.97439
0.307435
125.705
119.77
118.247
116.799
115.826
115.082
114.44
113.839
113.256
112.686
112.123
111.562
111
110.439
109.878
109.317
108.756
108.195
107.634
107.073
106.512
105.952
105.391
104.831
104.27
103.709
103.149
102.588
102.028
101.467
100.906
100.346
99.7848
99.224
98.663
98.1019
97.5405
96.9789
96.417
95.8549
95.2925
94.7298
94.1669
93.6038
93.0406
92.4773
91.9139
91.3506
90.7872
90.2242
89.6611
89.0984
88.5358
87.9736
87.4114
86.8496
86.2877
85.726
85.1642
84.6022
84.0399
83.4773
82.9142
82.3508
81.7868
81.2224
80.6575
80.0925
79.5268
78.9612
78.395
77.8288
77.2622
76.6956
76.1285
75.5613
74.9937
74.4259
73.8575
73.2888
72.7195
72.1498
71.5793
71.0083
70.4365
69.8641
69.2908
68.717
68.1425
67.5675
66.9917
66.4157
65.8391
65.2624
64.685
64.1077
63.5298
62.952
62.3736
61.7952
61.2163
60.6373
60.0578
59.4782
58.898
58.3175
57.7364
57.155
56.5728
55.9901
55.4065
54.8222
54.237
53.6511
53.0641
52.4764
51.8875
51.2979
50.7071
50.1154
49.5225
48.9289
48.3339
47.7381
47.1411
46.5433
45.9442
45.3444
44.7434
44.1418
43.5391
42.9357
42.3314
41.7265
41.1208
40.5146
39.9076
39.3004
38.6924
38.0843
37.4754
36.8664
36.2567
35.6467
35.0359
34.4246
33.8125
33.1997
32.586
31.9714
31.3558
30.7392
30.1216
29.503
28.8833
28.2628
27.6412
27.019
26.3957
25.772
25.1474
24.5224
23.8966
23.2706
22.6439
22.017
21.3894
20.7614
20.1326
19.5034
18.8733
18.2425
17.6109
16.9785
16.3452
15.7111
15.0761
14.4404
13.804
13.1671
12.5296
11.8918
11.2535
10.6151
9.97639
9.33772
8.6988
8.05997
7.42099
6.78202
6.14295
5.50377
4.86448
4.22495
3.58526
2.94513
2.30414
1.65749
0.974388
0.307435
125.7
119.77
118.247
116.799
115.826
115.082
114.44
113.839
113.256
112.686
112.123
111.562
111
110.439
109.878
109.317
108.756
108.195
107.634
107.073
106.512
105.952
105.391
104.831
104.27
103.709
103.149
102.588
102.028
101.467
100.906
100.346
99.7848
99.224
98.663
98.1019
97.5405
96.9789
96.4171
95.8549
95.2925
94.7298
94.1669
93.6038
93.0406
92.4773
91.9139
91.3506
90.7872
90.2242
89.6611
89.0984
88.5358
87.9736
87.4114
86.8496
86.2877
85.726
85.1642
84.6022
84.0399
83.4773
82.9143
82.3508
81.7868
81.2224
80.6576
80.0925
79.5268
78.9612
78.395
77.8288
77.2622
76.6956
76.1285
75.5613
74.9937
74.4259
73.8575
73.2888
72.7195
72.1498
71.5793
71.0083
70.4365
69.8641
69.2908
68.717
68.1425
67.5675
66.9917
66.4157
65.8391
65.2624
64.685
64.1077
63.5298
62.952
62.3736
61.7952
61.2163
60.6373
60.0578
59.4782
58.898
58.3175
57.7365
57.155
56.5728
55.9901
55.4065
54.8222
54.2371
53.6511
53.0642
52.4764
51.8876
51.2979
50.7071
50.1154
49.5226
48.9289
48.3339
47.7381
47.1411
46.5433
45.9442
45.3444
44.7435
44.1418
43.5391
42.9357
42.3314
41.7265
41.1208
40.5146
39.9077
39.3004
38.6925
38.0843
37.4755
36.8664
36.2567
35.6467
35.0359
34.4246
33.8125
33.1997
32.586
31.9714
31.3558
30.7392
30.1216
29.503
28.8833
28.2628
27.6412
27.019
26.3957
25.772
25.1474
24.5224
23.8967
23.2707
22.644
22.017
21.3894
20.7613
20.1326
19.5034
18.8733
18.2425
17.6109
16.9785
16.3452
15.7111
15.0761
14.4404
13.804
13.1671
12.5296
11.8918
11.2535
10.6151
9.9764
9.33772
8.69881
8.05997
7.42099
6.78202
6.14295
5.50377
4.86448
4.22495
3.58526
2.94513
2.30414
1.65749
0.974387
0.307434
125.695
119.77
118.247
116.799
115.826
115.082
114.44
113.839
113.256
112.686
112.123
111.562
111
110.439
109.878
109.317
108.756
108.195
107.634
107.073
106.512
105.952
105.391
104.831
104.27
103.709
103.149
102.588
102.028
101.467
100.906
100.346
99.7848
99.224
98.663
98.1019
97.5405
96.9789
96.4171
95.8549
95.2925
94.7298
94.1669
93.6038
93.0406
92.4773
91.9139
91.3506
90.7873
90.2242
89.6611
89.0984
88.5358
87.9736
87.4114
86.8496
86.2877
85.726
85.1642
84.6022
84.0399
83.4773
82.9143
82.3508
81.7868
81.2225
80.6576
80.0925
79.5268
78.9612
78.395
77.8288
77.2622
76.6956
76.1285
75.5613
74.9937
74.4259
73.8575
73.2888
72.7195
72.1498
71.5793
71.0083
70.4365
69.8641
69.2908
68.7171
68.1425
67.5675
66.9917
66.4158
65.8391
65.2624
64.6851
64.1077
63.5298
62.952
62.3736
61.7952
61.2163
60.6373
60.0578
59.4782
58.898
58.3176
57.7365
57.155
56.5728
55.9901
55.4065
54.8223
54.2371
53.6511
53.0642
52.4764
51.8876
51.2979
50.7071
50.1154
49.5226
48.9289
48.3339
47.7381
47.1411
46.5433
45.9442
45.3444
44.7435
44.1418
43.5391
42.9357
42.3314
41.7265
41.1208
40.5146
39.9077
39.3004
38.6925
38.0843
37.4755
36.8664
36.2567
35.6467
35.0359
34.4246
33.8125
33.1997
32.586
31.9714
31.3558
30.7392
30.1216
29.503
28.8833
28.2628
27.6413
27.019
26.3958
25.772
25.1474
24.5224
23.8967
23.2707
22.644
22.017
21.3894
20.7614
20.1326
19.5034
18.8733
18.2425
17.6109
16.9785
16.3452
15.7111
15.0761
14.4404
13.804
13.1671
12.5296
11.8918
11.2535
10.6151
9.97641
9.33773
8.69882
8.05998
7.42099
6.78203
6.14295
5.50377
4.86448
4.22495
3.58525
2.94512
2.30413
1.65749
0.974384
0.307433
125.692
119.77
118.247
116.799
115.826
115.082
114.44
113.839
113.256
112.686
112.123
111.562
111
110.439
109.878
109.317
108.756
108.195
107.634
107.073
106.512
105.952
105.391
104.831
104.27
103.709
103.149
102.588
102.028
101.467
100.906
100.346
99.7848
99.224
98.663
98.1019
97.5405
96.9789
96.4171
95.8549
95.2925
94.7298
94.1669
93.6038
93.0406
92.4773
91.9139
91.3506
90.7873
90.2242
89.6611
89.0984
88.5358
87.9736
87.4114
86.8496
86.2878
85.726
85.1642
84.6022
84.0399
83.4773
82.9143
82.3508
81.7868
81.2225
80.6576
80.0925
79.5269
78.9612
78.395
77.8288
77.2622
76.6956
76.1285
75.5613
74.9937
74.4259
73.8575
73.2888
72.7196
72.1498
71.5793
71.0083
70.4365
69.8641
69.2909
68.7171
68.1425
67.5675
66.9918
66.4158
65.8391
65.2624
64.6851
64.1077
63.5299
62.952
62.3736
61.7952
61.2163
60.6373
60.0578
59.4782
58.898
58.3176
57.7365
57.155
56.5728
55.9901
55.4065
54.8223
54.2371
53.6511
53.0642
52.4764
51.8876
51.2979
50.7071
50.1154
49.5226
48.9289
48.3339
47.7381
47.1411
46.5433
45.9443
45.3444
44.7435
44.1418
43.5391
42.9357
42.3314
41.7265
41.1208
40.5146
39.9077
39.3005
38.6925
38.0843
37.4755
36.8665
36.2567
35.6467
35.0359
34.4246
33.8125
33.1997
32.586
31.9714
31.3558
30.7392
30.1216
29.503
28.8834
28.2628
27.6413
27.019
26.3958
25.772
25.1474
24.5224
23.8967
23.2707
22.644
22.017
21.3894
20.7614
20.1327
19.5034
18.8733
18.2425
17.6109
16.9785
16.3452
15.7111
15.0761
14.4404
13.804
13.1671
12.5296
11.8918
11.2535
10.6151
9.97642
9.33774
8.69883
8.05998
7.421
6.78203
6.14295
5.50377
4.86448
4.22494
3.58525
2.94512
2.30413
1.65748
0.974382
0.30743
125.683
119.77
118.247
116.799
115.826
115.082
114.44
113.839
113.256
112.686
112.123
111.562
111
110.439
109.878
109.317
108.756
108.195
107.634
107.073
106.512
105.952
105.391
104.831
104.27
103.709
103.149
102.588
102.028
101.467
100.906
100.346
99.7849
99.2241
98.663
98.1019
97.5405
96.9789
96.4171
95.8549
95.2925
94.7298
94.1669
93.6038
93.0406
92.4773
91.9139
91.3506
90.7873
90.2242
89.6612
89.0985
88.5358
87.9736
87.4114
86.8496
86.2878
85.726
85.1642
84.6022
84.0399
83.4773
82.9143
82.3508
81.7868
81.2225
80.6576
80.0925
79.5269
78.9612
78.395
77.8289
77.2623
76.6956
76.1285
75.5614
74.9937
74.4259
73.8576
73.2888
72.7196
72.1498
71.5793
71.0083
70.4365
69.8641
69.2909
68.7171
68.1425
67.5675
66.9918
66.4158
65.8392
65.2624
64.6851
64.1078
63.5299
62.952
62.3737
61.7953
61.2163
60.6374
60.0579
59.4782
58.898
58.3176
57.7365
57.1551
56.5728
55.9901
55.4065
54.8223
54.2371
53.6512
53.0642
52.4765
51.8876
51.2979
50.7071
50.1155
49.5226
48.9289
48.334
47.7382
47.1412
46.5433
45.9443
45.3445
44.7435
44.1419
43.5391
42.9358
42.3314
41.7266
41.1208
40.5147
39.9077
39.3005
38.6925
38.0844
37.4755
36.8665
36.2567
35.6467
35.0359
34.4247
33.8125
33.1998
32.586
31.9714
31.3558
30.7393
30.1216
29.503
28.8834
28.2629
27.6413
27.019
26.3958
25.772
25.1474
24.5224
23.8967
23.2707
22.644
22.017
21.3894
20.7614
20.1327
19.5034
18.8733
18.2426
17.6109
16.9785
16.3452
15.7111
15.0761
14.4405
13.804
13.1672
12.5296
11.8918
11.2535
10.6152
9.97644
9.33775
8.69884
8.05999
7.42101
6.78203
6.14295
5.50377
4.86447
4.22494
3.58524
2.94511
2.30412
1.65748
0.974377
0.307426
125.619
119.769
118.246
116.799
115.826
115.082
114.44
113.839
113.256
112.686
112.123
111.562
111
110.439
109.878
109.317
108.756
108.195
107.634
107.073
106.512
105.952
105.391
104.831
104.27
103.709
103.149
102.588
102.028
101.467
100.906
100.346
99.7849
99.2241
98.6631
98.102
97.5406
96.979
96.4171
95.8549
95.2925
94.7298
94.1669
93.6039
93.0406
92.4773
91.9139
91.3506
90.7873
90.2242
89.6612
89.0985
88.5359
87.9737
87.4115
86.8497
86.2878
85.7261
85.1643
84.6022
84.04
83.4774
82.9143
82.3508
81.7869
81.2225
80.6577
80.0926
79.527
78.9613
78.3951
77.8289
77.2623
76.6957
76.1286
75.5614
74.9938
74.4259
73.8576
73.2889
72.7196
72.1498
71.5794
71.0084
70.4366
69.8642
69.291
68.7172
68.1426
67.5676
66.9919
66.4159
65.8393
65.2625
64.6852
64.1079
63.53
62.9521
62.3738
61.7953
61.2165
60.6375
60.058
59.4783
58.8981
58.3177
57.7366
57.1551
56.5729
55.9902
55.4066
54.8224
54.2372
53.6512
53.0643
52.4765
51.8877
51.298
50.7072
50.1156
49.5227
48.929
48.3341
47.7383
47.1413
46.5434
45.9444
45.3446
44.7436
44.1419
43.5392
42.9359
42.3316
41.7267
41.1209
40.5148
39.9078
39.3006
38.6926
38.0845
37.4756
36.8666
36.2568
35.6468
35.036
34.4248
33.8127
33.1999
32.5861
31.9715
31.3559
30.7394
30.1217
29.5031
28.8835
28.2629
27.6414
27.0191
26.3959
25.7721
25.1475
24.5225
23.8968
23.2708
22.6441
22.0171
21.3895
20.7614
20.1327
19.5034
18.8734
18.2426
17.611
16.9785
16.3453
15.7111
15.0762
14.4405
13.8041
13.1672
12.5297
11.8919
11.2536
10.6152
9.97647
9.33777
8.69886
8.06001
7.42103
6.78205
6.14297
5.50378
4.86448
4.22494
3.58525
2.94512
2.30412
1.65749
0.974374
0.307414
125.473
119.766
118.246
116.799
115.826
115.082
114.44
113.839
113.256
112.686
112.123
111.562
111
110.439
109.878
109.317
108.756
108.195
107.634
107.073
106.512
105.952
105.391
104.831
104.27
103.709
103.149
102.588
102.028
101.467
100.906
100.346
99.7849
99.2241
98.6631
98.102
97.5406
96.979
96.4172
95.855
95.2926
94.7299
94.167
93.6039
93.0407
92.4774
91.914
91.3507
90.7874
90.2243
89.6612
89.0986
88.5359
87.9737
87.4116
86.8497
86.2879
85.7262
85.1643
84.6023
84.0401
83.4775
82.9144
82.351
81.787
81.2227
80.6578
80.0927
79.5271
78.9614
78.3952
77.829
77.2624
76.6958
76.1287
75.5615
74.9939
74.4261
73.8577
73.289
72.7198
72.15
71.5795
71.0085
70.4367
69.8643
69.2911
68.7173
68.1427
67.5677
66.992
66.4161
65.8395
65.2627
64.6854
64.108
63.5302
62.9523
62.3739
61.7955
61.2166
60.6376
60.0581
59.4785
58.8983
58.3179
57.7368
57.1553
56.5731
55.9904
55.4068
54.8225
54.2374
53.6514
53.0645
52.4767
51.8879
51.2982
50.7074
50.1158
49.5229
48.9292
48.3343
47.7385
47.1415
46.5436
45.9446
45.3448
44.7438
44.1421
43.5394
42.936
42.3317
41.7268
41.1211
40.5149
39.908
39.3007
38.6928
38.0846
37.4758
36.8667
36.257
35.647
35.0362
34.4249
33.8128
33.2
32.5863
31.9717
31.3561
30.7395
30.1219
29.5033
28.8836
28.2631
27.6415
27.0192
26.396
25.7722
25.1476
24.5226
23.8969
23.2709
22.6442
22.0172
21.3896
20.7615
20.1328
19.5035
18.8735
18.2427
17.6111
16.9787
16.3454
15.7112
15.0763
14.4406
13.8042
13.1673
12.5298
11.8919
11.2536
10.6152
9.97652
9.33782
8.6989
8.06005
7.42106
6.78207
6.14299
5.5038
4.8645
4.22495
3.58525
2.94512
2.30413
1.65751
0.974365
0.307389
125.316
119.764
118.245
116.798
115.826
115.082
114.44
113.839
113.256
112.686
112.123
111.562
111
110.439
109.878
109.317
108.756
108.195
107.634
107.073
106.512
105.952
105.391
104.831
104.27
103.71
103.149
102.588
102.028
101.467
100.906
100.346
99.785
99.2242
98.6632
98.1021
97.5407
96.9791
96.4172
95.855
95.2926
94.73
94.1671
93.604
93.0408
92.4775
91.9141
91.3508
90.7875
90.2244
89.6613
89.0986
88.536
87.9738
87.4117
86.8498
86.288
85.7263
85.1644
84.6024
84.0402
83.4775
82.9145
82.351
81.7871
81.2228
80.6579
80.0928
79.5272
78.9615
78.3954
77.8292
77.2626
76.6959
76.1288
75.5616
74.994
74.4262
73.8578
73.2891
72.7199
72.15
71.5796
71.0086
70.4368
69.8644
69.2912
68.7174
68.1429
67.5679
66.9922
66.4162
65.8397
65.2629
64.6856
64.1082
63.5304
62.9525
62.3742
61.7957
61.2168
60.6378
60.0584
59.4787
58.8985
58.318
57.737
57.1555
56.5733
55.9905
55.4069
54.8227
54.2375
53.6516
53.0646
52.4769
51.8881
51.2984
50.7076
50.1159
49.5231
48.9294
48.3345
47.7386
47.1417
46.5438
45.9448
45.3449
44.744
44.1423
43.5396
42.9362
42.3319
41.727
41.1213
40.5151
39.9082
39.3009
38.693
38.0848
37.476
36.8669
36.2572
35.6471
35.0364
34.4251
33.813
33.2002
32.5865
31.9718
31.3563
30.7397
30.122
29.5034
28.8838
28.2632
27.6417
27.0194
26.3962
25.7724
25.1478
24.5228
23.897
23.271
22.6443
22.0173
21.3897
20.7616
20.1329
19.5036
18.8736
18.2428
17.6112
16.9787
16.3454
15.7113
15.0764
14.4407
13.8043
13.1674
12.5299
11.892
11.2537
10.6153
9.97661
9.33789
8.69897
8.06009
7.4211
6.7821
6.14301
5.5038
4.86449
4.22494
3.58523
2.9451
2.30411
1.65752
0.974345
0.307351
125.155
119.763
118.244
116.798
115.826
115.082
114.44
113.839
113.256
112.686
112.123
111.562
111
110.439
109.878
109.317
108.756
108.195
107.634
107.073
106.512
105.952
105.391
104.831
104.27
103.71
103.149
102.588
102.028
101.467
100.907
100.346
99.7851
99.2242
98.6632
98.1021
97.5407
96.9791
96.4172
95.8551
95.2927
94.73
94.1671
93.6041
93.0408
92.4775
91.9142
91.3509
90.7876
90.2245
89.6615
89.0988
88.5362
87.9739
87.4118
86.8499
86.2881
85.7263
85.1645
84.6025
84.0402
83.4776
82.9146
82.3511
81.7872
81.2229
80.658
80.0929
79.5274
78.9617
78.3955
77.8293
77.2627
76.696
76.129
75.5617
74.9941
74.4262
73.8579
73.2892
72.7199
72.1501
71.5797
71.0086
70.4369
69.8645
69.2913
68.7175
68.143
67.568
66.9924
66.4164
65.8399
65.2631
64.6858
64.1084
63.5306
62.9527
62.3744
61.7959
61.217
60.638
60.0585
59.4789
58.8987
58.3182
57.7371
57.1556
56.5734
55.9906
55.4071
54.8228
54.2376
53.6517
53.0648
52.477
51.8882
51.2985
50.7077
50.116
49.5232
48.9295
48.3346
47.7388
47.1418
46.5439
45.945
45.3451
44.7442
44.1425
43.5398
42.9364
42.3321
41.7272
41.1215
40.5153
39.9084
39.3011
38.6932
38.085
37.4762
36.8671
36.2574
35.6473
35.0365
34.4252
33.8131
33.2003
32.5865
31.9719
31.3563
30.7398
30.1221
29.5035
28.8839
28.2633
27.6418
27.0195
26.3963
25.7725
25.1479
24.5229
23.8972
23.2711
22.6444
22.0174
21.3898
20.7617
20.133
19.5037
18.8736
18.2428
17.6112
16.9787
16.3455
15.7113
15.0764
14.4408
13.8044
13.1675
12.53
11.8921
11.2539
10.6154
9.97671
9.33797
8.69905
8.06015
7.42115
6.78213
6.14301
5.5038
4.86447
4.22492
3.58519
2.94507
2.30407
1.65753
0.974318
0.307304
124.969
119.762
118.243
116.797
115.825
115.082
114.44
113.839
113.256
112.686
112.123
111.562
111
110.439
109.878
109.317
108.756
108.195
107.634
107.073
106.513
105.952
105.391
104.831
104.27
103.71
103.149
102.588
102.028
101.467
100.907
100.346
99.7851
99.2243
98.6633
98.1021
97.5407
96.9791
96.4173
95.8551
95.2927
94.73
94.1672
93.6041
93.0409
92.4776
91.9142
91.3509
90.7877
90.2246
89.6616
89.0989
88.5363
87.974
87.4119
86.85
86.2882
85.7264
85.1645
84.6025
84.0402
83.4776
82.9146
82.3512
81.7873
81.2229
80.6582
80.0931
79.5275
78.9618
78.3957
77.8294
77.2629
76.6961
76.1291
75.5618
74.9942
74.4263
73.858
73.2892
72.72
72.1502
71.5798
71.0087
70.437
69.8645
69.2914
68.7176
68.1432
67.5682
66.9926
66.4166
65.84
65.2632
64.686
64.1086
63.5308
62.9529
62.3745
61.7961
61.2172
60.6382
60.0587
59.479
58.8988
58.3183
57.7372
57.1557
56.5735
55.9907
55.4072
54.8229
54.2377
53.6518
53.0649
52.4771
51.8883
51.2986
50.7079
50.1162
49.5234
48.9296
48.3347
47.7389
47.142
46.5441
45.9451
45.3452
44.7443
44.1426
43.5399
42.9365
42.3323
41.7273
41.1217
40.5154
39.9086
39.3013
38.6934
38.0851
37.4764
36.8672
36.2575
35.6474
35.0367
34.4253
33.8132
33.2004
32.5866
31.972
31.3564
30.7398
30.1222
29.5036
28.884
28.2634
27.6419
27.0196
26.3964
25.7726
25.1481
24.523
23.8973
23.2712
22.6446
22.0175
21.3899
20.7618
20.133
19.5037
18.8736
18.2428
17.6112
16.9788
16.3455
15.7114
15.0765
14.4408
13.8045
13.1675
12.5301
11.8922
11.254
10.6155
9.9768
9.33804
8.69912
8.0602
7.42119
6.78215
6.14302
5.5038
4.86445
4.22489
3.58515
2.94504
2.30404
1.65754
0.974293
0.307254
124.762
119.761
118.242
116.797
115.825
115.082
114.44
113.839
113.256
112.686
112.123
111.562
111
110.439
109.878
109.317
108.756
108.195
107.634
107.073
106.513
105.952
105.391
104.831
104.27
103.71
103.149
102.588
102.028
101.467
100.907
100.346
99.7852
99.2243
98.6633
98.1022
97.5408
96.9792
96.4173
95.8551
95.2927
94.7301
94.1672
93.6042
93.0409
92.4777
91.9143
91.351
90.7877
90.2246
89.6617
89.0989
88.5364
87.9741
87.412
86.8501
86.2882
85.7265
85.1646
84.6026
84.0403
83.4777
82.9147
82.3512
81.7873
81.223
80.6582
80.0932
79.5276
78.9619
78.3958
77.8295
77.263
76.6962
76.1292
75.5619
74.9943
74.4264
73.858
73.2893
72.72
72.1502
71.5798
71.0088
70.437
69.8646
69.2915
68.7177
68.1433
67.5683
66.9927
66.4167
65.8402
65.2634
64.6862
64.1088
63.531
62.953
62.3747
61.7962
61.2173
60.6383
60.0588
59.4791
58.899
58.3184
57.7374
57.1558
56.5736
55.9908
55.4073
54.823
54.2378
53.6519
53.065
52.4772
51.8884
51.2987
50.708
50.1163
49.5235
48.9297
48.3348
47.739
47.1421
46.5442
45.9452
45.3453
44.7444
44.1427
43.5401
42.9366
42.3324
41.7275
41.1218
40.5156
39.9087
39.3014
38.6935
38.0853
37.4765
36.8674
36.2577
35.6475
35.0368
34.4254
33.8133
33.2005
32.5867
31.9721
31.3565
30.7399
30.1223
29.5037
28.8841
28.2635
27.642
27.0197
26.3965
25.7727
25.1482
24.5231
23.8974
23.2713
22.6446
22.0176
21.3899
20.7618
20.1331
19.5037
18.8737
18.2428
17.6112
16.9788
16.3455
15.7114
15.0765
14.4409
13.8045
13.1676
12.5301
11.8923
11.254
10.6156
9.97688
9.3381
8.69918
8.06024
7.42122
6.78217
6.14303
5.50379
4.86443
4.22488
3.58512
2.94502
2.30402
1.65757
0.97427
0.307197
124.535
119.762
118.24
116.796
115.825
115.082
114.44
113.839
113.256
112.686
112.123
111.562
111
110.439
109.878
109.317
108.756
108.195
107.634
107.073
106.513
105.952
105.391
104.831
104.27
103.71
103.149
102.589
102.028
101.467
100.907
100.346
99.7852
99.2244
98.6633
98.1022
97.5408
96.9792
96.4173
95.8552
95.2927
94.7301
94.1672
93.6042
93.041
92.4777
91.9144
91.3511
90.7878
90.2247
89.6617
89.099
88.5365
87.9742
87.4121
86.8501
86.2883
85.7265
85.1646
84.6026
84.0403
83.4777
82.9147
82.3513
81.7874
81.2231
80.6583
80.0932
79.5277
78.962
78.3959
77.8296
77.2631
76.6963
76.1292
75.562
74.9944
74.4264
73.8581
73.2893
72.7201
72.1503
71.5798
71.0088
70.4371
69.8646
69.2915
68.7178
68.1433
67.5684
66.9928
66.4168
65.8403
65.2635
64.6863
64.1089
63.5311
62.9531
62.3748
61.7963
61.2175
60.6384
60.059
59.4792
58.8991
58.3185
57.7375
57.1559
56.5737
55.9909
55.4073
54.823
54.2379
53.6519
53.065
52.4773
51.8885
51.2988
50.7081
50.1163
49.5236
48.9298
48.3349
47.7391
47.1422
46.5443
45.9453
45.3454
44.7446
44.1428
43.5402
42.9367
42.3325
41.7276
41.1219
40.5157
39.9088
39.3015
38.6937
38.0854
37.4766
36.8675
36.2578
35.6476
35.0369
34.4255
33.8134
33.2005
32.5868
31.9722
31.3566
30.74
30.1224
29.5038
28.8841
28.2636
27.6421
27.0198
26.3966
25.7728
25.1483
24.5232
23.8975
23.2714
22.6447
22.0176
21.39
20.7619
20.1331
19.5037
18.8737
18.2429
17.6112
16.9788
16.3455
15.7114
15.0765
14.4409
13.8046
13.1677
12.5302
11.8923
11.2541
10.6156
9.97694
9.33814
8.69923
8.06028
7.42125
6.78218
6.14304
5.50379
4.86442
4.22486
3.5851
2.945
2.304
1.65761
0.974248
0.307127
124.282
119.766
118.239
116.795
115.825
115.081
114.44
113.839
113.256
112.686
112.123
111.562
111
110.439
109.878
109.317
108.756
108.195
107.634
107.073
106.513
105.952
105.391
104.831
104.27
103.71
103.149
102.589
102.028
101.467
100.907
100.346
99.7853
99.2244
98.6634
98.1022
97.5408
96.9792
96.4173
95.8552
95.2928
94.7301
94.1673
93.6042
93.041
92.4778
91.9144
91.3511
90.7879
90.2248
89.6618
89.0991
88.5365
87.9742
87.4121
86.8502
86.2883
85.7265
85.1647
84.6026
84.0403
83.4777
82.9147
82.3513
81.7874
81.2231
80.6584
80.0933
79.5278
78.9621
78.396
77.8297
77.2631
76.6964
76.1293
75.562
74.9944
74.4265
73.8581
73.2894
72.7201
72.1503
71.5799
71.0088
70.4371
69.8647
69.2916
68.7178
68.1434
67.5684
66.9929
66.4169
65.8404
65.2636
64.6864
64.109
63.5312
62.9532
62.3749
61.7964
61.2176
60.6385
60.0591
59.4793
58.8992
58.3186
57.7375
57.156
56.5738
55.991
55.4074
54.8231
54.238
53.652
53.0651
52.4773
51.8886
51.2989
50.7081
50.1164
49.5236
48.9299
48.335
47.7392
47.1422
46.5443
45.9454
45.3455
44.7446
44.1429
43.5403
42.9368
42.3326
41.7277
41.122
40.5158
39.9089
39.3016
38.6938
38.0855
37.4767
36.8676
36.2579
35.6477
35.0369
34.4256
33.8134
33.2006
32.5868
31.9722
31.3566
30.74
30.1224
29.5038
28.8842
28.2637
27.6422
27.0199
26.3967
25.7729
25.1483
24.5233
23.8976
23.2714
22.6448
22.0177
21.39
20.7619
20.1331
19.5038
18.8737
18.2429
17.6113
16.9788
16.3455
15.7115
15.0766
14.4409
13.8046
13.1677
12.5302
11.8924
11.2542
10.6157
9.97699
9.33819
8.69927
8.06031
7.42128
6.7822
6.14304
5.50379
4.86441
4.22485
3.58508
2.94498
2.30399
1.65767
0.974225
0.307032
123.993
119.774
118.237
116.794
115.824
115.081
114.44
113.839
113.256
112.686
112.123
111.562
111
110.439
109.878
109.317
108.756
108.195
107.634
107.073
106.513
105.952
105.391
104.831
104.27
103.71
103.149
102.589
102.028
101.467
100.907
100.346
99.7853
99.2244
98.6634
98.1022
97.5408
96.9792
96.4173
95.8552
95.2928
94.7302
94.1673
93.6043
93.0411
92.4778
91.9145
91.3512
90.7879
90.2248
89.6619
89.0991
88.5366
87.9743
87.4122
86.8502
86.2884
85.7266
85.1647
84.6026
84.0404
83.4777
82.9148
82.3513
81.7875
81.2232
80.6585
80.0934
79.5279
78.9621
78.3961
77.8298
77.2632
76.6964
76.1294
75.5621
74.9945
74.4265
73.8582
73.2894
72.7201
72.1503
71.5799
71.0089
70.4371
69.8647
69.2916
68.7179
68.1435
67.5685
66.993
66.417
65.8405
65.2637
64.6865
64.1091
63.5313
62.9533
62.375
61.7965
61.2177
60.6386
60.0592
59.4794
58.8993
58.3187
57.7376
57.156
56.5738
55.991
55.4075
54.8232
54.238
53.6521
53.0652
52.4774
51.8886
51.2989
50.7082
50.1165
49.5237
48.9299
48.3351
47.7392
47.1423
46.5444
45.9455
45.3456
44.7447
44.143
43.5403
42.9369
42.3327
41.7277
41.1221
40.5159
39.909
39.3017
38.6939
38.0856
37.4768
36.8676
36.258
35.6478
35.037
34.4256
33.8135
33.2006
32.5869
31.9723
31.3567
30.7401
30.1225
29.5039
28.8843
28.2637
27.6422
27.0199
26.3968
25.7729
25.1484
24.5233
23.8976
23.2715
22.6448
22.0177
21.3901
20.7619
20.1332
19.5038
18.8737
18.2429
17.6113
16.9788
16.3456
15.7115
15.0766
14.441
13.8047
13.1677
12.5303
11.8924
11.2542
10.6157
9.97704
9.33822
8.69931
8.06033
7.4213
6.78221
6.14305
5.50379
4.8644
4.22484
3.58507
2.94497
2.30399
1.65777
0.974198
0.306895
123.656
119.791
118.235
116.791
115.823
115.081
114.44
113.839
113.256
112.686
112.123
111.562
111
110.439
109.878
109.317
108.756
108.195
107.634
107.073
106.513
105.952
105.391
104.831
104.27
103.71
103.149
102.589
102.028
101.467
100.907
100.346
99.7853
99.2244
98.6634
98.1022
97.5408
96.9792
96.4173
95.8552
95.2928
94.7302
94.1673
93.6043
93.0411
92.4778
91.9145
91.3512
90.788
90.2249
89.6619
89.0992
88.5366
87.9743
87.4122
86.8503
86.2884
85.7266
85.1647
84.6027
84.0404
83.4778
82.9148
82.3514
81.7875
81.2232
80.6585
80.0934
79.5279
78.9622
78.3961
77.8298
77.2633
76.6965
76.1294
75.5621
74.9945
74.4266
73.8582
73.2895
72.7202
72.1504
71.5799
71.0089
70.4372
69.8648
69.2917
68.7179
68.1435
67.5686
66.993
66.4171
65.8406
65.2638
64.6866
64.1092
63.5314
62.9534
62.3751
61.7966
61.2178
60.6387
60.0592
59.4795
58.8993
58.3188
57.7377
57.1561
56.5739
55.9911
55.4075
54.8232
54.2381
53.6521
53.0652
52.4774
51.8887
51.299
50.7082
50.1165
49.5238
48.93
48.3351
47.7393
47.1424
46.5445
45.9455
45.3457
44.7448
44.1431
43.5404
42.937
42.3327
41.7278
41.1222
40.5159
39.9091
39.3018
38.6939
38.0857
37.4769
36.8677
36.258
35.6479
35.0371
34.4257
33.8135
33.2007
32.5869
31.9723
31.3567
30.7401
30.1225
29.5039
28.8843
28.2638
27.6423
27.02
26.3968
25.773
25.1485
24.5234
23.8977
23.2716
22.6449
22.0178
21.3901
20.762
20.1332
19.5038
18.8737
18.2429
17.6113
16.9789
16.3456
15.7115
15.0766
14.441
13.8047
13.1678
12.5303
11.8925
11.2542
10.6158
9.97708
9.33826
8.69933
8.06036
7.42131
6.78222
6.14306
5.50379
4.86439
4.22483
3.58505
2.94496
2.30399
1.65793
0.974162
0.30669
123.256
119.825
118.235
116.788
115.822
115.081
114.439
113.839
113.256
112.686
112.123
111.562
111
110.439
109.878
109.317
108.756
108.195
107.634
107.073
106.513
105.952
105.391
104.831
104.27
103.71
103.149
102.589
102.028
101.467
100.907
100.346
99.7853
99.2245
98.6634
98.1023
97.5409
96.9792
96.4174
95.8552
95.2928
94.7302
94.1673
93.6043
93.0411
92.4778
91.9145
91.3512
90.788
90.2249
89.662
89.0992
88.5367
87.9744
87.4123
86.8503
86.2885
85.7266
85.1647
84.6027
84.0404
83.4778
82.9148
82.3514
81.7875
81.2233
80.6586
80.0935
79.528
78.9622
78.3962
77.8299
77.2633
76.6965
76.1295
75.5622
74.9945
74.4266
73.8583
73.2895
72.7202
72.1504
71.58
71.0089
70.4372
69.8648
69.2917
68.718
68.1436
67.5686
66.9931
66.4171
65.8407
65.2639
64.6867
64.1092
63.5315
62.9535
62.3752
61.7967
61.2178
60.6387
60.0593
59.4795
58.8994
58.3188
57.7377
57.1562
56.574
55.9911
55.4076
54.8233
54.2381
53.6522
53.0653
52.4775
51.8887
51.299
50.7083
50.1166
49.5238
48.93
48.3352
47.7394
47.1424
46.5445
45.9456
45.3457
44.7449
44.1431
43.5405
42.937
42.3328
41.7279
41.1222
40.516
39.9092
39.3018
38.694
38.0857
37.477
36.8678
36.2581
35.6479
35.0371
34.4257
33.8136
33.2007
32.587
31.9723
31.3567
30.7402
30.1226
29.504
28.8844
28.2638
27.6423
27.02
26.3969
25.773
25.1485
24.5234
23.8978
23.2716
22.6449
22.0178
21.3902
20.762
20.1332
19.5038
18.8738
18.2429
17.6113
16.9789
16.3456
15.7115
15.0766
14.441
13.8047
13.1678
12.5304
11.8925
11.2543
10.6158
9.97711
9.33829
8.69936
8.06038
7.42133
6.78223
6.14306
5.50379
4.86439
4.22482
3.58504
2.94495
2.30401
1.65818
0.974111
0.306374
122.778
119.887
118.238
116.783
115.82
115.08
114.439
113.838
113.256
112.686
112.123
111.562
111.001
110.439
109.878
109.317
108.756
108.195
107.634
107.073
106.513
105.952
105.391
104.831
104.27
103.71
103.149
102.589
102.028
101.467
100.907
100.346
99.7854
99.2245
98.6635
98.1023
97.5409
96.9792
96.4174
95.8552
95.2928
94.7302
94.1674
93.6043
93.0411
92.4779
91.9146
91.3513
90.788
90.2249
89.662
89.0992
88.5367
87.9744
87.4123
86.8503
86.2885
85.7267
85.1648
84.6027
84.0404
83.4778
82.9148
82.3514
81.7876
81.2233
80.6586
80.0935
79.5281
78.9623
78.3962
77.8299
77.2634
76.6966
76.1295
75.5622
74.9946
74.4266
73.8583
73.2895
72.7202
72.1504
71.58
71.009
70.4372
69.8648
69.2918
68.718
68.1436
67.5687
66.9932
66.4172
65.8407
65.2639
64.6868
64.1093
63.5316
62.9536
62.3753
61.7967
61.2179
60.6388
60.0594
59.4796
58.8994
58.3189
57.7378
57.1562
56.574
55.9912
55.4076
54.8233
54.2382
53.6522
53.0653
52.4775
51.8888
51.2991
50.7084
50.1167
49.5239
48.9301
48.3353
47.7394
47.1425
46.5446
45.9457
45.3458
44.7449
44.1432
43.5405
42.9371
42.3329
41.7279
41.1223
40.5161
39.9092
39.3019
38.6941
38.0858
37.477
36.8679
36.2582
35.648
35.0372
34.4258
33.8136
33.2008
32.587
31.9724
31.3568
30.7402
30.1226
29.504
28.8844
28.2639
27.6424
27.0201
26.3969
25.7731
25.1486
24.5235
23.8978
23.2716
22.645
22.0179
21.3902
20.762
20.1333
19.5039
18.8738
18.2429
17.6113
16.9789
16.3456
15.7115
15.0767
14.4411
13.8047
13.1678
12.5304
11.8925
11.2543
10.6158
9.97714
9.33832
8.69939
8.0604
7.42135
6.78224
6.14307
5.50379
4.86438
4.22482
3.58503
2.94495
2.30405
1.6586
0.97403
0.305877
122.208
119.996
118.252
116.775
115.818
115.079
114.439
113.838
113.256
112.686
112.123
111.562
111.001
110.439
109.878
109.317
108.756
108.195
107.634
107.073
106.513
105.952
105.391
104.831
104.27
103.71
103.149
102.589
102.028
101.467
100.907
100.346
99.7854
99.2245
98.6635
98.1023
97.5409
96.9793
96.4174
95.8552
95.2929
94.7302
94.1674
93.6044
93.0412
92.4779
91.9146
91.3513
90.7881
90.225
89.662
89.0993
88.5368
87.9744
87.4123
86.8504
86.2885
85.7267
85.1648
84.6027
84.0404
83.4778
82.9149
82.3515
81.7876
81.2233
80.6586
80.0936
79.5281
78.9623
78.3963
77.83
77.2634
76.6966
76.1296
75.5622
74.9946
74.4267
73.8583
73.2895
72.7203
72.1504
71.58
71.009
70.4373
69.8649
69.2918
68.7181
68.1437
67.5687
66.9932
66.4172
65.8408
65.264
64.6869
64.1094
63.5316
62.9536
62.3754
61.7968
61.218
60.6389
60.0594
59.4797
58.8995
58.3189
57.7379
57.1563
56.5741
55.9912
55.4077
54.8233
54.2382
53.6522
53.0654
52.4776
51.8888
51.2991
50.7084
50.1167
49.5239
48.9302
48.3353
47.7395
47.1426
46.5446
45.9457
45.3458
44.745
44.1432
43.5406
42.9372
42.3329
41.728
41.1224
40.5161
39.9093
39.302
38.6942
38.0859
37.4771
36.8679
36.2582
35.648
35.0372
34.4258
33.8137
33.2008
32.5871
31.9724
31.3568
30.7402
30.1226
29.504
28.8845
28.2639
27.6424
27.0201
26.397
25.7731
25.1486
24.5235
23.8979
23.2717
22.645
22.0179
21.3902
20.762
20.1333
19.5039
18.8738
18.243
17.6113
16.9789
16.3456
15.7116
15.0767
14.4411
13.8048
13.1679
12.5305
11.8926
11.2544
10.6159
9.97718
9.33834
8.69942
8.06042
7.42137
6.78225
6.14307
5.50379
4.86438
4.22481
3.58503
2.94494
2.30411
1.65929
0.973891
0.305087
121.533
120.181
118.287
116.765
115.813
115.077
114.438
113.838
113.256
112.686
112.123
111.562
111.001
110.439
109.878
109.317
108.756
108.195
107.634
107.073
106.513
105.952
105.391
104.831
104.27
103.71
103.149
102.589
102.028
101.467
100.907
100.346
99.7854
99.2245
98.6635
98.1023
97.5409
96.9793
96.4174
95.8553
95.2929
94.7303
94.1674
93.6044
93.0412
92.4779
91.9146
91.3513
90.7881
90.225
89.6621
89.0993
88.5368
87.9745
87.4124
86.8504
86.2886
85.7267
85.1648
84.6028
84.0405
83.4779
82.9149
82.3515
81.7876
81.2234
80.6587
80.0936
79.5282
78.9624
78.3963
77.83
77.2635
76.6967
76.1296
75.5623
74.9947
74.4267
73.8583
73.2896
72.7203
72.1505
71.5801
71.009
70.4373
69.8649
69.2918
68.7181
68.1437
67.5688
66.9933
66.4173
65.8409
65.2641
64.6869
64.1095
63.5317
62.9537
62.3754
61.7969
61.2181
60.639
60.0595
59.4797
58.8996
58.319
57.7379
57.1563
56.5741
55.9913
55.4077
54.8234
54.2383
53.6523
53.0654
52.4776
51.8889
51.2992
50.7085
50.1168
49.524
48.9302
48.3354
47.7395
47.1426
46.5447
45.9458
45.3459
44.745
44.1433
43.5407
42.9372
42.333
41.7281
41.1224
40.5162
39.9094
39.3021
38.6942
38.0859
37.4772
36.868
36.2583
35.6481
35.0373
34.4259
33.8137
33.2009
32.5871
31.9725
31.3569
30.7403
30.1227
29.5041
28.8845
28.264
27.6425
27.0202
26.397
25.7732
25.1487
24.5236
23.8979
23.2717
22.6451
22.0179
21.3903
20.7621
20.1333
19.5039
18.8738
18.243
17.6113
16.9789
16.3457
15.7116
15.0767
14.4411
13.8048
13.1679
12.5305
11.8926
11.2544
10.6159
9.97721
9.33838
8.69944
8.06044
7.42138
6.78227
6.14308
5.50379
4.86438
4.2248
3.58502
2.94494
2.30419
1.6604
0.973633
0.303823
120.751
120.481
118.367
116.754
115.808
115.075
114.438
113.837
113.255
112.686
112.123
111.562
111.001
110.439
109.878
109.317
108.756
108.195
107.634
107.073
106.513
105.952
105.391
104.831
104.27
103.71
103.149
102.589
102.028
101.467
100.907
100.346
99.7854
99.2245
98.6635
98.1023
97.5409
96.9793
96.4174
95.8553
95.2929
94.7303
94.1674
93.6044
93.0412
92.478
91.9147
91.3514
90.7882
90.225
89.6621
89.0994
88.5368
87.9745
87.4124
86.8504
86.2886
85.7267
85.1648
84.6028
84.0405
83.4779
82.9149
82.3515
81.7877
81.2234
80.6587
80.0937
79.5282
78.9625
78.3964
77.8301
77.2635
76.6967
76.1297
75.5623
74.9947
74.4267
73.8584
73.2896
72.7203
72.1505
71.5801
71.009
70.4373
69.8649
69.2919
68.7182
68.1438
67.5689
66.9934
66.4174
65.841
65.2642
64.687
64.1096
63.5318
62.9538
62.3755
61.797
61.2181
60.639
60.0596
59.4798
58.8997
58.3191
57.738
57.1564
56.5742
55.9913
55.4078
54.8234
54.2383
53.6523
53.0655
52.4777
51.889
51.2992
50.7085
50.1168
49.5241
48.9303
48.3355
47.7396
47.1427
46.5448
45.9459
45.346
44.7451
44.1434
43.5408
42.9373
42.3331
41.7281
41.1225
40.5163
39.9095
39.3021
38.6943
38.086
37.4773
36.8681
36.2584
35.6481
35.0374
34.4259
33.8138
33.2009
32.5872
31.9725
31.3569
30.7403
30.1227
29.5041
28.8846
28.264
27.6425
27.0202
26.3971
25.7732
25.1487
24.5236
23.898
23.2718
22.6451
22.018
21.3903
20.7621
20.1333
19.5039
18.8738
18.243
17.6114
16.9789
16.3457
15.7116
15.0768
14.4411
13.8049
13.168
12.5305
11.8927
11.2544
10.6159
9.97725
9.33841
8.69947
8.06046
7.4214
6.78228
6.14308
5.50379
4.86438
4.2248
3.58501
2.94494
2.3043
1.66218
0.973127
0.301819
119.891
120.934
118.525
116.748
115.803
115.072
114.436
113.837
113.254
112.686
112.123
111.562
111.001
110.439
109.878
109.317
108.756
108.195
107.634
107.073
106.513
105.952
105.391
104.831
104.27
103.71
103.149
102.589
102.028
101.468
100.907
100.346
99.7854
99.2246
98.6635
98.1023
97.5409
96.9793
96.4174
95.8553
95.2929
94.7303
94.1675
93.6044
93.0413
92.478
91.9147
91.3514
90.7882
90.2251
89.6622
89.0994
88.5369
87.9746
87.4124
86.8505
86.2886
85.7268
85.1649
84.6028
84.0405
83.4779
82.9149
82.3516
81.7877
81.2235
80.6588
80.0937
79.5283
78.9625
78.3965
77.8302
77.2636
76.6968
76.1297
75.5624
74.9947
74.4268
73.8584
73.2896
72.7204
72.1505
71.5801
71.0091
70.4374
69.865
69.2919
68.7182
68.1439
67.5689
66.9934
66.4175
65.8411
65.2643
64.6871
64.1097
63.5319
62.9539
62.3756
61.7971
61.2182
60.6391
60.0597
59.4799
58.8997
58.3191
57.7381
57.1565
56.5742
55.9914
55.4078
54.8235
54.2384
53.6524
53.0655
52.4778
51.889
51.2993
50.7086
50.1169
49.5241
48.9304
48.3355
47.7397
47.1428
46.5449
45.9459
45.3461
44.7452
44.1435
43.5408
42.9374
42.3332
41.7282
41.1226
40.5164
39.9096
39.3022
38.6944
38.0861
37.4773
36.8681
36.2584
35.6482
35.0374
34.426
33.8139
33.201
32.5872
31.9726
31.357
30.7404
30.1228
29.5042
28.8846
28.2641
27.6426
27.0203
26.3972
25.7733
25.1488
24.5237
23.898
23.2719
22.6452
22.018
21.3904
20.7622
20.1334
19.504
18.8739
18.243
17.6114
16.979
16.3457
15.7117
15.0768
14.4412
13.8049
13.168
12.5306
11.8927
11.2545
10.616
9.97729
9.33845
8.6995
8.06049
7.42142
6.78229
6.14309
5.5038
4.86438
4.2248
3.58501
2.94494
2.3044
1.66489
0.972104
0.298718
119.066
121.522
118.792
116.758
115.803
115.071
114.435
113.836
113.253
112.685
112.123
111.562
111.001
110.439
109.878
109.317
108.756
108.195
107.634
107.073
106.513
105.952
105.391
104.831
104.27
103.71
103.149
102.589
102.028
101.468
100.907
100.346
99.7855
99.2246
98.6636
98.1024
97.541
96.9793
96.4175
95.8553
95.2929
94.7303
94.1675
93.6045
93.0413
92.478
91.9147
91.3514
90.7882
90.2251
89.6622
89.0995
88.5369
87.9746
87.4125
86.8505
86.2887
85.7268
85.1649
84.6028
84.0406
83.4779
82.915
82.3516
81.7878
81.2235
80.6589
80.0938
79.5284
78.9626
78.3965
77.8302
77.2636
76.6968
76.1298
75.5624
74.9948
74.4268
73.8585
73.2897
72.7204
72.1506
71.5802
71.0091
70.4374
69.8651
69.292
68.7183
68.1439
67.569
66.9935
66.4176
65.8412
65.2644
64.6872
64.1097
63.532
62.954
62.3757
61.7971
61.2183
60.6392
60.0598
59.48
58.8998
58.3192
57.7381
57.1565
56.5743
55.9915
55.4079
54.8236
54.2385
53.6525
53.0656
52.4778
51.8891
51.2994
50.7087
50.117
49.5242
48.9304
48.3356
47.7398
47.1429
46.5449
45.946
45.3461
44.7453
44.1435
43.5409
42.9375
42.3333
41.7283
41.1227
40.5165
39.9097
39.3023
38.6945
38.0862
37.4774
36.8682
36.2585
35.6483
35.0375
34.4261
33.8139
33.201
32.5873
31.9726
31.3571
30.7405
30.1229
29.5043
28.8847
28.2641
27.6427
27.0204
26.3972
25.7734
25.1489
24.5238
23.8981
23.2719
22.6452
22.0181
21.3904
20.7622
20.1334
19.504
18.8739
18.2431
17.6114
16.979
16.3458
15.7117
15.0768
14.4412
13.805
13.1681
12.5306
11.8928
11.2545
10.616
9.97734
9.33848
8.69954
8.06051
7.42144
6.78231
6.1431
5.5038
4.86438
4.2248
3.58501
2.94493
2.30436
1.66856
0.970042
0.294205
118.508
122.031
119.101
116.784
115.812
115.073
114.434
113.835
113.252
112.684
112.123
111.562
111.001
110.439
109.878
109.317
108.756
108.195
107.634
107.073
106.513
105.952
105.391
104.831
104.27
103.71
103.149
102.589
102.028
101.468
100.907
100.346
99.7855
99.2246
98.6636
98.1024
97.541
96.9794
96.4175
95.8554
95.293
94.7303
94.1675
93.6045
93.0413
92.4781
91.9148
91.3515
90.7883
90.2252
89.6622
89.0995
88.537
87.9746
87.4125
86.8506
86.2887
85.7268
85.1649
84.6029
84.0406
83.478
82.915
82.3516
81.7878
81.2236
80.6589
80.0938
79.5284
78.9626
78.3966
77.8303
77.2637
76.6969
76.1298
75.5625
74.9948
74.4269
73.8585
73.2897
72.7204
72.1506
71.5802
71.0092
70.4375
69.8651
69.2921
68.7184
68.144
67.5691
66.9936
66.4176
65.8412
65.2644
64.6873
64.1098
63.5321
62.9541
62.3758
61.7972
61.2184
60.6393
60.0598
59.4801
58.8999
58.3193
57.7382
57.1566
56.5744
55.9915
55.408
54.8237
54.2385
53.6526
53.0657
52.4779
51.8892
51.2995
50.7088
50.1171
49.5243
48.9305
48.3357
47.7398
47.1429
46.545
45.9461
45.3462
44.7454
44.1436
43.541
42.9376
42.3333
41.7284
41.1228
40.5165
39.9097
39.3024
38.6946
38.0863
37.4775
36.8683
36.2586
35.6484
35.0376
34.4261
33.814
33.2011
32.5873
31.9727
31.3571
30.7405
30.1229
29.5044
28.8848
28.2642
27.6427
27.0204
26.3973
25.7735
25.1489
24.5238
23.8982
23.272
22.6453
22.0181
21.3905
20.7623
20.1335
19.504
18.8739
18.2431
17.6115
16.979
16.3458
15.7117
15.0769
14.4413
13.805
13.1681
12.5307
11.8928
11.2546
10.6161
9.97737
9.33852
8.69956
8.06054
7.42146
6.78232
6.14311
5.50381
4.86438
4.2248
3.58501
2.94491
2.30409
1.67233
0.966228
0.288197
118.508
122.031
119.101
116.784
115.812
115.073
114.434
113.835
113.252
112.684
112.123
111.562
111.001
110.439
109.878
109.317
108.756
108.195
107.634
107.073
106.513
105.952
105.391
104.831
104.27
103.71
103.149
102.589
102.028
101.468
100.907
100.346
99.7855
99.2246
98.6636
98.1024
97.541
96.9794
96.4175
95.8553
95.293
94.7303
94.1675
93.6045
93.0413
92.4781
91.9148
91.3515
90.7883
90.2252
89.6622
89.0995
88.537
87.9746
87.4125
86.8506
86.2887
85.7268
85.1649
84.6029
84.0406
83.478
82.915
82.3516
81.7878
81.2236
80.6589
80.0938
79.5284
78.9626
78.3966
77.8303
77.2637
76.6969
76.1298
75.5625
74.9948
74.4269
73.8585
73.2897
72.7205
72.1506
71.5802
71.0092
70.4375
69.8651
69.2921
68.7183
68.144
67.5691
66.9936
66.4176
65.8412
65.2644
64.6873
64.1098
63.5321
62.954
62.3758
61.7972
61.2184
60.6393
60.0598
59.48
58.8999
58.3193
57.7382
57.1566
56.5744
55.9915
55.408
54.8236
54.2385
53.6526
53.0657
52.4779
51.8892
51.2995
50.7088
50.117
49.5243
48.9305
48.3357
47.7398
47.143
46.545
45.9461
45.3462
44.7454
44.1436
43.541
42.9376
42.3334
41.7284
41.1228
40.5165
39.9097
39.3024
38.6946
38.0863
37.4775
36.8683
36.2586
35.6484
35.0376
34.4261
33.814
33.2011
32.5874
31.9727
31.3571
30.7405
30.1229
29.5043
28.8848
28.2642
27.6428
27.0204
26.3973
25.7735
25.1489
24.5238
23.8982
23.272
22.6453
22.0181
21.3905
20.7622
20.1335
19.504
18.8739
18.2431
17.6115
16.979
16.3458
15.7117
15.0769
14.4413
13.805
13.1681
12.5307
11.8928
11.2546
10.6161
9.97737
9.33852
8.69956
8.06054
7.42146
6.78232
6.14311
5.50381
4.86438
4.2248
3.58501
2.9449
2.30409
1.67233
0.966229
0.288197
119.066
121.522
118.792
116.758
115.803
115.071
114.435
113.836
113.253
112.685
112.123
111.562
111.001
110.439
109.878
109.317
108.756
108.195
107.634
107.073
106.513
105.952
105.391
104.831
104.27
103.71
103.149
102.589
102.028
101.468
100.907
100.346
99.7855
99.2246
98.6636
98.1024
97.541
96.9793
96.4175
95.8553
95.2929
94.7303
94.1675
93.6045
93.0413
92.478
91.9147
91.3514
90.7882
90.2251
89.6622
89.0995
88.5369
87.9746
87.4125
86.8505
86.2887
85.7268
85.1649
84.6028
84.0406
83.478
82.915
82.3516
81.7878
81.2235
80.6589
80.0938
79.5283
78.9626
78.3965
77.8302
77.2636
76.6968
76.1298
75.5624
74.9948
74.4268
73.8585
73.2897
72.7204
72.1506
71.5802
71.0091
70.4374
69.8651
69.292
68.7183
68.1439
67.569
66.9935
66.4176
65.8412
65.2644
64.6872
64.1097
63.532
62.954
62.3757
61.7971
61.2183
60.6392
60.0598
59.48
58.8998
58.3192
57.7381
57.1565
56.5743
55.9915
55.4079
54.8236
54.2385
53.6525
53.0656
52.4779
51.8891
51.2994
50.7087
50.117
49.5242
48.9305
48.3356
47.7398
47.1429
46.545
45.946
45.3461
44.7453
44.1436
43.5409
42.9375
42.3333
41.7283
41.1227
40.5165
39.9096
39.3023
38.6945
38.0862
37.4774
36.8682
36.2585
35.6483
35.0375
34.4261
33.8139
33.201
32.5873
31.9726
31.357
30.7405
30.1229
29.5043
28.8847
28.2642
27.6427
27.0204
26.3972
25.7734
25.1489
24.5238
23.8981
23.2719
22.6452
22.0181
21.3904
20.7622
20.1334
19.504
18.8739
18.2431
17.6114
16.979
16.3458
15.7117
15.0768
14.4412
13.8049
13.1681
12.5306
11.8928
11.2545
10.616
9.97733
9.33849
8.69953
8.06052
7.42144
6.78231
6.1431
5.5038
4.86438
4.2248
3.58501
2.94493
2.30436
1.66856
0.970041
0.294206
119.891
120.934
118.525
116.748
115.803
115.072
114.436
113.837
113.254
112.686
112.123
111.562
111.001
110.439
109.878
109.317
108.756
108.195
107.634
107.073
106.513
105.952
105.391
104.831
104.27
103.71
103.149
102.589
102.028
101.468
100.907
100.346
99.7854
99.2246
98.6635
98.1023
97.5409
96.9793
96.4174
95.8553
95.2929
94.7303
94.1675
93.6044
93.0413
92.478
91.9147
91.3514
90.7882
90.2251
89.6622
89.0994
88.5369
87.9746
87.4125
86.8505
86.2886
85.7268
85.1649
84.6028
84.0405
83.4779
82.9149
82.3516
81.7877
81.2235
80.6588
80.0937
79.5283
78.9625
78.3965
77.8301
77.2636
76.6968
76.1297
75.5624
74.9947
74.4268
73.8584
73.2896
72.7204
72.1505
71.5801
71.0091
70.4374
69.865
69.2919
68.7182
68.1439
67.5689
66.9935
66.4175
65.8411
65.2643
64.6871
64.1096
63.5319
62.9539
62.3756
61.797
61.2182
60.6391
60.0597
59.4799
58.8997
58.3191
57.7381
57.1564
56.5743
55.9914
55.4078
54.8235
54.2384
53.6524
53.0656
52.4778
51.889
51.2993
50.7086
50.1169
49.5242
48.9304
48.3355
47.7397
47.1428
46.5449
45.946
45.346
44.7452
44.1435
43.5408
42.9374
42.3332
41.7282
41.1226
40.5164
39.9096
39.3022
38.6944
38.0861
37.4774
36.8681
36.2584
35.6482
35.0374
34.426
33.8139
33.201
32.5872
31.9726
31.357
30.7404
30.1228
29.5042
28.8846
28.2641
27.6426
27.0203
26.3972
25.7733
25.1488
24.5237
23.898
23.2718
22.6452
22.018
21.3904
20.7622
20.1334
19.504
18.8739
18.243
17.6114
16.979
16.3457
15.7116
15.0768
14.4412
13.8049
13.168
12.5306
11.8927
11.2545
10.616
9.97729
9.33845
8.6995
8.06049
7.42142
6.78229
6.14309
5.5038
4.86438
4.22479
3.58501
2.94494
2.3044
1.66489
0.972105
0.298718
120.751
120.481
118.367
116.754
115.808
115.075
114.438
113.837
113.255
112.686
112.123
111.562
111.001
110.439
109.878
109.317
108.756
108.195
107.634
107.073
106.513
105.952
105.391
104.831
104.27
103.71
103.149
102.589
102.028
101.468
100.907
100.346
99.7854
99.2245
98.6635
98.1023
97.5409
96.9793
96.4174
95.8553
95.2929
94.7303
94.1674
93.6044
93.0412
92.478
91.9147
91.3514
90.7881
90.2251
89.6621
89.0994
88.5368
87.9745
87.4124
86.8505
86.2886
85.7267
85.1648
84.6028
84.0405
83.4779
82.9149
82.3515
81.7877
81.2234
80.6587
80.0937
79.5282
78.9625
78.3964
77.8301
77.2635
76.6967
76.1296
75.5623
74.9947
74.4267
73.8584
73.2896
72.7203
72.1505
71.5801
71.009
70.4373
69.865
69.2919
68.7182
68.1438
67.5689
66.9934
66.4174
65.841
65.2642
64.687
64.1096
63.5318
62.9538
62.3755
61.797
61.2181
60.639
60.0596
59.4798
58.8997
58.3191
57.738
57.1564
56.5742
55.9913
55.4078
54.8235
54.2383
53.6524
53.0655
52.4777
51.889
51.2993
50.7085
50.1168
49.5241
48.9303
48.3355
47.7396
47.1427
46.5448
45.9459
45.346
44.7451
44.1434
43.5407
42.9373
42.3331
41.7281
41.1225
40.5163
39.9095
39.3021
38.6943
38.086
37.4773
36.8681
36.2584
35.6481
35.0374
34.4259
33.8138
33.2009
32.5872
31.9725
31.3569
30.7403
30.1227
29.5042
28.8846
28.264
27.6425
27.0202
26.3971
25.7733
25.1487
24.5236
23.898
23.2718
22.6451
22.018
21.3903
20.7621
20.1333
19.5039
18.8738
18.243
17.6114
16.9789
16.3457
15.7116
15.0767
14.4411
13.8049
13.168
12.5305
11.8927
11.2544
10.616
9.97725
9.33841
8.69947
8.06046
7.4214
6.78228
6.14308
5.50379
4.86438
4.2248
3.58501
2.94494
2.3043
1.66218
0.973127
0.301819
121.533
120.181
118.287
116.765
115.813
115.077
114.438
113.838
113.256
112.686
112.123
111.562
111.001
110.439
109.878
109.317
108.756
108.195
107.634
107.073
106.513
105.952
105.391
104.831
104.27
103.71
103.149
102.589
102.028
101.467
100.907
100.346
99.7854
99.2245
98.6635
98.1023
97.5409
96.9793
96.4174
95.8553
95.2929
94.7302
94.1674
93.6044
93.0412
92.4779
91.9146
91.3513
90.7881
90.225
89.6621
89.0993
88.5368
87.9745
87.4124
86.8504
86.2886
85.7267
85.1648
84.6028
84.0405
83.4779
82.9149
82.3515
81.7877
81.2234
80.6587
80.0936
79.5282
78.9624
78.3963
77.83
77.2635
76.6967
76.1296
75.5623
74.9947
74.4267
73.8584
73.2896
72.7203
72.1505
71.5801
71.009
70.4373
69.8649
69.2918
68.7181
68.1438
67.5688
66.9933
66.4173
65.8409
65.2641
64.6869
64.1095
63.5317
62.9537
62.3754
61.7969
61.2181
60.6389
60.0595
59.4797
58.8996
58.319
57.7379
57.1563
56.5741
55.9913
55.4077
54.8234
54.2383
53.6523
53.0654
52.4776
51.8889
51.2992
50.7085
50.1167
49.524
48.9302
48.3354
47.7395
47.1426
46.5447
45.9458
45.3459
44.7451
44.1433
43.5407
42.9372
42.333
41.7281
41.1224
40.5162
39.9094
39.302
38.6942
38.0859
37.4772
36.868
36.2583
35.6481
35.0373
34.4259
33.8138
33.2008
32.5871
31.9725
31.3569
30.7403
30.1227
29.5041
28.8845
28.2639
27.6425
27.0202
26.397
25.7732
25.1487
24.5236
23.8979
23.2717
22.6451
22.0179
21.3903
20.7621
20.1333
19.5039
18.8738
18.243
17.6114
16.9789
16.3457
15.7116
15.0767
14.4411
13.8048
13.1679
12.5305
11.8926
11.2544
10.6159
9.97722
9.33838
8.69944
8.06044
7.42138
6.78226
6.14308
5.50379
4.86438
4.2248
3.58502
2.94494
2.3042
1.6604
0.973634
0.303822
122.208
119.996
118.252
116.775
115.818
115.079
114.439
113.838
113.256
112.686
112.123
111.562
111.001
110.439
109.878
109.317
108.756
108.195
107.634
107.073
106.513
105.952
105.391
104.831
104.27
103.71
103.149
102.589
102.028
101.467
100.907
100.346
99.7854
99.2245
98.6635
98.1023
97.5409
96.9793
96.4174
95.8552
95.2929
94.7302
94.1674
93.6044
93.0412
92.4779
91.9146
91.3513
90.7881
90.225
89.662
89.0993
88.5368
87.9744
87.4123
86.8504
86.2885
85.7267
85.1648
84.6027
84.0404
83.4778
82.9149
82.3515
81.7876
81.2233
80.6586
80.0936
79.5281
78.9623
78.3963
77.83
77.2634
76.6966
76.1296
75.5622
74.9946
74.4267
73.8583
73.2895
72.7203
72.1504
71.58
71.009
70.4373
69.8649
69.2918
68.7181
68.1437
67.5687
66.9932
66.4172
65.8408
65.264
64.6869
64.1094
63.5316
62.9536
62.3754
61.7968
61.218
60.6389
60.0594
59.4797
58.8995
58.3189
57.7379
57.1563
56.5741
55.9912
55.4077
54.8233
54.2382
53.6522
53.0654
52.4776
51.8888
51.2991
50.7084
50.1167
49.5239
48.9302
48.3353
47.7395
47.1426
46.5446
45.9457
45.3458
44.745
44.1432
43.5406
42.9372
42.3329
41.728
41.1224
40.5161
39.9093
39.302
38.6942
38.0859
37.4771
36.8679
36.2582
35.648
35.0372
34.4258
33.8137
33.2008
32.5871
31.9724
31.3568
30.7402
30.1226
29.504
28.8845
28.2639
27.6424
27.0201
26.397
25.7731
25.1486
24.5235
23.8979
23.2717
22.645
22.0179
21.3902
20.762
20.1333
19.5039
18.8738
18.243
17.6113
16.9789
16.3456
15.7116
15.0767
14.4411
13.8048
13.1679
12.5304
11.8926
11.2544
10.6159
9.97718
9.33835
8.69941
8.06042
7.42136
6.78225
6.14307
5.50379
4.86438
4.22481
3.58503
2.94494
2.30411
1.65928
0.973892
0.305086
122.778
119.887
118.238
116.783
115.82
115.08
114.439
113.838
113.256
112.686
112.123
111.562
111.001
110.439
109.878
109.317
108.756
108.195
107.634
107.073
106.513
105.952
105.391
104.831
104.27
103.71
103.149
102.589
102.028
101.467
100.907
100.346
99.7854
99.2245
98.6635
98.1023
97.5409
96.9792
96.4174
95.8552
95.2928
94.7302
94.1674
93.6043
93.0412
92.4779
91.9146
91.3513
90.788
90.2249
89.662
89.0992
88.5367
87.9744
87.4123
86.8503
86.2885
85.7267
85.1648
84.6027
84.0404
83.4778
82.9148
82.3514
81.7876
81.2233
80.6586
80.0935
79.5281
78.9623
78.3962
77.8299
77.2634
76.6966
76.1295
75.5622
74.9946
74.4266
73.8583
73.2895
72.7202
72.1504
71.58
71.0089
70.4372
69.8648
69.2918
68.718
68.1437
67.5687
66.9932
66.4172
65.8408
65.2639
64.6868
64.1093
63.5316
62.9536
62.3753
61.7967
61.2179
60.6388
60.0594
59.4796
58.8995
58.3189
57.7378
57.1562
56.574
55.9912
55.4076
54.8233
54.2382
53.6522
53.0653
52.4775
51.8888
51.2991
50.7084
50.1166
49.5239
48.9301
48.3353
47.7394
47.1425
46.5446
45.9457
45.3458
44.7449
44.1432
43.5406
42.9371
42.3329
41.7279
41.1223
40.5161
39.9093
39.3019
38.6941
38.0858
37.4771
36.8678
36.2582
35.648
35.0372
34.4258
33.8137
33.2008
32.587
31.9724
31.3568
30.7402
30.1226
29.504
28.8844
28.2638
27.6424
27.02
26.3969
25.7731
25.1486
24.5235
23.8978
23.2716
22.645
22.0178
21.3902
20.762
20.1333
19.5039
18.8738
18.2429
17.6113
16.9789
16.3456
15.7115
15.0767
14.441
13.8048
13.1678
12.5304
11.8925
11.2543
10.6158
9.97715
9.33831
8.69939
8.0604
7.42135
6.78224
6.14307
5.50379
4.86439
4.22481
3.58504
2.94494
2.30405
1.6586
0.974031
0.305876
123.256
119.825
118.235
116.788
115.822
115.081
114.439
113.839
113.256
112.686
112.123
111.562
111
110.439
109.878
109.317
108.756
108.195
107.634
107.073
106.513
105.952
105.391
104.831
104.27
103.71
103.149
102.589
102.028
101.467
100.907
100.346
99.7853
99.2245
98.6634
98.1023
97.5409
96.9792
96.4174
95.8552
95.2928
94.7302
94.1673
93.6043
93.0411
92.4778
91.9145
91.3512
90.788
90.2249
89.662
89.0992
88.5367
87.9744
87.4123
86.8503
86.2885
85.7266
85.1647
84.6027
84.0404
83.4778
82.9148
82.3514
81.7876
81.2233
80.6586
80.0935
79.528
78.9622
78.3962
77.8299
77.2633
76.6965
76.1295
75.5622
74.9945
74.4266
73.8583
73.2895
72.7202
72.1504
71.58
71.0089
70.4372
69.8648
69.2917
68.718
68.1436
67.5686
66.9931
66.4171
65.8407
65.2639
64.6867
64.1092
63.5315
62.9535
62.3752
61.7967
61.2178
60.6387
60.0593
59.4795
58.8994
58.3188
57.7378
57.1562
56.574
55.9911
55.4076
54.8233
54.2381
53.6522
53.0653
52.4775
51.8887
51.299
50.7083
50.1166
49.5238
48.93
48.3352
47.7393
47.1425
46.5445
45.9456
45.3457
44.7449
44.1431
43.5405
42.937
42.3328
41.7279
41.1222
40.516
39.9092
39.3018
38.694
38.0857
37.477
36.8678
36.2581
35.6479
35.0371
34.4257
33.8136
33.2007
32.587
31.9723
31.3567
30.7402
30.1226
29.504
28.8844
28.2638
27.6423
27.02
26.3969
25.773
25.1485
24.5234
23.8978
23.2716
22.6449
22.0178
21.3902
20.762
20.1332
19.5038
18.8738
18.2429
17.6113
16.9789
16.3456
15.7115
15.0766
14.441
13.8047
13.1678
12.5304
11.8925
11.2543
10.6158
9.97711
9.33829
8.69936
8.06038
7.42133
6.78223
6.14306
5.50379
4.86439
4.22482
3.58504
2.94495
2.30401
1.65818
0.974111
0.306373
123.656
119.791
118.235
116.791
115.823
115.081
114.44
113.839
113.256
112.686
112.123
111.562
111
110.439
109.878
109.317
108.756
108.195
107.634
107.073
106.513
105.952
105.391
104.831
104.27
103.71
103.149
102.589
102.028
101.467
100.907
100.346
99.7853
99.2244
98.6634
98.1022
97.5408
96.9792
96.4173
95.8552
95.2928
94.7302
94.1673
93.6043
93.0411
92.4778
91.9145
91.3512
90.788
90.2249
89.6619
89.0992
88.5366
87.9743
87.4122
86.8503
86.2884
85.7266
85.1647
84.6027
84.0404
83.4778
82.9148
82.3514
81.7875
81.2232
80.6585
80.0934
79.528
78.9622
78.3961
77.8298
77.2633
76.6965
76.1294
75.5621
74.9945
74.4266
73.8582
73.2894
72.7202
72.1504
71.58
71.0089
70.4372
69.8648
69.2917
68.7179
68.1436
67.5686
66.9931
66.417
65.8406
65.2638
64.6866
64.1092
63.5314
62.9534
62.3751
61.7966
61.2178
60.6387
60.0593
59.4795
58.8993
58.3187
57.7377
57.1561
56.5739
55.9911
55.4075
54.8232
54.2381
53.6521
53.0652
52.4774
51.8887
51.299
50.7083
50.1165
49.5238
48.93
48.3352
47.7393
47.1424
46.5445
45.9456
45.3456
44.7448
44.143
43.5404
42.937
42.3328
41.7278
41.1222
40.5159
39.9091
39.3018
38.694
38.0856
37.4769
36.8677
36.258
35.6478
35.0371
34.4257
33.8136
33.2007
32.5869
31.9723
31.3567
30.7401
30.1225
29.5039
28.8843
28.2637
27.6423
27.0199
26.3968
25.773
25.1485
24.5234
23.8977
23.2715
22.6449
22.0178
21.3901
20.762
20.1332
19.5038
18.8737
18.2429
17.6113
16.9788
16.3456
15.7115
15.0766
14.441
13.8047
13.1678
12.5303
11.8925
11.2543
10.6158
9.97708
9.33825
8.69934
8.06035
7.42132
6.78222
6.14306
5.50379
4.8644
4.22483
3.58505
2.94496
2.30399
1.65793
0.974162
0.306689
123.993
119.774
118.237
116.794
115.824
115.081
114.44
113.839
113.256
112.686
112.123
111.562
111
110.439
109.878
109.317
108.756
108.195
107.634
107.073
106.513
105.952
105.391
104.831
104.27
103.71
103.149
102.589
102.028
101.467
100.907
100.346
99.7853
99.2244
98.6634
98.1022
97.5408
96.9792
96.4173
95.8552
95.2928
94.7302
94.1673
93.6042
93.0411
92.4778
91.9145
91.3512
90.7879
90.2248
89.6619
89.0991
88.5366
87.9743
87.4122
86.8502
86.2884
85.7266
85.1647
84.6026
84.0404
83.4777
82.9148
82.3513
81.7875
81.2232
80.6585
80.0933
79.5279
78.9621
78.3961
77.8298
77.2632
76.6964
76.1294
75.5621
74.9945
74.4265
73.8582
73.2894
72.7201
72.1503
71.5799
71.0089
70.4371
69.8647
69.2916
68.7179
68.1435
67.5685
66.993
66.417
65.8405
65.2637
64.6865
64.1091
63.5313
62.9533
62.375
61.7965
61.2177
60.6386
60.0592
59.4794
58.8993
58.3187
57.7376
57.156
56.5739
55.991
55.4075
54.8232
54.238
53.652
53.0652
52.4774
51.8886
51.2989
50.7082
50.1165
49.5237
48.9299
48.3351
47.7392
47.1423
46.5444
45.9455
45.3456
44.7447
44.143
43.5404
42.9369
42.3327
41.7277
41.1221
40.5158
39.909
39.3017
38.6939
38.0856
37.4768
36.8676
36.258
35.6478
35.037
34.4256
33.8135
33.2006
32.5869
31.9722
31.3567
30.7401
30.1225
29.5039
28.8843
28.2637
27.6422
27.0199
26.3968
25.7729
25.1484
24.5233
23.8977
23.2715
22.6449
22.0177
21.3901
20.7619
20.1332
19.5038
18.8737
18.2429
17.6113
16.9788
16.3456
15.7115
15.0766
14.441
13.8047
13.1677
12.5303
11.8924
11.2542
10.6157
9.97704
9.33822
8.69931
8.06033
7.4213
6.78221
6.14305
5.50379
4.8644
4.22484
3.58506
2.94497
2.30399
1.65777
0.974197
0.306895
124.282
119.766
118.239
116.795
115.825
115.081
114.44
113.839
113.256
112.686
112.123
111.562
111
110.439
109.878
109.317
108.756
108.195
107.634
107.073
106.513
105.952
105.391
104.831
104.27
103.71
103.149
102.589
102.028
101.467
100.907
100.346
99.7853
99.2244
98.6634
98.1022
97.5408
96.9792
96.4173
95.8552
95.2928
94.7301
94.1673
93.6042
93.041
92.4777
91.9144
91.3511
90.7879
90.2248
89.6618
89.0991
88.5365
87.9742
87.4121
86.8502
86.2884
85.7265
85.1647
84.6026
84.0403
83.4777
82.9147
82.3513
81.7874
81.2231
80.6584
80.0933
79.5278
78.962
78.396
77.8297
77.2631
76.6963
76.1293
75.562
74.9944
74.4265
73.8582
73.2894
72.7201
72.1503
71.5799
71.0088
70.4371
69.8647
69.2916
68.7178
68.1434
67.5684
66.9929
66.4169
65.8405
65.2636
64.6865
64.109
63.5313
62.9532
62.375
61.7964
61.2176
60.6385
60.0591
59.4793
58.8992
58.3186
57.7376
57.156
56.5738
55.9909
55.4074
54.8231
54.238
53.652
53.0651
52.4773
51.8886
51.2988
50.7082
50.1164
49.5237
48.9298
48.335
47.7391
47.1423
46.5443
45.9454
45.3455
44.7447
44.1429
43.5403
42.9368
42.3326
41.7276
41.122
40.5157
39.909
39.3016
38.6938
38.0855
37.4768
36.8675
36.2579
35.6477
35.037
34.4255
33.8135
33.2006
32.5869
31.9722
31.3566
30.74
30.1224
29.5038
28.8842
28.2636
27.6422
27.0198
26.3967
25.7728
25.1484
24.5232
23.8976
23.2714
22.6448
22.0177
21.3901
20.7619
20.1332
19.5038
18.8737
18.2429
17.6113
16.9788
16.3456
15.7114
15.0766
14.4409
13.8046
13.1677
12.5303
11.8924
11.2542
10.6157
9.97701
9.33818
8.69928
8.0603
7.42128
6.7822
6.14305
5.50379
4.86441
4.22485
3.58508
2.94499
2.30399
1.65767
0.974223
0.307032
124.535
119.762
118.24
116.796
115.825
115.082
114.44
113.839
113.256
112.686
112.123
111.562
111
110.439
109.878
109.317
108.756
108.195
107.634
107.073
106.513
105.952
105.391
104.831
104.27
103.71
103.149
102.589
102.028
101.467
100.907
100.346
99.7852
99.2244
98.6634
98.1022
97.5408
96.9792
96.4173
95.8552
95.2927
94.7301
94.1672
93.6042
93.041
92.4777
91.9144
91.3511
90.7878
90.2247
89.6618
89.099
88.5365
87.9742
87.4121
86.8501
86.2883
85.7265
85.1646
84.6026
84.0403
83.4777
82.9147
82.3513
81.7874
81.2231
80.6583
80.0932
79.5278
78.962
78.3959
77.8296
77.2631
76.6963
76.1293
75.562
74.9944
74.4264
73.8581
73.2893
72.7201
72.1503
71.5798
71.0088
70.4371
69.8646
69.2915
68.7178
68.1434
67.5683
66.9928
66.4168
65.8403
65.2635
64.6863
64.1089
63.5311
62.9531
62.3749
61.7963
61.2175
60.6384
60.059
59.4792
58.8991
58.3185
57.7375
57.1559
56.5737
55.9909
55.4073
54.823
54.2379
53.6519
53.0651
52.4772
51.8885
51.2988
50.7081
50.1163
49.5236
48.9298
48.335
47.7391
47.1422
46.5442
45.9453
45.3454
44.7446
44.1428
43.5402
42.9367
42.3325
41.7275
41.1219
40.5157
39.9089
39.3015
38.6937
38.0854
37.4767
36.8674
36.2578
35.6476
35.0369
34.4255
33.8134
33.2005
32.5868
31.9721
31.3566
30.74
30.1224
29.5038
28.8842
28.2636
27.6421
27.0198
26.3966
25.7728
25.1483
24.5232
23.8975
23.2714
22.6447
22.0176
21.39
20.7618
20.1331
19.5037
18.8737
18.2429
17.6112
16.9788
16.3455
15.7114
15.0765
14.4409
13.8046
13.1676
12.5302
11.8923
11.2541
10.6156
9.97696
9.33813
8.69924
8.06027
7.42126
6.78218
6.14304
5.5038
4.86441
4.22487
3.58509
2.94501
2.30399
1.65761
0.974244
0.307127
124.762
119.761
118.242
116.797
115.825
115.082
114.44
113.839
113.256
112.686
112.123
111.562
111
110.439
109.878
109.317
108.756
108.195
107.634
107.073
106.513
105.952
105.391
104.831
104.27
103.71
103.149
102.588
102.028
101.467
100.907
100.346
99.7852
99.2243
98.6633
98.1021
97.5408
96.9791
96.4173
95.8551
95.2927
94.7301
94.1672
93.6041
93.041
92.4776
91.9143
91.351
90.7878
90.2246
89.6617
89.0989
88.5364
87.9741
87.412
86.8501
86.2883
85.7264
85.1646
84.6026
84.0403
83.4777
82.9147
82.3512
81.7873
81.223
80.6583
80.0931
79.5277
78.9619
78.3958
77.8295
77.263
76.6962
76.1292
75.5619
74.9943
74.4264
73.8581
73.2893
72.72
72.1502
71.5798
71.0087
70.437
69.8646
69.2915
68.7177
68.1433
67.5682
66.9927
66.4166
65.8402
65.2634
64.6862
64.1087
63.531
62.953
62.3747
61.7962
61.2174
60.6383
60.0589
59.4791
58.899
58.3184
57.7374
57.1558
56.5736
55.9908
55.4073
54.8229
54.2379
53.6518
53.065
52.4772
51.8884
51.2987
50.708
50.1162
49.5235
48.9297
48.3349
47.739
47.1421
46.5441
45.9452
45.3453
44.7445
44.1427
43.5401
42.9366
42.3324
41.7274
41.1218
40.5155
39.9087
39.3014
38.6936
38.0852
37.4766
36.8673
36.2577
35.6475
35.0368
34.4254
33.8133
33.2004
32.5867
31.9721
31.3565
30.7399
30.1223
29.5037
28.8841
28.2635
27.642
27.0197
26.3966
25.7727
25.1482
24.5231
23.8975
23.2713
22.6447
22.0175
21.39
20.7618
20.1331
19.5037
18.8737
18.2428
17.6112
16.9788
16.3455
15.7114
15.0765
14.4408
13.8045
13.1676
12.5302
11.8923
11.2541
10.6155
9.9769
9.33807
8.6992
8.06023
7.42123
6.78216
6.14303
5.5038
4.86442
4.22489
3.58511
2.94503
2.304
1.65758
0.974264
0.307198
124.969
119.762
118.243
116.797
115.825
115.082
114.44
113.839
113.256
112.686
112.123
111.562
111
110.439
109.878
109.317
108.756
108.195
107.634
107.073
106.513
105.952
105.391
104.831
104.27
103.71
103.149
102.588
102.028
101.467
100.907
100.346
99.7852
99.2243
98.6633
98.1021
97.5407
96.9791
96.4172
95.8551
95.2927
94.73
94.1672
93.6041
93.0409
92.4776
91.9143
91.3509
90.7877
90.2245
89.6616
89.0988
88.5363
87.974
87.4119
86.85
86.2882
85.7264
85.1645
84.6025
84.0402
83.4776
82.9146
82.3512
81.7873
81.2229
80.6582
80.093
79.5276
78.9617
78.3957
77.8294
77.2629
76.6961
76.1291
75.5618
74.9942
74.4263
73.858
73.2892
72.72
72.1502
71.5798
71.0087
70.437
69.8645
69.2914
68.7176
68.1432
67.5681
66.9926
66.4165
65.8401
65.2632
64.6861
64.1086
63.5309
62.9528
62.3746
61.796
61.2172
60.6381
60.0587
59.479
58.8989
58.3183
57.7373
57.1557
56.5735
55.9907
55.4072
54.8229
54.2378
53.6518
53.0649
52.4771
51.8883
51.2986
50.7079
50.1161
49.5234
48.9296
48.3348
47.7389
47.142
46.544
45.9451
45.3452
44.7444
44.1426
43.54
42.9365
42.3323
41.7273
41.1217
40.5154
39.9086
39.3012
38.6934
38.0851
37.4764
36.8672
36.2576
35.6474
35.0367
34.4253
33.8132
33.2004
32.5866
31.972
31.3564
30.7398
30.1222
29.5036
28.884
28.2634
27.6419
27.0196
26.3965
25.7726
25.1481
24.523
23.8974
23.2712
22.6446
22.0175
21.3899
20.7617
20.133
19.5037
18.8736
18.2428
17.6112
16.9788
16.3455
15.7114
15.0765
14.4408
13.8045
13.1675
12.5301
11.8922
11.254
10.6155
9.97684
9.33801
8.69915
8.06018
7.4212
6.78214
6.14302
5.5038
4.86443
4.22491
3.58513
2.94506
2.30402
1.65756
0.974283
0.307256
125.155
119.763
118.244
116.798
115.826
115.082
114.44
113.839
113.256
112.686
112.123
111.562
111
110.439
109.878
109.317
108.756
108.195
107.634
107.073
106.513
105.952
105.391
104.831
104.27
103.71
103.149
102.588
102.028
101.467
100.907
100.346
99.7851
99.2242
98.6633
98.1021
97.5407
96.9791
96.4172
95.8551
95.2927
94.73
94.1671
93.604
93.0408
92.4775
91.9142
91.3508
90.7876
90.2244
89.6615
89.0987
88.5362
87.9739
87.4118
86.8499
86.2881
85.7263
85.1645
84.6025
84.0402
83.4776
82.9146
82.3511
81.7872
81.2228
80.6581
80.0929
79.5275
78.9616
78.3956
77.8292
77.2628
76.696
76.129
75.5617
74.9942
74.4262
73.8579
73.2892
72.7199
72.1501
71.5797
71.0086
70.4369
69.8644
69.2913
68.7175
68.1431
67.568
66.9925
66.4163
65.8399
65.263
64.6859
64.1084
63.5307
62.9526
62.3744
61.7958
61.2171
60.6379
60.0586
59.4788
58.8987
58.3181
57.7372
57.1555
56.5734
55.9906
55.4071
54.8228
54.2377
53.6516
53.0648
52.4769
51.8882
51.2985
50.7078
50.116
49.5233
48.9294
48.3347
47.7387
47.1419
46.5439
45.945
45.345
44.7442
44.1424
43.5398
42.9363
42.3321
41.7271
41.1215
40.5152
39.9085
39.301
38.6933
38.0849
37.4763
36.867
36.2574
35.6472
35.0366
34.4252
33.8131
33.2003
32.5866
31.9719
31.3564
30.7397
30.1222
29.5035
28.8839
28.2633
27.6419
27.0195
26.3964
25.7724
25.148
24.5228
23.8972
23.271
22.6445
22.0174
21.3898
20.7617
20.133
19.5036
18.8736
18.2428
17.6112
16.9788
16.3455
15.7113
15.0764
14.4407
13.8044
13.1674
12.53
11.8921
11.2539
10.6154
9.97676
9.33792
8.69909
8.06012
7.42117
6.78212
6.14301
5.50381
4.86445
4.22494
3.58516
2.9451
2.30404
1.65755
0.974305
0.307307
125.316
119.764
118.245
116.798
115.826
115.082
114.44
113.839
113.256
112.686
112.123
111.562
111
110.439
109.878
109.317
108.756
108.195
107.634
107.073
106.512
105.952
105.391
104.831
104.27
103.71
103.149
102.588
102.028
101.467
100.906
100.346
99.785
99.2242
98.6632
98.102
97.5407
96.9791
96.4172
95.8551
95.2926
94.73
94.1671
93.604
93.0408
92.4774
91.9141
91.3507
90.7875
90.2243
89.6614
89.0986
88.5361
87.9737
87.4117
86.8498
86.288
85.7263
85.1644
84.6024
84.0401
83.4776
82.9145
82.3511
81.7871
81.2227
80.658
80.0928
79.5273
78.9614
78.3955
77.8291
77.2626
76.6958
76.1289
75.5616
74.9941
74.4261
73.8579
73.2891
72.7199
72.1501
71.5796
71.0086
70.4368
69.8644
69.2912
68.7174
68.143
67.5678
66.9923
66.4162
65.8397
65.2628
64.6857
64.1082
63.5305
62.9524
62.3742
61.7956
61.2169
60.6378
60.0584
59.4786
58.8986
58.318
57.737
57.1554
56.5733
55.9905
55.407
54.8226
54.2375
53.6515
53.0647
52.4768
51.8881
51.2983
50.7076
50.1159
49.5231
48.9293
48.3345
47.7386
47.1417
46.5437
45.9448
45.3449
44.7441
44.1423
43.5397
42.9362
42.332
41.727
41.1214
40.515
39.9083
39.3008
38.6931
38.0847
37.4761
36.8668
36.2573
35.6471
35.0364
34.425
33.813
33.2002
32.5865
31.9718
31.3562
30.7397
30.122
29.5034
28.8838
28.2632
27.6417
27.0193
26.3962
25.7723
25.1479
24.5227
23.8971
23.2709
22.6444
22.0173
21.3897
20.7616
20.1329
19.5036
18.8736
18.2428
17.6112
16.9787
16.3454
15.7113
15.0764
14.4407
13.8043
13.1673
12.5299
11.892
11.2538
10.6153
9.97667
9.33783
8.69902
8.06006
7.42112
6.78209
6.143
5.50382
4.86446
4.22498
3.58519
2.94514
2.30407
1.65755
0.974327
0.307356
125.472
119.766
118.246
116.799
115.826
115.082
114.44
113.839
113.256
112.686
112.123
111.562
111
110.439
109.878
109.317
108.756
108.195
107.634
107.073
106.512
105.952
105.391
104.831
104.27
103.709
103.149
102.588
102.028
101.467
100.906
100.346
99.785
99.2241
98.6632
98.102
97.5406
96.979
96.4172
95.855
95.2926
94.7299
94.167
93.6039
93.0407
92.4774
91.914
91.3506
90.7874
90.2242
89.6613
89.0985
88.536
87.9736
87.4116
86.8497
86.2879
85.7262
85.1643
84.6024
84.0401
83.4775
82.9144
82.351
81.787
81.2226
80.6579
80.0926
79.5272
78.9613
78.3953
77.8289
77.2625
76.6957
76.1288
75.5615
74.994
74.426
73.8578
73.289
72.7198
72.1499
71.5796
71.0085
70.4367
69.8642
69.2911
68.7172
68.1428
67.5677
66.9921
66.416
65.8396
65.2626
64.6855
64.1079
63.5303
62.9522
62.374
61.7954
61.2167
60.6375
60.0582
59.4784
58.8984
58.3178
57.7369
57.1552
56.5732
55.9903
55.4068
54.8225
54.2374
53.6514
53.0645
52.4767
51.888
51.2981
50.7075
50.1157
49.523
48.9291
48.3344
47.7384
47.1416
46.5435
45.9447
45.3447
44.7439
44.1421
43.5395
42.936
42.3318
41.7268
41.1212
40.5148
39.9081
39.3006
38.6929
38.0845
37.4759
36.8666
36.2571
35.6469
35.0363
34.4249
33.8129
33.2
32.5863
31.9717
31.3561
30.7395
30.1219
29.5033
28.8837
28.263
27.6416
27.0192
26.3961
25.7721
25.1477
24.5225
23.897
23.2708
22.6443
22.0171
21.3896
20.7615
20.1329
19.5035
18.8735
18.2427
17.6111
16.9787
16.3454
15.7112
15.0763
14.4406
13.8042
13.1672
12.5298
11.8919
11.2537
10.6152
9.97659
9.33775
8.69896
8.06
7.42108
6.78206
6.14299
5.50381
4.86447
4.22499
3.58521
2.94517
2.30409
1.65754
0.974344
0.307395
125.619
119.769
118.246
116.799
115.826
115.082
114.44
113.839
113.256
112.686
112.123
111.562
111
110.439
109.878
109.317
108.756
108.195
107.634
107.073
106.512
105.952
105.391
104.831
104.27
103.709
103.149
102.588
102.028
101.467
100.906
100.346
99.7849
99.224
98.6631
98.1019
97.5406
96.979
96.4171
95.8549
95.2925
94.7298
94.1669
93.6039
93.0406
92.4773
91.914
91.3506
90.7874
90.2242
89.6613
89.0984
88.536
87.9736
87.4116
86.8496
86.2879
85.7261
85.1643
84.6023
84.04
83.4774
82.9143
82.3508
81.7869
81.2225
80.6577
80.0925
79.5271
78.9612
78.3952
77.8288
77.2624
76.6956
76.1287
75.5614
74.9939
74.4259
73.8576
73.2889
72.7197
72.1498
71.5794
71.0083
70.4366
69.8641
69.291
68.7171
68.1427
67.5675
66.992
66.4158
65.8394
65.2624
64.6853
64.1078
63.5301
62.952
62.3739
61.7952
61.2165
60.6374
60.0581
59.4782
58.8982
58.3176
57.7367
57.1551
56.573
55.9901
55.4067
54.8223
54.2372
53.6512
53.0644
52.4765
51.8878
51.298
50.7073
50.1155
49.5228
48.9289
48.3342
47.7382
47.1414
46.5434
45.9445
45.3445
44.7437
44.1419
43.5393
42.9358
42.3316
41.7266
41.121
40.5147
39.9079
39.3005
38.6927
38.0843
37.4757
36.8665
36.2569
35.6467
35.0361
34.4247
33.8127
33.1998
32.5862
31.9715
31.3559
30.7393
30.1217
29.5031
28.8835
28.2629
27.6414
27.019
26.396
25.772
25.1476
24.5224
23.8969
23.2707
22.6442
22.017
21.3895
20.7614
20.1328
19.5034
18.8734
18.2426
17.611
16.9786
16.3453
15.7111
15.0762
14.4405
13.8042
13.1671
12.5297
11.8918
11.2536
10.6151
9.97654
9.33771
8.69892
8.05997
7.42105
6.78203
6.14296
5.5038
4.86445
4.22498
3.5852
2.94516
2.30408
1.65753
0.974353
0.307419
125.683
119.77
118.247
116.799
115.826
115.082
114.44
113.839
113.256
112.686
112.123
111.562
111
110.439
109.878
109.317
108.756
108.195
107.634
107.073
106.512
105.952
105.391
104.831
104.27
103.709
103.149
102.588
102.028
101.467
100.906
100.346
99.7849
99.224
98.6631
98.1019
97.5406
96.9789
96.4171
95.8549
95.2925
94.7298
94.1669
93.6038
93.0406
92.4773
91.914
91.3506
90.7874
90.2241
89.6612
89.0984
88.5359
87.9735
87.4115
86.8495
86.2878
85.726
85.1642
84.6022
84.0399
83.4773
82.9143
82.3508
81.7869
81.2224
80.6577
80.0924
79.527
78.9611
78.3952
77.8288
77.2624
76.6955
76.1286
75.5613
74.9938
74.4258
73.8576
73.2888
72.7196
72.1498
71.5794
71.0083
70.4366
69.864
69.2909
68.717
68.1426
67.5674
66.9919
66.4157
65.8393
65.2623
64.6852
64.1076
63.53
62.9519
62.3738
61.7951
61.2165
60.6373
60.058
59.4781
58.8981
58.3175
57.7366
57.155
56.5729
55.99
55.4066
54.8222
54.2372
53.6511
53.0643
52.4764
51.8877
51.2978
50.7072
50.1154
49.5227
48.9288
48.3341
47.7381
47.1413
46.5432
45.9444
45.3444
44.7436
44.1418
43.5392
42.9357
42.3315
41.7265
41.1209
40.5146
39.9078
39.3004
38.6927
38.0842
37.4757
36.8664
36.2569
35.6466
35.036
34.4246
33.8126
33.1997
32.5861
31.9714
31.3559
30.7392
30.1217
29.503
28.8834
28.2628
27.6414
27.0189
26.3959
25.7719
25.1475
24.5223
23.8968
23.2706
22.6441
22.0169
21.3895
20.7613
20.1327
19.5034
18.8733
18.2425
17.6109
16.9785
16.3452
15.7111
15.0761
14.4404
13.8041
13.1671
12.5297
11.8917
11.2536
10.6151
9.97652
9.33768
8.6989
8.05995
7.42104
6.78202
6.14295
5.50378
4.86445
4.22497
3.5852
2.94516
2.30408
1.65752
0.974357
0.307431
125.691
119.77
118.247
116.799
115.826
115.082
114.44
113.839
113.256
112.686
112.123
111.562
111
110.439
109.878
109.317
108.756
108.195
107.634
107.073
106.512
105.952
105.391
104.831
104.27
103.709
103.149
102.588
102.028
101.467
100.906
100.346
99.7849
99.224
98.6631
98.1019
97.5406
96.9789
96.4171
95.8549
95.2925
94.7298
94.1669
93.6038
93.0406
92.4773
91.9139
91.3505
90.7873
90.2241
89.6612
89.0984
88.5359
87.9735
87.4115
86.8495
86.2878
85.726
85.1642
84.6022
84.0399
83.4773
82.9143
82.3508
81.7868
81.2224
80.6577
80.0924
79.527
78.9611
78.3951
77.8287
77.2623
76.6955
76.1286
75.5613
74.9938
74.4258
73.8576
73.2888
72.7196
72.1497
71.5794
71.0083
70.4365
69.864
69.2909
68.717
68.1426
67.5674
66.9919
66.4157
65.8393
65.2623
64.6852
64.1076
63.53
62.9519
62.3737
61.7951
61.2164
60.6372
60.0579
59.4781
58.8981
58.3175
57.7366
57.1549
56.5729
55.99
55.4066
54.8222
54.2371
53.6511
53.0642
52.4763
51.8877
51.2978
50.7072
50.1153
49.5227
48.9288
48.334
47.7381
47.1412
46.5432
45.9444
45.3444
44.7436
44.1417
43.5392
42.9356
42.3315
41.7264
41.1209
40.5145
39.9078
39.3003
38.6926
38.0842
37.4756
36.8663
36.2568
35.6466
35.036
34.4246
33.8126
33.1997
32.586
31.9714
31.3558
30.7392
30.1216
29.503
28.8834
28.2628
27.6413
27.0189
26.3959
25.7719
25.1475
24.5223
23.8968
23.2706
22.6441
22.0169
21.3895
20.7613
20.1327
19.5034
18.8733
18.2425
17.6109
16.9785
16.3452
15.711
15.0761
14.4404
13.8041
13.1671
12.5297
11.8917
11.2536
10.6151
9.9765
9.33766
8.69889
8.05994
7.42103
6.78201
6.14295
5.50379
4.86445
4.22498
3.5852
2.94517
2.30408
1.65752
0.97436
0.307436
125.695
119.77
118.247
116.799
115.826
115.082
114.44
113.839
113.256
112.686
112.123
111.562
111
110.439
109.878
109.317
108.756
108.195
107.634
107.073
106.512
105.952
105.391
104.831
104.27
103.709
103.149
102.588
102.028
101.467
100.906
100.346
99.7849
99.224
98.6631
98.1019
97.5406
96.9789
96.4171
95.8549
95.2925
94.7298
94.1669
93.6038
93.0406
92.4772
91.9139
91.3505
90.7873
90.2241
89.6612
89.0983
88.5359
87.9735
87.4115
86.8495
86.2878
85.726
85.1642
84.6022
84.0399
83.4773
82.9143
82.3508
81.7868
81.2224
80.6576
80.0924
79.527
78.961
78.3951
77.8287
77.2623
76.6955
76.1286
75.5613
74.9938
74.4258
73.8576
73.2888
72.7196
72.1497
71.5794
71.0083
70.4365
69.864
69.2909
68.717
68.1426
67.5674
66.9919
66.4156
65.8393
65.2622
64.6852
64.1076
63.53
62.9519
62.3737
61.7951
61.2164
60.6372
60.0579
59.4781
58.8981
58.3175
57.7366
57.1549
56.5729
55.99
55.4066
54.8222
54.2371
53.6511
53.0642
52.4763
51.8876
51.2978
50.7072
50.1153
49.5227
48.9288
48.334
47.738
47.1412
46.5432
45.9443
45.3443
44.7436
44.1417
43.5392
42.9356
42.3315
41.7264
41.1209
40.5145
39.9078
39.3003
38.6926
38.0842
37.4756
36.8663
36.2568
35.6466
35.036
34.4245
33.8126
33.1997
32.586
31.9714
31.3558
30.7392
30.1216
29.503
28.8834
28.2628
27.6413
27.0189
26.3959
25.7719
25.1475
24.5223
23.8968
23.2706
22.6441
22.0169
21.3894
20.7613
20.1327
19.5033
18.8733
18.2425
17.6109
16.9785
16.3452
15.711
15.0761
14.4404
13.8041
13.1671
12.5297
11.8917
11.2536
10.615
9.97649
9.33765
8.69888
8.05993
7.42103
6.78201
6.14295
5.50379
4.86445
4.22499
3.58521
2.94517
2.30409
1.65752
0.974363
0.307438
125.7
119.77
118.247
116.799
115.826
115.082
114.44
113.839
113.256
112.686
112.123
111.562
111
110.439
109.878
109.317
108.756
108.195
107.634
107.073
106.512
105.952
105.391
104.831
104.27
103.709
103.149
102.588
102.028
101.467
100.906
100.346
99.7849
99.224
98.6631
98.1019
97.5405
96.9789
96.4171
95.8549
95.2925
94.7298
94.1669
93.6038
93.0406
92.4772
91.9139
91.3505
90.7873
90.2241
89.6612
89.0983
88.5359
87.9735
87.4115
86.8495
86.2878
85.726
85.1642
84.6022
84.0399
83.4773
82.9143
82.3508
81.7868
81.2224
80.6576
80.0924
79.527
78.961
78.3951
77.8287
77.2623
76.6955
76.1286
75.5613
74.9938
74.4258
73.8576
73.2888
72.7196
72.1497
71.5793
71.0083
70.4365
69.864
69.2909
68.717
68.1426
67.5674
66.9918
66.4156
65.8392
65.2622
64.6852
64.1076
63.53
62.9518
62.3737
61.7951
61.2164
60.6372
60.0579
59.4781
58.8981
58.3175
57.7365
57.1549
56.5729
55.99
55.4065
54.8222
54.2371
53.6511
53.0642
52.4763
51.8876
51.2978
50.7072
50.1153
49.5227
48.9288
48.334
47.738
47.1412
46.5432
45.9443
45.3443
44.7436
44.1417
43.5392
42.9356
42.3315
41.7264
41.1209
40.5145
39.9078
39.3003
38.6926
38.0842
37.4756
36.8663
36.2568
35.6466
35.036
34.4245
33.8126
33.1997
32.586
31.9714
31.3558
30.7392
30.1216
29.503
28.8834
28.2627
27.6413
27.0189
26.3958
25.7719
25.1475
24.5223
23.8968
23.2705
22.6441
22.0169
21.3894
20.7613
20.1327
19.5033
18.8733
18.2426
17.6109
16.9785
16.3452
15.711
15.0761
14.4404
13.8041
13.1671
12.5297
11.8917
11.2536
10.615
9.97648
9.33764
8.69887
8.05992
7.42102
6.78201
6.14295
5.50379
4.86445
4.22499
3.58521
2.94518
2.30409
1.65753
0.974364
0.30744
125.705
119.77
118.247
116.799
115.826
115.082
114.44
113.839
113.256
112.686
112.123
111.562
111
110.439
109.878
109.317
108.756
108.195
107.634
107.073
106.512
105.952
105.391
104.831
104.27
103.709
103.149
102.588
102.028
101.467
100.906
100.346
99.7849
99.224
98.6631
98.1019
97.5405
96.9789
96.4171
95.8549
95.2925
94.7298
94.1669
93.6038
93.0406
92.4772
91.9139
91.3505
90.7873
90.2241
89.6612
89.0983
88.5359
87.9735
87.4115
86.8495
86.2878
85.726
85.1642
84.6022
84.0399
83.4773
82.9143
82.3507
81.7868
81.2224
80.6576
80.0923
79.5269
78.961
78.3951
77.8287
77.2623
76.6955
76.1286
75.5613
74.9938
74.4258
73.8576
73.2888
72.7196
72.1497
71.5794
71.0082
70.4365
69.864
69.2909
68.717
68.1426
67.5673
66.9918
66.4156
65.8392
65.2622
64.6852
64.1076
63.53
62.9518
62.3737
61.795
61.2164
60.6372
60.0579
59.4781
58.8981
58.3174
57.7365
57.1549
56.5729
55.99
55.4065
54.8222
54.2371
53.651
53.0642
52.4763
51.8876
51.2978
50.7072
50.1153
49.5227
48.9287
48.334
47.738
47.1412
46.5432
45.9443
45.3443
44.7436
44.1417
43.5392
42.9356
42.3315
41.7264
41.1209
40.5145
39.9078
39.3003
38.6926
38.0842
37.4756
36.8663
36.2568
35.6465
35.036
34.4245
33.8126
33.1997
32.586
31.9714
31.3558
30.7392
30.1216
29.5029
28.8834
28.2627
27.6413
27.0189
26.3958
25.7719
25.1475
24.5223
23.8968
23.2705
22.6441
22.0169
21.3894
20.7613
20.1327
19.5033
18.8733
18.2425
17.6109
16.9785
16.3452
15.711
15.0761
14.4404
13.8041
13.167
12.5297
11.8917
11.2536
10.615
9.97648
9.33764
8.69887
8.05992
7.42102
6.782
6.14295
5.50379
4.86445
4.22499
3.58521
2.94518
2.30409
1.65753
0.974365
0.307441
125.709
119.77
118.247
116.799
115.826
115.082
114.44
113.839
113.256
112.686
112.123
111.562
111
110.439
109.878
109.317
108.756
108.195
107.634
107.073
106.512
105.952
105.391
104.831
104.27
103.709
103.149
102.588
102.028
101.467
100.906
100.346
99.7849
99.224
98.6631
98.1019
97.5405
96.9789
96.4171
95.8549
95.2925
94.7298
94.1669
93.6038
93.0406
92.4772
91.9139
91.3505
90.7873
90.2241
89.6612
89.0983
88.5359
87.9735
87.4115
86.8495
86.2878
85.726
85.1642
84.6022
84.0399
83.4773
82.9143
82.3508
81.7868
81.2224
80.6576
80.0923
79.5269
78.961
78.3951
77.8287
77.2623
76.6955
76.1286
75.5613
74.9938
74.4258
73.8576
73.2888
72.7196
72.1497
71.5793
71.0082
70.4365
69.864
69.2909
68.717
68.1425
67.5673
66.9918
66.4156
65.8392
65.2622
64.6852
64.1076
63.5299
62.9518
62.3737
61.795
61.2164
60.6372
60.0579
59.4781
58.8981
58.3174
57.7365
57.1549
56.5729
55.99
55.4065
54.8222
54.2371
53.651
53.0642
52.4763
51.8876
51.2978
50.7072
50.1153
49.5226
48.9287
48.334
47.738
47.1412
46.5432
45.9443
45.3443
44.7435
44.1417
43.5392
42.9356
42.3315
41.7264
41.1209
40.5145
39.9078
39.3003
38.6926
38.0842
37.4756
36.8663
36.2568
35.6465
35.036
34.4245
33.8126
33.1997
32.586
31.9714
31.3558
30.7392
30.1216
29.5029
28.8834
28.2627
27.6413
27.0189
26.3958
25.7719
25.1475
24.5223
23.8968
23.2705
22.6441
22.0169
21.3894
20.7613
20.1327
19.5033
18.8733
18.2426
17.6109
16.9785
16.3452
15.711
15.0761
14.4404
13.8041
13.167
12.5297
11.8917
11.2536
10.615
9.97648
9.33763
8.69887
8.05992
7.42102
6.782
6.14295
5.50379
4.86445
4.225
3.58521
2.94518
2.30409
1.65753
0.974366
0.307441
125.712
119.77
118.247
116.799
115.826
115.082
114.44
113.839
113.256
112.686
112.123
111.562
111
110.439
109.878
109.317
108.756
108.195
107.634
107.073
106.512
105.952
105.391
104.831
104.27
103.709
103.149
102.588
102.028
101.467
100.906
100.346
99.7849
99.224
98.6631
98.1019
97.5405
96.9789
96.4171
95.8549
95.2925
94.7298
94.1669
93.6038
93.0406
92.4772
91.9139
91.3505
90.7873
90.2241
89.6612
89.0983
88.5359
87.9735
87.4115
86.8495
86.2878
85.726
85.1642
84.6022
84.0399
83.4773
82.9143
82.3507
81.7868
81.2224
80.6576
80.0923
79.5269
78.961
78.3951
77.8287
77.2623
76.6955
76.1286
75.5612
74.9938
74.4258
73.8576
73.2888
72.7196
72.1497
71.5794
71.0082
70.4365
69.864
69.2909
68.717
68.1425
67.5673
66.9918
66.4156
65.8392
65.2622
64.6852
64.1075
63.5299
62.9518
62.3737
61.795
61.2164
60.6372
60.0579
59.478
58.8981
58.3174
57.7365
57.1549
56.5729
55.99
55.4065
54.8222
54.2371
53.651
53.0642
52.4763
51.8876
51.2978
50.7072
50.1153
49.5227
48.9287
48.334
47.738
47.1412
46.5432
45.9443
45.3443
44.7436
44.1417
43.5392
42.9356
42.3315
41.7264
41.1209
40.5145
39.9078
39.3003
38.6926
38.0841
37.4756
36.8663
36.2568
35.6465
35.036
34.4245
33.8126
33.1997
32.586
31.9714
31.3558
30.7392
30.1216
29.5029
28.8834
28.2627
27.6413
27.0189
26.3958
25.7719
25.1475
24.5223
23.8968
23.2705
22.6441
22.0169
21.3894
20.7613
20.1327
19.5033
18.8733
18.2425
17.6109
16.9785
16.3452
15.711
15.0761
14.4404
13.8041
13.167
12.5297
11.8917
11.2536
10.615
9.97648
9.33763
8.69887
8.05991
7.42102
6.782
6.14295
5.50379
4.86445
4.225
3.58521
2.94518
2.3041
1.65753
0.974366
0.307442
125.712
119.77
118.247
116.799
115.826
115.082
114.44
113.839
113.256
112.686
112.123
111.562
111
110.439
109.878
109.317
108.756
108.195
107.634
107.073
106.512
105.952
105.391
104.831
104.27
103.709
103.149
102.588
102.028
101.467
100.906
100.346
99.7849
99.224
98.6631
98.1019
97.5405
96.9789
96.4171
95.8549
95.2925
94.7298
94.1669
93.6038
93.0406
92.4772
91.9139
91.3505
90.7873
90.2241
89.6612
89.0983
88.5359
87.9735
87.4115
86.8495
86.2878
85.726
85.1642
84.6022
84.0399
83.4773
82.9143
82.3507
81.7868
81.2224
80.6576
80.0923
79.5269
78.961
78.3951
77.8287
77.2623
76.6955
76.1286
75.5612
74.9938
74.4258
73.8576
73.2888
72.7196
72.1497
71.5794
71.0082
70.4365
69.864
69.2909
68.717
68.1425
67.5673
66.9918
66.4156
65.8392
65.2622
64.6852
64.1075
63.5299
62.9518
62.3737
61.795
61.2164
60.6372
60.0579
59.478
58.8981
58.3174
57.7365
57.1549
56.5729
55.99
55.4065
54.8222
54.2371
53.651
53.0642
52.4763
51.8876
51.2978
50.7072
50.1153
49.5227
48.9287
48.334
47.738
47.1412
46.5432
45.9443
45.3443
44.7436
44.1417
43.5392
42.9356
42.3315
41.7264
41.1209
40.5145
39.9078
39.3003
38.6926
38.0841
37.4756
36.8663
36.2568
35.6465
35.036
34.4245
33.8126
33.1997
32.586
31.9714
31.3558
30.7392
30.1216
29.5029
28.8834
28.2627
27.6413
27.0189
26.3958
25.7719
25.1475
24.5223
23.8968
23.2705
22.6441
22.0169
21.3894
20.7613
20.1327
19.5033
18.8733
18.2425
17.6109
16.9785
16.3452
15.711
15.0761
14.4404
13.8041
13.167
12.5297
11.8917
11.2536
10.615
9.97648
9.33763
8.69887
8.05991
7.42102
6.782
6.14295
5.50379
4.86445
4.225
3.58521
2.94518
2.3041
1.65753
0.974366
0.307442
125.709
119.77
118.247
116.799
115.826
115.082
114.44
113.839
113.256
112.686
112.123
111.562
111
110.439
109.878
109.317
108.756
108.195
107.634
107.073
106.512
105.952
105.391
104.831
104.27
103.709
103.149
102.588
102.028
101.467
100.906
100.346
99.7849
99.224
98.6631
98.1019
97.5405
96.9789
96.4171
95.8549
95.2925
94.7298
94.1669
93.6038
93.0406
92.4772
91.9139
91.3505
90.7873
90.2241
89.6612
89.0983
88.5359
87.9735
87.4115
86.8495
86.2878
85.726
85.1642
84.6022
84.0399
83.4773
82.9142
82.3508
81.7868
81.2224
80.6576
80.0923
79.5269
78.961
78.3951
77.8287
77.2623
76.6955
76.1286
75.5613
74.9938
74.4258
73.8576
73.2888
72.7196
72.1497
71.5793
71.0082
70.4365
69.864
69.2909
68.717
68.1425
67.5673
66.9918
66.4156
65.8392
65.2622
64.6852
64.1076
63.5299
62.9518
62.3737
61.795
61.2164
60.6372
60.0579
59.4781
58.8981
58.3174
57.7365
57.1549
56.5729
55.99
55.4065
54.8222
54.2371
53.651
53.0642
52.4763
51.8876
51.2978
50.7072
50.1153
49.5226
48.9287
48.334
47.738
47.1412
46.5432
45.9443
45.3443
44.7435
44.1417
43.5392
42.9356
42.3315
41.7264
41.1209
40.5145
39.9078
39.3003
38.6926
38.0842
37.4756
36.8663
36.2568
35.6465
35.036
34.4245
33.8126
33.1997
32.586
31.9714
31.3558
30.7392
30.1216
29.5029
28.8834
28.2627
27.6413
27.0189
26.3958
25.7719
25.1475
24.5223
23.8968
23.2705
22.6441
22.0169
21.3894
20.7613
20.1327
19.5033
18.8733
18.2426
17.6109
16.9785
16.3452
15.711
15.0761
14.4404
13.8041
13.167
12.5297
11.8917
11.2536
10.615
9.97648
9.33763
8.69887
8.05992
7.42102
6.782
6.14295
5.50379
4.86445
4.225
3.58521
2.94518
2.30409
1.65753
0.974366
0.307441
125.705
119.77
118.247
116.799
115.826
115.082
114.44
113.839
113.256
112.686
112.123
111.562
111
110.439
109.878
109.317
108.756
108.195
107.634
107.073
106.512
105.952
105.391
104.831
104.27
103.709
103.149
102.588
102.028
101.467
100.906
100.346
99.7849
99.224
98.6631
98.1019
97.5405
96.9789
96.4171
95.8549
95.2925
94.7298
94.1669
93.6038
93.0406
92.4772
91.9139
91.3505
90.7873
90.2241
89.6612
89.0983
88.5359
87.9735
87.4115
86.8495
86.2878
85.726
85.1642
84.6022
84.0399
83.4773
82.9143
82.3507
81.7868
81.2224
80.6576
80.0923
79.5269
78.961
78.3951
77.8287
77.2623
76.6955
76.1286
75.5613
74.9938
74.4258
73.8576
73.2888
72.7196
72.1497
71.5794
71.0082
70.4365
69.864
69.2909
68.717
68.1426
67.5673
66.9918
66.4156
65.8392
65.2622
64.6852
64.1076
63.53
62.9518
62.3737
61.795
61.2164
60.6372
60.0579
59.4781
58.8981
58.3174
57.7365
57.1549
56.5729
55.99
55.4065
54.8222
54.2371
53.651
53.0642
52.4763
51.8876
51.2978
50.7072
50.1153
49.5227
48.9287
48.334
47.738
47.1412
46.5432
45.9443
45.3443
44.7436
44.1417
43.5392
42.9356
42.3315
41.7264
41.1209
40.5145
39.9078
39.3003
38.6926
38.0842
37.4756
36.8663
36.2568
35.6465
35.036
34.4245
33.8126
33.1997
32.586
31.9714
31.3558
30.7392
30.1216
29.5029
28.8834
28.2627
27.6413
27.0189
26.3958
25.7719
25.1475
24.5223
23.8968
23.2705
22.6441
22.0169
21.3894
20.7613
20.1327
19.5033
18.8733
18.2425
17.6109
16.9785
16.3452
15.711
15.0761
14.4404
13.8041
13.167
12.5297
11.8917
11.2536
10.615
9.97648
9.33764
8.69887
8.05992
7.42102
6.782
6.14295
5.50379
4.86445
4.22499
3.58521
2.94518
2.30409
1.65753
0.974365
0.307441
125.7
119.77
118.247
116.799
115.826
115.082
114.44
113.839
113.256
112.686
112.123
111.562
111
110.439
109.878
109.317
108.756
108.195
107.634
107.073
106.512
105.952
105.391
104.831
104.27
103.709
103.149
102.588
102.028
101.467
100.906
100.346
99.7849
99.224
98.6631
98.1019
97.5405
96.9789
96.4171
95.8549
95.2925
94.7298
94.1669
93.6038
93.0406
92.4772
91.9139
91.3505
90.7873
90.2241
89.6612
89.0983
88.5359
87.9735
87.4115
86.8495
86.2878
85.726
85.1642
84.6022
84.0399
83.4773
82.9143
82.3508
81.7868
81.2224
80.6576
80.0924
79.527
78.961
78.3951
77.8287
77.2623
76.6955
76.1286
75.5613
74.9938
74.4258
73.8576
73.2888
72.7196
72.1497
71.5793
71.0083
70.4365
69.864
69.2909
68.717
68.1426
67.5674
66.9918
66.4156
65.8392
65.2622
64.6852
64.1076
63.53
62.9518
62.3737
61.7951
61.2164
60.6372
60.0579
59.4781
58.8981
58.3175
57.7365
57.1549
56.5729
55.99
55.4065
54.8222
54.2371
53.6511
53.0642
52.4763
51.8876
51.2978
50.7072
50.1153
49.5227
48.9288
48.334
47.738
47.1412
46.5432
45.9443
45.3443
44.7436
44.1417
43.5392
42.9356
42.3315
41.7264
41.1209
40.5145
39.9078
39.3003
38.6926
38.0842
37.4756
36.8663
36.2568
35.6466
35.036
34.4245
33.8126
33.1997
32.586
31.9714
31.3558
30.7392
30.1216
29.503
28.8834
28.2627
27.6413
27.0189
26.3958
25.7719
25.1475
24.5223
23.8968
23.2705
22.6441
22.0169
21.3894
20.7613
20.1327
19.5033
18.8733
18.2426
17.6109
16.9785
16.3452
15.711
15.0761
14.4404
13.8041
13.1671
12.5297
11.8917
11.2536
10.615
9.97648
9.33764
8.69887
8.05992
7.42102
6.78201
6.14295
5.50379
4.86445
4.22499
3.58521
2.94518
2.30409
1.65753
0.974364
0.30744
125.695
119.77
118.247
116.799
115.826
115.082
114.44
113.839
113.256
112.686
112.123
111.562
111
110.439
109.878
109.317
108.756
108.195
107.634
107.073
106.512
105.952
105.391
104.831
104.27
103.709
103.149
102.588
102.028
101.467
100.906
100.346
99.7849
99.224
98.6631
98.1019
97.5406
96.9789
96.4171
95.8549
95.2925
94.7298
94.1669
93.6038
93.0406
92.4772
91.9139
91.3505
90.7873
90.2241
89.6612
89.0983
88.5359
87.9735
87.4115
86.8495
86.2878
85.726
85.1642
84.6022
84.0399
83.4773
82.9143
82.3508
81.7868
81.2224
80.6576
80.0924
79.527
78.961
78.3951
77.8287
77.2623
76.6955
76.1286
75.5613
74.9938
74.4258
73.8576
73.2888
72.7196
72.1497
71.5794
71.0083
70.4365
69.864
69.2909
68.717
68.1426
67.5674
66.9919
66.4156
65.8393
65.2622
64.6852
64.1076
63.53
62.9519
62.3737
61.7951
61.2164
60.6372
60.0579
59.4781
58.8981
58.3175
57.7366
57.1549
56.5729
55.99
55.4066
54.8222
54.2371
53.6511
53.0642
52.4763
51.8876
51.2978
50.7072
50.1153
49.5227
48.9288
48.334
47.738
47.1412
46.5432
45.9443
45.3443
44.7436
44.1417
43.5392
42.9356
42.3315
41.7264
41.1209
40.5145
39.9078
39.3003
38.6926
38.0842
37.4756
36.8663
36.2568
35.6466
35.036
34.4245
33.8126
33.1997
32.586
31.9714
31.3558
30.7392
30.1216
29.503
28.8834
28.2628
27.6413
27.0189
26.3959
25.7719
25.1475
24.5223
23.8968
23.2706
22.6441
22.0169
21.3894
20.7613
20.1327
19.5033
18.8733
18.2425
17.6109
16.9785
16.3452
15.711
15.0761
14.4404
13.8041
13.1671
12.5297
11.8917
11.2536
10.615
9.97649
9.33765
8.69888
8.05993
7.42103
6.78201
6.14295
5.50379
4.86445
4.22499
3.58521
2.94517
2.30409
1.65752
0.974363
0.307438
125.691
119.77
118.247
116.799
115.826
115.082
114.44
113.839
113.256
112.686
112.123
111.562
111
110.439
109.878
109.317
108.756
108.195
107.634
107.073
106.512
105.952
105.391
104.831
104.27
103.709
103.149
102.588
102.028
101.467
100.906
100.346
99.7849
99.224
98.6631
98.1019
97.5406
96.9789
96.4171
95.8549
95.2925
94.7298
94.1669
93.6038
93.0406
92.4773
91.9139
91.3505
90.7873
90.2241
89.6612
89.0984
88.5359
87.9735
87.4115
86.8495
86.2878
85.726
85.1642
84.6022
84.0399
83.4773
82.9143
82.3508
81.7868
81.2224
80.6577
80.0924
79.527
78.9611
78.3951
77.8287
77.2623
76.6955
76.1286
75.5613
74.9938
74.4258
73.8576
73.2888
72.7196
72.1497
71.5794
71.0083
70.4365
69.864
69.2909
68.717
68.1426
67.5674
66.9919
66.4157
65.8393
65.2623
64.6852
64.1076
63.53
62.9519
62.3737
61.7951
61.2164
60.6372
60.0579
59.4781
58.8981
58.3175
57.7366
57.1549
56.5729
55.99
55.4066
54.8222
54.2371
53.6511
53.0642
52.4763
51.8877
51.2978
50.7072
50.1153
49.5227
48.9288
48.334
47.7381
47.1412
46.5432
45.9444
45.3444
44.7436
44.1417
43.5392
42.9356
42.3315
41.7264
41.1209
40.5145
39.9078
39.3003
38.6926
38.0842
37.4756
36.8663
36.2568
35.6466
35.036
34.4246
33.8126
33.1997
32.586
31.9714
31.3558
30.7392
30.1216
29.503
28.8834
28.2628
27.6413
27.0189
26.3959
25.7719
25.1475
24.5223
23.8968
23.2706
22.6441
22.0169
21.3895
20.7613
20.1327
19.5034
18.8733
18.2425
17.6109
16.9785
16.3452
15.711
15.0761
14.4404
13.8041
13.1671
12.5297
11.8917
11.2536
10.6151
9.9765
9.33766
8.69889
8.05994
7.42103
6.78201
6.14295
5.50379
4.86445
4.22498
3.5852
2.94517
2.30408
1.65752
0.97436
0.307436
125.683
119.77
118.247
116.799
115.826
115.082
114.44
113.839
113.256
112.686
112.123
111.562
111
110.439
109.878
109.317
108.756
108.195
107.634
107.073
106.512
105.952
105.391
104.831
104.27
103.709
103.149
102.588
102.028
101.467
100.906
100.346
99.7849
99.224
98.6631
98.1019
97.5406
96.9789
96.4171
95.8549
95.2925
94.7298
94.1669
93.6038
93.0406
92.4773
91.914
91.3506
90.7874
90.2241
89.6612
89.0984
88.5359
87.9735
87.4115
86.8495
86.2878
85.726
85.1642
84.6022
84.0399
83.4773
82.9143
82.3508
81.7869
81.2224
80.6577
80.0924
79.527
78.9611
78.3952
77.8288
77.2624
76.6955
76.1286
75.5613
74.9938
74.4258
73.8576
73.2888
72.7196
72.1498
71.5794
71.0083
70.4366
69.864
69.2909
68.717
68.1426
67.5674
66.9919
66.4157
65.8393
65.2623
64.6852
64.1076
63.53
62.9519
62.3738
61.7951
61.2165
60.6373
60.058
59.4781
58.8981
58.3175
57.7366
57.155
56.5729
55.99
55.4066
54.8222
54.2372
53.6511
53.0643
52.4764
51.8877
51.2978
50.7072
50.1154
49.5227
48.9288
48.3341
47.7381
47.1413
46.5432
45.9444
45.3444
44.7436
44.1418
43.5392
42.9357
42.3315
41.7265
41.1209
40.5146
39.9078
39.3004
38.6927
38.0842
37.4757
36.8664
36.2569
35.6466
35.036
34.4246
33.8126
33.1997
32.5861
31.9714
31.3559
30.7392
30.1217
29.503
28.8834
28.2628
27.6414
27.0189
26.3959
25.7719
25.1475
24.5223
23.8968
23.2706
22.6441
22.0169
21.3895
20.7613
20.1327
19.5034
18.8733
18.2425
17.6109
16.9785
16.3452
15.7111
15.0761
14.4404
13.8041
13.1671
12.5297
11.8917
11.2536
10.6151
9.97652
9.33768
8.6989
8.05995
7.42104
6.78202
6.14295
5.50378
4.86445
4.22497
3.5852
2.94516
2.30408
1.65752
0.974357
0.307431
125.619
119.769
118.246
116.799
115.826
115.082
114.44
113.839
113.256
112.686
112.123
111.562
111
110.439
109.878
109.317
108.756
108.195
107.634
107.073
106.512
105.952
105.391
104.831
104.27
103.709
103.149
102.588
102.028
101.467
100.906
100.346
99.7849
99.224
98.6631
98.1019
97.5406
96.979
96.4171
95.8549
95.2925
94.7298
94.1669
93.6039
93.0406
92.4773
91.914
91.3506
90.7874
90.2242
89.6613
89.0984
88.536
87.9736
87.4116
86.8496
86.2879
85.7261
85.1643
84.6023
84.04
83.4774
82.9143
82.3508
81.7869
81.2225
80.6577
80.0925
79.5271
78.9612
78.3952
77.8288
77.2624
76.6956
76.1287
75.5614
74.9939
74.4259
73.8576
73.2889
72.7197
72.1498
71.5794
71.0083
70.4366
69.8641
69.291
68.7171
68.1427
67.5675
66.992
66.4158
65.8394
65.2624
64.6853
64.1078
63.5301
62.952
62.3739
61.7952
61.2165
60.6374
60.0581
59.4782
58.8982
58.3176
57.7367
57.1551
56.573
55.9901
55.4067
54.8223
54.2372
53.6512
53.0644
52.4765
51.8878
51.298
50.7073
50.1155
49.5228
48.9289
48.3342
47.7382
47.1414
46.5434
45.9445
45.3445
44.7437
44.1419
43.5393
42.9358
42.3316
41.7266
41.121
40.5147
39.9079
39.3005
38.6927
38.0843
37.4757
36.8665
36.2569
35.6467
35.0361
34.4247
33.8127
33.1998
32.5862
31.9715
31.3559
30.7393
30.1217
29.5031
28.8835
28.2629
27.6414
27.019
26.396
25.772
25.1476
24.5224
23.8969
23.2707
22.6442
22.017
21.3895
20.7614
20.1328
19.5034
18.8734
18.2426
17.611
16.9786
16.3453
15.7111
15.0762
14.4405
13.8042
13.1671
12.5297
11.8918
11.2536
10.6151
9.97654
9.33771
8.69892
8.05997
7.42105
6.78203
6.14296
5.5038
4.86445
4.22498
3.5852
2.94516
2.30408
1.65753
0.974353
0.307419
125.472
119.766
118.246
116.799
115.826
115.082
114.44
113.839
113.256
112.686
112.123
111.562
111
110.439
109.878
109.317
108.756
108.195
107.634
107.073
106.512
105.952
105.391
104.831
104.27
103.709
103.149
102.588
102.028
101.467
100.906
100.346
99.785
99.2241
98.6632
98.102
97.5406
96.979
96.4172
95.855
95.2926
94.7299
94.167
93.6039
93.0407
92.4774
91.914
91.3506
90.7874
90.2242
89.6613
89.0985
88.536
87.9736
87.4116
86.8497
86.2879
85.7262
85.1643
84.6024
84.0401
83.4775
82.9144
82.351
81.787
81.2226
80.6579
80.0926
79.5272
78.9613
78.3953
77.8289
77.2625
76.6957
76.1288
75.5615
74.994
74.426
73.8578
73.289
72.7198
72.1499
71.5796
71.0085
70.4367
69.8642
69.2911
68.7172
68.1428
67.5677
66.9921
66.416
65.8396
65.2626
64.6855
64.1079
63.5303
62.9522
62.374
61.7954
61.2167
60.6375
60.0582
59.4784
58.8984
58.3178
57.7369
57.1552
56.5732
55.9903
55.4068
54.8225
54.2374
53.6514
53.0645
52.4767
51.888
51.2981
50.7075
50.1157
49.523
48.9291
48.3344
47.7384
47.1416
46.5435
45.9447
45.3447
44.7439
44.1421
43.5395
42.936
42.3318
41.7268
41.1212
40.5148
39.9081
39.3006
38.6929
38.0845
37.4759
36.8666
36.2571
35.6469
35.0363
34.4249
33.8129
33.2
32.5863
31.9717
31.3561
30.7395
30.1219
29.5033
28.8837
28.263
27.6416
27.0192
26.3961
25.7721
25.1477
24.5225
23.897
23.2708
22.6443
22.0171
21.3896
20.7615
20.1329
19.5035
18.8735
18.2427
17.6111
16.9787
16.3454
15.7112
15.0763
14.4406
13.8042
13.1672
12.5298
11.8919
11.2537
10.6152
9.97659
9.33775
8.69896
8.06
7.42108
6.78206
6.14299
5.50381
4.86447
4.22499
3.58521
2.94517
2.30409
1.65754
0.974344
0.307395
125.316
119.764
118.245
116.798
115.826
115.082
114.44
113.839
113.256
112.686
112.123
111.562
111
110.439
109.878
109.317
108.756
108.195
107.634
107.073
106.512
105.952
105.391
104.831
104.27
103.71
103.149
102.588
102.028
101.467
100.906
100.346
99.785
99.2242
98.6632
98.102
97.5407
96.9791
96.4172
95.8551
95.2926
94.73
94.1671
93.604
93.0408
92.4774
91.9141
91.3507
90.7875
90.2243
89.6614
89.0986
88.5361
87.9737
87.4117
86.8498
86.288
85.7263
85.1644
84.6024
84.0401
83.4776
82.9145
82.3511
81.7871
81.2227
80.658
80.0928
79.5273
78.9614
78.3955
77.8291
77.2626
76.6958
76.1289
75.5616
74.9941
74.4261
73.8579
73.2891
72.7199
72.1501
71.5796
71.0086
70.4368
69.8644
69.2912
68.7174
68.143
67.5678
66.9923
66.4162
65.8397
65.2628
64.6857
64.1082
63.5305
62.9524
62.3742
61.7956
61.2169
60.6378
60.0584
59.4786
58.8986
58.318
57.737
57.1554
56.5733
55.9905
55.407
54.8226
54.2375
53.6515
53.0647
52.4768
51.8881
51.2983
50.7076
50.1159
49.5231
48.9293
48.3345
47.7386
47.1417
46.5437
45.9448
45.3449
44.7441
44.1423
43.5397
42.9362
42.332
41.727
41.1214
40.515
39.9083
39.3008
38.6931
38.0847
37.4761
36.8668
36.2573
35.6471
35.0364
34.425
33.813
33.2002
32.5865
31.9718
31.3562
30.7397
30.122
29.5034
28.8838
28.2632
27.6417
27.0193
26.3962
25.7723
25.1479
24.5227
23.8971
23.2709
22.6444
22.0173
21.3897
20.7616
20.1329
19.5036
18.8736
18.2428
17.6112
16.9787
16.3454
15.7113
15.0764
14.4407
13.8043
13.1673
12.5299
11.892
11.2538
10.6153
9.97667
9.33783
8.69902
8.06006
7.42112
6.78209
6.143
5.50382
4.86446
4.22498
3.58519
2.94514
2.30407
1.65755
0.974327
0.307356
125.155
119.763
118.244
116.798
115.826
115.082
114.44
113.839
113.256
112.686
112.123
111.562
111
110.439
109.878
109.317
108.756
108.195
107.634
107.073
106.513
105.952
105.391
104.831
104.27
103.71
103.149
102.588
102.028
101.467
100.907
100.346
99.7851
99.2242
98.6633
98.1021
97.5407
96.9791
96.4172
95.8551
95.2927
94.73
94.1671
93.604
93.0408
92.4775
91.9142
91.3508
90.7876
90.2244
89.6615
89.0987
88.5362
87.9739
87.4118
86.8499
86.2881
85.7263
85.1645
84.6025
84.0402
83.4776
82.9146
82.3511
81.7872
81.2228
80.6581
80.0929
79.5275
78.9616
78.3956
77.8292
77.2628
76.696
76.129
75.5617
74.9942
74.4262
73.8579
73.2892
72.7199
72.1501
71.5797
71.0086
70.4369
69.8644
69.2913
68.7175
68.1431
67.568
66.9925
66.4163
65.8399
65.263
64.6859
64.1084
63.5307
62.9526
62.3744
61.7958
61.2171
60.6379
60.0586
59.4788
58.8987
58.3181
57.7372
57.1555
56.5734
55.9906
55.4071
54.8228
54.2377
53.6516
53.0648
52.4769
51.8882
51.2985
50.7078
50.116
49.5233
48.9294
48.3347
47.7387
47.1419
46.5439
45.945
45.345
44.7442
44.1424
43.5398
42.9363
42.3321
41.7271
41.1215
40.5152
39.9085
39.301
38.6933
38.0849
37.4763
36.867
36.2574
35.6472
35.0366
34.4252
33.8131
33.2003
32.5866
31.9719
31.3564
30.7397
30.1222
29.5035
28.8839
28.2633
27.6419
27.0195
26.3964
25.7724
25.148
24.5228
23.8972
23.271
22.6445
22.0174
21.3898
20.7617
20.133
19.5036
18.8736
18.2428
17.6112
16.9788
16.3455
15.7113
15.0764
14.4407
13.8044
13.1674
12.53
11.8921
11.2539
10.6154
9.97676
9.33792
8.69909
8.06012
7.42117
6.78212
6.14301
5.50381
4.86445
4.22494
3.58516
2.9451
2.30404
1.65755
0.974305
0.307307
124.969
119.762
118.243
116.797
115.825
115.082
114.44
113.839
113.256
112.686
112.123
111.562
111
110.439
109.878
109.317
108.756
108.195
107.634
107.073
106.513
105.952
105.391
104.831
104.27
103.71
103.149
102.588
102.028
101.467
100.907
100.346
99.7852
99.2243
98.6633
98.1021
97.5407
96.9791
96.4172
95.8551
95.2927
94.73
94.1672
93.6041
93.0409
92.4776
91.9143
91.3509
90.7877
90.2245
89.6616
89.0988
88.5363
87.974
87.4119
86.85
86.2882
85.7264
85.1645
84.6025
84.0402
83.4776
82.9146
82.3512
81.7873
81.2229
80.6582
80.093
79.5276
78.9617
78.3957
77.8294
77.2629
76.6961
76.1291
75.5618
74.9942
74.4263
73.858
73.2892
72.72
72.1502
71.5798
71.0087
70.437
69.8645
69.2914
68.7176
68.1432
67.5681
66.9926
66.4165
65.8401
65.2632
64.6861
64.1086
63.5309
62.9528
62.3746
61.796
61.2172
60.6381
60.0587
59.479
58.8989
58.3183
57.7373
57.1557
56.5735
55.9907
55.4072
54.8229
54.2378
53.6518
53.0649
52.4771
51.8883
51.2986
50.7079
50.1161
49.5234
48.9296
48.3348
47.7389
47.142
46.544
45.9451
45.3452
44.7444
44.1426
43.54
42.9365
42.3323
41.7273
41.1217
40.5154
39.9086
39.3012
38.6934
38.0851
37.4764
36.8672
36.2576
35.6474
35.0367
34.4253
33.8132
33.2004
32.5866
31.972
31.3564
30.7398
30.1222
29.5036
28.884
28.2634
27.6419
27.0196
26.3965
25.7726
25.1481
24.523
23.8974
23.2712
22.6446
22.0175
21.3899
20.7617
20.133
19.5037
18.8736
18.2428
17.6112
16.9788
16.3455
15.7114
15.0765
14.4408
13.8045
13.1675
12.5301
11.8922
11.254
10.6155
9.97684
9.33801
8.69915
8.06018
7.4212
6.78214
6.14302
5.5038
4.86443
4.22491
3.58513
2.94506
2.30402
1.65756
0.974283
0.307256
124.762
119.761
118.242
116.797
115.825
115.082
114.44
113.839
113.256
112.686
112.123
111.562
111
110.439
109.878
109.317
108.756
108.195
107.634
107.073
106.513
105.952
105.391
104.831
104.27
103.71
103.149
102.588
102.028
101.467
100.907
100.346
99.7852
99.2243
98.6633
98.1021
97.5408
96.9791
96.4173
95.8551
95.2927
94.7301
94.1672
93.6041
93.041
92.4776
91.9143
91.351
90.7878
90.2246
89.6617
89.0989
88.5364
87.9741
87.412
86.8501
86.2883
85.7264
85.1646
84.6026
84.0403
83.4777
82.9147
82.3512
81.7873
81.223
80.6583
80.0931
79.5277
78.9619
78.3958
77.8295
77.263
76.6962
76.1292
75.5619
74.9943
74.4264
73.8581
73.2893
72.72
72.1502
71.5798
71.0087
70.437
69.8646
69.2915
68.7177
68.1433
67.5682
66.9927
66.4166
65.8402
65.2634
64.6862
64.1087
63.531
62.953
62.3747
61.7962
61.2174
60.6383
60.0589
59.4791
58.899
58.3184
57.7374
57.1558
56.5736
55.9908
55.4073
54.8229
54.2379
53.6518
53.065
52.4772
51.8884
51.2987
50.708
50.1162
49.5235
48.9297
48.3349
47.739
47.1421
46.5441
45.9452
45.3453
44.7445
44.1427
43.5401
42.9366
42.3324
41.7274
41.1218
40.5155
39.9087
39.3014
38.6936
38.0852
37.4766
36.8673
36.2577
35.6475
35.0368
34.4254
33.8133
33.2004
32.5867
31.9721
31.3565
30.7399
30.1223
29.5037
28.8841
28.2635
27.642
27.0197
26.3966
25.7727
25.1482
24.5231
23.8975
23.2713
22.6447
22.0175
21.39
20.7618
20.1331
19.5037
18.8737
18.2428
17.6112
16.9788
16.3455
15.7114
15.0765
14.4408
13.8045
13.1676
12.5302
11.8923
11.2541
10.6155
9.9769
9.33807
8.6992
8.06023
7.42123
6.78216
6.14303
5.5038
4.86442
4.22489
3.58511
2.94503
2.304
1.65758
0.974264
0.307198
124.535
119.762
118.24
116.796
115.825
115.082
114.44
113.839
113.256
112.686
112.123
111.562
111
110.439
109.878
109.317
108.756
108.195
107.634
107.073
106.513
105.952
105.391
104.831
104.27
103.71
103.149
102.589
102.028
101.467
100.907
100.346
99.7852
99.2244
98.6634
98.1022
97.5408
96.9792
96.4173
95.8552
95.2927
94.7301
94.1672
93.6042
93.041
92.4777
91.9144
91.3511
90.7878
90.2247
89.6618
89.099
88.5365
87.9742
87.4121
86.8501
86.2883
85.7265
85.1646
84.6026
84.0403
83.4777
82.9147
82.3513
81.7874
81.2231
80.6583
80.0932
79.5278
78.962
78.3959
77.8296
77.2631
76.6963
76.1293
75.562
74.9944
74.4264
73.8581
73.2893
72.7201
72.1503
71.5798
71.0088
70.4371
69.8646
69.2915
68.7178
68.1434
67.5683
66.9928
66.4168
65.8403
65.2635
64.6863
64.1089
63.5311
62.9531
62.3749
61.7963
61.2175
60.6384
60.059
59.4792
58.8991
58.3185
57.7375
57.1559
56.5737
55.9909
55.4073
54.823
54.2379
53.6519
53.0651
52.4772
51.8885
51.2988
50.7081
50.1163
49.5236
48.9298
48.335
47.7391
47.1422
46.5442
45.9453
45.3454
44.7446
44.1428
43.5402
42.9367
42.3325
41.7275
41.1219
40.5157
39.9089
39.3015
38.6937
38.0854
37.4767
36.8674
36.2578
35.6476
35.0369
34.4255
33.8134
33.2005
32.5868
31.9721
31.3566
30.74
30.1224
29.5038
28.8842
28.2636
27.6421
27.0198
26.3966
25.7728
25.1483
24.5232
23.8975
23.2714
22.6447
22.0176
21.39
20.7618
20.1331
19.5037
18.8737
18.2429
17.6112
16.9788
16.3455
15.7114
15.0765
14.4409
13.8046
13.1676
12.5302
11.8923
11.2541
10.6156
9.97696
9.33813
8.69924
8.06027
7.42126
6.78218
6.14304
5.5038
4.86441
4.22487
3.58509
2.94501
2.30399
1.65761
0.974244
0.307127
124.282
119.766
118.239
116.795
115.825
115.081
114.44
113.839
113.256
112.686
112.123
111.562
111
110.439
109.878
109.317
108.756
108.195
107.634
107.073
106.513
105.952
105.391
104.831
104.27
103.71
103.149
102.589
102.028
101.467
100.907
100.346
99.7853
99.2244
98.6634
98.1022
97.5408
96.9792
96.4173
95.8552
95.2928
94.7301
94.1673
93.6042
93.041
92.4777
91.9144
91.3511
90.7879
90.2248
89.6618
89.0991
88.5365
87.9742
87.4121
86.8502
86.2884
85.7265
85.1647
84.6026
84.0403
83.4777
82.9147
82.3513
81.7874
81.2231
80.6584
80.0933
79.5278
78.962
78.396
77.8297
77.2631
76.6963
76.1293
75.562
74.9944
74.4265
73.8582
73.2894
72.7201
72.1503
71.5799
71.0088
70.4371
69.8647
69.2916
68.7178
68.1434
67.5684
66.9929
66.4169
65.8405
65.2636
64.6865
64.109
63.5313
62.9532
62.375
61.7964
61.2176
60.6385
60.0591
59.4793
58.8992
58.3186
57.7376
57.156
56.5738
55.9909
55.4074
54.8231
54.238
53.652
53.0651
52.4773
51.8886
51.2988
50.7082
50.1164
49.5237
48.9298
48.335
47.7391
47.1423
46.5443
45.9454
45.3455
44.7447
44.1429
43.5403
42.9368
42.3326
41.7276
41.122
40.5157
39.909
39.3016
38.6938
38.0855
37.4768
36.8675
36.2579
35.6477
35.037
34.4255
33.8135
33.2006
32.5869
31.9722
31.3566
30.74
30.1224
29.5038
28.8842
28.2636
27.6422
27.0198
26.3967
25.7728
25.1484
24.5232
23.8976
23.2714
22.6448
22.0177
21.3901
20.7619
20.1332
19.5038
18.8737
18.2429
17.6113
16.9788
16.3456
15.7114
15.0766
14.4409
13.8046
13.1677
12.5303
11.8924
11.2542
10.6157
9.97701
9.33818
8.69928
8.0603
7.42128
6.7822
6.14305
5.50379
4.86441
4.22485
3.58508
2.94499
2.30399
1.65767
0.974223
0.307032
123.993
119.774
118.237
116.794
115.824
115.081
114.44
113.839
113.256
112.686
112.123
111.562
111
110.439
109.878
109.317
108.756
108.195
107.634
107.073
106.513
105.952
105.391
104.831
104.27
103.71
103.149
102.589
102.028
101.467
100.907
100.346
99.7853
99.2244
98.6634
98.1022
97.5408
96.9792
96.4173
95.8552
95.2928
94.7301
94.1673
93.6042
93.0411
92.4778
91.9145
91.3512
90.7879
90.2248
89.6619
89.0991
88.5366
87.9743
87.4122
86.8502
86.2884
85.7266
85.1647
84.6026
84.0404
83.4777
82.9148
82.3513
81.7875
81.2232
80.6585
80.0933
79.5279
78.9621
78.3961
77.8298
77.2632
76.6964
76.1294
75.5621
74.9945
74.4265
73.8582
73.2894
72.7201
72.1503
71.5799
71.0089
70.4371
69.8647
69.2916
68.7179
68.1435
67.5685
66.993
66.417
65.8405
65.2637
64.6865
64.1091
63.5313
62.9533
62.375
61.7965
61.2177
60.6386
60.0592
59.4794
58.8993
58.3187
57.7376
57.156
56.5739
55.991
55.4075
54.8232
54.238
53.652
53.0652
52.4774
51.8886
51.2989
50.7082
50.1165
49.5237
48.9299
48.3351
47.7392
47.1423
46.5444
45.9455
45.3456
44.7447
44.143
43.5404
42.9369
42.3327
41.7277
41.1221
40.5158
39.909
39.3017
38.6939
38.0856
37.4768
36.8676
36.258
35.6478
35.037
34.4256
33.8135
33.2006
32.5869
31.9722
31.3567
30.7401
30.1225
29.5039
28.8843
28.2637
27.6422
27.0199
26.3968
25.7729
25.1484
24.5233
23.8977
23.2715
22.6449
22.0177
21.3901
20.7619
20.1332
19.5038
18.8737
18.2429
17.6113
16.9788
16.3456
15.7115
15.0766
14.441
13.8047
13.1677
12.5303
11.8924
11.2542
10.6157
9.97704
9.33822
8.69931
8.06033
7.4213
6.78221
6.14305
5.50379
4.8644
4.22484
3.58506
2.94497
2.30399
1.65777
0.974197
0.306895
123.656
119.791
118.235
116.791
115.823
115.081
114.44
113.839
113.256
112.686
112.123
111.562
111
110.439
109.878
109.317
108.756
108.195
107.634
107.073
106.513
105.952
105.391
104.831
104.27
103.71
103.149
102.589
102.028
101.467
100.907
100.346
99.7853
99.2244
98.6634
98.1022
97.5408
96.9792
96.4173
95.8552
95.2928
94.7302
94.1673
93.6043
93.0411
92.4778
91.9145
91.3512
90.788
90.2249
89.6619
89.0992
88.5366
87.9743
87.4122
86.8503
86.2884
85.7266
85.1647
84.6027
84.0404
83.4778
82.9148
82.3514
81.7875
81.2232
80.6585
80.0934
79.528
78.9622
78.3961
77.8298
77.2633
76.6965
76.1294
75.5621
74.9945
74.4266
73.8582
73.2894
72.7202
72.1504
71.58
71.0089
70.4372
69.8648
69.2917
68.7179
68.1436
67.5686
66.9931
66.417
65.8406
65.2638
64.6866
64.1092
63.5314
62.9534
62.3751
61.7966
61.2178
60.6387
60.0593
59.4795
58.8993
58.3187
57.7377
57.1561
56.5739
55.9911
55.4075
54.8232
54.2381
53.6521
53.0652
52.4774
51.8887
51.299
50.7083
50.1165
49.5238
48.93
48.3352
47.7393
47.1424
46.5445
45.9456
45.3456
44.7448
44.143
43.5404
42.937
42.3328
41.7278
41.1222
40.5159
39.9091
39.3018
38.694
38.0856
37.4769
36.8677
36.258
35.6478
35.0371
34.4257
33.8136
33.2007
32.5869
31.9723
31.3567
30.7401
30.1225
29.5039
28.8843
28.2637
27.6423
27.0199
26.3968
25.773
25.1485
24.5234
23.8977
23.2715
22.6449
22.0178
21.3901
20.762
20.1332
19.5038
18.8737
18.2429
17.6113
16.9788
16.3456
15.7115
15.0766
14.441
13.8047
13.1678
12.5303
11.8925
11.2543
10.6158
9.97708
9.33825
8.69934
8.06035
7.42132
6.78222
6.14306
5.50379
4.8644
4.22483
3.58505
2.94496
2.30399
1.65793
0.974162
0.306689
123.256
119.825
118.235
116.788
115.822
115.081
114.439
113.839
113.256
112.686
112.123
111.562
111
110.439
109.878
109.317
108.756
108.195
107.634
107.073
106.513
105.952
105.391
104.831
104.27
103.71
103.149
102.589
102.028
101.467
100.907
100.346
99.7853
99.2245
98.6634
98.1023
97.5409
96.9792
96.4174
95.8552
95.2928
94.7302
94.1673
93.6043
93.0411
92.4778
91.9145
91.3512
90.788
90.2249
89.662
89.0992
88.5367
87.9744
87.4123
86.8503
86.2885
85.7266
85.1647
84.6027
84.0404
83.4778
82.9148
82.3514
81.7876
81.2233
80.6586
80.0935
79.528
78.9622
78.3962
77.8299
77.2633
76.6965
76.1295
75.5622
74.9945
74.4266
73.8583
73.2895
72.7202
72.1504
71.58
71.0089
70.4372
69.8648
69.2917
68.718
68.1436
67.5686
66.9931
66.4171
65.8407
65.2639
64.6867
64.1092
63.5315
62.9535
62.3752
61.7967
61.2178
60.6387
60.0593
59.4795
58.8994
58.3188
57.7378
57.1562
56.574
55.9911
55.4076
54.8233
54.2381
53.6522
53.0653
52.4775
51.8887
51.299
50.7083
50.1166
49.5238
48.93
48.3352
47.7393
47.1425
46.5445
45.9456
45.3457
44.7449
44.1431
43.5405
42.937
42.3328
41.7279
41.1222
40.516
39.9092
39.3018
38.694
38.0857
37.477
36.8678
36.2581
35.6479
35.0371
34.4257
33.8136
33.2007
32.587
31.9723
31.3567
30.7402
30.1226
29.504
28.8844
28.2638
27.6423
27.02
26.3969
25.773
25.1485
24.5234
23.8978
23.2716
22.6449
22.0178
21.3902
20.762
20.1332
19.5038
18.8738
18.2429
17.6113
16.9789
16.3456
15.7115
15.0766
14.441
13.8047
13.1678
12.5304
11.8925
11.2543
10.6158
9.97711
9.33829
8.69936
8.06038
7.42133
6.78223
6.14306
5.50379
4.86439
4.22482
3.58504
2.94495
2.30401
1.65818
0.974111
0.306373
122.778
119.887
118.238
116.783
115.82
115.08
114.439
113.838
113.256
112.686
112.123
111.562
111.001
110.439
109.878
109.317
108.756
108.195
107.634
107.073
106.513
105.952
105.391
104.831
104.27
103.71
103.149
102.589
102.028
101.467
100.907
100.346
99.7854
99.2245
98.6635
98.1023
97.5409
96.9792
96.4174
95.8552
95.2928
94.7302
94.1674
93.6043
93.0412
92.4779
91.9146
91.3513
90.788
90.2249
89.662
89.0992
88.5367
87.9744
87.4123
86.8503
86.2885
85.7267
85.1648
84.6027
84.0404
83.4778
82.9148
82.3514
81.7876
81.2233
80.6586
80.0935
79.5281
78.9623
78.3962
77.8299
77.2634
76.6966
76.1295
75.5622
74.9946
74.4266
73.8583
73.2895
72.7202
72.1504
71.58
71.0089
70.4372
69.8648
69.2918
68.718
68.1437
67.5687
66.9932
66.4172
65.8408
65.2639
64.6868
64.1093
63.5316
62.9536
62.3753
61.7967
61.2179
60.6388
60.0594
59.4796
58.8995
58.3189
57.7378
57.1562
56.574
55.9912
55.4076
54.8233
54.2382
53.6522
53.0653
52.4775
51.8888
51.2991
50.7084
50.1166
49.5239
48.9301
48.3353
47.7394
47.1425
46.5446
45.9457
45.3458
44.7449
44.1432
43.5406
42.9371
42.3329
41.7279
41.1223
40.5161
39.9093
39.3019
38.6941
38.0858
37.4771
36.8678
36.2582
35.648
35.0372
34.4258
33.8137
33.2008
32.587
31.9724
31.3568
30.7402
30.1226
29.504
28.8844
28.2638
27.6424
27.02
26.3969
25.7731
25.1486
24.5235
23.8978
23.2716
22.645
22.0178
21.3902
20.762
20.1333
19.5039
18.8738
18.2429
17.6113
16.9789
16.3456
15.7115
15.0767
14.441
13.8048
13.1678
12.5304
11.8925
11.2543
10.6158
9.97715
9.33831
8.69939
8.0604
7.42135
6.78224
6.14307
5.50379
4.86439
4.22481
3.58504
2.94494
2.30405
1.6586
0.974031
0.305876
122.208
119.996
118.252
116.775
115.818
115.079
114.439
113.838
113.256
112.686
112.123
111.562
111.001
110.439
109.878
109.317
108.756
108.195
107.634
107.073
106.513
105.952
105.391
104.831
104.27
103.71
103.149
102.589
102.028
101.467
100.907
100.346
99.7854
99.2245
98.6635
98.1023
97.5409
96.9793
96.4174
95.8552
95.2929
94.7302
94.1674
93.6044
93.0412
92.4779
91.9146
91.3513
90.7881
90.225
89.662
89.0993
88.5368
87.9744
87.4123
86.8504
86.2885
85.7267
85.1648
84.6027
84.0404
83.4778
82.9149
82.3515
81.7876
81.2233
80.6586
80.0936
79.5281
78.9623
78.3963
77.83
77.2634
76.6966
76.1296
75.5622
74.9946
74.4267
73.8583
73.2895
72.7203
72.1504
71.58
71.009
70.4373
69.8649
69.2918
68.7181
68.1437
67.5687
66.9932
66.4172
65.8408
65.264
64.6869
64.1094
63.5316
62.9536
62.3754
61.7968
61.218
60.6389
60.0594
59.4797
58.8995
58.3189
57.7379
57.1563
56.5741
55.9912
55.4077
54.8233
54.2382
53.6522
53.0654
52.4776
51.8888
51.2991
50.7084
50.1167
49.5239
48.9302
48.3353
47.7395
47.1426
46.5446
45.9457
45.3458
44.745
44.1432
43.5406
42.9372
42.3329
41.728
41.1224
40.5161
39.9093
39.302
38.6942
38.0859
37.4771
36.8679
36.2582
35.648
35.0372
34.4258
33.8137
33.2008
32.5871
31.9724
31.3568
30.7402
30.1226
29.504
28.8845
28.2639
27.6424
27.0201
26.397
25.7731
25.1486
24.5235
23.8979
23.2717
22.645
22.0179
21.3902
20.762
20.1333
19.5039
18.8738
18.2429
17.6113
16.9789
16.3456
15.7116
15.0767
14.4411
13.8048
13.1679
12.5304
11.8926
11.2544
10.6159
9.97718
9.33835
8.69941
8.06042
7.42136
6.78225
6.14307
5.50379
4.86438
4.22481
3.58503
2.94494
2.30411
1.65928
0.973892
0.305086
121.533
120.181
118.287
116.765
115.813
115.077
114.438
113.838
113.256
112.686
112.123
111.562
111.001
110.439
109.878
109.317
108.756
108.195
107.634
107.073
106.513
105.952
105.391
104.831
104.27
103.71
103.149
102.589
102.028
101.467
100.907
100.346
99.7854
99.2245
98.6635
98.1023
97.5409
96.9793
96.4174
95.8553
95.2929
94.7302
94.1674
93.6044
93.0412
92.4779
91.9146
91.3513
90.7881
90.225
89.6621
89.0993
88.5368
87.9745
87.4124
86.8504
86.2886
85.7267
85.1648
84.6028
84.0405
83.4779
82.9149
82.3515
81.7877
81.2234
80.6587
80.0936
79.5282
78.9624
78.3963
77.83
77.2635
76.6967
76.1296
75.5623
74.9947
74.4267
73.8584
73.2896
72.7203
72.1505
71.5801
71.009
70.4373
69.8649
69.2918
68.7181
68.1438
67.5688
66.9933
66.4173
65.8409
65.2641
64.6869
64.1095
63.5317
62.9537
62.3754
61.7969
61.2181
60.6389
60.0595
59.4797
58.8996
58.319
57.7379
57.1563
56.5741
55.9913
55.4077
54.8234
54.2383
53.6523
53.0654
52.4776
51.8889
51.2992
50.7085
50.1167
49.524
48.9302
48.3354
47.7395
47.1426
46.5447
45.9458
45.3459
44.7451
44.1433
43.5407
42.9372
42.333
41.7281
41.1224
40.5162
39.9094
39.302
38.6942
38.0859
37.4772
36.868
36.2583
35.6481
35.0373
34.4259
33.8138
33.2008
32.5871
31.9725
31.3569
30.7403
30.1227
29.5041
28.8845
28.2639
27.6425
27.0202
26.397
25.7732
25.1487
24.5236
23.8979
23.2717
22.6451
22.0179
21.3903
20.7621
20.1333
19.5039
18.8738
18.243
17.6114
16.9789
16.3457
15.7116
15.0767
14.4411
13.8048
13.1679
12.5305
11.8926
11.2544
10.6159
9.97722
9.33838
8.69944
8.06044
7.42138
6.78226
6.14308
5.50379
4.86438
4.2248
3.58502
2.94494
2.3042
1.6604
0.973634
0.303822
120.751
120.481
118.367
116.754
115.808
115.075
114.438
113.837
113.255
112.686
112.123
111.562
111.001
110.439
109.878
109.317
108.756
108.195
107.634
107.073
106.513
105.952
105.391
104.831
104.27
103.71
103.149
102.589
102.028
101.468
100.907
100.346
99.7854
99.2245
98.6635
98.1023
97.5409
96.9793
96.4174
95.8553
95.2929
94.7303
94.1674
93.6044
93.0412
92.478
91.9147
91.3514
90.7881
90.2251
89.6621
89.0994
88.5368
87.9745
87.4124
86.8505
86.2886
85.7267
85.1648
84.6028
84.0405
83.4779
82.9149
82.3515
81.7877
81.2234
80.6587
80.0937
79.5282
78.9625
78.3964
77.8301
77.2635
76.6967
76.1296
75.5623
74.9947
74.4267
73.8584
73.2896
72.7203
72.1505
71.5801
71.009
70.4373
69.865
69.2919
68.7182
68.1438
67.5689
66.9934
66.4174
65.841
65.2642
64.687
64.1096
63.5318
62.9538
62.3755
61.797
61.2181
60.639
60.0596
59.4798
58.8997
58.3191
57.738
57.1564
56.5742
55.9913
55.4078
54.8235
54.2383
53.6524
53.0655
52.4777
51.889
51.2992
50.7085
50.1168
49.5241
48.9303
48.3355
47.7396
47.1427
46.5448
45.9459
45.346
44.7451
44.1434
43.5407
42.9373
42.3331
41.7281
41.1225
40.5163
39.9095
39.3021
38.6943
38.086
37.4773
36.8681
36.2584
35.6481
35.0374
34.4259
33.8138
33.2009
32.5872
31.9725
31.3569
30.7403
30.1227
29.5042
28.8846
28.264
27.6425
27.0202
26.3971
25.7733
25.1487
24.5236
23.898
23.2718
22.6451
22.018
21.3903
20.7621
20.1333
19.5039
18.8738
18.243
17.6114
16.9789
16.3457
15.7116
15.0767
14.4411
13.8049
13.168
12.5305
11.8927
11.2544
10.616
9.97725
9.33841
8.69947
8.06046
7.4214
6.78228
6.14308
5.50379
4.86438
4.2248
3.58501
2.94494
2.3043
1.66218
0.973127
0.301819
119.891
120.934
118.525
116.748
115.803
115.072
114.436
113.837
113.254
112.686
112.123
111.562
111.001
110.439
109.878
109.317
108.756
108.195
107.634
107.073
106.513
105.952
105.391
104.831
104.27
103.71
103.149
102.589
102.028
101.468
100.907
100.346
99.7854
99.2246
98.6635
98.1023
97.5409
96.9793
96.4174
95.8553
95.2929
94.7303
94.1675
93.6044
93.0413
92.478
91.9147
91.3514
90.7882
90.2251
89.6622
89.0994
88.5369
87.9746
87.4125
86.8505
86.2886
85.7268
85.1649
84.6028
84.0405
83.4779
82.9149
82.3516
81.7877
81.2235
80.6588
80.0937
79.5283
78.9625
78.3965
77.8301
77.2636
76.6968
76.1297
75.5624
74.9947
74.4268
73.8584
73.2896
72.7204
72.1505
71.5801
71.0091
70.4374
69.865
69.2919
68.7182
68.1439
67.5689
66.9935
66.4175
65.8411
65.2643
64.6871
64.1096
63.5319
62.9539
62.3756
61.797
61.2182
60.6391
60.0597
59.4799
58.8997
58.3191
57.7381
57.1564
56.5743
55.9914
55.4078
54.8235
54.2384
53.6524
53.0656
52.4778
51.889
51.2993
50.7086
50.1169
49.5242
48.9304
48.3355
47.7397
47.1428
46.5449
45.946
45.346
44.7452
44.1435
43.5408
42.9374
42.3332
41.7282
41.1226
40.5164
39.9096
39.3022
38.6944
38.0861
37.4774
36.8681
36.2584
35.6482
35.0374
34.426
33.8139
33.201
32.5872
31.9726
31.357
30.7404
30.1228
29.5042
28.8846
28.2641
27.6426
27.0203
26.3972
25.7733
25.1488
24.5237
23.898
23.2718
22.6452
22.018
21.3904
20.7622
20.1334
19.504
18.8739
18.243
17.6114
16.979
16.3457
15.7116
15.0768
14.4412
13.8049
13.168
12.5306
11.8927
11.2545
10.616
9.97729
9.33845
8.6995
8.06049
7.42142
6.78229
6.14309
5.5038
4.86438
4.22479
3.58501
2.94494
2.3044
1.66489
0.972105
0.298718
119.066
121.522
118.792
116.758
115.803
115.071
114.435
113.836
113.253
112.685
112.123
111.562
111.001
110.439
109.878
109.317
108.756
108.195
107.634
107.073
106.513
105.952
105.391
104.831
104.27
103.71
103.149
102.589
102.028
101.468
100.907
100.346
99.7855
99.2246
98.6636
98.1024
97.541
96.9793
96.4175
95.8553
95.2929
94.7303
94.1675
93.6045
93.0413
92.478
91.9147
91.3514
90.7882
90.2251
89.6622
89.0995
88.5369
87.9746
87.4125
86.8505
86.2887
85.7268
85.1649
84.6028
84.0406
83.478
82.915
82.3516
81.7878
81.2235
80.6589
80.0938
79.5283
78.9626
78.3965
77.8302
77.2636
76.6968
76.1298
75.5624
74.9948
74.4268
73.8585
73.2897
72.7204
72.1506
71.5802
71.0091
70.4374
69.8651
69.292
68.7183
68.1439
67.569
66.9935
66.4176
65.8412
65.2644
64.6872
64.1097
63.532
62.954
62.3757
61.7971
61.2183
60.6392
60.0598
59.48
58.8998
58.3192
57.7381
57.1565
56.5743
55.9915
55.4079
54.8236
54.2385
53.6525
53.0656
52.4779
51.8891
51.2994
50.7087
50.117
49.5242
48.9305
48.3356
47.7398
47.1429
46.545
45.946
45.3461
44.7453
44.1436
43.5409
42.9375
42.3333
41.7283
41.1227
40.5165
39.9096
39.3023
38.6945
38.0862
37.4774
36.8682
36.2585
35.6483
35.0375
34.4261
33.8139
33.201
32.5873
31.9726
31.357
30.7405
30.1229
29.5043
28.8847
28.2642
27.6427
27.0204
26.3972
25.7734
25.1489
24.5238
23.8981
23.2719
22.6452
22.0181
21.3904
20.7622
20.1334
19.504
18.8739
18.2431
17.6114
16.979
16.3458
15.7117
15.0768
14.4412
13.8049
13.1681
12.5306
11.8928
11.2545
10.616
9.97733
9.33849
8.69953
8.06052
7.42144
6.78231
6.1431
5.5038
4.86438
4.2248
3.58501
2.94493
2.30436
1.66856
0.970041
0.294206
118.508
122.031
119.101
116.784
115.812
115.073
114.434
113.835
113.252
112.684
112.123
111.562
111.001
110.439
109.878
109.317
108.756
108.195
107.634
107.073
106.513
105.952
105.391
104.831
104.27
103.71
103.149
102.589
102.028
101.468
100.907
100.346
99.7855
99.2246
98.6636
98.1024
97.541
96.9794
96.4175
95.8553
95.293
94.7303
94.1675
93.6045
93.0413
92.4781
91.9148
91.3515
90.7883
90.2252
89.6622
89.0995
88.537
87.9746
87.4125
86.8506
86.2887
85.7268
85.1649
84.6029
84.0406
83.478
82.915
82.3516
81.7878
81.2236
80.6589
80.0938
79.5284
78.9626
78.3966
77.8303
77.2637
76.6969
76.1298
75.5625
74.9948
74.4269
73.8585
73.2897
72.7205
72.1506
71.5802
71.0092
70.4375
69.8651
69.2921
68.7183
68.144
67.5691
66.9936
66.4176
65.8412
65.2644
64.6873
64.1098
63.5321
62.954
62.3758
61.7972
61.2184
60.6393
60.0598
59.48
58.8999
58.3193
57.7382
57.1566
56.5744
55.9915
55.408
54.8236
54.2385
53.6526
53.0657
52.4779
51.8892
51.2995
50.7088
50.117
49.5243
48.9305
48.3357
47.7398
47.143
46.545
45.9461
45.3462
44.7454
44.1436
43.541
42.9376
42.3334
41.7284
41.1228
40.5165
39.9097
39.3024
38.6946
38.0863
37.4775
36.8683
36.2586
35.6484
35.0376
34.4261
33.814
33.2011
32.5874
31.9727
31.3571
30.7405
30.1229
29.5043
28.8848
28.2642
27.6428
27.0204
26.3973
25.7735
25.1489
24.5238
23.8982
23.272
22.6453
22.0181
21.3905
20.7622
20.1335
19.504
18.8739
18.2431
17.6115
16.979
16.3458
15.7117
15.0769
14.4413
13.805
13.1681
12.5307
11.8928
11.2546
10.6161
9.97737
9.33852
8.69956
8.06054
7.42146
6.78232
6.14311
5.50381
4.86438
4.2248
3.58501
2.9449
2.30409
1.67233
0.966229
0.288197
118.508
122.031
119.101
116.784
115.812
115.073
114.434
113.835
113.252
112.684
112.123
111.562
111.001
110.439
109.878
109.317
108.756
108.195
107.634
107.073
106.513
105.952
105.391
104.831
104.27
103.71
103.149
102.589
102.028
101.468
100.907
100.346
99.7855
99.2246
98.6636
98.1024
97.541
96.9794
96.4175
95.8553
95.293
94.7303
94.1675
93.6045
93.0413
92.4781
91.9148
91.3515
90.7883
90.2252
89.6622
89.0995
88.537
87.9746
87.4125
86.8506
86.2887
85.7268
85.1649
84.6029
84.0406
83.478
82.915
82.3516
81.7878
81.2236
80.6589
80.0938
79.5284
78.9626
78.3966
77.8303
77.2637
76.6969
76.1298
75.5625
74.9948
74.4269
73.8585
73.2897
72.7204
72.1506
71.5802
71.0092
70.4375
69.8651
69.2921
68.7184
68.144
67.5691
66.9936
66.4176
65.8412
65.2644
64.6873
64.1098
63.5321
62.9541
62.3758
61.7972
61.2184
60.6393
60.0598
59.4801
58.8999
58.3193
57.7382
57.1566
56.5744
55.9915
55.408
54.8237
54.2385
53.6526
53.0657
52.4779
51.8892
51.2995
50.7088
50.1171
49.5243
48.9305
48.3357
47.7398
47.1429
46.545
45.9461
45.3462
44.7454
44.1436
43.541
42.9376
42.3333
41.7284
41.1228
40.5165
39.9097
39.3024
38.6946
38.0863
37.4775
36.8683
36.2586
35.6484
35.0376
34.4261
33.814
33.2011
32.5873
31.9727
31.3571
30.7405
30.1229
29.5044
28.8848
28.2642
27.6427
27.0204
26.3973
25.7735
25.1489
24.5238
23.8982
23.272
22.6453
22.0181
21.3905
20.7623
20.1335
19.504
18.8739
18.2431
17.6115
16.979
16.3458
15.7117
15.0769
14.4413
13.805
13.1681
12.5307
11.8928
11.2546
10.6161
9.97737
9.33852
8.69956
8.06054
7.42146
6.78232
6.14311
5.50381
4.86438
4.2248
3.58501
2.94491
2.30409
1.67233
0.966228
0.288197
119.066
121.522
118.792
116.758
115.803
115.071
114.435
113.836
113.253
112.685
112.123
111.562
111.001
110.439
109.878
109.317
108.756
108.195
107.634
107.073
106.513
105.952
105.391
104.831
104.27
103.71
103.149
102.589
102.028
101.468
100.907
100.346
99.7855
99.2246
98.6636
98.1024
97.541
96.9793
96.4175
95.8553
95.2929
94.7303
94.1675
93.6045
93.0413
92.478
91.9147
91.3514
90.7882
90.2251
89.6622
89.0995
88.5369
87.9746
87.4125
86.8505
86.2887
85.7268
85.1649
84.6028
84.0406
83.4779
82.915
82.3516
81.7878
81.2235
80.6589
80.0938
79.5284
78.9626
78.3965
77.8302
77.2636
76.6968
76.1298
75.5624
74.9948
74.4268
73.8585
73.2897
72.7204
72.1506
71.5802
71.0091
70.4374
69.8651
69.292
68.7183
68.1439
67.569
66.9935
66.4176
65.8412
65.2644
64.6872
64.1097
63.532
62.954
62.3757
61.7971
61.2183
60.6392
60.0598
59.48
58.8998
58.3192
57.7381
57.1565
56.5743
55.9915
55.4079
54.8236
54.2385
53.6525
53.0656
52.4778
51.8891
51.2994
50.7087
50.117
49.5242
48.9304
48.3356
47.7398
47.1429
46.5449
45.946
45.3461
44.7453
44.1435
43.5409
42.9375
42.3333
41.7283
41.1227
40.5165
39.9097
39.3023
38.6945
38.0862
37.4774
36.8682
36.2585
35.6483
35.0375
34.4261
33.8139
33.201
32.5873
31.9726
31.3571
30.7405
30.1229
29.5043
28.8847
28.2641
27.6427
27.0204
26.3972
25.7734
25.1489
24.5238
23.8981
23.2719
22.6452
22.0181
21.3904
20.7622
20.1334
19.504
18.8739
18.2431
17.6114
16.979
16.3458
15.7117
15.0768
14.4412
13.805
13.1681
12.5306
11.8928
11.2545
10.616
9.97734
9.33848
8.69954
8.06051
7.42144
6.78231
6.1431
5.5038
4.86438
4.2248
3.58501
2.94493
2.30436
1.66856
0.970042
0.294205
119.891
120.934
118.525
116.748
115.803
115.072
114.436
113.837
113.254
112.686
112.123
111.562
111.001
110.439
109.878
109.317
108.756
108.195
107.634
107.073
106.513
105.952
105.391
104.831
104.27
103.71
103.149
102.589
102.028
101.468
100.907
100.346
99.7854
99.2246
98.6635
98.1023
97.5409
96.9793
96.4174
95.8553
95.2929
94.7303
94.1675
93.6044
93.0413
92.478
91.9147
91.3514
90.7882
90.2251
89.6622
89.0994
88.5369
87.9746
87.4124
86.8505
86.2886
85.7268
85.1649
84.6028
84.0405
83.4779
82.9149
82.3516
81.7877
81.2235
80.6588
80.0937
79.5283
78.9625
78.3965
77.8302
77.2636
76.6968
76.1297
75.5624
74.9947
74.4268
73.8584
73.2896
72.7204
72.1505
71.5801
71.0091
70.4374
69.865
69.2919
68.7182
68.1439
67.5689
66.9934
66.4175
65.8411
65.2643
64.6871
64.1097
63.5319
62.9539
62.3756
61.7971
61.2182
60.6391
60.0597
59.4799
58.8997
58.3191
57.7381
57.1565
56.5742
55.9914
55.4078
54.8235
54.2384
53.6524
53.0655
52.4778
51.889
51.2993
50.7086
50.1169
49.5241
48.9304
48.3355
47.7397
47.1428
46.5449
45.9459
45.3461
44.7452
44.1435
43.5408
42.9374
42.3332
41.7282
41.1226
40.5164
39.9096
39.3022
38.6944
38.0861
37.4773
36.8681
36.2584
35.6482
35.0374
34.426
33.8139
33.201
32.5872
31.9726
31.357
30.7404
30.1228
29.5042
28.8846
28.2641
27.6426
27.0203
26.3972
25.7733
25.1488
24.5237
23.898
23.2719
22.6452
22.018
21.3904
20.7622
20.1334
19.504
18.8739
18.243
17.6114
16.979
16.3457
15.7117
15.0768
14.4412
13.8049
13.168
12.5306
11.8927
11.2545
10.616
9.97729
9.33845
8.6995
8.06049
7.42142
6.78229
6.14309
5.5038
4.86438
4.2248
3.58501
2.94494
2.3044
1.66489
0.972104
0.298718
120.751
120.481
118.367
116.754
115.808
115.075
114.438
113.837
113.255
112.686
112.123
111.562
111.001
110.439
109.878
109.317
108.756
108.195
107.634
107.073
106.513
105.952
105.391
104.831
104.27
103.71
103.149
102.589
102.028
101.467
100.907
100.346
99.7854
99.2245
98.6635
98.1023
97.5409
96.9793
96.4174
95.8553
95.2929
94.7303
94.1674
93.6044
93.0412
92.478
91.9147
91.3514
90.7882
90.225
89.6621
89.0994
88.5368
87.9745
87.4124
86.8504
86.2886
85.7267
85.1648
84.6028
84.0405
83.4779
82.9149
82.3515
81.7877
81.2234
80.6587
80.0937
79.5282
78.9625
78.3964
77.8301
77.2635
76.6967
76.1297
75.5623
74.9947
74.4267
73.8584
73.2896
72.7203
72.1505
71.5801
71.009
70.4373
69.8649
69.2919
68.7182
68.1438
67.5689
66.9934
66.4174
65.841
65.2642
64.687
64.1096
63.5318
62.9538
62.3755
61.797
61.2181
60.639
60.0596
59.4798
58.8997
58.3191
57.738
57.1564
56.5742
55.9913
55.4078
54.8234
54.2383
53.6523
53.0655
52.4777
51.889
51.2992
50.7085
50.1168
49.5241
48.9303
48.3355
47.7396
47.1427
46.5448
45.9459
45.346
44.7451
44.1434
43.5408
42.9373
42.3331
41.7281
41.1225
40.5163
39.9095
39.3021
38.6943
38.086
37.4773
36.8681
36.2584
35.6481
35.0374
34.4259
33.8138
33.2009
32.5872
31.9725
31.3569
30.7403
30.1227
29.5041
28.8846
28.264
27.6425
27.0202
26.3971
25.7732
25.1487
24.5236
23.898
23.2718
22.6451
22.018
21.3903
20.7621
20.1333
19.5039
18.8738
18.243
17.6114
16.9789
16.3457
15.7116
15.0768
14.4411
13.8049
13.168
12.5305
11.8927
11.2544
10.6159
9.97725
9.33841
8.69947
8.06046
7.4214
6.78228
6.14308
5.50379
4.86438
4.2248
3.58501
2.94494
2.3043
1.66218
0.973127
0.301819
121.533
120.181
118.287
116.765
115.813
115.077
114.438
113.838
113.256
112.686
112.123
111.562
111.001
110.439
109.878
109.317
108.756
108.195
107.634
107.073
106.513
105.952
105.391
104.831
104.27
103.71
103.149
102.589
102.028
101.467
100.907
100.346
99.7854
99.2245
98.6635
98.1023
97.5409
96.9793
96.4174
95.8553
95.2929
94.7303
94.1674
93.6044
93.0412
92.4779
91.9146
91.3513
90.7881
90.225
89.6621
89.0993
88.5368
87.9745
87.4124
86.8504
86.2886
85.7267
85.1648
84.6028
84.0405
83.4779
82.9149
82.3515
81.7876
81.2234
80.6587
80.0936
79.5282
78.9624
78.3963
77.83
77.2635
76.6967
76.1296
75.5623
74.9947
74.4267
73.8583
73.2896
72.7203
72.1505
71.5801
71.009
70.4373
69.8649
69.2918
68.7181
68.1437
67.5688
66.9933
66.4173
65.8409
65.2641
64.6869
64.1095
63.5317
62.9537
62.3754
61.7969
61.2181
60.639
60.0595
59.4797
58.8996
58.319
57.7379
57.1563
56.5741
55.9913
55.4077
54.8234
54.2383
53.6523
53.0654
52.4776
51.8889
51.2992
50.7085
50.1168
49.524
48.9302
48.3354
47.7395
47.1426
46.5447
45.9458
45.3459
44.745
44.1433
43.5407
42.9372
42.333
41.7281
41.1224
40.5162
39.9094
39.3021
38.6942
38.0859
37.4772
36.868
36.2583
35.6481
35.0373
34.4259
33.8137
33.2009
32.5871
31.9725
31.3569
30.7403
30.1227
29.5041
28.8845
28.264
27.6425
27.0202
26.397
25.7732
25.1487
24.5236
23.8979
23.2717
22.6451
22.0179
21.3903
20.7621
20.1333
19.5039
18.8738
18.243
17.6113
16.9789
16.3457
15.7116
15.0767
14.4411
13.8048
13.1679
12.5305
11.8926
11.2544
10.6159
9.97721
9.33838
8.69944
8.06044
7.42138
6.78227
6.14308
5.50379
4.86438
4.2248
3.58502
2.94494
2.30419
1.6604
0.973633
0.303823
122.208
119.996
118.252
116.775
115.818
115.079
114.439
113.838
113.256
112.686
112.123
111.562
111.001
110.439
109.878
109.317
108.756
108.195
107.634
107.073
106.513
105.952
105.391
104.831
104.27
103.71
103.149
102.589
102.028
101.467
100.907
100.346
99.7854
99.2245
98.6635
98.1023
97.5409
96.9793
96.4174
95.8552
95.2929
94.7302
94.1674
93.6044
93.0412
92.4779
91.9146
91.3513
90.7881
90.225
89.662
89.0993
88.5368
87.9744
87.4123
86.8504
86.2885
85.7267
85.1648
84.6027
84.0404
83.4778
82.9149
82.3515
81.7876
81.2233
80.6586
80.0936
79.5281
78.9623
78.3963
77.83
77.2634
76.6966
76.1296
75.5622
74.9946
74.4267
73.8583
73.2895
72.7203
72.1504
71.58
71.009
70.4373
69.8649
69.2918
68.7181
68.1437
67.5687
66.9932
66.4172
65.8408
65.264
64.6869
64.1094
63.5316
62.9536
62.3754
61.7968
61.218
60.6389
60.0594
59.4797
58.8995
58.3189
57.7379
57.1563
56.5741
55.9912
55.4077
54.8233
54.2382
53.6522
53.0654
52.4776
51.8888
51.2991
50.7084
50.1167
49.5239
48.9302
48.3353
47.7395
47.1426
46.5446
45.9457
45.3458
44.745
44.1432
43.5406
42.9372
42.3329
41.728
41.1224
40.5161
39.9093
39.302
38.6942
38.0859
37.4771
36.8679
36.2582
35.648
35.0372
34.4258
33.8137
33.2008
32.5871
31.9724
31.3568
30.7402
30.1226
29.504
28.8845
28.2639
27.6424
27.0201
26.397
25.7731
25.1486
24.5235
23.8979
23.2717
22.645
22.0179
21.3902
20.762
20.1333
19.5039
18.8738
18.243
17.6113
16.9789
16.3456
15.7116
15.0767
14.4411
13.8048
13.1679
12.5305
11.8926
11.2544
10.6159
9.97718
9.33834
8.69942
8.06042
7.42137
6.78225
6.14307
5.50379
4.86438
4.22481
3.58503
2.94494
2.30411
1.65929
0.973891
0.305087
122.778
119.887
118.238
116.783
115.82
115.08
114.439
113.838
113.256
112.686
112.123
111.562
111.001
110.439
109.878
109.317
108.756
108.195
107.634
107.073
106.513
105.952
105.391
104.831
104.27
103.71
103.149
102.589
102.028
101.467
100.907
100.346
99.7854
99.2245
98.6635
98.1023
97.5409
96.9792
96.4174
95.8552
95.2928
94.7302
94.1674
93.6043
93.0411
92.4779
91.9146
91.3513
90.788
90.2249
89.662
89.0992
88.5367
87.9744
87.4123
86.8503
86.2885
85.7267
85.1648
84.6027
84.0404
83.4778
82.9148
82.3514
81.7876
81.2233
80.6586
80.0935
79.5281
78.9623
78.3962
77.8299
77.2634
76.6966
76.1295
75.5622
74.9946
74.4266
73.8583
73.2895
72.7202
72.1504
71.58
71.009
70.4372
69.8648
69.2918
68.718
68.1436
67.5687
66.9932
66.4172
65.8407
65.2639
64.6868
64.1093
63.5316
62.9536
62.3753
61.7967
61.2179
60.6388
60.0594
59.4796
58.8994
58.3189
57.7378
57.1562
56.574
55.9912
55.4076
54.8233
54.2382
53.6522
53.0653
52.4775
51.8888
51.2991
50.7084
50.1167
49.5239
48.9301
48.3353
47.7394
47.1425
46.5446
45.9457
45.3458
44.7449
44.1432
43.5405
42.9371
42.3329
41.7279
41.1223
40.5161
39.9092
39.3019
38.6941
38.0858
37.477
36.8679
36.2582
35.648
35.0372
34.4258
33.8136
33.2008
32.587
31.9724
31.3568
30.7402
30.1226
29.504
28.8844
28.2639
27.6424
27.0201
26.3969
25.7731
25.1486
24.5235
23.8978
23.2716
22.645
22.0179
21.3902
20.762
20.1333
19.5039
18.8738
18.2429
17.6113
16.9789
16.3456
15.7115
15.0767
14.4411
13.8047
13.1678
12.5304
11.8925
11.2543
10.6158
9.97714
9.33832
8.69939
8.0604
7.42135
6.78224
6.14307
5.50379
4.86438
4.22482
3.58503
2.94495
2.30405
1.6586
0.97403
0.305877
123.256
119.825
118.235
116.788
115.822
115.081
114.439
113.839
113.256
112.686
112.123
111.562
111
110.439
109.878
109.317
108.756
108.195
107.634
107.073
106.513
105.952
105.391
104.831
104.27
103.71
103.149
102.589
102.028
101.467
100.907
100.346
99.7853
99.2245
98.6634
98.1023
97.5409
96.9792
96.4174
95.8552
95.2928
94.7302
94.1673
93.6043
93.0411
92.4778
91.9145
91.3512
90.788
90.2249
89.662
89.0992
88.5367
87.9744
87.4123
86.8503
86.2885
85.7266
85.1647
84.6027
84.0404
83.4778
82.9148
82.3514
81.7875
81.2233
80.6586
80.0935
79.528
78.9622
78.3962
77.8299
77.2633
76.6965
76.1295
75.5622
74.9945
74.4266
73.8583
73.2895
72.7202
72.1504
71.58
71.0089
70.4372
69.8648
69.2917
68.718
68.1436
67.5686
66.9931
66.4171
65.8407
65.2639
64.6867
64.1092
63.5315
62.9535
62.3752
61.7967
61.2178
60.6387
60.0593
59.4795
58.8994
58.3188
57.7377
57.1562
56.574
55.9911
55.4076
54.8233
54.2381
53.6522
53.0653
52.4775
51.8887
51.299
50.7083
50.1166
49.5238
48.93
48.3352
47.7394
47.1424
46.5445
45.9456
45.3457
44.7449
44.1431
43.5405
42.937
42.3328
41.7279
41.1222
40.516
39.9092
39.3018
38.694
38.0857
37.477
36.8678
36.2581
35.6479
35.0371
34.4257
33.8136
33.2007
32.587
31.9723
31.3567
30.7402
30.1226
29.504
28.8844
28.2638
27.6423
27.02
26.3969
25.773
25.1485
24.5234
23.8978
23.2716
22.6449
22.0178
21.3902
20.762
20.1332
19.5038
18.8738
18.2429
17.6113
16.9789
16.3456
15.7115
15.0766
14.441
13.8047
13.1678
12.5304
11.8925
11.2543
10.6158
9.97711
9.33829
8.69936
8.06038
7.42133
6.78223
6.14306
5.50379
4.86439
4.22482
3.58504
2.94495
2.30401
1.65818
0.974111
0.306374
123.656
119.791
118.235
116.791
115.823
115.081
114.44
113.839
113.256
112.686
112.123
111.562
111
110.439
109.878
109.317
108.756
108.195
107.634
107.073
106.513
105.952
105.391
104.831
104.27
103.71
103.149
102.589
102.028
101.467
100.907
100.346
99.7853
99.2244
98.6634
98.1022
97.5408
96.9792
96.4173
95.8552
95.2928
94.7302
94.1673
93.6043
93.0411
92.4778
91.9145
91.3512
90.788
90.2249
89.6619
89.0992
88.5366
87.9743
87.4122
86.8503
86.2884
85.7266
85.1647
84.6027
84.0404
83.4778
82.9148
82.3514
81.7875
81.2232
80.6585
80.0934
79.5279
78.9622
78.3961
77.8298
77.2633
76.6965
76.1294
75.5621
74.9945
74.4266
73.8582
73.2895
72.7202
72.1504
71.5799
71.0089
70.4372
69.8648
69.2917
68.7179
68.1435
67.5686
66.993
66.4171
65.8406
65.2638
64.6866
64.1092
63.5314
62.9534
62.3751
61.7966
61.2178
60.6387
60.0592
59.4795
58.8993
58.3188
57.7377
57.1561
56.5739
55.9911
55.4075
54.8232
54.2381
53.6521
53.0652
52.4774
51.8887
51.299
50.7082
50.1165
49.5238
48.93
48.3351
47.7393
47.1424
46.5445
45.9455
45.3457
44.7448
44.1431
43.5404
42.937
42.3327
41.7278
41.1222
40.5159
39.9091
39.3018
38.6939
38.0857
37.4769
36.8677
36.258
35.6479
35.0371
34.4257
33.8135
33.2007
32.5869
31.9723
31.3567
30.7401
30.1225
29.5039
28.8843
28.2638
27.6423
27.02
26.3968
25.773
25.1485
24.5234
23.8977
23.2716
22.6449
22.0178
21.3901
20.762
20.1332
19.5038
18.8737
18.2429
17.6113
16.9789
16.3456
15.7115
15.0766
14.441
13.8047
13.1678
12.5303
11.8925
11.2542
10.6158
9.97708
9.33826
8.69933
8.06036
7.42131
6.78222
6.14306
5.50379
4.86439
4.22483
3.58505
2.94496
2.30399
1.65793
0.974162
0.30669
123.993
119.774
118.237
116.794
115.824
115.081
114.44
113.839
113.256
112.686
112.123
111.562
111
110.439
109.878
109.317
108.756
108.195
107.634
107.073
106.513
105.952
105.391
104.831
104.27
103.71
103.149
102.589
102.028
101.467
100.907
100.346
99.7853
99.2244
98.6634
98.1022
97.5408
96.9792
96.4173
95.8552
95.2928
94.7302
94.1673
93.6043
93.0411
92.4778
91.9145
91.3512
90.7879
90.2248
89.6619
89.0991
88.5366
87.9743
87.4122
86.8502
86.2884
85.7266
85.1647
84.6026
84.0404
83.4777
82.9148
82.3513
81.7875
81.2232
80.6585
80.0934
79.5279
78.9621
78.3961
77.8298
77.2632
76.6964
76.1294
75.5621
74.9945
74.4265
73.8582
73.2894
72.7201
72.1503
71.5799
71.0089
70.4371
69.8647
69.2916
68.7179
68.1435
67.5685
66.993
66.417
65.8405
65.2637
64.6865
64.1091
63.5313
62.9533
62.375
61.7965
61.2177
60.6386
60.0592
59.4794
58.8992
58.3187
57.7376
57.156
56.5738
55.991
55.4075
54.8232
54.238
53.6521
53.0652
52.4774
51.8886
51.2989
50.7082
50.1165
49.5237
48.9299
48.3351
47.7392
47.1423
46.5444
45.9455
45.3456
44.7447
44.143
43.5403
42.9369
42.3327
41.7277
41.1221
40.5159
39.909
39.3017
38.6939
38.0856
37.4768
36.8676
36.258
35.6478
35.037
34.4256
33.8135
33.2006
32.5869
31.9723
31.3567
30.7401
30.1225
29.5039
28.8843
28.2637
27.6422
27.0199
26.3968
25.7729
25.1484
24.5233
23.8976
23.2715
22.6448
22.0177
21.3901
20.7619
20.1332
19.5038
18.8737
18.2429
17.6113
16.9788
16.3456
15.7115
15.0766
14.441
13.8047
13.1677
12.5303
11.8924
11.2542
10.6157
9.97704
9.33822
8.69931
8.06033
7.4213
6.78221
6.14305
5.50379
4.8644
4.22484
3.58507
2.94497
2.30399
1.65777
0.974198
0.306895
124.282
119.766
118.239
116.795
115.825
115.081
114.44
113.839
113.256
112.686
112.123
111.562
111
110.439
109.878
109.317
108.756
108.195
107.634
107.073
106.513
105.952
105.391
104.831
104.27
103.71
103.149
102.589
102.028
101.467
100.907
100.346
99.7853
99.2244
98.6634
98.1022
97.5408
96.9792
96.4173
95.8552
95.2928
94.7301
94.1673
93.6042
93.041
92.4778
91.9144
91.3511
90.7879
90.2248
89.6618
89.0991
88.5365
87.9742
87.4121
86.8502
86.2883
85.7265
85.1647
84.6026
84.0403
83.4777
82.9147
82.3513
81.7874
81.2231
80.6584
80.0933
79.5278
78.9621
78.396
77.8297
77.2631
76.6964
76.1293
75.562
74.9944
74.4265
73.8581
73.2894
72.7201
72.1503
71.5799
71.0088
70.4371
69.8647
69.2916
68.7178
68.1434
67.5684
66.9929
66.4169
65.8404
65.2636
64.6864
64.109
63.5312
62.9532
62.3749
61.7964
61.2176
60.6385
60.0591
59.4793
58.8992
58.3186
57.7375
57.156
56.5738
55.991
55.4074
54.8231
54.238
53.652
53.0651
52.4773
51.8886
51.2989
50.7081
50.1164
49.5236
48.9299
48.335
47.7392
47.1422
46.5443
45.9454
45.3455
44.7446
44.1429
43.5403
42.9368
42.3326
41.7277
41.122
40.5158
39.9089
39.3016
38.6938
38.0855
37.4767
36.8676
36.2579
35.6477
35.0369
34.4256
33.8134
33.2006
32.5868
31.9722
31.3566
30.74
30.1224
29.5038
28.8842
28.2637
27.6422
27.0199
26.3967
25.7729
25.1483
24.5233
23.8976
23.2714
22.6448
22.0177
21.39
20.7619
20.1331
19.5038
18.8737
18.2429
17.6113
16.9788
16.3455
15.7115
15.0766
14.4409
13.8046
13.1677
12.5302
11.8924
11.2542
10.6157
9.97699
9.33819
8.69927
8.06031
7.42128
6.7822
6.14304
5.50379
4.86441
4.22485
3.58508
2.94498
2.30399
1.65767
0.974225
0.307032
124.535
119.762
118.24
116.796
115.825
115.082
114.44
113.839
113.256
112.686
112.123
111.562
111
110.439
109.878
109.317
108.756
108.195
107.634
107.073
106.513
105.952
105.391
104.831
104.27
103.71
103.149
102.589
102.028
101.467
100.907
100.346
99.7852
99.2244
98.6633
98.1022
97.5408
96.9792
96.4173
95.8552
95.2927
94.7301
94.1672
93.6042
93.041
92.4777
91.9144
91.3511
90.7878
90.2247
89.6617
89.099
88.5365
87.9742
87.4121
86.8501
86.2883
85.7265
85.1646
84.6026
84.0403
83.4777
82.9147
82.3513
81.7874
81.2231
80.6583
80.0932
79.5277
78.962
78.3959
77.8296
77.2631
76.6963
76.1292
75.562
74.9944
74.4264
73.8581
73.2893
72.7201
72.1503
71.5798
71.0088
70.4371
69.8646
69.2915
68.7178
68.1433
67.5684
66.9928
66.4168
65.8403
65.2635
64.6863
64.1089
63.5311
62.9531
62.3748
61.7963
61.2175
60.6384
60.059
59.4792
58.8991
58.3185
57.7375
57.1559
56.5737
55.9909
55.4073
54.823
54.2379
53.6519
53.065
52.4773
51.8885
51.2988
50.7081
50.1163
49.5236
48.9298
48.3349
47.7391
47.1422
46.5443
45.9453
45.3454
44.7446
44.1428
43.5402
42.9367
42.3325
41.7276
41.1219
40.5157
39.9088
39.3015
38.6937
38.0854
37.4766
36.8675
36.2578
35.6476
35.0369
34.4255
33.8134
33.2005
32.5868
31.9722
31.3566
30.74
30.1224
29.5038
28.8841
28.2636
27.6421
27.0198
26.3966
25.7728
25.1483
24.5232
23.8975
23.2714
22.6447
22.0176
21.39
20.7619
20.1331
19.5037
18.8737
18.2429
17.6112
16.9788
16.3455
15.7114
15.0765
14.4409
13.8046
13.1677
12.5302
11.8923
11.2541
10.6156
9.97694
9.33814
8.69923
8.06028
7.42125
6.78218
6.14304
5.50379
4.86442
4.22486
3.5851
2.945
2.304
1.65761
0.974248
0.307127
124.762
119.761
118.242
116.797
115.825
115.082
114.44
113.839
113.256
112.686
112.123
111.562
111
110.439
109.878
109.317
108.756
108.195
107.634
107.073
106.513
105.952
105.391
104.831
104.27
103.71
103.149
102.588
102.028
101.467
100.907
100.346
99.7852
99.2243
98.6633
98.1022
97.5408
96.9792
96.4173
95.8551
95.2927
94.7301
94.1672
93.6042
93.0409
92.4777
91.9143
91.351
90.7877
90.2246
89.6617
89.0989
88.5364
87.9741
87.412
86.8501
86.2882
85.7265
85.1646
84.6026
84.0403
83.4777
82.9147
82.3512
81.7873
81.223
80.6582
80.0932
79.5276
78.9619
78.3958
77.8295
77.263
76.6962
76.1292
75.5619
74.9943
74.4264
73.858
73.2893
72.72
72.1502
71.5798
71.0088
70.437
69.8646
69.2915
68.7177
68.1433
67.5683
66.9927
66.4167
65.8402
65.2634
64.6862
64.1088
63.531
62.953
62.3747
61.7962
61.2173
60.6383
60.0588
59.4791
58.899
58.3184
57.7374
57.1558
56.5736
55.9908
55.4073
54.823
54.2378
53.6519
53.065
52.4772
51.8884
51.2987
50.708
50.1163
49.5235
48.9297
48.3348
47.739
47.1421
46.5442
45.9452
45.3453
44.7444
44.1427
43.5401
42.9366
42.3324
41.7275
41.1218
40.5156
39.9087
39.3014
38.6935
38.0853
37.4765
36.8674
36.2577
35.6475
35.0368
34.4254
33.8133
33.2005
32.5867
31.9721
31.3565
30.7399
30.1223
29.5037
28.8841
28.2635
27.642
27.0197
26.3965
25.7727
25.1482
24.5231
23.8974
23.2713
22.6446
22.0176
21.3899
20.7618
20.1331
19.5037
18.8737
18.2428
17.6112
16.9788
16.3455
15.7114
15.0765
14.4409
13.8045
13.1676
12.5301
11.8923
11.254
10.6156
9.97688
9.3381
8.69918
8.06024
7.42122
6.78217
6.14303
5.50379
4.86443
4.22488
3.58512
2.94502
2.30402
1.65757
0.97427
0.307197
124.969
119.762
118.243
116.797
115.825
115.082
114.44
113.839
113.256
112.686
112.123
111.562
111
110.439
109.878
109.317
108.756
108.195
107.634
107.073
106.513
105.952
105.391
104.831
104.27
103.71
103.149
102.588
102.028
101.467
100.907
100.346
99.7851
99.2243
98.6633
98.1021
97.5407
96.9791
96.4173
95.8551
95.2927
94.73
94.1672
93.6041
93.0409
92.4776
91.9142
91.3509
90.7877
90.2246
89.6616
89.0989
88.5363
87.974
87.4119
86.85
86.2882
85.7264
85.1645
84.6025
84.0402
83.4776
82.9146
82.3512
81.7873
81.2229
80.6582
80.0931
79.5275
78.9618
78.3957
77.8294
77.2629
76.6961
76.1291
75.5618
74.9942
74.4263
73.858
73.2892
72.72
72.1502
71.5798
71.0087
70.437
69.8645
69.2914
68.7176
68.1432
67.5682
66.9926
66.4166
65.84
65.2632
64.686
64.1086
63.5308
62.9529
62.3745
61.7961
61.2172
60.6382
60.0587
59.479
58.8988
58.3183
57.7372
57.1557
56.5735
55.9907
55.4072
54.8229
54.2377
53.6518
53.0649
52.4771
51.8883
51.2986
50.7079
50.1162
49.5234
48.9296
48.3347
47.7389
47.142
46.5441
45.9451
45.3452
44.7443
44.1426
43.5399
42.9365
42.3323
41.7273
41.1217
40.5154
39.9086
39.3013
38.6934
38.0851
37.4764
36.8672
36.2575
35.6474
35.0367
34.4253
33.8132
33.2004
32.5866
31.972
31.3564
30.7398
30.1222
29.5036
28.884
28.2634
27.6419
27.0196
26.3964
25.7726
25.1481
24.523
23.8973
23.2712
22.6446
22.0175
21.3899
20.7618
20.133
19.5037
18.8736
18.2428
17.6112
16.9788
16.3455
15.7114
15.0765
14.4408
13.8045
13.1675
12.5301
11.8922
11.254
10.6155
9.9768
9.33804
8.69912
8.0602
7.42119
6.78215
6.14302
5.5038
4.86445
4.22489
3.58515
2.94504
2.30404
1.65754
0.974293
0.307254
125.155
119.763
118.244
116.798
115.826
115.082
114.44
113.839
113.256
112.686
112.123
111.562
111
110.439
109.878
109.317
108.756
108.195
107.634
107.073
106.512
105.952
105.391
104.831
104.27
103.71
103.149
102.588
102.028
101.467
100.907
100.346
99.7851
99.2242
98.6632
98.1021
97.5407
96.9791
96.4172
95.8551
95.2927
94.73
94.1671
93.6041
93.0408
92.4775
91.9142
91.3509
90.7876
90.2245
89.6615
89.0988
88.5362
87.9739
87.4118
86.8499
86.2881
85.7263
85.1645
84.6025
84.0402
83.4776
82.9146
82.3511
81.7872
81.2229
80.658
80.0929
79.5274
78.9617
78.3955
77.8293
77.2627
76.696
76.129
75.5617
74.9941
74.4262
73.8579
73.2892
72.7199
72.1501
71.5797
71.0086
70.4369
69.8645
69.2913
68.7175
68.143
67.568
66.9924
66.4164
65.8399
65.2631
64.6858
64.1084
63.5306
62.9527
62.3744
61.7959
61.217
60.638
60.0585
59.4789
58.8987
58.3182
57.7371
57.1556
56.5734
55.9906
55.4071
54.8228
54.2376
53.6517
53.0648
52.477
51.8882
51.2985
50.7077
50.116
49.5232
48.9295
48.3346
47.7388
47.1418
46.5439
45.945
45.3451
44.7442
44.1425
43.5398
42.9364
42.3321
41.7272
41.1215
40.5153
39.9084
39.3011
38.6932
38.085
37.4762
36.8671
36.2574
35.6473
35.0365
34.4252
33.8131
33.2003
32.5865
31.9719
31.3563
30.7398
30.1221
29.5035
28.8839
28.2633
27.6418
27.0195
26.3963
25.7725
25.1479
24.5229
23.8972
23.2711
22.6444
22.0174
21.3898
20.7617
20.133
19.5037
18.8736
18.2428
17.6112
16.9787
16.3455
15.7113
15.0764
14.4408
13.8044
13.1675
12.53
11.8921
11.2539
10.6154
9.97671
9.33797
8.69905
8.06015
7.42115
6.78213
6.14301
5.5038
4.86447
4.22492
3.58519
2.94507
2.30407
1.65753
0.974318
0.307304
125.316
119.764
118.245
116.798
115.826
115.082
114.44
113.839
113.256
112.686
112.123
111.562
111
110.439
109.878
109.317
108.756
108.195
107.634
107.073
106.512
105.952
105.391
104.831
104.27
103.71
103.149
102.588
102.028
101.467
100.906
100.346
99.785
99.2242
98.6632
98.1021
97.5407
96.9791
96.4172
95.855
95.2926
94.73
94.1671
93.604
93.0408
92.4775
91.9141
91.3508
90.7875
90.2244
89.6613
89.0986
88.536
87.9738
87.4117
86.8498
86.288
85.7263
85.1644
84.6024
84.0402
83.4775
82.9145
82.351
81.7871
81.2228
80.6579
80.0928
79.5272
78.9615
78.3954
77.8292
77.2626
76.6959
76.1288
75.5616
74.994
74.4262
73.8578
73.2891
72.7199
72.15
71.5796
71.0086
70.4368
69.8644
69.2912
68.7174
68.1429
67.5679
66.9922
66.4162
65.8397
65.2629
64.6856
64.1082
63.5304
62.9525
62.3742
61.7957
61.2168
60.6378
60.0584
59.4787
58.8985
58.318
57.737
57.1555
56.5733
55.9905
55.4069
54.8227
54.2375
53.6516
53.0646
52.4769
51.8881
51.2984
50.7076
50.1159
49.5231
48.9294
48.3345
47.7386
47.1417
46.5438
45.9448
45.3449
44.744
44.1423
43.5396
42.9362
42.3319
41.727
41.1213
40.5151
39.9082
39.3009
38.693
38.0848
37.476
36.8669
36.2572
35.6471
35.0364
34.4251
33.813
33.2002
32.5865
31.9718
31.3563
30.7397
30.122
29.5034
28.8838
28.2632
27.6417
27.0194
26.3962
25.7724
25.1478
24.5227
23.897
23.271
22.6443
22.0173
21.3897
20.7616
20.1329
19.5036
18.8736
18.2428
17.6112
16.9787
16.3454
15.7113
15.0764
14.4407
13.8043
13.1674
12.5299
11.892
11.2537
10.6153
9.97661
9.33789
8.69897
8.06009
7.4211
6.7821
6.14301
5.5038
4.86449
4.22494
3.58523
2.9451
2.30411
1.65752
0.974345
0.307351
125.473
119.766
118.246
116.799
115.826
115.082
114.44
113.839
113.256
112.686
112.123
111.562
111
110.439
109.878
109.317
108.756
108.195
107.634
107.073
106.512
105.952
105.391
104.831
104.27
103.709
103.149
102.588
102.028
101.467
100.906
100.346
99.7849
99.2241
98.6631
98.102
97.5406
96.979
96.4172
95.855
95.2926
94.7299
94.167
93.6039
93.0407
92.4774
91.914
91.3507
90.7874
90.2243
89.6612
89.0986
88.5359
87.9737
87.4116
86.8497
86.2879
85.7262
85.1643
84.6023
84.0401
83.4775
82.9144
82.351
81.787
81.2227
80.6578
80.0927
79.5271
78.9614
78.3952
77.829
77.2624
76.6958
76.1287
75.5615
74.9939
74.4261
73.8577
73.289
72.7198
72.15
71.5795
71.0085
70.4367
69.8643
69.2911
68.7173
68.1427
67.5677
66.992
66.4161
65.8395
65.2627
64.6854
64.108
63.5302
62.9523
62.3739
61.7955
61.2166
60.6376
60.0581
59.4785
58.8983
58.3179
57.7368
57.1553
56.5731
55.9904
55.4068
54.8225
54.2374
53.6514
53.0645
52.4767
51.8879
51.2982
50.7074
50.1158
49.5229
48.9292
48.3343
47.7385
47.1415
46.5436
45.9446
45.3448
44.7438
44.1421
43.5394
42.936
42.3317
41.7268
41.1211
40.5149
39.908
39.3007
38.6928
38.0846
37.4758
36.8667
36.257
35.647
35.0362
34.4249
33.8128
33.2
32.5863
31.9717
31.3561
30.7395
30.1219
29.5033
28.8836
28.2631
27.6415
27.0192
26.396
25.7722
25.1476
24.5226
23.8969
23.2709
22.6442
22.0172
21.3896
20.7615
20.1328
19.5035
18.8735
18.2427
17.6111
16.9787
16.3454
15.7112
15.0763
14.4406
13.8042
13.1673
12.5298
11.8919
11.2536
10.6152
9.97652
9.33782
8.6989
8.06005
7.42106
6.78207
6.14299
5.5038
4.8645
4.22495
3.58525
2.94512
2.30413
1.65751
0.974365
0.307389
125.619
119.769
118.246
116.799
115.826
115.082
114.44
113.839
113.256
112.686
112.123
111.562
111
110.439
109.878
109.317
108.756
108.195
107.634
107.073
106.512
105.952
105.391
104.831
104.27
103.709
103.149
102.588
102.028
101.467
100.906
100.346
99.7849
99.2241
98.6631
98.102
97.5406
96.979
96.4171
95.8549
95.2925
94.7298
94.1669
93.6039
93.0406
92.4773
91.9139
91.3506
90.7873
90.2242
89.6612
89.0985
88.5359
87.9737
87.4115
86.8497
86.2878
85.7261
85.1643
84.6022
84.04
83.4774
82.9143
82.3508
81.7869
81.2225
80.6577
80.0926
79.527
78.9613
78.3951
77.8289
77.2623
76.6957
76.1286
75.5614
74.9938
74.4259
73.8576
73.2889
72.7196
72.1498
71.5794
71.0084
70.4366
69.8642
69.291
68.7172
68.1426
67.5676
66.9919
66.4159
65.8393
65.2625
64.6852
64.1079
63.53
62.9521
62.3738
61.7953
61.2165
60.6375
60.058
59.4783
58.8981
58.3177
57.7366
57.1551
56.5729
55.9902
55.4066
54.8224
54.2372
53.6512
53.0643
52.4765
51.8877
51.298
50.7072
50.1156
49.5227
48.929
48.3341
47.7383
47.1413
46.5434
45.9444
45.3446
44.7436
44.1419
43.5392
42.9359
42.3316
41.7267
41.1209
40.5148
39.9078
39.3006
38.6926
38.0845
37.4756
36.8666
36.2568
35.6468
35.036
34.4248
33.8127
33.1999
32.5861
31.9715
31.3559
30.7394
30.1217
29.5031
28.8835
28.2629
27.6414
27.0191
26.3959
25.7721
25.1475
24.5225
23.8968
23.2708
22.6441
22.0171
21.3895
20.7614
20.1327
19.5034
18.8734
18.2426
17.611
16.9785
16.3453
15.7111
15.0762
14.4405
13.8041
13.1672
12.5297
11.8919
11.2536
10.6152
9.97647
9.33777
8.69886
8.06001
7.42103
6.78205
6.14297
5.50378
4.86448
4.22494
3.58525
2.94512
2.30412
1.65749
0.974374
0.307414
125.683
119.77
118.247
116.799
115.826
115.082
114.44
113.839
113.256
112.686
112.123
111.562
111
110.439
109.878
109.317
108.756
108.195
107.634
107.073
106.512
105.952
105.391
104.831
104.27
103.709
103.149
102.588
102.028
101.467
100.906
100.346
99.7849
99.2241
98.663
98.1019
97.5405
96.9789
96.4171
95.8549
95.2925
94.7298
94.1669
93.6038
93.0406
92.4773
91.9139
91.3506
90.7873
90.2242
89.6612
89.0985
88.5358
87.9736
87.4114
86.8496
86.2878
85.726
85.1642
84.6022
84.0399
83.4773
82.9143
82.3508
81.7868
81.2225
80.6576
80.0925
79.5269
78.9612
78.395
77.8289
77.2623
76.6956
76.1285
75.5614
74.9937
74.4259
73.8576
73.2888
72.7196
72.1498
71.5793
71.0083
70.4365
69.8641
69.2909
68.7171
68.1425
67.5675
66.9918
66.4158
65.8392
65.2624
64.6851
64.1078
63.5299
62.952
62.3737
61.7953
61.2163
60.6374
60.0579
59.4782
58.898
58.3176
57.7365
57.1551
56.5728
55.9901
55.4065
54.8223
54.2371
53.6512
53.0642
52.4765
51.8876
51.2979
50.7071
50.1155
49.5226
48.9289
48.334
47.7382
47.1412
46.5433
45.9443
45.3445
44.7435
44.1419
43.5391
42.9358
42.3314
41.7266
41.1208
40.5147
39.9077
39.3005
38.6925
38.0844
37.4755
36.8665
36.2567
35.6467
35.0359
34.4247
33.8125
33.1998
32.586
31.9714
31.3558
30.7393
30.1216
29.503
28.8834
28.2629
27.6413
27.019
26.3958
25.772
25.1474
24.5224
23.8967
23.2707
22.644
22.017
21.3894
20.7614
20.1327
19.5034
18.8733
18.2426
17.6109
16.9785
16.3452
15.7111
15.0761
14.4405
13.804
13.1672
12.5296
11.8918
11.2535
10.6152
9.97644
9.33775
8.69884
8.05999
7.42101
6.78203
6.14295
5.50377
4.86447
4.22494
3.58524
2.94511
2.30412
1.65748
0.974377
0.307426
125.692
119.77
118.247
116.799
115.826
115.082
114.44
113.839
113.256
112.686
112.123
111.562
111
110.439
109.878
109.317
108.756
108.195
107.634
107.073
106.512
105.952
105.391
104.831
104.27
103.709
103.149
102.588
102.028
101.467
100.906
100.346
99.7848
99.224
98.663
98.1019
97.5405
96.9789
96.4171
95.8549
95.2925
94.7298
94.1669
93.6038
93.0406
92.4773
91.9139
91.3506
90.7873
90.2242
89.6611
89.0984
88.5358
87.9736
87.4114
86.8496
86.2878
85.726
85.1642
84.6022
84.0399
83.4773
82.9143
82.3508
81.7868
81.2225
80.6576
80.0925
79.5269
78.9612
78.395
77.8288
77.2622
76.6956
76.1285
75.5613
74.9937
74.4259
73.8575
73.2888
72.7196
72.1498
71.5793
71.0083
70.4365
69.8641
69.2909
68.7171
68.1425
67.5675
66.9918
66.4158
65.8391
65.2624
64.6851
64.1077
63.5299
62.952
62.3736
61.7952
61.2163
60.6373
60.0578
59.4782
58.898
58.3176
57.7365
57.155
56.5728
55.9901
55.4065
54.8223
54.2371
53.6511
53.0642
52.4764
51.8876
51.2979
50.7071
50.1154
49.5226
48.9289
48.3339
47.7381
47.1411
46.5433
45.9443
45.3444
44.7435
44.1418
43.5391
42.9357
42.3314
41.7265
41.1208
40.5146
39.9077
39.3005
38.6925
38.0843
37.4755
36.8665
36.2567
35.6467
35.0359
34.4246
33.8125
33.1997
32.586
31.9714
31.3558
30.7392
30.1216
29.503
28.8834
28.2628
27.6413
27.019
26.3958
25.772
25.1474
24.5224
23.8967
23.2707
22.644
22.017
21.3894
20.7614
20.1327
19.5034
18.8733
18.2425
17.6109
16.9785
16.3452
15.7111
15.0761
14.4404
13.804
13.1671
12.5296
11.8918
11.2535
10.6151
9.97642
9.33774
8.69883
8.05998
7.421
6.78203
6.14295
5.50377
4.86448
4.22494
3.58525
2.94512
2.30413
1.65748
0.974382
0.30743
125.695
119.77
118.247
116.799
115.826
115.082
114.44
113.839
113.256
112.686
112.123
111.562
111
110.439
109.878
109.317
108.756
108.195
107.634
107.073
106.512
105.952
105.391
104.831
104.27
103.709
103.149
102.588
102.028
101.467
100.906
100.346
99.7848
99.224
98.663
98.1019
97.5405
96.9789
96.4171
95.8549
95.2925
94.7298
94.1669
93.6038
93.0406
92.4773
91.9139
91.3506
90.7873
90.2242
89.6611
89.0984
88.5358
87.9736
87.4114
86.8496
86.2877
85.726
85.1642
84.6022
84.0399
83.4773
82.9143
82.3508
81.7868
81.2225
80.6576
80.0925
79.5268
78.9612
78.395
77.8288
77.2622
76.6956
76.1285
75.5613
74.9937
74.4259
73.8575
73.2888
72.7195
72.1498
71.5793
71.0083
70.4365
69.8641
69.2908
68.7171
68.1425
67.5675
66.9917
66.4158
65.8391
65.2624
64.6851
64.1077
63.5298
62.952
62.3736
61.7952
61.2163
60.6373
60.0578
59.4782
58.898
58.3176
57.7365
57.155
56.5728
55.9901
55.4065
54.8223
54.2371
53.6511
53.0642
52.4764
51.8876
51.2979
50.7071
50.1154
49.5226
48.9289
48.3339
47.7381
47.1411
46.5433
45.9442
45.3444
44.7435
44.1418
43.5391
42.9357
42.3314
41.7265
41.1208
40.5146
39.9077
39.3004
38.6925
38.0843
37.4755
36.8664
36.2567
35.6467
35.0359
34.4246
33.8125
33.1997
32.586
31.9714
31.3558
30.7392
30.1216
29.503
28.8833
28.2628
27.6413
27.019
26.3958
25.772
25.1474
24.5224
23.8967
23.2707
22.644
22.017
21.3894
20.7614
20.1326
19.5034
18.8733
18.2425
17.6109
16.9785
16.3452
15.7111
15.0761
14.4404
13.804
13.1671
12.5296
11.8918
11.2535
10.6151
9.97641
9.33773
8.69882
8.05998
7.42099
6.78203
6.14295
5.50377
4.86448
4.22495
3.58525
2.94512
2.30413
1.65749
0.974384
0.307433
125.7
119.77
118.247
116.799
115.826
115.082
114.44
113.839
113.256
112.686
112.123
111.562
111
110.439
109.878
109.317
108.756
108.195
107.634
107.073
106.512
105.952
105.391
104.831
104.27
103.709
103.149
102.588
102.028
101.467
100.906
100.346
99.7848
99.224
98.663
98.1019
97.5405
96.9789
96.4171
95.8549
95.2925
94.7298
94.1669
93.6038
93.0406
92.4773
91.9139
91.3506
90.7872
90.2242
89.6611
89.0984
88.5358
87.9736
87.4114
86.8496
86.2877
85.726
85.1642
84.6022
84.0399
83.4773
82.9143
82.3508
81.7868
81.2224
80.6576
80.0925
79.5268
78.9612
78.395
77.8288
77.2622
76.6956
76.1285
75.5613
74.9937
74.4259
73.8575
73.2888
72.7195
72.1498
71.5793
71.0083
70.4365
69.8641
69.2908
68.717
68.1425
67.5675
66.9917
66.4157
65.8391
65.2624
64.685
64.1077
63.5298
62.952
62.3736
61.7952
61.2163
60.6373
60.0578
59.4782
58.898
58.3175
57.7365
57.155
56.5728
55.9901
55.4065
54.8222
54.2371
53.6511
53.0642
52.4764
51.8876
51.2979
50.7071
50.1154
49.5226
48.9289
48.3339
47.7381
47.1411
46.5433
45.9442
45.3444
44.7435
44.1418
43.5391
42.9357
42.3314
41.7265
41.1208
40.5146
39.9077
39.3004
38.6925
38.0843
37.4755
36.8664
36.2567
35.6467
35.0359
34.4246
33.8125
33.1997
32.586
31.9714
31.3558
30.7392
30.1216
29.503
28.8833
28.2628
27.6412
27.019
26.3957
25.772
25.1474
24.5224
23.8967
23.2707
22.644
22.017
21.3894
20.7613
20.1326
19.5034
18.8733
18.2425
17.6109
16.9785
16.3452
15.7111
15.0761
14.4404
13.804
13.1671
12.5296
11.8918
11.2535
10.6151
9.9764
9.33772
8.69881
8.05997
7.42099
6.78202
6.14295
5.50377
4.86448
4.22495
3.58526
2.94513
2.30414
1.65749
0.974387
0.307434
125.705
119.77
118.247
116.799
115.826
115.082
114.44
113.839
113.256
112.686
112.123
111.562
111
110.439
109.878
109.317
108.756
108.195
107.634
107.073
106.512
105.952
105.391
104.831
104.27
103.709
103.149
102.588
102.028
101.467
100.906
100.346
99.7848
99.224
98.663
98.1019
97.5405
96.9789
96.417
95.8549
95.2925
94.7298
94.1669
93.6038
93.0406
92.4773
91.9139
91.3506
90.7872
90.2242
89.6611
89.0984
88.5358
87.9736
87.4114
86.8496
86.2877
85.726
85.1642
84.6022
84.0399
83.4773
82.9142
82.3508
81.7868
81.2224
80.6575
80.0925
79.5268
78.9612
78.395
77.8288
77.2622
76.6956
76.1285
75.5613
74.9937
74.4259
73.8575
73.2888
72.7195
72.1498
71.5793
71.0083
70.4365
69.8641
69.2908
68.717
68.1425
67.5675
66.9917
66.4157
65.8391
65.2624
64.685
64.1077
63.5298
62.952
62.3736
61.7952
61.2163
60.6373
60.0578
59.4782
58.898
58.3175
57.7364
57.155
56.5728
55.9901
55.4065
54.8222
54.237
53.6511
53.0641
52.4764
51.8875
51.2979
50.7071
50.1154
49.5225
48.9289
48.3339
47.7381
47.1411
46.5433
45.9442
45.3444
44.7434
44.1418
43.5391
42.9357
42.3314
41.7265
41.1208
40.5146
39.9076
39.3004
38.6924
38.0843
37.4754
36.8664
36.2567
35.6467
35.0359
34.4246
33.8125
33.1997
32.586
31.9714
31.3558
30.7392
30.1216
29.503
28.8833
28.2628
27.6412
27.019
26.3957
25.772
25.1474
24.5224
23.8966
23.2706
22.6439
22.017
21.3894
20.7614
20.1326
19.5034
18.8733
18.2425
17.6109
16.9785
16.3452
15.7111
15.0761
14.4404
13.804
13.1671
12.5296
11.8918
11.2535
10.6151
9.97639
9.33772
8.6988
8.05997
7.42099
6.78202
6.14295
5.50377
4.86448
4.22495
3.58526
2.94513
2.30414
1.65749
0.974388
0.307435
125.709
119.77
118.247
116.799
115.826
115.082
114.44
113.839
113.256
112.686
112.123
111.562
111
110.439
109.878
109.317
108.756
108.195
107.634
107.073
106.512
105.952
105.391
104.831
104.27
103.709
103.149
102.588
102.028
101.467
100.906
100.346
99.7848
99.224
98.663
98.1019
97.5405
96.9789
96.4171
95.8549
95.2925
94.7298
94.1669
93.6038
93.0406
92.4773
91.9139
91.3506
90.7872
90.2242
89.6611
89.0984
88.5358
87.9736
87.4114
86.8496
86.2877
85.726
85.1642
84.6022
84.0399
83.4773
82.9143
82.3508
81.7868
81.2224
80.6575
80.0924
79.5268
78.9611
78.395
77.8288
77.2622
76.6956
76.1285
75.5613
74.9937
74.4259
73.8575
73.2888
72.7195
72.1498
71.5793
71.0083
70.4365
69.8641
69.2908
68.717
68.1425
67.5675
66.9917
66.4157
65.8391
65.2623
64.685
64.1077
63.5298
62.9519
62.3736
61.7952
61.2163
60.6373
60.0578
59.4782
58.898
58.3175
57.7364
57.155
56.5728
55.9901
55.4065
54.8222
54.237
53.6511
53.0641
52.4764
51.8875
51.2979
50.7071
50.1154
49.5225
48.9288
48.3339
47.7381
47.1411
46.5433
45.9442
45.3444
44.7435
44.1418
43.5391
42.9357
42.3314
41.7265
41.1208
40.5146
39.9076
39.3004
38.6924
38.0843
37.4754
36.8664
36.2567
35.6467
35.0359
34.4246
33.8125
33.1997
32.586
31.9714
31.3558
30.7392
30.1216
29.503
28.8833
28.2628
27.6412
27.019
26.3957
25.772
25.1474
24.5224
23.8966
23.2706
22.6439
22.017
21.3894
20.7613
20.1326
19.5034
18.8733
18.2425
17.611
16.9785
16.3452
15.7111
15.0761
14.4404
13.804
13.1671
12.5296
11.8918
11.2535
10.6151
9.97639
9.33771
8.6988
8.05997
7.42099
6.78202
6.14295
5.50377
4.86449
4.22495
3.58526
2.94513
2.30414
1.65749
0.97439
0.307435
125.712
119.77
118.247
116.799
115.826
115.082
114.44
113.839
113.256
112.686
112.123
111.562
111
110.439
109.878
109.317
108.756
108.195
107.634
107.073
106.512
105.952
105.391
104.831
104.27
103.709
103.149
102.588
102.028
101.467
100.906
100.346
99.7848
99.224
98.663
98.1019
97.5405
96.9789
96.417
95.8549
95.2925
94.7298
94.1669
93.6038
93.0405
92.4773
91.9139
91.3506
90.7872
90.2242
89.6611
89.0984
88.5358
87.9736
87.4114
86.8496
86.2877
85.726
85.1642
84.6022
84.0399
83.4773
82.9142
82.3508
81.7868
81.2224
80.6575
80.0925
79.5268
78.9611
78.395
77.8288
77.2622
76.6956
76.1285
75.5613
74.9937
74.4259
73.8575
73.2888
72.7195
72.1498
71.5793
71.0083
70.4365
69.8641
69.2908
68.717
68.1424
67.5675
66.9917
66.4157
65.8391
65.2624
64.685
64.1077
63.5298
62.9519
62.3736
61.7952
61.2162
60.6373
60.0578
59.4782
58.8979
58.3175
57.7364
57.155
56.5728
55.9901
55.4065
54.8222
54.237
53.6511
53.0641
52.4764
51.8875
51.2979
50.707
50.1154
49.5225
48.9289
48.3339
47.7381
47.1411
46.5433
45.9442
45.3444
44.7434
44.1418
43.539
42.9357
42.3314
41.7265
41.1207
40.5146
39.9076
39.3004
38.6924
38.0843
37.4754
36.8664
36.2566
35.6467
35.0358
34.4246
33.8125
33.1997
32.586
31.9714
31.3558
30.7392
30.1216
29.503
28.8833
28.2628
27.6412
27.019
26.3957
25.772
25.1474
24.5224
23.8966
23.2706
22.6439
22.017
21.3894
20.7613
20.1326
19.5034
18.8733
18.2425
17.6109
16.9785
16.3452
15.7111
15.0761
14.4404
13.804
13.1671
12.5296
11.8918
11.2535
10.6151
9.97638
9.33771
8.6988
8.05997
7.42098
6.78202
6.14295
5.50377
4.86449
4.22495
3.58527
2.94513
2.30414
1.65749
0.97439
0.307435
123.525
119.446
118.028
116.624
115.729
115.035
114.42
113.83
113.251
112.684
112.123
111.562
111
110.439
109.878
109.317
108.756
108.195
107.634
107.073
106.513
105.952
105.391
104.831
104.27
103.71
103.149
102.589
102.028
101.467
100.907
100.346
99.7853
99.2244
98.6634
98.1022
97.5408
96.9792
96.4173
95.8552
95.2928
94.7301
94.1673
93.6042
93.041
92.4778
91.9144
91.3512
90.7879
90.2248
89.6618
89.0991
88.5366
87.9743
87.4121
86.8502
86.2883
85.7265
85.1646
84.6026
84.0403
83.4777
82.9147
82.3513
81.7874
81.2232
80.6585
80.0934
79.5279
78.9622
78.3961
77.8298
77.2632
76.6965
76.1294
75.5621
74.9945
74.4265
73.8582
73.2894
72.7201
72.1504
71.5799
71.0089
70.4371
69.8648
69.2916
68.7179
68.1435
67.5686
66.993
66.417
65.8405
65.2638
64.6865
64.1091
63.5313
62.9533
62.375
61.7965
61.2176
60.6386
60.0591
59.4794
58.8992
58.3187
57.7376
57.1561
56.5739
55.9911
55.4075
54.8232
54.2381
53.6521
53.0652
52.4775
51.8887
51.299
50.7083
50.1166
49.5238
48.93
48.3352
47.7393
47.1424
46.5445
45.9455
45.3457
44.7448
44.1431
43.5404
42.937
42.3327
41.7278
41.1221
40.5159
39.909
39.3018
38.6939
38.0856
37.4769
36.8677
36.258
35.6478
35.037
34.4257
33.8135
33.2007
32.5869
31.9723
31.3567
30.7401
30.1225
29.5039
28.8843
28.2638
27.6423
27.02
26.3968
25.773
25.1485
24.5234
23.8977
23.2716
22.6449
22.0178
21.3901
20.762
20.1332
19.5039
18.8737
18.2429
17.6113
16.9789
16.3456
15.7115
15.0766
14.441
13.8047
13.1678
12.5303
11.8925
11.2543
10.6158
9.97708
9.33827
8.69933
8.06036
7.42131
6.78223
6.14305
5.50379
4.86439
4.22482
3.58506
2.94503
2.30448
1.65988
0.975494
0.306314
123.538
119.446
118.028
116.624
115.729
115.035
114.42
113.83
113.251
112.684
112.123
111.562
111
110.439
109.878
109.317
108.756
108.195
107.634
107.073
106.513
105.952
105.391
104.831
104.27
103.71
103.149
102.589
102.028
101.467
100.907
100.346
99.7853
99.2244
98.6634
98.1022
97.5408
96.9792
96.4173
95.8552
95.2928
94.7301
94.1673
93.6042
93.041
92.4778
91.9144
91.3512
90.7879
90.2248
89.6618
89.0991
88.5366
87.9743
87.4122
86.8502
86.2883
85.7265
85.1646
84.6026
84.0403
83.4777
82.9147
82.3513
81.7874
81.2232
80.6585
80.0934
79.5279
78.9622
78.3961
77.8298
77.2632
76.6965
76.1294
75.5621
74.9945
74.4265
73.8582
73.2894
72.7201
72.1504
71.5799
71.0089
70.4371
69.8648
69.2916
68.7179
68.1435
67.5685
66.993
66.417
65.8405
65.2637
64.6865
64.1091
63.5313
62.9533
62.375
61.7965
61.2176
60.6386
60.0591
59.4794
58.8992
58.3187
57.7376
57.1561
56.5739
55.9911
55.4075
54.8232
54.2381
53.6521
53.0652
52.4775
51.8887
51.299
50.7083
50.1166
49.5238
48.93
48.3352
47.7393
47.1424
46.5445
45.9455
45.3457
44.7448
44.143
43.5404
42.937
42.3327
41.7278
41.1221
40.5159
39.909
39.3018
38.6939
38.0856
37.4769
36.8677
36.258
35.6478
35.037
34.4257
33.8135
33.2007
32.5869
31.9723
31.3567
30.7401
30.1225
29.5039
28.8843
28.2638
27.6423
27.02
26.3968
25.773
25.1485
24.5234
23.8977
23.2716
22.6449
22.0178
21.3901
20.762
20.1332
19.5038
18.8737
18.2429
17.6113
16.9789
16.3456
15.7115
15.0766
14.441
13.8047
13.1678
12.5304
11.8925
11.2543
10.6158
9.97708
9.33827
8.69934
8.06036
7.42131
6.78223
6.14305
5.50379
4.86439
4.22482
3.58505
2.94503
2.30448
1.65988
0.975494
0.306314
123.513
119.446
118.028
116.624
115.729
115.035
114.42
113.83
113.251
112.684
112.123
111.562
111
110.439
109.878
109.317
108.756
108.195
107.634
107.073
106.513
105.952
105.391
104.831
104.27
103.71
103.149
102.589
102.028
101.467
100.907
100.346
99.7853
99.2244
98.6634
98.1022
97.5408
96.9792
96.4173
95.8552
95.2928
94.7301
94.1673
93.6042
93.041
92.4778
91.9144
91.3512
90.7879
90.2248
89.6618
89.0991
88.5366
87.9743
87.4122
86.8502
86.2883
85.7265
85.1646
84.6026
84.0403
83.4777
82.9147
82.3513
81.7874
81.2232
80.6585
80.0934
79.5279
78.9622
78.3961
77.8298
77.2632
76.6965
76.1294
75.5621
74.9945
74.4265
73.8582
73.2894
72.7201
72.1504
71.5799
71.0089
70.4371
69.8648
69.2916
68.7179
68.1435
67.5686
66.993
66.417
65.8405
65.2638
64.6865
64.1091
63.5313
62.9533
62.375
61.7965
61.2176
60.6386
60.0591
59.4794
58.8992
58.3187
57.7376
57.1561
56.5739
55.9911
55.4075
54.8232
54.2381
53.6521
53.0652
52.4775
51.8887
51.299
50.7083
50.1166
49.5238
48.93
48.3352
47.7393
47.1424
46.5445
45.9455
45.3457
44.7448
44.1431
43.5404
42.937
42.3327
41.7278
41.1221
40.5159
39.909
39.3018
38.6939
38.0856
37.4769
36.8677
36.258
35.6478
35.037
34.4257
33.8135
33.2007
32.5869
31.9723
31.3567
30.7401
30.1225
29.5039
28.8843
28.2638
27.6423
27.02
26.3968
25.773
25.1485
24.5234
23.8977
23.2716
22.6449
22.0178
21.3901
20.762
20.1332
19.5038
18.8737
18.2429
17.6113
16.9789
16.3456
15.7115
15.0766
14.441
13.8047
13.1678
12.5304
11.8925
11.2543
10.6158
9.97708
9.33827
8.69934
8.06037
7.42131
6.78223
6.14305
5.50379
4.86439
4.22482
3.58505
2.94503
2.30447
1.65988
0.975493
0.306313
123.445
119.446
118.028
116.624
115.729
115.035
114.42
113.83
113.251
112.684
112.123
111.562
111
110.439
109.878
109.317
108.756
108.195
107.634
107.073
106.513
105.952
105.391
104.831
104.27
103.71
103.149
102.589
102.028
101.467
100.907
100.346
99.7853
99.2244
98.6634
98.1022
97.5408
96.9792
96.4173
95.8552
95.2928
94.7301
94.1673
93.6042
93.041
92.4778
91.9145
91.3512
90.7879
90.2248
89.6618
89.0991
88.5366
87.9743
87.4122
86.8502
86.2884
85.7265
85.1646
84.6026
84.0403
83.4777
82.9147
82.3513
81.7875
81.2232
80.6585
80.0934
79.5279
78.9622
78.3961
77.8298
77.2632
76.6965
76.1294
75.5621
74.9945
74.4265
73.8582
73.2894
72.7202
72.1504
71.5799
71.0089
70.4372
69.8648
69.2917
68.7179
68.1435
67.5686
66.993
66.417
65.8406
65.2638
64.6866
64.1091
63.5313
62.9533
62.375
61.7965
61.2177
60.6386
60.0592
59.4794
58.8993
58.3187
57.7376
57.1561
56.5739
55.9911
55.4075
54.8232
54.2381
53.6521
53.0652
52.4775
51.8887
51.299
50.7083
50.1166
49.5238
48.93
48.3352
47.7393
47.1424
46.5445
45.9455
45.3457
44.7448
44.1431
43.5404
42.937
42.3327
41.7278
41.1221
40.5159
39.9091
39.3018
38.6939
38.0856
37.4769
36.8677
36.258
35.6478
35.0371
34.4257
33.8135
33.2007
32.5869
31.9723
31.3567
30.7401
30.1225
29.5039
28.8843
28.2638
27.6423
27.02
26.3969
25.773
25.1485
24.5234
23.8977
23.2716
22.6449
22.0178
21.3902
20.762
20.1332
19.5038
18.8738
18.2429
17.6113
16.9789
16.3456
15.7115
15.0766
14.441
13.8047
13.1678
12.5304
11.8925
11.2543
10.6158
9.97709
9.33828
8.69935
8.06037
7.42132
6.78223
6.14306
5.50379
4.86439
4.22482
3.58505
2.94503
2.30447
1.65988
0.975493
0.306312
123.359
119.446
118.028
116.624
115.729
115.035
114.42
113.83
113.251
112.684
112.123
111.562
111
110.439
109.878
109.317
108.756
108.195
107.634
107.073
106.513
105.952
105.391
104.831
104.27
103.71
103.149
102.589
102.028
101.467
100.907
100.346
99.7853
99.2244
98.6634
98.1022
97.5408
96.9792
96.4173
95.8552
95.2928
94.7302
94.1673
93.6043
93.0411
92.4778
91.9145
91.3512
90.7879
90.2248
89.6619
89.0991
88.5366
87.9743
87.4122
86.8502
86.2884
85.7266
85.1647
84.6026
84.0403
83.4777
82.9147
82.3513
81.7875
81.2232
80.6585
80.0934
79.5279
78.9622
78.3961
77.8298
77.2633
76.6965
76.1294
75.5621
74.9945
74.4266
73.8582
73.2895
72.7202
72.1504
71.5799
71.0089
70.4372
69.8648
69.2917
68.7179
68.1435
67.5686
66.993
66.417
65.8406
65.2638
64.6866
64.1091
63.5313
62.9534
62.375
61.7965
61.2177
60.6386
60.0592
59.4795
58.8993
58.3187
57.7377
57.1561
56.5739
55.9911
55.4075
54.8232
54.2381
53.6521
53.0652
52.4775
51.8887
51.299
50.7083
50.1166
49.5238
48.9301
48.3352
47.7394
47.1424
46.5445
45.9456
45.3457
44.7448
44.1431
43.5404
42.937
42.3327
41.7278
41.1221
40.5159
39.9091
39.3018
38.6939
38.0857
37.4769
36.8677
36.258
35.6479
35.0371
34.4257
33.8136
33.2007
32.5869
31.9723
31.3567
30.7402
30.1225
29.504
28.8843
28.2638
27.6423
27.02
26.3969
25.773
25.1485
24.5234
23.8977
23.2716
22.6449
22.0178
21.3902
20.762
20.1332
19.5039
18.8738
18.2429
17.6113
16.9789
16.3456
15.7115
15.0766
14.441
13.8047
13.1678
12.5304
11.8925
11.2543
10.6158
9.9771
9.33828
8.69935
8.06037
7.42132
6.78223
6.14306
5.50379
4.86439
4.22482
3.58505
2.94503
2.30447
1.65989
0.975492
0.306311
123.259
119.446
118.028
116.624
115.729
115.035
114.42
113.83
113.251
112.684
112.123
111.562
111
110.439
109.878
109.317
108.756
108.195
107.634
107.073
106.513
105.952
105.391
104.831
104.27
103.71
103.149
102.589
102.028
101.467
100.907
100.346
99.7853
99.2244
98.6634
98.1022
97.5408
96.9792
96.4173
95.8552
95.2928
94.7302
94.1673
93.6043
93.0411
92.4778
91.9145
91.3512
90.7879
90.2248
89.6619
89.0991
88.5366
87.9743
87.4122
86.8502
86.2884
85.7266
85.1647
84.6026
84.0403
83.4777
82.9147
82.3513
81.7875
81.2232
80.6585
80.0934
79.528
78.9622
78.3961
77.8298
77.2633
76.6965
76.1294
75.5621
74.9945
74.4266
73.8582
73.2895
72.7202
72.1504
71.5799
71.0089
70.4372
69.8648
69.2917
68.7179
68.1436
67.5686
66.993
66.4171
65.8406
65.2638
64.6866
64.1092
63.5314
62.9534
62.3751
61.7966
61.2177
60.6386
60.0592
59.4795
58.8993
58.3187
57.7377
57.1561
56.5739
55.9911
55.4075
54.8232
54.2381
53.6521
53.0653
52.4775
51.8887
51.299
50.7083
50.1166
49.5238
48.9301
48.3352
47.7394
47.1424
46.5445
45.9456
45.3457
44.7448
44.1431
43.5404
42.937
42.3328
41.7278
41.1222
40.5159
39.9091
39.3018
38.694
38.0857
37.4769
36.8677
36.2581
35.6479
35.0371
34.4257
33.8136
33.2007
32.587
31.9723
31.3567
30.7402
30.1226
29.504
28.8844
28.2638
27.6423
27.02
26.3969
25.773
25.1485
24.5234
23.8978
23.2716
22.645
22.0178
21.3902
20.762
20.1332
19.5039
18.8738
18.2429
17.6113
16.9789
16.3456
15.7115
15.0767
14.441
13.8047
13.1678
12.5304
11.8925
11.2543
10.6158
9.97711
9.33829
8.69936
8.06038
7.42133
6.78223
6.14306
5.50379
4.86439
4.22482
3.58505
2.94502
2.30447
1.65989
0.975492
0.306308
123.149
119.446
118.028
116.624
115.729
115.035
114.42
113.83
113.251
112.684
112.123
111.562
111
110.439
109.878
109.317
108.756
108.195
107.634
107.073
106.513
105.952
105.391
104.831
104.27
103.71
103.149
102.589
102.028
101.467
100.907
100.346
99.7853
99.2245
98.6634
98.1022
97.5408
96.9792
96.4173
95.8552
95.2928
94.7302
94.1673
93.6043
93.0411
92.4778
91.9145
91.3512
90.7879
90.2248
89.6619
89.0992
88.5366
87.9743
87.4122
86.8503
86.2884
85.7266
85.1647
84.6026
84.0403
83.4777
82.9147
82.3514
81.7875
81.2232
80.6585
80.0934
79.528
78.9622
78.3961
77.8299
77.2633
76.6965
76.1294
75.5621
74.9945
74.4266
73.8582
73.2895
72.7202
72.1504
71.58
71.0089
70.4372
69.8648
69.2917
68.718
68.1436
67.5686
66.9931
66.4171
65.8406
65.2638
64.6866
64.1092
63.5314
62.9534
62.3751
61.7966
61.2177
60.6387
60.0592
59.4795
58.8993
58.3188
57.7377
57.1561
56.5739
55.9911
55.4075
54.8233
54.2381
53.6522
53.0653
52.4775
51.8888
51.2991
50.7083
50.1166
49.5238
48.9301
48.3352
47.7394
47.1425
46.5446
45.9456
45.3457
44.7448
44.1431
43.5405
42.937
42.3328
41.7278
41.1222
40.516
39.9091
39.3018
38.694
38.0857
37.4769
36.8678
36.2581
35.6479
35.0371
34.4257
33.8136
33.2007
32.587
31.9724
31.3567
30.7402
30.1226
29.504
28.8844
28.2638
27.6423
27.02
26.3969
25.7731
25.1485
24.5234
23.8978
23.2716
22.645
22.0178
21.3902
20.762
20.1332
19.5039
18.8738
18.243
17.6113
16.9789
16.3456
15.7116
15.0767
14.4411
13.8047
13.1678
12.5304
11.8925
11.2543
10.6158
9.97712
9.3383
8.69937
8.06038
7.42133
6.78224
6.14306
5.50379
4.86439
4.22482
3.58505
2.94502
2.30447
1.65989
0.975491
0.306305
123.03
119.446
118.028
116.624
115.729
115.035
114.42
113.83
113.251
112.684
112.123
111.562
111
110.439
109.878
109.317
108.756
108.195
107.634
107.073
106.513
105.952
105.391
104.831
104.27
103.71
103.149
102.589
102.028
101.467
100.907
100.346
99.7853
99.2245
98.6634
98.1022
97.5409
96.9792
96.4173
95.8552
95.2928
94.7302
94.1673
93.6043
93.0411
92.4778
91.9145
91.3512
90.788
90.2249
89.6619
89.0992
88.5366
87.9743
87.4122
86.8503
86.2884
85.7266
85.1647
84.6026
84.0404
83.4778
82.9148
82.3514
81.7875
81.2232
80.6585
80.0935
79.528
78.9622
78.3962
77.8299
77.2633
76.6965
76.1295
75.5621
74.9945
74.4266
73.8582
73.2895
72.7202
72.1504
71.58
71.0089
70.4372
69.8648
69.2917
68.718
68.1436
67.5686
66.9931
66.4171
65.8407
65.2638
64.6867
64.1092
63.5314
62.9534
62.3751
61.7966
61.2178
60.6387
60.0593
59.4795
58.8994
58.3188
57.7377
57.1561
56.574
55.9911
55.4076
54.8233
54.2381
53.6522
53.0653
52.4775
51.8888
51.2991
50.7084
50.1166
49.5239
48.9301
48.3353
47.7394
47.1425
46.5446
45.9456
45.3457
44.7449
44.1431
43.5405
42.937
42.3328
41.7279
41.1222
40.516
39.9092
39.3018
38.694
38.0857
37.477
36.8678
36.2581
35.6479
35.0371
34.4257
33.8136
33.2007
32.587
31.9724
31.3568
30.7402
30.1226
29.504
28.8844
28.2638
27.6424
27.02
26.3969
25.7731
25.1486
24.5235
23.8978
23.2716
22.645
22.0178
21.3902
20.762
20.1333
19.5039
18.8738
18.243
17.6113
16.9789
16.3456
15.7116
15.0767
14.4411
13.8048
13.1678
12.5304
11.8925
11.2543
10.6158
9.97713
9.3383
8.69938
8.06039
7.42134
6.78224
6.14306
5.50379
4.86439
4.22482
3.58504
2.94502
2.30447
1.65989
0.975491
0.3063
122.902
119.446
118.027
116.624
115.729
115.035
114.42
113.83
113.251
112.684
112.123
111.562
111
110.439
109.878
109.317
108.756
108.195
107.634
107.073
106.513
105.952
105.391
104.831
104.27
103.71
103.149
102.589
102.028
101.467
100.907
100.346
99.7853
99.2245
98.6634
98.1023
97.5409
96.9792
96.4173
95.8552
95.2928
94.7302
94.1673
93.6043
93.0411
92.4778
91.9145
91.3512
90.788
90.2249
89.6619
89.0992
88.5366
87.9743
87.4122
86.8503
86.2884
85.7266
85.1647
84.6027
84.0404
83.4778
82.9148
82.3514
81.7875
81.2233
80.6586
80.0935
79.528
78.9623
78.3962
77.8299
77.2633
76.6965
76.1295
75.5622
74.9945
74.4266
73.8583
73.2895
72.7202
72.1504
71.58
71.0089
70.4372
69.8648
69.2917
68.718
68.1436
67.5686
66.9931
66.4171
65.8407
65.2639
64.6867
64.1092
63.5315
62.9535
62.3752
61.7966
61.2178
60.6387
60.0593
59.4795
58.8994
58.3188
57.7377
57.1562
56.574
55.9911
55.4076
54.8233
54.2382
53.6522
53.0653
52.4775
51.8888
51.2991
50.7084
50.1167
49.5239
48.9301
48.3353
47.7394
47.1425
46.5446
45.9456
45.3458
44.7449
44.1432
43.5405
42.9371
42.3328
41.7279
41.1222
40.516
39.9092
39.3019
38.694
38.0858
37.477
36.8678
36.2581
35.6479
35.0371
34.4258
33.8136
33.2008
32.587
31.9724
31.3568
30.7402
30.1226
29.504
28.8844
28.2639
27.6424
27.0201
26.3969
25.7731
25.1486
24.5235
23.8978
23.2717
22.645
22.0179
21.3902
20.762
20.1333
19.5039
18.8738
18.243
17.6113
16.9789
16.3456
15.7116
15.0767
14.4411
13.8048
13.1679
12.5304
11.8926
11.2543
10.6158
9.97714
9.33831
8.69938
8.06039
7.42134
6.78224
6.14307
5.50379
4.86439
4.22482
3.58504
2.94502
2.30446
1.6599
0.975491
0.306293
122.766
119.445
118.027
116.623
115.729
115.035
114.42
113.83
113.251
112.684
112.123
111.562
111
110.439
109.878
109.317
108.756
108.195
107.634
107.073
106.513
105.952
105.391
104.831
104.27
103.71
103.149
102.589
102.028
101.467
100.907
100.346
99.7853
99.2245
98.6634
98.1023
97.5409
96.9792
96.4174
95.8552
95.2928
94.7302
94.1673
93.6043
93.0411
92.4778
91.9145
91.3512
90.788
90.2249
89.6619
89.0992
88.5367
87.9744
87.4122
86.8503
86.2884
85.7266
85.1647
84.6027
84.0404
83.4778
82.9148
82.3514
81.7875
81.2233
80.6586
80.0935
79.528
78.9623
78.3962
77.8299
77.2633
76.6965
76.1295
75.5622
74.9946
74.4266
73.8583
73.2895
72.7202
72.1504
71.58
71.0089
70.4372
69.8648
69.2918
68.718
68.1436
67.5687
66.9931
66.4171
65.8407
65.2639
64.6867
64.1093
63.5315
62.9535
62.3752
61.7967
61.2178
60.6387
60.0593
59.4796
58.8994
58.3188
57.7378
57.1562
56.574
55.9912
55.4076
54.8233
54.2382
53.6522
53.0653
52.4776
51.8888
51.2991
50.7084
50.1167
49.5239
48.9301
48.3353
47.7394
47.1425
46.5446
45.9457
45.3458
44.7449
44.1432
43.5405
42.9371
42.3329
41.7279
41.1223
40.516
39.9092
39.3019
38.6941
38.0858
37.477
36.8678
36.2581
35.6479
35.0372
34.4258
33.8136
33.2008
32.587
31.9724
31.3568
30.7402
30.1226
29.504
28.8844
28.2639
27.6424
27.0201
26.397
25.7731
25.1486
24.5235
23.8978
23.2717
22.645
22.0179
21.3902
20.762
20.1333
19.5039
18.8738
18.243
17.6113
16.9789
16.3457
15.7116
15.0767
14.4411
13.8048
13.1679
12.5304
11.8926
11.2543
10.6158
9.97715
9.33832
8.69939
8.0604
7.42135
6.78225
6.14307
5.50379
4.86439
4.22481
3.58504
2.94501
2.30446
1.6599
0.975491
0.306283
122.619
119.445
118.027
116.623
115.729
115.034
114.42
113.83
113.251
112.684
112.123
111.562
111
110.439
109.878
109.317
108.756
108.195
107.634
107.073
106.513
105.952
105.391
104.831
104.27
103.71
103.149
102.589
102.028
101.467
100.907
100.346
99.7853
99.2245
98.6635
98.1023
97.5409
96.9792
96.4174
95.8552
95.2928
94.7302
94.1673
93.6043
93.0411
92.4779
91.9145
91.3512
90.788
90.2249
89.6619
89.0992
88.5367
87.9744
87.4123
86.8503
86.2885
85.7266
85.1647
84.6027
84.0404
83.4778
82.9148
82.3514
81.7876
81.2233
80.6586
80.0935
79.528
78.9623
78.3962
77.8299
77.2634
76.6966
76.1295
75.5622
74.9946
74.4266
73.8583
73.2895
72.7202
72.1504
71.58
71.009
70.4372
69.8649
69.2918
68.718
68.1436
67.5687
66.9932
66.4172
65.8407
65.2639
64.6867
64.1093
63.5315
62.9535
62.3752
61.7967
61.2179
60.6388
60.0593
59.4796
58.8994
58.3189
57.7378
57.1562
56.574
55.9912
55.4076
54.8233
54.2382
53.6522
53.0654
52.4776
51.8888
51.2991
50.7084
50.1167
49.5239
48.9302
48.3353
47.7395
47.1425
46.5446
45.9457
45.3458
44.7449
44.1432
43.5406
42.9371
42.3329
41.7279
41.1223
40.5161
39.9092
39.3019
38.6941
38.0858
37.477
36.8679
36.2582
35.648
35.0372
34.4258
33.8137
33.2008
32.587
31.9724
31.3568
30.7402
30.1226
29.504
28.8844
28.2639
27.6424
27.0201
26.397
25.7731
25.1486
24.5235
23.8978
23.2717
22.645
22.0179
21.3902
20.7621
20.1333
19.5039
18.8738
18.243
17.6113
16.9789
16.3457
15.7116
15.0767
14.4411
13.8048
13.1679
12.5304
11.8926
11.2543
10.6159
9.97716
9.33833
8.6994
8.06041
7.42136
6.78225
6.14307
5.5038
4.86439
4.22481
3.58504
2.94501
2.30446
1.65992
0.97549
0.306267
122.461
119.445
118.026
116.622
115.729
115.034
114.42
113.83
113.251
112.684
112.123
111.562
111
110.439
109.878
109.317
108.756
108.195
107.634
107.073
106.513
105.952
105.391
104.831
104.27
103.71
103.149
102.589
102.028
101.467
100.907
100.346
99.7854
99.2245
98.6635
98.1023
97.5409
96.9792
96.4174
95.8552
95.2928
94.7302
94.1674
93.6043
93.0411
92.4779
91.9145
91.3512
90.788
90.2249
89.662
89.0992
88.5367
87.9744
87.4123
86.8503
86.2885
85.7266
85.1647
84.6027
84.0404
83.4778
82.9148
82.3514
81.7876
81.2233
80.6586
80.0935
79.5281
78.9623
78.3963
77.8299
77.2634
76.6966
76.1295
75.5622
74.9946
74.4266
73.8583
73.2895
72.7203
72.1504
71.58
71.009
70.4373
69.8649
69.2918
68.718
68.1437
67.5687
66.9932
66.4172
65.8408
65.2639
64.6868
64.1093
63.5316
62.9535
62.3753
61.7967
61.2179
60.6388
60.0594
59.4796
58.8995
58.3189
57.7378
57.1562
56.574
55.9912
55.4076
54.8233
54.2382
53.6522
53.0654
52.4776
51.8889
51.2991
50.7084
50.1167
49.524
48.9302
48.3353
47.7395
47.1426
46.5446
45.9457
45.3458
44.745
44.1432
43.5406
42.9371
42.3329
41.728
41.1223
40.5161
39.9093
39.3019
38.6941
38.0858
37.4771
36.8679
36.2582
35.648
35.0372
34.4258
33.8137
33.2008
32.5871
31.9724
31.3568
30.7402
30.1227
29.5041
28.8845
28.2639
27.6424
27.0201
26.397
25.7731
25.1486
24.5235
23.8979
23.2717
22.645
22.0179
21.3902
20.7621
20.1333
19.5039
18.8738
18.243
17.6114
16.9789
16.3457
15.7116
15.0767
14.4411
13.8048
13.1679
12.5305
11.8926
11.2544
10.6159
9.97718
9.33834
8.69941
8.06041
7.42136
6.78225
6.14307
5.5038
4.86439
4.22481
3.58504
2.94501
2.30446
1.65994
0.975491
0.306244
122.288
119.446
118.025
116.622
115.728
115.034
114.42
113.83
113.251
112.684
112.123
111.562
111
110.439
109.878
109.317
108.756
108.195
107.634
107.073
106.513
105.952
105.391
104.831
104.27
103.71
103.149
102.589
102.028
101.467
100.907
100.346
99.7854
99.2245
98.6635
98.1023
97.5409
96.9793
96.4174
95.8552
95.2928
94.7302
94.1674
93.6043
93.0411
92.4779
91.9146
91.3513
90.788
90.2249
89.662
89.0992
88.5367
87.9744
87.4123
86.8503
86.2885
85.7267
85.1647
84.6027
84.0404
83.4778
82.9148
82.3514
81.7876
81.2233
80.6586
80.0935
79.5281
78.9623
78.3963
77.83
77.2634
76.6966
76.1295
75.5622
74.9946
74.4267
73.8583
73.2895
72.7203
72.1504
71.58
71.009
70.4373
69.8649
69.2918
68.7181
68.1437
67.5687
66.9932
66.4172
65.8408
65.264
64.6868
64.1094
63.5316
62.9536
62.3753
61.7968
61.2179
60.6388
60.0594
59.4796
58.8995
58.3189
57.7378
57.1562
56.574
55.9912
55.4077
54.8234
54.2382
53.6523
53.0654
52.4776
51.8889
51.2992
50.7084
50.1167
49.524
48.9302
48.3354
47.7395
47.1426
46.5447
45.9457
45.3459
44.745
44.1432
43.5406
42.9372
42.3329
41.728
41.1223
40.5161
39.9093
39.302
38.6941
38.0858
37.4771
36.8679
36.2582
35.648
35.0372
34.4258
33.8137
33.2008
32.5871
31.9724
31.3568
30.7403
30.1227
29.5041
28.8845
28.2639
27.6425
27.0201
26.397
25.7732
25.1486
24.5235
23.8979
23.2717
22.645
22.0179
21.3903
20.7621
20.1333
19.5039
18.8738
18.243
17.6114
16.9789
16.3457
15.7116
15.0767
14.4411
13.8048
13.1679
12.5305
11.8926
11.2544
10.6159
9.97719
9.33835
8.69942
8.06042
7.42137
6.78226
6.14308
5.5038
4.86438
4.22481
3.58503
2.94501
2.30446
1.65997
0.975491
0.306207
122.096
119.447
118.025
116.621
115.728
115.034
114.42
113.83
113.251
112.684
112.123
111.562
111
110.439
109.878
109.317
108.756
108.195
107.634
107.073
106.513
105.952
105.391
104.831
104.27
103.71
103.149
102.589
102.028
101.467
100.907
100.346
99.7854
99.2245
98.6635
98.1023
97.5409
96.9793
96.4174
95.8552
95.2929
94.7302
94.1674
93.6043
93.0412
92.4779
91.9146
91.3513
90.788
90.2249
89.662
89.0993
88.5367
87.9744
87.4123
86.8504
86.2885
85.7267
85.1648
84.6027
84.0404
83.4778
82.9148
82.3514
81.7876
81.2233
80.6586
80.0936
79.5281
78.9623
78.3963
77.83
77.2634
76.6966
76.1296
75.5622
74.9946
74.4267
73.8583
73.2895
72.7203
72.1505
71.58
71.009
70.4373
69.8649
69.2918
68.7181
68.1437
67.5687
66.9932
66.4172
65.8408
65.264
64.6868
64.1094
63.5316
62.9536
62.3753
61.7968
61.218
60.6388
60.0594
59.4797
58.8995
58.3189
57.7379
57.1563
56.5741
55.9912
55.4077
54.8234
54.2383
53.6523
53.0654
52.4776
51.8889
51.2992
50.7085
50.1167
49.524
48.9302
48.3354
47.7395
47.1426
46.5447
45.9458
45.3459
44.745
44.1433
43.5406
42.9372
42.333
41.728
41.1224
40.5161
39.9093
39.302
38.6942
38.0859
37.4771
36.8679
36.2582
35.648
35.0373
34.4258
33.8137
33.2008
32.5871
31.9725
31.3569
30.7403
30.1227
29.5041
28.8845
28.2639
27.6425
27.0201
26.397
25.7732
25.1487
24.5235
23.8979
23.2717
22.6451
22.0179
21.3903
20.7621
20.1333
19.5039
18.8738
18.243
17.6114
16.9789
16.3457
15.7116
15.0767
14.4411
13.8048
13.1679
12.5305
11.8926
11.2544
10.6159
9.9772
9.33836
8.69943
8.06043
7.42137
6.78226
6.14308
5.5038
4.86439
4.22481
3.58503
2.94501
2.30447
1.66002
0.975492
0.30615
121.88
119.451
118.023
116.619
115.727
115.034
114.42
113.83
113.251
112.684
112.123
111.562
111
110.439
109.878
109.317
108.756
108.195
107.634
107.073
106.513
105.952
105.391
104.831
104.27
103.71
103.149
102.589
102.028
101.467
100.907
100.346
99.7854
99.2245
98.6635
98.1023
97.5409
96.9793
96.4174
95.8553
95.2929
94.7302
94.1674
93.6044
93.0412
92.4779
91.9146
91.3513
90.7881
90.225
89.662
89.0993
88.5367
87.9744
87.4123
86.8504
86.2885
85.7267
85.1648
84.6027
84.0404
83.4778
82.9148
82.3515
81.7876
81.2234
80.6587
80.0936
79.5281
78.9624
78.3963
77.83
77.2634
76.6966
76.1296
75.5623
74.9946
74.4267
73.8583
73.2896
72.7203
72.1505
71.5801
71.009
70.4373
69.8649
69.2918
68.7181
68.1437
67.5688
66.9933
66.4173
65.8408
65.264
64.6869
64.1094
63.5317
62.9536
62.3754
61.7968
61.218
60.6389
60.0595
59.4797
58.8995
58.319
57.7379
57.1563
56.5741
55.9913
55.4077
54.8234
54.2383
53.6523
53.0654
52.4777
51.8889
51.2992
50.7085
50.1168
49.524
48.9302
48.3354
47.7395
47.1426
46.5447
45.9458
45.3459
44.745
44.1433
43.5407
42.9372
42.333
41.728
41.1224
40.5162
39.9093
39.302
38.6942
38.0859
37.4772
36.868
36.2583
35.6481
35.0373
34.4259
33.8137
33.2009
32.5871
31.9725
31.3569
30.7403
30.1227
29.5041
28.8845
28.264
27.6425
27.0202
26.397
25.7732
25.1487
24.5236
23.8979
23.2717
22.6451
22.0179
21.3903
20.7621
20.1333
19.5039
18.8738
18.243
17.6114
16.979
16.3457
15.7116
15.0767
14.4411
13.8048
13.1679
12.5305
11.8926
11.2544
10.6159
9.97721
9.33837
8.69944
8.06044
7.42138
6.78227
6.14308
5.5038
4.86438
4.22481
3.58503
2.945
2.30447
1.66011
0.975493
0.306062
121.632
119.46
118.022
116.616
115.726
115.033
114.419
113.83
113.251
112.684
112.123
111.562
111
110.439
109.878
109.317
108.756
108.195
107.634
107.073
106.513
105.952
105.391
104.831
104.27
103.71
103.149
102.589
102.028
101.467
100.907
100.346
99.7854
99.2245
98.6635
98.1023
97.5409
96.9793
96.4174
95.8553
95.2929
94.7302
94.1674
93.6044
93.0412
92.4779
91.9146
91.3513
90.7881
90.225
89.662
89.0993
88.5368
87.9744
87.4123
86.8504
86.2885
85.7267
85.1648
84.6027
84.0405
83.4778
82.9149
82.3515
81.7876
81.2234
80.6587
80.0936
79.5282
78.9624
78.3963
77.83
77.2635
76.6966
76.1296
75.5623
74.9947
74.4267
73.8584
73.2896
72.7203
72.1505
71.5801
71.009
70.4373
69.8649
69.2919
68.7181
68.1438
67.5688
66.9933
66.4173
65.8409
65.2641
64.6869
64.1094
63.5317
62.9537
62.3754
61.7968
61.218
60.6389
60.0595
59.4797
58.8996
58.319
57.7379
57.1563
56.5741
55.9913
55.4077
54.8234
54.2383
53.6523
53.0655
52.4777
51.8889
51.2992
50.7085
50.1168
49.524
48.9303
48.3354
47.7396
47.1427
46.5447
45.9458
45.3459
44.7451
44.1433
43.5407
42.9372
42.333
41.7281
41.1224
40.5162
39.9094
39.302
38.6942
38.0859
37.4772
36.868
36.2583
35.6481
35.0373
34.4259
33.8138
33.2009
32.5871
31.9725
31.3569
30.7403
30.1227
29.5041
28.8845
28.264
27.6425
27.0202
26.3971
25.7732
25.1487
24.5236
23.8979
23.2718
22.6451
22.0179
21.3903
20.7621
20.1333
19.5039
18.8738
18.243
17.6114
16.979
16.3457
15.7116
15.0768
14.4411
13.8049
13.1679
12.5305
11.8926
11.2544
10.6159
9.97722
9.33838
8.69945
8.06044
7.42139
6.78227
6.14308
5.5038
4.86439
4.22481
3.58503
2.945
2.30448
1.66023
0.975494
0.305925
121.34
119.479
118.021
116.612
115.725
115.033
114.419
113.83
113.251
112.684
112.123
111.562
111
110.439
109.878
109.317
108.756
108.195
107.634
107.073
106.513
105.952
105.391
104.831
104.27
103.71
103.149
102.589
102.028
101.467
100.907
100.346
99.7854
99.2245
98.6635
98.1023
97.5409
96.9793
96.4174
95.8553
95.2929
94.7303
94.1674
93.6044
93.0412
92.4779
91.9146
91.3513
90.7881
90.225
89.662
89.0993
88.5368
87.9745
87.4123
86.8504
86.2885
85.7267
85.1648
84.6028
84.0405
83.4779
82.9149
82.3515
81.7877
81.2234
80.6587
80.0936
79.5282
78.9624
78.3964
77.83
77.2635
76.6967
76.1296
75.5623
74.9947
74.4267
73.8584
73.2896
72.7203
72.1505
71.5801
71.009
70.4373
69.8649
69.2919
68.7181
68.1438
67.5688
66.9933
66.4173
65.8409
65.2641
64.6869
64.1095
63.5317
62.9537
62.3754
61.7969
61.2181
60.6389
60.0595
59.4798
58.8996
58.319
57.7379
57.1563
56.5741
55.9913
55.4077
54.8234
54.2383
53.6524
53.0655
52.4777
51.889
51.2993
50.7085
50.1168
49.5241
48.9303
48.3355
47.7396
47.1427
46.5448
45.9459
45.346
44.7451
44.1434
43.5407
42.9373
42.333
41.7281
41.1225
40.5162
39.9094
39.3021
38.6942
38.086
37.4772
36.868
36.2583
35.6481
35.0373
34.4259
33.8138
33.2009
32.5872
31.9725
31.3569
30.7404
30.1228
29.5042
28.8846
28.264
27.6425
27.0202
26.3971
25.7732
25.1487
24.5236
23.8979
23.2718
22.6451
22.018
21.3903
20.7621
20.1334
19.504
18.8739
18.243
17.6114
16.979
16.3457
15.7116
15.0768
14.4412
13.8049
13.168
12.5305
11.8927
11.2544
10.6159
9.97723
9.3384
8.69946
8.06045
7.42139
6.78228
6.14309
5.5038
4.86438
4.22481
3.58503
2.945
2.3045
1.66043
0.975488
0.30571
120.991
119.513
118.021
116.606
115.722
115.032
114.419
113.83
113.251
112.684
112.123
111.562
111
110.439
109.878
109.317
108.756
108.195
107.634
107.073
106.513
105.952
105.391
104.831
104.27
103.71
103.149
102.589
102.028
101.467
100.907
100.346
99.7854
99.2245
98.6635
98.1023
97.5409
96.9793
96.4174
95.8553
95.2929
94.7303
94.1674
93.6044
93.0412
92.4779
91.9146
91.3513
90.7881
90.225
89.6621
89.0993
88.5368
87.9745
87.4124
86.8504
86.2886
85.7267
85.1648
84.6028
84.0405
83.4779
82.9149
82.3515
81.7877
81.2234
80.6587
80.0936
79.5282
78.9624
78.3964
77.8301
77.2635
76.6967
76.1296
75.5623
74.9947
74.4267
73.8584
73.2896
72.7203
72.1505
71.5801
71.0091
70.4374
69.865
69.2919
68.7182
68.1438
67.5688
66.9934
66.4174
65.841
65.2641
64.687
64.1095
63.5318
62.9537
62.3755
61.7969
61.2181
60.639
60.0596
59.4798
58.8996
58.319
57.738
57.1564
56.5742
55.9913
55.4078
54.8235
54.2383
53.6524
53.0655
52.4777
51.889
51.2993
50.7086
50.1168
49.5241
48.9303
48.3355
47.7396
47.1427
46.5448
45.9459
45.346
44.7451
44.1434
43.5408
42.9373
42.3331
41.7281
41.1225
40.5163
39.9095
39.3021
38.6943
38.086
37.4773
36.868
36.2584
35.6481
35.0374
34.4259
33.8138
33.2009
32.5872
31.9725
31.357
30.7404
30.1228
29.5042
28.8846
28.264
27.6426
27.0202
26.3971
25.7733
25.1488
24.5236
23.898
23.2718
22.6451
22.018
21.3903
20.7621
20.1334
19.504
18.8739
18.243
17.6114
16.979
16.3457
15.7117
15.0768
14.4412
13.8049
13.168
12.5305
11.8927
11.2544
10.6159
9.97725
9.33841
8.69947
8.06046
7.4214
6.78228
6.14309
5.5038
4.86439
4.22481
3.58503
2.945
2.30452
1.66074
0.975465
0.305366
120.563
119.577
118.025
116.597
115.718
115.03
114.418
113.83
113.251
112.684
112.123
111.562
111
110.439
109.878
109.317
108.756
108.195
107.634
107.073
106.513
105.952
105.391
104.831
104.27
103.71
103.149
102.589
102.028
101.467
100.907
100.346
99.7854
99.2245
98.6635
98.1023
97.5409
96.9793
96.4174
95.8553
95.2929
94.7303
94.1674
93.6044
93.0412
92.478
91.9146
91.3513
90.7881
90.225
89.6621
89.0993
88.5368
87.9745
87.4124
86.8504
86.2886
85.7267
85.1648
84.6028
84.0405
83.4779
82.9149
82.3515
81.7877
81.2234
80.6587
80.0937
79.5282
78.9625
78.3964
77.8301
77.2635
76.6967
76.1297
75.5623
74.9947
74.4268
73.8584
73.2896
72.7204
72.1505
71.5801
71.0091
70.4374
69.865
69.2919
68.7182
68.1438
67.5689
66.9934
66.4174
65.841
65.2642
64.687
64.1096
63.5318
62.9538
62.3755
61.797
61.2181
60.639
60.0596
59.4798
58.8997
58.3191
57.738
57.1564
56.5742
55.9914
55.4078
54.8235
54.2384
53.6524
53.0655
52.4778
51.889
51.2993
50.7086
50.1169
49.5241
48.9304
48.3355
47.7397
47.1428
46.5449
45.9459
45.346
44.7452
44.1434
43.5408
42.9374
42.3331
41.7282
41.1225
40.5163
39.9095
39.3022
38.6943
38.086
37.4773
36.8681
36.2584
35.6482
35.0374
34.426
33.8138
33.201
32.5872
31.9726
31.357
30.7404
30.1228
29.5042
28.8846
28.2641
27.6426
27.0203
26.3971
25.7733
25.1488
24.5237
23.898
23.2718
22.6452
22.018
21.3904
20.7622
20.1334
19.504
18.8739
18.2431
17.6114
16.979
16.3457
15.7117
15.0768
14.4412
13.8049
13.168
12.5306
11.8927
11.2545
10.616
9.97726
9.33842
8.69948
8.06047
7.42141
6.78229
6.14309
5.50381
4.86439
4.22481
3.58503
2.945
2.30455
1.66125
0.975397
0.304803
120.031
119.695
118.04
116.582
115.711
115.027
114.417
113.829
113.25
112.683
112.123
111.562
111
110.439
109.878
109.317
108.756
108.195
107.634
107.073
106.513
105.952
105.391
104.831
104.27
103.71
103.149
102.589
102.028
101.468
100.907
100.346
99.7854
99.2246
98.6635
98.1023
97.5409
96.9793
96.4174
95.8553
95.2929
94.7303
94.1675
93.6044
93.0412
92.478
91.9147
91.3514
90.7881
90.225
89.6621
89.0993
88.5368
87.9745
87.4124
86.8504
86.2886
85.7268
85.1649
84.6028
84.0405
83.4779
82.9149
82.3516
81.7877
81.2235
80.6588
80.0937
79.5283
78.9625
78.3964
77.8301
77.2636
76.6967
76.1297
75.5624
74.9947
74.4268
73.8584
73.2897
72.7204
72.1506
71.5802
71.0091
70.4374
69.865
69.292
68.7182
68.1439
67.5689
66.9934
66.4174
65.841
65.2642
64.6871
64.1096
63.5319
62.9538
62.3755
61.797
61.2182
60.6391
60.0596
59.4799
58.8997
58.3191
57.738
57.1564
56.5742
55.9914
55.4079
54.8235
54.2384
53.6524
53.0656
52.4778
51.8891
51.2994
50.7087
50.1169
49.5242
48.9304
48.3356
47.7397
47.1428
46.5449
45.946
45.3461
44.7452
44.1435
43.5409
42.9374
42.3332
41.7282
41.1226
40.5163
39.9095
39.3022
38.6944
38.0861
37.4773
36.8681
36.2584
35.6482
35.0374
34.426
33.8139
33.201
32.5873
31.9726
31.357
30.7404
30.1229
29.5043
28.8847
28.2641
27.6426
27.0203
26.3972
25.7733
25.1488
24.5237
23.898
23.2719
22.6452
22.018
21.3904
20.7622
20.1334
19.504
18.8739
18.2431
17.6115
16.979
16.3458
15.7117
15.0768
14.4412
13.8049
13.168
12.5306
11.8927
11.2545
10.616
9.97728
9.33844
8.69949
8.06048
7.42142
6.78229
6.1431
5.50381
4.86439
4.22481
3.58503
2.94501
2.30461
1.6621
0.975235
0.303839
119.366
119.913
118.079
116.561
115.701
115.022
114.415
113.828
113.25
112.683
112.123
111.562
111
110.439
109.878
109.317
108.756
108.195
107.634
107.073
106.513
105.952
105.391
104.831
104.27
103.71
103.149
102.589
102.028
101.468
100.907
100.346
99.7854
99.2246
98.6635
98.1024
97.541
96.9793
96.4175
95.8553
95.2929
94.7303
94.1675
93.6044
93.0413
92.478
91.9147
91.3514
90.7882
90.2251
89.6621
89.0994
88.5368
87.9745
87.4124
86.8505
86.2886
85.7268
85.1649
84.6028
84.0405
83.4779
82.915
82.3516
81.7878
81.2235
80.6588
80.0937
79.5283
78.9625
78.3965
77.8302
77.2636
76.6968
76.1297
75.5624
74.9948
74.4268
73.8585
73.2897
72.7204
72.1506
71.5802
71.0092
70.4374
69.8651
69.292
68.7183
68.1439
67.569
66.9935
66.4175
65.8411
65.2643
64.6871
64.1097
63.5319
62.9539
62.3756
61.7971
61.2182
60.6391
60.0597
59.4799
58.8998
58.3192
57.7381
57.1565
56.5743
55.9915
55.4079
54.8236
54.2385
53.6525
53.0656
52.4779
51.8891
51.2994
50.7087
50.117
49.5242
48.9305
48.3356
47.7398
47.1429
46.545
45.946
45.3461
44.7453
44.1435
43.5409
42.9375
42.3332
41.7283
41.1226
40.5164
39.9096
39.3023
38.6944
38.0861
37.4774
36.8682
36.2585
35.6483
35.0375
34.4261
33.8139
33.2011
32.5873
31.9727
31.3571
30.7405
30.1229
29.5043
28.8847
28.2642
27.6427
27.0204
26.3972
25.7734
25.1489
24.5237
23.8981
23.2719
22.6452
22.0181
21.3904
20.7622
20.1334
19.504
18.8739
18.2431
17.6115
16.9791
16.3458
15.7117
15.0769
14.4413
13.805
13.1681
12.5306
11.8927
11.2545
10.616
9.9773
9.33846
8.69951
8.0605
7.42143
6.7823
6.14311
5.50382
4.86439
4.22481
3.58503
2.94501
2.30469
1.66363
0.97488
0.30209
118.552
120.304
118.169
116.531
115.686
115.014
114.412
113.827
113.248
112.682
112.123
111.562
111
110.439
109.878
109.317
108.756
108.195
107.634
107.073
106.513
105.952
105.391
104.831
104.27
103.71
103.149
102.589
102.028
101.468
100.907
100.346
99.7855
99.2246
98.6636
98.1024
97.541
96.9794
96.4175
95.8554
95.293
94.7303
94.1675
93.6045
93.0413
92.478
91.9147
91.3514
90.7882
90.2251
89.6621
89.0994
88.5369
87.9746
87.4124
86.8505
86.2886
85.7268
85.1649
84.6029
84.0406
83.478
82.915
82.3516
81.7878
81.2236
80.6589
80.0938
79.5284
78.9626
78.3965
77.8302
77.2636
76.6968
76.1298
75.5624
74.9948
74.4269
73.8585
73.2897
72.7205
72.1506
71.5802
71.0092
70.4375
69.8651
69.2921
68.7183
68.144
67.569
66.9936
66.4176
65.8412
65.2644
64.6872
64.1097
63.532
62.954
62.3757
61.7971
61.2183
60.6392
60.0598
59.48
58.8998
58.3192
57.7382
57.1566
56.5744
55.9915
55.408
54.8237
54.2386
53.6526
53.0657
52.4779
51.8892
51.2995
50.7088
50.1171
49.5243
48.9306
48.3357
47.7399
47.143
46.5451
45.9461
45.3462
44.7454
44.1436
43.541
42.9375
42.3333
41.7284
41.1227
40.5165
39.9097
39.3023
38.6945
38.0862
37.4775
36.8682
36.2586
35.6483
35.0376
34.4261
33.814
33.2011
32.5874
31.9727
31.3572
30.7406
30.123
29.5044
28.8848
28.2642
27.6428
27.0204
26.3973
25.7734
25.1489
24.5238
23.8981
23.272
22.6453
22.0181
21.3905
20.7623
20.1335
19.5041
18.874
18.2432
17.6115
16.9791
16.3459
15.7118
15.0769
14.4413
13.805
13.1681
12.5307
11.8928
11.2546
10.616
9.97734
9.33848
8.69953
8.06051
7.42144
6.78232
6.14312
5.50382
4.8644
4.22482
3.58504
2.94502
2.30478
1.66653
0.974101
0.298744
117.618
120.956
118.368
116.49
115.668
115.004
114.407
113.824
113.245
112.681
112.122
111.562
111
110.439
109.878
109.317
108.756
108.195
107.634
107.073
106.513
105.952
105.391
104.831
104.27
103.71
103.149
102.589
102.028
101.468
100.907
100.346
99.7855
99.2246
98.6636
98.1024
97.541
96.9794
96.4175
95.8554
95.293
94.7304
94.1675
93.6045
93.0413
92.4781
91.9147
91.3514
90.7882
90.2251
89.6622
89.0994
88.5369
87.9746
87.4125
86.8505
86.2887
85.7269
85.165
84.6029
84.0406
83.478
82.9151
82.3517
81.7879
81.2236
80.659
80.0939
79.5284
78.9627
78.3966
77.8303
77.2637
76.6969
76.1298
75.5625
74.9949
74.4269
73.8586
73.2898
72.7205
72.1507
71.5803
71.0093
70.4376
69.8652
69.2922
68.7184
68.1441
67.5692
66.9937
66.4177
65.8413
65.2645
64.6873
64.1099
63.5321
62.9541
62.3758
61.7972
61.2184
60.6393
60.0599
59.4801
58.8999
58.3194
57.7383
57.1567
56.5745
55.9916
55.4081
54.8238
54.2387
53.6527
53.0658
52.4781
51.8893
51.2997
50.7089
50.1172
49.5245
48.9307
48.3359
47.74
47.1431
46.5452
45.9463
45.3464
44.7455
44.1438
43.5411
42.9377
42.3335
41.7285
41.1229
40.5166
39.9098
39.3025
38.6946
38.0863
37.4776
36.8684
36.2587
35.6485
35.0377
34.4263
33.8141
33.2013
32.5875
31.9729
31.3573
30.7407
30.1231
29.5045
28.8849
28.2644
27.6429
27.0206
26.3974
25.7736
25.149
24.5239
23.8982
23.2721
22.6454
22.0182
21.3905
20.7624
20.1336
19.5042
18.8741
18.2432
17.6116
16.9792
16.3459
15.7119
15.077
14.4414
13.8051
13.1682
12.5307
11.8929
11.2546
10.6161
9.97738
9.33852
8.69957
8.06054
7.42147
6.78234
6.14313
5.50384
4.86441
4.22483
3.58504
2.94502
2.30479
1.67209
0.972239
0.292166
116.703
121.878
118.75
116.447
115.654
114.997
114.401
113.819
113.239
112.677
112.122
111.562
111
110.439
109.878
109.317
108.756
108.195
107.634
107.073
106.513
105.952
105.391
104.831
104.27
103.71
103.149
102.589
102.028
101.468
100.907
100.346
99.7856
99.2247
98.6637
98.1025
97.5411
96.9795
96.4176
95.8555
95.2931
94.7304
94.1676
93.6046
93.0414
92.4781
91.9148
91.3515
90.7883
90.2251
89.6622
89.0995
88.5369
87.9746
87.4125
86.8506
86.2887
85.7269
85.165
84.603
84.0407
83.4781
82.9152
82.3518
81.788
81.2237
80.6591
80.094
79.5286
78.9628
78.3967
77.8304
77.2638
76.697
76.1299
75.5626
74.995
74.427
73.8587
73.2899
72.7207
72.1509
71.5805
71.0094
70.4377
69.8654
69.2923
68.7186
68.1443
67.5693
66.9938
66.4178
65.8414
65.2646
64.6875
64.11
63.5323
62.9542
62.3759
61.7974
61.2186
60.6394
60.06
59.4802
58.9001
58.3195
57.7385
57.1568
56.5747
55.9918
55.4083
54.824
54.2389
53.6529
53.0661
52.4783
51.8896
51.2999
50.7092
50.1174
49.5247
48.9309
48.3361
47.7402
47.1434
46.5454
45.9465
45.3466
44.7458
44.144
43.5414
42.9379
42.3337
41.7287
41.1231
40.5168
39.91
39.3026
38.6948
38.0865
37.4777
36.8685
36.2588
35.6486
35.0379
34.4264
33.8143
33.2014
32.5877
31.9731
31.3575
30.7409
30.1233
29.5047
28.8851
28.2646
27.6431
27.0207
26.3976
25.7737
25.1492
24.524
23.8984
23.2722
22.6455
22.0183
21.3907
20.7625
20.1337
19.5043
18.8742
18.2434
17.6118
16.9793
16.3461
15.712
15.0771
14.4415
13.8052
13.1683
12.5308
11.8929
11.2547
10.6162
9.97745
9.33858
8.69961
8.06058
7.4215
6.78236
6.14316
5.50386
4.86443
4.22485
3.58506
2.94498
2.30439
1.68186
0.96734
0.279582
116.101
122.704
119.247
116.412
115.655
115
114.398
113.812
113.231
112.673
112.123
111.562
111
110.439
109.878
109.317
108.756
108.195
107.634
107.073
106.513
105.952
105.391
104.831
104.27
103.71
103.149
102.589
102.028
101.468
100.907
100.346
99.7856
99.2247
98.6637
98.1025
97.5411
96.9795
96.4177
95.8555
95.2931
94.7305
94.1677
93.6046
93.0414
92.4782
91.9148
91.3515
90.7883
90.2252
89.6622
89.0995
88.537
87.9747
87.4126
86.8506
86.2888
85.727
85.1651
84.6031
84.0408
83.4783
82.9153
82.3519
81.7881
81.2239
80.6592
80.0941
79.5287
78.9629
78.3968
77.8305
77.2639
76.6971
76.1301
75.5627
74.9951
74.4272
73.8588
73.2901
72.7208
72.151
71.5806
71.0096
70.4379
69.8655
69.2925
68.7188
68.1444
67.5695
66.994
66.418
65.8416
65.2648
64.6876
64.1102
63.5324
62.9544
62.3761
61.7976
61.2187
60.6396
60.0602
59.4804
58.9003
58.3197
57.7386
57.157
56.5748
55.992
55.4085
54.8242
54.2391
53.6531
53.0663
52.4785
51.8898
51.3001
50.7094
50.1177
49.525
48.9312
48.3364
47.7405
47.1436
46.5457
45.9468
45.3469
44.746
44.1442
43.5416
42.9381
42.3339
41.7289
41.1232
40.517
39.9102
39.3028
38.695
38.0867
37.4779
36.8687
36.259
35.6488
35.0381
34.4267
33.8145
33.2017
32.5879
31.9733
31.3577
30.7411
30.1235
29.505
28.8853
28.2648
27.6433
27.0209
26.3978
25.7739
25.1493
24.5242
23.8985
23.2723
22.6457
22.0185
21.3908
20.7626
20.1339
19.5045
18.8744
18.2435
17.6119
16.9795
16.3462
15.7122
15.0773
14.4417
13.8053
13.1684
12.531
11.8931
11.2548
10.6163
9.97751
9.33864
8.69966
8.06063
7.42154
6.7824
6.14319
5.50389
4.86446
4.22487
3.58507
2.94489
2.30313
1.69435
0.955778
0.259025
116.101
122.704
119.247
116.412
115.655
115
114.398
113.812
113.231
112.673
112.123
111.562
111
110.439
109.878
109.317
108.756
108.195
107.634
107.073
106.513
105.952
105.391
104.831
104.27
103.71
103.149
102.589
102.028
101.468
100.907
100.346
99.7856
99.2247
98.6637
98.1025
97.5411
96.9795
96.4177
95.8555
95.2931
94.7305
94.1677
93.6046
93.0414
92.4782
91.9148
91.3515
90.7883
90.2252
89.6622
89.0995
88.537
87.9747
87.4126
86.8506
86.2888
85.727
85.1651
84.6031
84.0408
83.4782
82.9153
82.3519
81.7881
81.2239
80.6592
80.0941
79.5287
78.9629
78.3969
77.8305
77.2639
76.6971
76.1301
75.5627
74.9951
74.4272
73.8588
73.2901
72.7208
72.151
71.5806
71.0096
70.4379
69.8655
69.2925
68.7188
68.1444
67.5695
66.994
66.418
65.8416
65.2648
64.6877
64.1102
63.5324
62.9544
62.3761
61.7976
61.2187
60.6396
60.0602
59.4804
58.9003
58.3197
57.7386
57.157
56.5749
55.992
55.4085
54.8242
54.2391
53.6531
53.0663
52.4785
51.8898
51.3001
50.7094
50.1177
49.525
48.9312
48.3364
47.7405
47.1436
46.5457
45.9468
45.3468
44.746
44.1442
43.5416
42.9381
42.3339
41.7289
41.1233
40.517
39.9102
39.3028
38.695
38.0867
37.4779
36.8687
36.259
35.6488
35.0381
34.4266
33.8145
33.2017
32.5879
31.9733
31.3577
30.7411
30.1236
29.5049
28.8854
28.2648
27.6433
27.0209
26.3978
25.7739
25.1494
24.5242
23.8985
23.2723
22.6457
22.0185
21.3908
20.7626
20.1339
19.5045
18.8744
18.2435
17.6119
16.9795
16.3462
15.7122
15.0773
14.4417
13.8054
13.1684
12.531
11.893
11.2548
10.6162
9.97752
9.33863
8.69966
8.06062
7.42154
6.7824
6.14319
5.50389
4.86446
4.22487
3.58507
2.94489
2.30313
1.69435
0.95578
0.259024
116.703
121.878
118.75
116.447
115.654
114.997
114.401
113.819
113.239
112.677
112.122
111.562
111
110.439
109.878
109.317
108.756
108.195
107.634
107.073
106.513
105.952
105.391
104.831
104.27
103.71
103.149
102.589
102.028
101.468
100.907
100.346
99.7855
99.2247
98.6637
98.1025
97.5411
96.9795
96.4176
95.8555
95.2931
94.7304
94.1676
93.6046
93.0414
92.4781
91.9148
91.3515
90.7882
90.2251
89.6622
89.0995
88.5369
87.9746
87.4125
86.8506
86.2887
85.7269
85.165
84.603
84.0407
83.4781
82.9152
82.3518
81.788
81.2238
80.6591
80.094
79.5286
78.9628
78.3967
77.8304
77.2638
76.697
76.1299
75.5626
74.995
74.427
73.8587
73.2899
72.7207
72.1509
71.5805
71.0094
70.4377
69.8654
69.2923
68.7186
68.1442
67.5693
66.9938
66.4179
65.8414
65.2646
64.6875
64.11
63.5322
62.9542
62.3759
61.7974
61.2186
60.6395
60.06
59.4803
58.9001
58.3195
57.7384
57.1569
56.5747
55.9918
55.4083
54.824
54.2389
53.6529
53.066
52.4783
51.8896
51.2999
50.7092
50.1175
49.5247
48.9309
48.3361
47.7403
47.1433
46.5454
45.9465
45.3466
44.7457
44.144
43.5413
42.9379
42.3336
41.7287
41.123
40.5168
39.91
39.3026
38.6948
38.0865
37.4777
36.8685
36.2588
35.6486
35.0378
34.4264
33.8143
33.2014
32.5877
31.9731
31.3575
30.7409
30.1233
29.5047
28.8851
28.2646
27.6431
27.0207
26.3976
25.7737
25.1492
24.5241
23.8984
23.2722
22.6455
22.0183
21.3907
20.7625
20.1337
19.5043
18.8742
18.2434
17.6118
16.9793
16.3461
15.712
15.0771
14.4415
13.8052
13.1683
12.5308
11.893
11.2547
10.6162
9.97744
9.33858
8.69961
8.06058
7.4215
6.78237
6.14316
5.50386
4.86443
4.22485
3.58506
2.94498
2.30439
1.68186
0.967339
0.279583
117.618
120.956
118.368
116.49
115.668
115.004
114.407
113.824
113.245
112.681
112.122
111.562
111
110.439
109.878
109.317
108.756
108.195
107.634
107.073
106.513
105.952
105.391
104.831
104.27
103.71
103.149
102.589
102.028
101.468
100.907
100.346
99.7855
99.2246
98.6636
98.1024
97.541
96.9794
96.4175
95.8554
95.293
94.7304
94.1675
93.6045
93.0413
92.4781
91.9147
91.3514
90.7882
90.2251
89.6622
89.0994
88.5369
87.9746
87.4125
86.8505
86.2887
85.7269
85.165
84.6029
84.0406
83.478
82.9151
82.3517
81.7879
81.2236
80.659
80.0939
79.5284
78.9627
78.3966
77.8303
77.2637
76.6969
76.1298
75.5625
74.9949
74.4269
73.8586
73.2898
72.7206
72.1507
71.5803
71.0093
70.4376
69.8652
69.2922
68.7184
68.1441
67.5691
66.9937
66.4177
65.8413
65.2645
64.6873
64.1098
63.5321
62.9541
62.3758
61.7972
61.2184
60.6393
60.0599
59.4801
58.8999
58.3193
57.7383
57.1567
56.5745
55.9916
55.4081
54.8238
54.2387
53.6527
53.0659
52.4781
51.8894
51.2996
50.709
50.1172
49.5245
48.9307
48.3359
47.74
47.1431
46.5452
45.9463
45.3464
44.7455
44.1438
43.5412
42.9377
42.3335
41.7285
41.1229
40.5166
39.9098
39.3024
38.6946
38.0863
37.4776
36.8684
36.2587
35.6485
35.0377
34.4263
33.8141
33.2012
32.5875
31.9729
31.3573
30.7407
30.1231
29.5045
28.8849
28.2644
27.6429
27.0206
26.3974
25.7736
25.149
24.5239
23.8982
23.272
22.6454
22.0182
21.3906
20.7624
20.1336
19.5042
18.8741
18.2432
17.6116
16.9792
16.346
15.7119
15.077
14.4414
13.8051
13.1682
12.5307
11.8929
11.2546
10.6161
9.97738
9.33852
8.69957
8.06054
7.42147
6.78234
6.14314
5.50384
4.86441
4.22483
3.58505
2.94501
2.30479
1.67209
0.97224
0.292165
118.552
120.304
118.169
116.531
115.686
115.014
114.412
113.827
113.248
112.682
112.123
111.562
111
110.439
109.878
109.317
108.756
108.195
107.634
107.073
106.513
105.952
105.391
104.831
104.27
103.71
103.149
102.589
102.028
101.468
100.907
100.346
99.7855
99.2246
98.6636
98.1024
97.541
96.9794
96.4175
95.8554
95.293
94.7303
94.1675
93.6045
93.0413
92.478
91.9147
91.3514
90.7882
90.2251
89.6621
89.0994
88.5369
87.9746
87.4124
86.8505
86.2886
85.7268
85.1649
84.6029
84.0406
83.478
82.915
82.3516
81.7878
81.2236
80.6589
80.0938
79.5284
78.9626
78.3965
77.8302
77.2636
76.6968
76.1298
75.5624
74.9948
74.4269
73.8585
73.2897
72.7205
72.1507
71.5802
71.0092
70.4375
69.8651
69.2921
68.7183
68.144
67.569
66.9936
66.4176
65.8412
65.2644
64.6872
64.1097
63.532
62.954
62.3757
61.7971
61.2183
60.6392
60.0598
59.48
58.8998
58.3192
57.7382
57.1566
56.5744
55.9915
55.408
54.8237
54.2385
53.6526
53.0657
52.4779
51.8892
51.2995
50.7088
50.1171
49.5243
48.9306
48.3357
47.7399
47.143
46.5451
45.9461
45.3462
44.7454
44.1436
43.541
42.9376
42.3333
41.7284
41.1227
40.5165
39.9097
39.3023
38.6945
38.0862
37.4775
36.8683
36.2586
35.6483
35.0376
34.4261
33.814
33.2011
32.5874
31.9728
31.3572
30.7406
30.123
29.5044
28.8848
28.2643
27.6428
27.0204
26.3973
25.7735
25.1489
24.5238
23.8981
23.272
22.6453
22.0181
21.3905
20.7623
20.1335
19.5041
18.874
18.2432
17.6115
16.9791
16.3459
15.7118
15.0769
14.4413
13.805
13.1681
12.5307
11.8928
11.2546
10.616
9.97733
9.33848
8.69953
8.06052
7.42144
6.78232
6.14312
5.50382
4.8644
4.22482
3.58503
2.94502
2.30478
1.66653
0.974101
0.298744
119.366
119.913
118.079
116.561
115.701
115.022
114.415
113.828
113.25
112.683
112.123
111.562
111
110.439
109.878
109.317
108.756
108.195
107.634
107.073
106.513
105.952
105.391
104.831
104.27
103.71
103.149
102.589
102.028
101.468
100.907
100.346
99.7854
99.2246
98.6636
98.1024
97.541
96.9793
96.4175
95.8553
95.2929
94.7303
94.1675
93.6044
93.0413
92.478
91.9147
91.3514
90.7882
90.2251
89.6621
89.0994
88.5368
87.9745
87.4124
86.8505
86.2886
85.7268
85.1649
84.6028
84.0405
83.4779
82.915
82.3516
81.7878
81.2235
80.6588
80.0937
79.5283
78.9625
78.3965
77.8302
77.2636
76.6968
76.1297
75.5624
74.9948
74.4268
73.8585
73.2897
72.7204
72.1506
71.5802
71.0091
70.4374
69.8651
69.292
68.7183
68.1439
67.569
66.9935
66.4175
65.8411
65.2643
64.6871
64.1097
63.5319
62.9539
62.3756
61.797
61.2182
60.6391
60.0597
59.4799
58.8998
58.3192
57.7381
57.1565
56.5743
55.9914
55.4079
54.8236
54.2385
53.6525
53.0656
52.4779
51.8891
51.2994
50.7087
50.117
49.5243
48.9305
48.3356
47.7398
47.1429
46.545
45.946
45.3461
44.7453
44.1435
43.5409
42.9375
42.3332
41.7283
41.1227
40.5164
39.9096
39.3022
38.6944
38.0861
37.4774
36.8682
36.2585
35.6483
35.0375
34.4261
33.814
33.201
32.5873
31.9727
31.3571
30.7405
30.1229
29.5043
28.8847
28.2642
27.6427
27.0204
26.3972
25.7734
25.1489
24.5237
23.8981
23.2719
22.6452
22.0181
21.3904
20.7622
20.1334
19.504
18.8739
18.2431
17.6115
16.9791
16.3458
15.7117
15.0769
14.4413
13.805
13.1681
12.5306
11.8927
11.2545
10.616
9.97731
9.33845
8.69951
8.0605
7.42143
6.7823
6.14311
5.50381
4.86439
4.22481
3.58503
2.94501
2.30469
1.66363
0.97488
0.30209
120.031
119.695
118.04
116.582
115.711
115.027
114.417
113.829
113.25
112.683
112.123
111.562
111
110.439
109.878
109.317
108.756
108.195
107.634
107.073
106.513
105.952
105.391
104.831
104.27
103.71
103.149
102.589
102.028
101.468
100.907
100.346
99.7854
99.2246
98.6635
98.1023
97.5409
96.9793
96.4174
95.8553
95.2929
94.7303
94.1675
93.6044
93.0412
92.478
91.9147
91.3514
90.7881
90.225
89.6621
89.0993
88.5368
87.9745
87.4124
86.8504
86.2886
85.7268
85.1649
84.6028
84.0405
83.4779
82.9149
82.3516
81.7877
81.2235
80.6588
80.0937
79.5283
78.9625
78.3964
77.8301
77.2636
76.6967
76.1297
75.5624
74.9947
74.4268
73.8584
73.2897
72.7204
72.1506
71.5802
71.0091
70.4374
69.865
69.292
68.7182
68.1439
67.5689
66.9934
66.4175
65.841
65.2642
64.6871
64.1096
63.5318
62.9538
62.3755
61.797
61.2182
60.6391
60.0596
59.4799
58.8997
58.3191
57.738
57.1564
56.5742
55.9914
55.4078
54.8235
54.2384
53.6524
53.0656
52.4778
51.8891
51.2994
50.7086
50.1169
49.5242
48.9304
48.3356
47.7397
47.1428
46.5449
45.946
45.3461
44.7452
44.1435
43.5408
42.9374
42.3332
41.7282
41.1226
40.5164
39.9095
39.3022
38.6944
38.0861
37.4773
36.8681
36.2584
35.6482
35.0374
34.426
33.8139
33.201
32.5873
31.9726
31.357
30.7404
30.1229
29.5043
28.8847
28.2641
27.6426
27.0203
26.3972
25.7733
25.1488
24.5237
23.898
23.2719
22.6452
22.018
21.3904
20.7622
20.1334
19.504
18.8739
18.2431
17.6115
16.979
16.3458
15.7117
15.0768
14.4412
13.8049
13.168
12.5306
11.8927
11.2545
10.616
9.97728
9.33844
8.69949
8.06048
7.42142
6.78229
6.1431
5.50381
4.86439
4.22481
3.58503
2.94501
2.30461
1.6621
0.975235
0.303839
120.563
119.577
118.025
116.597
115.718
115.03
114.418
113.83
113.251
112.684
112.123
111.562
111
110.439
109.878
109.317
108.756
108.195
107.634
107.073
106.513
105.952
105.391
104.831
104.27
103.71
103.149
102.589
102.028
101.467
100.907
100.346
99.7854
99.2245
98.6635
98.1023
97.5409
96.9793
96.4174
95.8553
95.2929
94.7303
94.1674
93.6044
93.0412
92.478
91.9146
91.3513
90.7881
90.225
89.6621
89.0993
88.5368
87.9745
87.4124
86.8504
86.2886
85.7267
85.1648
84.6028
84.0405
83.4779
82.9149
82.3515
81.7877
81.2234
80.6588
80.0937
79.5282
78.9625
78.3964
77.8301
77.2635
76.6967
76.1297
75.5623
74.9947
74.4268
73.8584
73.2896
72.7204
72.1505
71.5801
71.0091
70.4374
69.865
69.2919
68.7182
68.1438
67.5689
66.9934
66.4174
65.841
65.2642
64.687
64.1096
63.5318
62.9538
62.3755
61.7969
61.2181
60.639
60.0596
59.4798
58.8997
58.3191
57.738
57.1564
56.5742
55.9914
55.4078
54.8235
54.2384
53.6524
53.0655
52.4778
51.889
51.2993
50.7086
50.1169
49.5241
48.9304
48.3355
47.7397
47.1428
46.5448
45.9459
45.346
44.7452
44.1434
43.5408
42.9373
42.3331
41.7282
41.1226
40.5163
39.9095
39.3021
38.6943
38.086
37.4773
36.8681
36.2584
35.6482
35.0374
34.426
33.8139
33.201
32.5872
31.9726
31.357
30.7404
30.1228
29.5042
28.8846
28.2641
27.6426
27.0203
26.3972
25.7733
25.1488
24.5237
23.898
23.2718
22.6452
22.018
21.3904
20.7622
20.1334
19.504
18.8739
18.243
17.6114
16.979
16.3457
15.7117
15.0768
14.4412
13.8049
13.168
12.5306
11.8927
11.2545
10.616
9.97727
9.33842
8.69948
8.06047
7.42141
6.78229
6.1431
5.50381
4.86439
4.22481
3.58503
2.945
2.30456
1.66125
0.975397
0.304803
120.991
119.513
118.021
116.606
115.722
115.032
114.419
113.83
113.251
112.684
112.123
111.562
111
110.439
109.878
109.317
108.756
108.195
107.634
107.073
106.513
105.952
105.391
104.831
104.27
103.71
103.149
102.589
102.028
101.467
100.907
100.346
99.7854
99.2245
98.6635
98.1023
97.5409
96.9793
96.4174
95.8553
95.2929
94.7303
94.1674
93.6044
93.0412
92.4779
91.9146
91.3513
90.7881
90.225
89.6621
89.0993
88.5368
87.9745
87.4124
86.8504
86.2886
85.7267
85.1648
84.6028
84.0405
83.4779
82.9149
82.3515
81.7877
81.2234
80.6587
80.0936
79.5282
78.9624
78.3964
77.8301
77.2635
76.6967
76.1296
75.5623
74.9947
74.4267
73.8584
73.2896
72.7203
72.1505
71.5801
71.0091
70.4373
69.865
69.2919
68.7182
68.1438
67.5689
66.9934
66.4174
65.8409
65.2641
64.687
64.1095
63.5318
62.9537
62.3755
61.7969
61.2181
60.639
60.0595
59.4798
58.8996
58.319
57.738
57.1564
56.5742
55.9913
55.4078
54.8235
54.2383
53.6524
53.0655
52.4777
51.889
51.2993
50.7086
50.1169
49.5241
48.9303
48.3355
47.7396
47.1427
46.5448
45.9459
45.346
44.7451
44.1434
43.5408
42.9373
42.3331
41.7281
41.1225
40.5163
39.9094
39.3021
38.6943
38.086
37.4772
36.868
36.2583
35.6481
35.0374
34.4259
33.8138
33.2009
32.5872
31.9726
31.3569
30.7404
30.1228
29.5042
28.8846
28.264
27.6426
27.0202
26.3971
25.7733
25.1487
24.5236
23.898
23.2718
22.6451
22.018
21.3903
20.7621
20.1334
19.504
18.8739
18.243
17.6114
16.979
16.3457
15.7117
15.0768
14.4412
13.8049
13.168
12.5305
11.8927
11.2544
10.616
9.97725
9.33841
8.69947
8.06046
7.4214
6.78228
6.14309
5.5038
4.86439
4.22481
3.58503
2.945
2.30452
1.66074
0.975465
0.305366
121.34
119.479
118.021
116.612
115.725
115.033
114.419
113.83
113.251
112.684
112.123
111.562
111
110.439
109.878
109.317
108.756
108.195
107.634
107.073
106.513
105.952
105.391
104.831
104.27
103.71
103.149
102.589
102.028
101.467
100.907
100.346
99.7854
99.2245
98.6635
98.1023
97.5409
96.9793
96.4174
95.8553
95.2929
94.7303
94.1674
93.6044
93.0412
92.4779
91.9146
91.3513
90.7881
90.225
89.662
89.0993
88.5368
87.9745
87.4124
86.8504
86.2885
85.7267
85.1648
84.6028
84.0405
83.4779
82.9149
82.3515
81.7877
81.2234
80.6587
80.0936
79.5282
78.9624
78.3964
77.83
77.2635
76.6967
76.1296
75.5623
74.9947
74.4267
73.8584
73.2896
72.7203
72.1505
71.5801
71.009
70.4373
69.8649
69.2919
68.7181
68.1438
67.5688
66.9933
66.4173
65.8409
65.2641
64.6869
64.1095
63.5317
62.9537
62.3754
61.7969
61.2181
60.6389
60.0595
59.4797
58.8996
58.319
57.7379
57.1563
56.5742
55.9913
55.4078
54.8234
54.2383
53.6523
53.0655
52.4777
51.889
51.2992
50.7085
50.1168
49.5241
48.9303
48.3355
47.7396
47.1427
46.5448
45.9459
45.346
44.7451
44.1433
43.5407
42.9373
42.3331
41.7281
41.1225
40.5162
39.9094
39.3021
38.6943
38.086
37.4772
36.868
36.2583
35.6481
35.0373
34.4259
33.8138
33.2009
32.5872
31.9725
31.3569
30.7403
30.1228
29.5042
28.8846
28.264
27.6425
27.0202
26.3971
25.7732
25.1487
24.5236
23.898
23.2718
22.6451
22.018
21.3903
20.7621
20.1334
19.5039
18.8739
18.243
17.6114
16.979
16.3457
15.7116
15.0768
14.4412
13.8049
13.168
12.5305
11.8927
11.2544
10.6159
9.97724
9.33839
8.69946
8.06045
7.42139
6.78228
6.14309
5.5038
4.86439
4.22481
3.58503
2.945
2.3045
1.66043
0.975488
0.30571
121.632
119.46
118.022
116.616
115.726
115.033
114.419
113.83
113.251
112.684
112.123
111.562
111
110.439
109.878
109.317
108.756
108.195
107.634
107.073
106.513
105.952
105.391
104.831
104.27
103.71
103.149
102.589
102.028
101.467
100.907
100.346
99.7854
99.2245
98.6635
98.1023
97.5409
96.9793
96.4174
95.8553
95.2929
94.7302
94.1674
93.6044
93.0412
92.4779
91.9146
91.3513
90.7881
90.225
89.662
89.0993
88.5368
87.9744
87.4123
86.8504
86.2885
85.7267
85.1648
84.6027
84.0404
83.4778
82.9149
82.3515
81.7876
81.2234
80.6587
80.0936
79.5282
78.9624
78.3963
77.83
77.2635
76.6966
76.1296
75.5623
74.9947
74.4267
73.8584
73.2896
72.7203
72.1505
71.5801
71.009
70.4373
69.8649
69.2918
68.7181
68.1437
67.5688
66.9933
66.4173
65.8409
65.2641
64.6869
64.1094
63.5317
62.9537
62.3754
61.7968
61.218
60.6389
60.0595
59.4797
58.8996
58.319
57.7379
57.1563
56.5741
55.9913
55.4077
54.8234
54.2383
53.6523
53.0655
52.4777
51.8889
51.2992
50.7085
50.1168
49.524
48.9303
48.3354
47.7396
47.1427
46.5448
45.9458
45.3459
44.7451
44.1433
43.5407
42.9373
42.333
41.7281
41.1224
40.5162
39.9094
39.302
38.6942
38.0859
37.4772
36.868
36.2583
35.6481
35.0373
34.4259
33.8138
33.2009
32.5871
31.9725
31.3569
30.7403
30.1227
29.5041
28.8845
28.264
27.6425
27.0202
26.3971
25.7732
25.1487
24.5236
23.8979
23.2718
22.6451
22.018
21.3903
20.7621
20.1333
19.5039
18.8738
18.243
17.6114
16.979
16.3457
15.7116
15.0768
14.4411
13.8048
13.1679
12.5305
11.8926
11.2544
10.6159
9.97722
9.33838
8.69945
8.06044
7.42139
6.78227
6.14308
5.5038
4.86439
4.22481
3.58503
2.945
2.30448
1.66023
0.975494
0.305925
121.88
119.451
118.023
116.619
115.727
115.034
114.42
113.83
113.251
112.684
112.123
111.562
111
110.439
109.878
109.317
108.756
108.195
107.634
107.073
106.513
105.952
105.391
104.831
104.27
103.71
103.149
102.589
102.028
101.467
100.907
100.346
99.7854
99.2245
98.6635
98.1023
97.5409
96.9793
96.4174
95.8553
95.2929
94.7302
94.1674
93.6043
93.0412
92.4779
91.9146
91.3513
90.7881
90.225
89.662
89.0993
88.5367
87.9744
87.4123
86.8504
86.2885
85.7267
85.1648
84.6027
84.0404
83.4778
82.9149
82.3515
81.7876
81.2234
80.6587
80.0936
79.5281
78.9624
78.3963
77.83
77.2634
76.6966
76.1296
75.5623
74.9946
74.4267
73.8583
73.2896
72.7203
72.1505
71.5801
71.009
70.4373
69.8649
69.2918
68.7181
68.1437
67.5688
66.9933
66.4173
65.8409
65.264
64.6869
64.1094
63.5317
62.9536
62.3754
61.7968
61.218
60.6389
60.0595
59.4797
58.8995
58.3189
57.7379
57.1563
56.5741
55.9912
55.4077
54.8234
54.2383
53.6523
53.0654
52.4776
51.8889
51.2992
50.7085
50.1168
49.524
48.9302
48.3354
47.7395
47.1426
46.5447
45.9458
45.3459
44.7451
44.1433
43.5407
42.9372
42.333
41.728
41.1224
40.5162
39.9094
39.302
38.6942
38.0859
37.4772
36.8679
36.2583
35.6481
35.0373
34.4259
33.8138
33.2008
32.5871
31.9725
31.3569
30.7403
30.1227
29.5041
28.8845
28.264
27.6425
27.0202
26.3971
25.7732
25.1487
24.5236
23.8979
23.2717
22.6451
22.0179
21.3903
20.7621
20.1333
19.5039
18.8738
18.243
17.6114
16.9789
16.3457
15.7116
15.0767
14.4411
13.8048
13.1679
12.5305
11.8926
11.2544
10.6159
9.97721
9.33837
8.69944
8.06044
7.42138
6.78227
6.14308
5.5038
4.86439
4.22481
3.58503
2.945
2.30447
1.66011
0.975494
0.306063
122.096
119.447
118.025
116.621
115.728
115.034
114.42
113.83
113.251
112.684
112.123
111.562
111
110.439
109.878
109.317
108.756
108.195
107.634
107.073
106.513
105.952
105.391
104.831
104.27
103.71
103.149
102.589
102.028
101.467
100.907
100.346
99.7854
99.2245
98.6635
98.1023
97.5409
96.9793
96.4174
95.8552
95.2929
94.7302
94.1674
93.6043
93.0412
92.4779
91.9146
91.3513
90.788
90.2249
89.662
89.0993
88.5367
87.9744
87.4123
86.8504
86.2885
85.7267
85.1648
84.6027
84.0404
83.4778
82.9148
82.3514
81.7876
81.2233
80.6586
80.0936
79.5281
78.9623
78.3963
77.83
77.2634
76.6966
76.1296
75.5622
74.9946
74.4267
73.8583
73.2895
72.7203
72.1505
71.58
71.009
70.4373
69.8649
69.2918
68.7181
68.1437
67.5687
66.9932
66.4173
65.8408
65.264
64.6868
64.1094
63.5316
62.9536
62.3753
61.7968
61.218
60.6389
60.0594
59.4797
58.8995
58.3189
57.7379
57.1563
56.5741
55.9912
55.4077
54.8234
54.2383
53.6523
53.0654
52.4776
51.8889
51.2992
50.7085
50.1168
49.524
48.9302
48.3354
47.7395
47.1426
46.5447
45.9458
45.3459
44.745
44.1433
43.5406
42.9372
42.333
41.728
41.1224
40.5161
39.9093
39.302
38.6942
38.0859
37.4771
36.8679
36.2582
35.648
35.0373
34.4258
33.8137
33.2008
32.5871
31.9725
31.3569
30.7403
30.1227
29.5041
28.8845
28.264
27.6425
27.0202
26.397
25.7732
25.1487
24.5236
23.8979
23.2717
22.6451
22.0179
21.3903
20.7621
20.1333
19.5039
18.8738
18.243
17.6114
16.9789
16.3457
15.7116
15.0767
14.4411
13.8048
13.1679
12.5305
11.8926
11.2544
10.6159
9.9772
9.33836
8.69943
8.06043
7.42137
6.78226
6.14308
5.5038
4.86439
4.22481
3.58503
2.94501
2.30447
1.66002
0.975492
0.306151
122.288
119.446
118.026
116.622
115.728
115.034
114.42
113.83
113.251
112.684
112.123
111.562
111
110.439
109.878
109.317
108.756
108.195
107.634
107.073
106.513
105.952
105.391
104.831
104.27
103.71
103.149
102.589
102.028
101.467
100.907
100.346
99.7854
99.2245
98.6635
98.1023
97.5409
96.9793
96.4174
95.8552
95.2929
94.7302
94.1674
93.6043
93.0412
92.4779
91.9146
91.3513
90.788
90.2249
89.662
89.0992
88.5367
87.9744
87.4123
86.8503
86.2885
85.7266
85.1648
84.6027
84.0404
83.4778
82.9148
82.3514
81.7876
81.2233
80.6586
80.0935
79.5281
78.9623
78.3963
77.83
77.2634
76.6966
76.1295
75.5622
74.9946
74.4266
73.8583
73.2895
72.7203
72.1504
71.58
71.009
70.4373
69.8649
69.2918
68.7181
68.1437
67.5687
66.9932
66.4172
65.8408
65.264
64.6868
64.1093
63.5316
62.9536
62.3753
61.7967
61.2179
60.6388
60.0594
59.4796
58.8995
58.3189
57.7378
57.1562
56.5741
55.9912
55.4077
54.8233
54.2382
53.6523
53.0654
52.4776
51.8889
51.2992
50.7085
50.1167
49.524
48.9302
48.3354
47.7395
47.1426
46.5447
45.9458
45.3458
44.745
44.1432
43.5406
42.9372
42.3329
41.728
41.1224
40.5161
39.9093
39.302
38.6941
38.0858
37.4771
36.8679
36.2582
35.648
35.0372
34.4258
33.8137
33.2008
32.5871
31.9724
31.3569
30.7403
30.1227
29.5041
28.8845
28.2639
27.6425
27.0201
26.397
25.7732
25.1486
24.5235
23.8979
23.2717
22.6451
22.0179
21.3903
20.7621
20.1333
19.5039
18.8738
18.243
17.6114
16.9789
16.3457
15.7116
15.0767
14.4411
13.8048
13.1679
12.5305
11.8926
11.2544
10.6159
9.97719
9.33835
8.69942
8.06042
7.42137
6.78226
6.14308
5.5038
4.86439
4.22481
3.58503
2.94501
2.30446
1.65997
0.975491
0.306207
122.461
119.445
118.026
116.622
115.729
115.034
114.42
113.83
113.251
112.684
112.123
111.562
111
110.439
109.878
109.317
108.756
108.195
107.634
107.073
106.513
105.952
105.391
104.831
104.27
103.71
103.149
102.589
102.028
101.467
100.907
100.346
99.7854
99.2245
98.6635
98.1023
97.5409
96.9792
96.4174
95.8552
95.2928
94.7302
94.1674
93.6043
93.0411
92.4779
91.9145
91.3512
90.788
90.2249
89.662
89.0992
88.5367
87.9744
87.4123
86.8503
86.2885
85.7266
85.1647
84.6027
84.0404
83.4778
82.9148
82.3514
81.7876
81.2233
80.6586
80.0935
79.5281
78.9623
78.3963
77.8299
77.2634
76.6966
76.1295
75.5622
74.9946
74.4266
73.8583
73.2895
72.7202
72.1504
71.58
71.009
70.4373
69.8649
69.2918
68.718
68.1437
67.5687
66.9932
66.4172
65.8408
65.2639
64.6868
64.1093
63.5316
62.9535
62.3753
61.7967
61.2179
60.6388
60.0594
59.4796
58.8995
58.3189
57.7378
57.1562
56.574
55.9912
55.4076
54.8233
54.2382
53.6522
53.0654
52.4776
51.8888
51.2991
50.7084
50.1167
49.524
48.9302
48.3353
47.7395
47.1426
46.5446
45.9457
45.3458
44.745
44.1432
43.5406
42.9371
42.3329
41.728
41.1223
40.5161
39.9093
39.3019
38.6941
38.0858
37.4771
36.8679
36.2582
35.648
35.0372
34.4258
33.8137
33.2008
32.5871
31.9724
31.3568
30.7402
30.1227
29.5041
28.8845
28.2639
27.6424
27.0201
26.397
25.7731
25.1486
24.5235
23.8979
23.2717
22.645
22.0179
21.3902
20.7621
20.1333
19.5039
18.8738
18.243
17.6114
16.9789
16.3457
15.7116
15.0767
14.4411
13.8048
13.1679
12.5305
11.8926
11.2544
10.6159
9.97717
9.33834
8.69941
8.06041
7.42136
6.78225
6.14307
5.5038
4.86439
4.22481
3.58504
2.94501
2.30446
1.65994
0.975491
0.306244
122.62
119.445
118.027
116.623
115.729
115.034
114.42
113.83
113.251
112.684
112.123
111.562
111
110.439
109.878
109.317
108.756
108.195
107.634
107.073
106.513
105.952
105.391
104.831
104.27
103.71
103.149
102.589
102.028
101.467
100.907
100.346
99.7853
99.2245
98.6635
98.1023
97.5409
96.9792
96.4174
95.8552
95.2928
94.7302
94.1673
93.6043
93.0411
92.4778
91.9145
91.3512
90.788
90.2249
89.662
89.0992
88.5367
87.9744
87.4123
86.8503
86.2885
85.7266
85.1647
84.6027
84.0404
83.4778
82.9148
82.3514
81.7876
81.2233
80.6586
80.0935
79.5281
78.9623
78.3962
77.8299
77.2634
76.6966
76.1295
75.5622
74.9946
74.4266
73.8583
73.2895
72.7202
72.1504
71.58
71.009
70.4372
69.8648
69.2918
68.718
68.1437
67.5687
66.9932
66.4172
65.8407
65.2639
64.6868
64.1093
63.5315
62.9535
62.3752
61.7967
61.2179
60.6388
60.0593
59.4796
58.8994
58.3188
57.7378
57.1562
56.574
55.9912
55.4076
54.8233
54.2382
53.6522
53.0654
52.4776
51.8888
51.2991
50.7084
50.1167
49.5239
48.9301
48.3353
47.7394
47.1426
46.5446
45.9457
45.3458
44.745
44.1432
43.5406
42.9371
42.3329
41.7279
41.1223
40.516
39.9093
39.3019
38.6941
38.0858
37.4771
36.8678
36.2582
35.648
35.0372
34.4258
33.8137
33.2008
32.5871
31.9724
31.3568
30.7402
30.1226
29.504
28.8845
28.2639
27.6424
27.0201
26.397
25.7731
25.1486
24.5235
23.8978
23.2717
22.645
22.0179
21.3902
20.762
20.1333
19.5039
18.8738
18.243
17.6114
16.9789
16.3457
15.7116
15.0767
14.4411
13.8048
13.1679
12.5304
11.8926
11.2544
10.6159
9.97717
9.33833
8.6994
8.0604
7.42136
6.78225
6.14307
5.50379
4.86439
4.22481
3.58504
2.94501
2.30446
1.65992
0.975491
0.306268
122.766
119.445
118.027
116.623
115.729
115.035
114.42
113.83
113.251
112.684
112.123
111.562
111
110.439
109.878
109.317
108.756
108.195
107.634
107.073
106.513
105.952
105.391
104.831
104.27
103.71
103.149
102.589
102.028
101.467
100.907
100.346
99.7853
99.2245
98.6635
98.1023
97.5409
96.9792
96.4174
95.8552
95.2928
94.7302
94.1673
93.6043
93.0411
92.4778
91.9145
91.3512
90.788
90.2249
89.6619
89.0992
88.5367
87.9744
87.4122
86.8503
86.2884
85.7266
85.1647
84.6027
84.0404
83.4778
82.9148
82.3514
81.7875
81.2233
80.6586
80.0935
79.528
78.9623
78.3962
77.8299
77.2633
76.6965
76.1295
75.5622
74.9946
74.4266
73.8583
73.2895
72.7202
72.1504
71.58
71.0089
70.4372
69.8648
69.2918
68.718
68.1436
67.5687
66.9931
66.4171
65.8407
65.2639
64.6867
64.1093
63.5315
62.9535
62.3752
61.7967
61.2178
60.6387
60.0593
59.4796
58.8994
58.3188
57.7378
57.1562
56.574
55.9912
55.4076
54.8233
54.2382
53.6522
53.0653
52.4776
51.8888
51.2991
50.7084
50.1167
49.5239
48.9301
48.3353
47.7394
47.1425
46.5446
45.9457
45.3458
44.7449
44.1432
43.5405
42.9371
42.3329
41.7279
41.1223
40.516
39.9092
39.3019
38.6941
38.0858
37.477
36.8678
36.2581
35.6479
35.0372
34.4258
33.8136
33.2008
32.587
31.9724
31.3568
30.7402
30.1226
29.504
28.8844
28.2639
27.6424
27.0201
26.397
25.7731
25.1486
24.5235
23.8978
23.2717
22.645
22.0179
21.3902
20.762
20.1333
19.5039
18.8738
18.243
17.6113
16.9789
16.3456
15.7116
15.0767
14.4411
13.8048
13.1679
12.5304
11.8926
11.2543
10.6158
9.97715
9.33832
8.69939
8.0604
7.42135
6.78225
6.14307
5.50379
4.86439
4.22481
3.58504
2.94501
2.30446
1.6599
0.975491
0.306283
122.902
119.446
118.028
116.624
115.729
115.035
114.42
113.83
113.251
112.684
112.123
111.562
111
110.439
109.878
109.317
108.756
108.195
107.634
107.073
106.513
105.952
105.391
104.831
104.27
103.71
103.149
102.589
102.028
101.467
100.907
100.346
99.7853
99.2245
98.6634
98.1023
97.5409
96.9792
96.4174
95.8552
95.2928
94.7302
94.1673
93.6043
93.0411
92.4778
91.9145
91.3512
90.788
90.2249
89.6619
89.0992
88.5367
87.9743
87.4122
86.8503
86.2884
85.7266
85.1647
84.6027
84.0404
83.4778
82.9148
82.3514
81.7875
81.2233
80.6586
80.0935
79.528
78.9622
78.3962
77.8299
77.2633
76.6965
76.1295
75.5622
74.9946
74.4266
73.8583
73.2895
72.7202
72.1504
71.58
71.0089
70.4372
69.8648
69.2917
68.718
68.1436
67.5686
66.9931
66.4171
65.8407
65.2638
64.6867
64.1092
63.5315
62.9534
62.3752
61.7966
61.2178
60.6387
60.0593
59.4795
58.8994
58.3188
57.7378
57.1561
56.574
55.9911
55.4076
54.8233
54.2382
53.6522
53.0653
52.4775
51.8888
51.2991
50.7084
50.1166
49.5239
48.9301
48.3353
47.7394
47.1425
46.5446
45.9457
45.3457
44.7449
44.1431
43.5405
42.9371
42.3328
41.7279
41.1223
40.516
39.9092
39.3018
38.694
38.0857
37.477
36.8678
36.2581
35.6479
35.0372
34.4257
33.8136
33.2007
32.587
31.9724
31.3568
30.7402
30.1226
29.504
28.8844
28.2639
27.6424
27.0201
26.3969
25.7731
25.1486
24.5235
23.8978
23.2716
22.645
22.0178
21.3902
20.762
20.1333
19.5039
18.8738
18.243
17.6113
16.9789
16.3456
15.7116
15.0767
14.4411
13.8048
13.1679
12.5304
11.8925
11.2543
10.6158
9.97715
9.33831
8.69939
8.06039
7.42135
6.78224
6.14307
5.50379
4.86439
4.22482
3.58504
2.94502
2.30447
1.6599
0.975491
0.306293
123.03
119.446
118.028
116.624
115.729
115.035
114.42
113.83
113.251
112.684
112.123
111.562
111
110.439
109.878
109.317
108.756
108.195
107.634
107.073
106.513
105.952
105.391
104.831
104.27
103.71
103.149
102.589
102.028
101.467
100.907
100.346
99.7853
99.2245
98.6634
98.1022
97.5409
96.9792
96.4173
95.8552
95.2928
94.7302
94.1673
93.6043
93.0411
92.4778
91.9145
91.3512
90.788
90.2248
89.6619
89.0992
88.5366
87.9743
87.4122
86.8503
86.2884
85.7266
85.1647
84.6026
84.0404
83.4777
82.9148
82.3514
81.7875
81.2232
80.6585
80.0934
79.528
78.9622
78.3962
77.8299
77.2633
76.6965
76.1295
75.5621
74.9945
74.4266
73.8583
73.2895
72.7202
72.1504
71.58
71.0089
70.4372
69.8648
69.2917
68.718
68.1436
67.5686
66.9931
66.4171
65.8407
65.2638
64.6867
64.1092
63.5314
62.9534
62.3751
61.7966
61.2178
60.6387
60.0593
59.4795
58.8994
58.3188
57.7377
57.1561
56.574
55.9911
55.4076
54.8233
54.2381
53.6522
53.0653
52.4775
51.8888
51.2991
50.7084
50.1166
49.5239
48.9301
48.3353
47.7394
47.1425
46.5446
45.9456
45.3457
44.7449
44.1431
43.5405
42.937
42.3328
41.7279
41.1222
40.516
39.9092
39.3018
38.694
38.0857
37.477
36.8678
36.2581
35.6479
35.0371
34.4257
33.8136
33.2007
32.587
31.9724
31.3568
30.7402
30.1226
29.504
28.8844
28.2638
27.6424
27.02
26.3969
25.7731
25.1486
24.5234
23.8978
23.2716
22.645
22.0178
21.3902
20.762
20.1333
19.5039
18.8738
18.243
17.6113
16.9789
16.3456
15.7116
15.0767
14.4411
13.8048
13.1678
12.5304
11.8925
11.2543
10.6158
9.97713
9.3383
8.69938
8.06038
7.42134
6.78224
6.14307
5.50379
4.86439
4.22482
3.58504
2.94502
2.30447
1.65989
0.975491
0.3063
123.149
119.446
118.028
116.624
115.729
115.035
114.42
113.83
113.251
112.684
112.123
111.562
111
110.439
109.878
109.317
108.756
108.195
107.634
107.073
106.513
105.952
105.391
104.831
104.27
103.71
103.149
102.589
102.028
101.467
100.907
100.346
99.7853
99.2244
98.6634
98.1022
97.5408
96.9792
96.4173
95.8552
95.2928
94.7302
94.1673
93.6043
93.0411
92.4778
91.9145
91.3512
90.788
90.2248
89.6619
89.0991
88.5366
87.9743
87.4122
86.8502
86.2884
85.7266
85.1647
84.6026
84.0404
83.4777
82.9148
82.3513
81.7875
81.2232
80.6585
80.0934
79.528
78.9622
78.3962
77.8298
77.2633
76.6965
76.1295
75.5621
74.9945
74.4266
73.8582
73.2895
72.7202
72.1504
71.58
71.0089
70.4372
69.8648
69.2917
68.7179
68.1436
67.5686
66.9931
66.4171
65.8406
65.2638
64.6867
64.1092
63.5314
62.9534
62.3751
61.7966
61.2178
60.6386
60.0593
59.4795
58.8993
58.3188
57.7377
57.1561
56.5739
55.9911
55.4076
54.8232
54.2381
53.6521
53.0653
52.4775
51.8888
51.299
50.7083
50.1166
49.5239
48.9301
48.3353
47.7394
47.1425
46.5445
45.9456
45.3457
44.7449
44.1431
43.5405
42.937
42.3328
41.7278
41.1222
40.5159
39.9092
39.3018
38.694
38.0857
37.477
36.8677
36.2581
35.6479
35.0371
34.4257
33.8136
33.2007
32.587
31.9723
31.3568
30.7402
30.1226
29.504
28.8844
28.2638
27.6424
27.02
26.3969
25.773
25.1486
24.5234
23.8978
23.2716
22.645
22.0178
21.3902
20.762
20.1333
19.5039
18.8738
18.2429
17.6113
16.9789
16.3456
15.7115
15.0767
14.441
13.8048
13.1678
12.5304
11.8925
11.2543
10.6158
9.97713
9.33829
8.69937
8.06038
7.42134
6.78223
6.14306
5.50379
4.86439
4.22482
3.58505
2.94502
2.30447
1.65989
0.975491
0.306305
123.259
119.446
118.028
116.624
115.729
115.035
114.42
113.83
113.251
112.684
112.123
111.562
111
110.439
109.878
109.317
108.756
108.195
107.634
107.073
106.513
105.952
105.391
104.831
104.27
103.71
103.149
102.589
102.028
101.467
100.907
100.346
99.7853
99.2244
98.6634
98.1022
97.5408
96.9792
96.4173
95.8552
95.2928
94.7302
94.1673
93.6043
93.0411
92.4778
91.9145
91.3512
90.7879
90.2248
89.6619
89.0991
88.5366
87.9743
87.4122
86.8502
86.2884
85.7266
85.1647
84.6026
84.0403
83.4777
82.9147
82.3513
81.7875
81.2232
80.6585
80.0934
79.528
78.9622
78.3961
77.8298
77.2633
76.6965
76.1294
75.5621
74.9945
74.4266
73.8582
73.2895
72.7202
72.1504
71.58
71.0089
70.4372
69.8648
69.2917
68.7179
68.1436
67.5686
66.9931
66.417
65.8406
65.2638
64.6866
64.1091
63.5314
62.9534
62.3751
61.7965
61.2177
60.6386
60.0592
59.4794
58.8993
58.3187
57.7377
57.1561
56.5739
55.9911
55.4075
54.8232
54.2381
53.6521
53.0653
52.4775
51.8888
51.299
50.7083
50.1166
49.5238
48.93
48.3352
47.7393
47.1425
46.5445
45.9456
45.3457
44.7448
44.1431
43.5405
42.937
42.3328
41.7278
41.1222
40.5159
39.9091
39.3018
38.694
38.0857
37.4769
36.8677
36.2581
35.6479
35.0371
34.4257
33.8136
33.2007
32.587
31.9723
31.3567
30.7401
30.1226
29.504
28.8844
28.2638
27.6423
27.02
26.3969
25.773
25.1485
24.5234
23.8978
23.2716
22.645
22.0178
21.3902
20.762
20.1332
19.5039
18.8738
18.2429
17.6113
16.9789
16.3456
15.7115
15.0767
14.441
13.8047
13.1678
12.5304
11.8925
11.2543
10.6158
9.97712
9.33828
8.69936
8.06037
7.42133
6.78223
6.14306
5.50379
4.86439
4.22482
3.58505
2.94502
2.30447
1.65989
0.975491
0.306309
123.359
119.446
118.028
116.624
115.729
115.035
114.42
113.83
113.251
112.684
112.123
111.562
111
110.439
109.878
109.317
108.756
108.195
107.634
107.073
106.513
105.952
105.391
104.831
104.27
103.71
103.149
102.589
102.028
101.467
100.907
100.346
99.7853
99.2244
98.6634
98.1022
97.5408
96.9792
96.4173
95.8552
95.2928
94.7301
94.1673
93.6042
93.0411
92.4778
91.9145
91.3512
90.7879
90.2248
89.6619
89.0991
88.5366
87.9743
87.4122
86.8502
86.2884
85.7265
85.1647
84.6026
84.0403
83.4777
82.9147
82.3513
81.7875
81.2232
80.6585
80.0934
79.528
78.9622
78.3961
77.8298
77.2633
76.6965
76.1294
75.5621
74.9945
74.4265
73.8582
73.2894
72.7202
72.1503
71.58
71.0089
70.4372
69.8648
69.2917
68.7179
68.1436
67.5685
66.9931
66.417
65.8406
65.2637
64.6866
64.1091
63.5314
62.9533
62.3751
61.7965
61.2177
60.6386
60.0592
59.4794
58.8993
58.3187
57.7377
57.1561
56.5739
55.9911
55.4075
54.8232
54.2381
53.6521
53.0653
52.4775
51.8887
51.299
50.7083
50.1166
49.5238
48.93
48.3352
47.7393
47.1424
46.5445
45.9456
45.3457
44.7448
44.143
43.5404
42.937
42.3328
41.7278
41.1222
40.5159
39.9091
39.3017
38.694
38.0856
37.4769
36.8677
36.2581
35.6478
35.0371
34.4257
33.8136
33.2007
32.587
31.9723
31.3567
30.7401
30.1226
29.5039
28.8844
28.2638
27.6423
27.02
26.3969
25.773
25.1485
24.5234
23.8978
23.2716
22.645
22.0178
21.3902
20.762
20.1332
19.5038
18.8738
18.2429
17.6113
16.9789
16.3456
15.7115
15.0767
14.441
13.8047
13.1678
12.5304
11.8925
11.2543
10.6158
9.97711
9.33827
8.69936
8.06036
7.42133
6.78223
6.14306
5.50379
4.86439
4.22482
3.58505
2.94503
2.30447
1.65989
0.975492
0.306311
123.445
119.446
118.028
116.624
115.729
115.035
114.42
113.83
113.251
112.684
112.123
111.562
111
110.439
109.878
109.317
108.756
108.195
107.634
107.073
106.513
105.952
105.391
104.831
104.27
103.71
103.149
102.589
102.028
101.467
100.907
100.346
99.7853
99.2244
98.6634
98.1022
97.5408
96.9792
96.4173
95.8552
95.2928
94.7301
94.1673
93.6042
93.0411
92.4778
91.9145
91.3511
90.7879
90.2248
89.6619
89.0991
88.5366
87.9743
87.4122
86.8502
86.2884
85.7265
85.1647
84.6026
84.0403
83.4777
82.9147
82.3513
81.7875
81.2232
80.6585
80.0934
79.5279
78.9622
78.3961
77.8298
77.2633
76.6964
76.1294
75.5621
74.9945
74.4265
73.8582
73.2894
72.7202
72.1503
71.5799
71.0089
70.4372
69.8648
69.2917
68.7179
68.1435
67.5685
66.993
66.417
65.8406
65.2637
64.6866
64.1091
63.5314
62.9533
62.3751
61.7965
61.2177
60.6386
60.0592
59.4794
58.8993
58.3187
57.7377
57.1561
56.5739
55.991
55.4075
54.8232
54.2381
53.6521
53.0653
52.4775
51.8887
51.299
50.7083
50.1166
49.5238
48.93
48.3352
47.7393
47.1424
46.5445
45.9456
45.3456
44.7448
44.143
43.5404
42.9369
42.3327
41.7278
41.1222
40.5159
39.9091
39.3017
38.6939
38.0856
37.4769
36.8677
36.258
35.6478
35.0371
34.4257
33.8136
33.2007
32.5869
31.9723
31.3567
30.7401
30.1225
29.5039
28.8844
28.2638
27.6423
27.02
26.3969
25.773
25.1485
24.5234
23.8978
23.2716
22.6449
22.0178
21.3902
20.762
20.1332
19.5038
18.8738
18.2429
17.6113
16.9789
16.3456
15.7115
15.0767
14.441
13.8047
13.1678
12.5304
11.8925
11.2543
10.6158
9.9771
9.33827
8.69935
8.06036
7.42133
6.78222
6.14306
5.50379
4.86439
4.22482
3.58505
2.94503
2.30447
1.65989
0.975492
0.306313
123.513
119.446
118.028
116.624
115.729
115.035
114.42
113.83
113.251
112.684
112.123
111.562
111
110.439
109.878
109.317
108.756
108.195
107.634
107.073
106.513
105.952
105.391
104.831
104.27
103.71
103.149
102.589
102.028
101.467
100.907
100.346
99.7853
99.2244
98.6634
98.1022
97.5408
96.9792
96.4173
95.8552
95.2928
94.7301
94.1673
93.6042
93.0411
92.4778
91.9145
91.3511
90.7879
90.2248
89.6619
89.0991
88.5366
87.9743
87.4122
86.8502
86.2884
85.7265
85.1647
84.6026
84.0403
83.4777
82.9147
82.3513
81.7875
81.2232
80.6585
80.0934
79.5279
78.9621
78.3961
77.8298
77.2633
76.6964
76.1294
75.5621
74.9945
74.4265
73.8582
73.2894
72.7202
72.1503
71.5799
71.0089
70.4372
69.8647
69.2917
68.7179
68.1435
67.5685
66.993
66.417
65.8406
65.2637
64.6866
64.109
63.5314
62.9533
62.3751
61.7965
61.2177
60.6385
60.0592
59.4794
58.8993
58.3187
57.7377
57.156
56.5739
55.991
55.4075
54.8232
54.2381
53.6521
53.0653
52.4774
51.8887
51.299
50.7083
50.1165
49.5238
48.93
48.3352
47.7393
47.1424
46.5444
45.9456
45.3456
44.7448
44.143
43.5404
42.9369
42.3327
41.7277
41.1222
40.5159
39.9091
39.3017
38.6939
38.0856
37.4769
36.8677
36.258
35.6478
35.0371
34.4256
33.8136
33.2006
32.587
31.9723
31.3567
30.7401
30.1225
29.5039
28.8844
28.2638
27.6423
27.02
26.3969
25.773
25.1485
24.5234
23.8978
23.2716
22.6449
22.0178
21.3902
20.762
20.1332
19.5038
18.8738
18.2429
17.6113
16.9789
16.3456
15.7115
15.0767
14.441
13.8047
13.1678
12.5304
11.8925
11.2543
10.6158
9.9771
9.33826
8.69935
8.06035
7.42133
6.78222
6.14306
5.50379
4.86439
4.22482
3.58505
2.94503
2.30447
1.65989
0.975492
0.306314
123.538
119.446
118.028
116.624
115.729
115.035
114.42
113.83
113.251
112.684
112.123
111.562
111
110.439
109.878
109.317
108.756
108.195
107.634
107.073
106.513
105.952
105.391
104.831
104.27
103.71
103.149
102.589
102.028
101.467
100.907
100.346
99.7853
99.2244
98.6634
98.1022
97.5408
96.9792
96.4173
95.8552
95.2928
94.7301
94.1673
93.6042
93.0411
92.4778
91.9145
91.3511
90.7879
90.2248
89.6619
89.0991
88.5366
87.9743
87.4122
86.8502
86.2884
85.7265
85.1647
84.6026
84.0403
83.4777
82.9147
82.3513
81.7875
81.2232
80.6585
80.0934
79.5279
78.9621
78.3961
77.8298
77.2633
76.6964
76.1294
75.5621
74.9945
74.4265
73.8582
73.2894
72.7202
72.1503
71.5799
71.0089
70.4372
69.8647
69.2917
68.7179
68.1435
67.5685
66.993
66.417
65.8406
65.2637
64.6866
64.109
63.5314
62.9533
62.3751
61.7965
61.2177
60.6385
60.0592
59.4794
58.8993
58.3187
57.7377
57.156
56.5739
55.991
55.4075
54.8232
54.2381
53.6521
53.0653
52.4774
51.8887
51.299
50.7083
50.1165
49.5238
48.93
48.3352
47.7393
47.1424
46.5444
45.9456
45.3456
44.7448
44.143
43.5404
42.9369
42.3327
41.7277
41.1222
40.5159
39.9091
39.3017
38.6939
38.0856
37.4769
36.8677
36.258
35.6478
35.0371
34.4256
33.8136
33.2006
32.5869
31.9723
31.3567
30.7401
30.1225
29.5039
28.8843
28.2638
27.6423
27.02
26.3969
25.773
25.1485
24.5234
23.8977
23.2716
22.6449
22.0178
21.3902
20.762
20.1332
19.5038
18.8738
18.2429
17.6113
16.9789
16.3456
15.7115
15.0767
14.441
13.8047
13.1678
12.5304
11.8925
11.2543
10.6158
9.9771
9.33825
8.69935
8.06035
7.42132
6.78222
6.14306
5.50379
4.86439
4.22482
3.58505
2.94503
2.30447
1.65989
0.975492
0.306315
123.525
119.446
118.028
116.624
115.729
115.035
114.42
113.83
113.251
112.684
112.123
111.562
111
110.439
109.878
109.317
108.756
108.195
107.634
107.073
106.513
105.952
105.391
104.831
104.27
103.71
103.149
102.589
102.028
101.467
100.907
100.346
99.7853
99.2244
98.6634
98.1022
97.5408
96.9792
96.4173
95.8552
95.2928
94.7301
94.1673
93.6042
93.0411
92.4778
91.9145
91.3511
90.7879
90.2248
89.6619
89.0991
88.5366
87.9743
87.4122
86.8502
86.2884
85.7265
85.1647
84.6026
84.0403
83.4777
82.9147
82.3513
81.7875
81.2232
80.6585
80.0934
79.5279
78.9621
78.3961
77.8298
77.2633
76.6964
76.1294
75.5621
74.9945
74.4265
73.8582
73.2894
72.7202
72.1503
71.5799
71.0089
70.4372
69.8647
69.2917
68.7179
68.1435
67.5685
66.993
66.417
65.8406
65.2637
64.6866
64.109
63.5314
62.9533
62.3751
61.7965
61.2177
60.6385
60.0592
59.4794
58.8993
58.3187
57.7377
57.156
56.5739
55.991
55.4075
54.8232
54.2381
53.6521
53.0653
52.4774
51.8887
51.299
50.7083
50.1165
49.5238
48.93
48.3352
47.7393
47.1424
46.5444
45.9456
45.3456
44.7448
44.143
43.5404
42.9369
42.3327
41.7277
41.1222
40.5158
39.9091
39.3017
38.6939
38.0856
37.4769
36.8677
36.258
35.6478
35.0371
34.4256
33.8136
33.2006
32.5869
31.9723
31.3567
30.7401
30.1225
29.5039
28.8844
28.2638
27.6423
27.02
26.3969
25.773
25.1485
24.5234
23.8978
23.2716
22.6449
22.0178
21.3902
20.762
20.1332
19.5038
18.8738
18.2429
17.6113
16.9789
16.3456
15.7115
15.0767
14.441
13.8047
13.1678
12.5304
11.8925
11.2543
10.6158
9.9771
9.33825
8.69935
8.06035
7.42132
6.78222
6.14306
5.50379
4.86439
4.22482
3.58505
2.94503
2.30447
1.65989
0.975493
0.306315
)
;

boundaryField
{
    inlet
    {
        type            zeroGradient;
    }
    outlet
    {
        type            fixedValue;
        value           uniform 0;
    }
    wallHot0
    {
        type            zeroGradient;
    }
    wallHot1
    {
        type            zeroGradient;
    }
    wallSideMax
    {
        type            zeroGradient;
    }
    wallSideMin
    {
        type            zeroGradient;
    }
}


// ************************************************************************* //
